table,name,function,definition
app_user,history_review_user_label,crm_history_review_user_label,CREATE TRIGGER history_review_user_label AFTER UPDATE ON public.app_user FOR EACH ROW EXECUTE FUNCTION crm_history_review_user_label()
app_user,mobile_user_label,crm_mobile_label_revision,CREATE TRIGGER mobile_user_label AFTER UPDATE ON public.app_user FOR EACH ROW EXECUTE FUNCTION crm_mobile_label_revision()
assignment_changed,assignment_changed_append_only,reject_mutation,CREATE TRIGGER assignment_changed_append_only BEFORE DELETE OR UPDATE ON public.assignment_changed FOR EACH ROW EXECUTE FUNCTION reject_mutation()
assignment_changed,assignment_changed_no_truncate,reject_mutation,CREATE TRIGGER assignment_changed_no_truncate BEFORE TRUNCATE ON public.assignment_changed FOR EACH STATEMENT EXECUTE FUNCTION reject_mutation()
assignment_changed,history_review_rows,crm_history_review_rows,CREATE TRIGGER history_review_rows AFTER INSERT OR DELETE OR UPDATE ON public.assignment_changed FOR EACH ROW EXECUTE FUNCTION crm_history_review_rows()
assignment_changed,workspace_write_guard,crm_workspace_mutation_guard,CREATE TRIGGER workspace_write_guard BEFORE INSERT OR DELETE OR UPDATE ON public.assignment_changed FOR EACH ROW EXECUTE FUNCTION crm_workspace_mutation_guard()
call,history_review_call_link,crm_history_review_call_link,CREATE TRIGGER history_review_call_link AFTER INSERT OR DELETE OR UPDATE ON public.call FOR EACH ROW EXECUTE FUNCTION crm_history_review_call_link()
call,workspace_write_guard,crm_workspace_mutation_guard,CREATE TRIGGER workspace_write_guard BEFORE INSERT OR DELETE OR UPDATE ON public.call FOR EACH ROW EXECUTE FUNCTION crm_workspace_mutation_guard()
call_completed,call_completed_append_only,reject_mutation,CREATE TRIGGER call_completed_append_only BEFORE DELETE OR UPDATE ON public.call_completed FOR EACH ROW EXECUTE FUNCTION reject_mutation()
call_completed,call_completed_no_truncate,reject_mutation,CREATE TRIGGER call_completed_no_truncate BEFORE TRUNCATE ON public.call_completed FOR EACH STATEMENT EXECUTE FUNCTION reject_mutation()
call_completed,history_review_rows,crm_history_review_rows,CREATE TRIGGER history_review_rows AFTER INSERT OR DELETE OR UPDATE ON public.call_completed FOR EACH ROW EXECUTE FUNCTION crm_history_review_rows()
call_completed,workspace_write_guard,crm_workspace_mutation_guard,CREATE TRIGGER workspace_write_guard BEFORE INSERT OR DELETE OR UPDATE ON public.call_completed FOR EACH ROW EXECUTE FUNCTION crm_workspace_mutation_guard()
capture_message,workspace_write_guard,crm_workspace_mutation_guard,CREATE TRIGGER workspace_write_guard BEFORE INSERT OR DELETE OR UPDATE ON public.capture_message FOR EACH ROW EXECUTE FUNCTION crm_workspace_mutation_guard()
capture_token_rotated,capture_token_rotated_append_only,reject_mutation,CREATE TRIGGER capture_token_rotated_append_only BEFORE DELETE OR UPDATE ON public.capture_token_rotated FOR EACH ROW EXECUTE FUNCTION reject_mutation()
capture_token_rotated,capture_token_rotated_no_truncate,reject_mutation,CREATE TRIGGER capture_token_rotated_no_truncate BEFORE TRUNCATE ON public.capture_token_rotated FOR EACH STATEMENT EXECUTE FUNCTION reject_mutation()
capture_token_rotated,workspace_write_guard,crm_workspace_mutation_guard,CREATE TRIGGER workspace_write_guard BEFORE INSERT OR DELETE OR UPDATE ON public.capture_token_rotated FOR EACH ROW EXECUTE FUNCTION crm_workspace_mutation_guard()
contact_attempted,contact_attempted_append_only,reject_mutation,CREATE TRIGGER contact_attempted_append_only BEFORE DELETE OR UPDATE ON public.contact_attempted FOR EACH ROW EXECUTE FUNCTION reject_mutation()
contact_attempted,contact_attempted_no_truncate,reject_mutation,CREATE TRIGGER contact_attempted_no_truncate BEFORE TRUNCATE ON public.contact_attempted FOR EACH STATEMENT EXECUTE FUNCTION reject_mutation()
contact_attempted,contact_attempted_touch_person,person_touch_last_contact,CREATE TRIGGER contact_attempted_touch_person AFTER INSERT ON public.contact_attempted FOR EACH ROW EXECUTE FUNCTION person_touch_last_contact()
contact_attempted,history_review_rows,crm_history_review_rows,CREATE TRIGGER history_review_rows AFTER INSERT OR DELETE OR UPDATE ON public.contact_attempted FOR EACH ROW EXECUTE FUNCTION crm_history_review_rows()
contact_attempted,workspace_write_guard,crm_workspace_mutation_guard,CREATE TRIGGER workspace_write_guard BEFORE INSERT OR DELETE OR UPDATE ON public.contact_attempted FOR EACH ROW EXECUTE FUNCTION crm_workspace_mutation_guard()
contact_method,history_review_core_rows,crm_history_review_core_rows,CREATE TRIGGER history_review_core_rows AFTER INSERT OR DELETE OR UPDATE ON public.contact_method FOR EACH ROW EXECUTE FUNCTION crm_history_review_core_rows()
contact_method,mobile_contact_details_revision,crm_mobile_contact_details_revision,CREATE TRIGGER mobile_contact_details_revision AFTER INSERT OR DELETE OR UPDATE ON public.contact_method FOR EACH ROW EXECUTE FUNCTION crm_mobile_contact_details_revision()
contact_method,mobile_contact_revision,crm_mobile_component_revision,CREATE TRIGGER mobile_contact_revision AFTER INSERT OR DELETE OR UPDATE ON public.contact_method FOR EACH ROW EXECUTE FUNCTION crm_mobile_component_revision()
contact_method,workspace_write_guard,crm_workspace_mutation_guard,CREATE TRIGGER workspace_write_guard BEFORE INSERT OR DELETE OR UPDATE ON public.contact_method FOR EACH ROW EXECUTE FUNCTION crm_workspace_mutation_guard()
correspondence_captured,correspondence_captured_append_only,reject_mutation,CREATE TRIGGER correspondence_captured_append_only BEFORE DELETE OR UPDATE ON public.correspondence_captured FOR EACH ROW EXECUTE FUNCTION reject_mutation()
correspondence_captured,correspondence_captured_no_truncate,reject_mutation,CREATE TRIGGER correspondence_captured_no_truncate BEFORE TRUNCATE ON public.correspondence_captured FOR EACH STATEMENT EXECUTE FUNCTION reject_mutation()
correspondence_captured,correspondence_captured_touch_person,person_touch_correspondence,CREATE TRIGGER correspondence_captured_touch_person AFTER INSERT ON public.correspondence_captured FOR EACH ROW EXECUTE FUNCTION person_touch_correspondence()
correspondence_captured,history_review_rows,crm_history_review_rows,CREATE TRIGGER history_review_rows AFTER INSERT OR DELETE OR UPDATE ON public.correspondence_captured FOR EACH ROW EXECUTE FUNCTION crm_history_review_rows()
correspondence_captured,workspace_write_guard,crm_workspace_mutation_guard,CREATE TRIGGER workspace_write_guard BEFORE INSERT OR DELETE OR UPDATE ON public.correspondence_captured FOR EACH ROW EXECUTE FUNCTION crm_workspace_mutation_guard()
correspondence_raw,workspace_write_guard,crm_workspace_mutation_guard,CREATE TRIGGER workspace_write_guard BEFORE INSERT OR DELETE OR UPDATE ON public.correspondence_raw FOR EACH ROW EXECUTE FUNCTION crm_workspace_mutation_guard()
custom_field,history_review_label,crm_history_review_custom_field_label,CREATE TRIGGER history_review_label AFTER UPDATE ON public.custom_field FOR EACH ROW EXECUTE FUNCTION crm_history_review_custom_field_label()
custom_field,mobile_custom_field_catalog_revision,crm_mobile_advance_metadata_catalog_revision,CREATE TRIGGER mobile_custom_field_catalog_revision AFTER INSERT OR DELETE OR UPDATE ON public.custom_field FOR EACH ROW EXECUTE FUNCTION crm_mobile_advance_metadata_catalog_revision()
custom_field,workspace_write_guard,crm_workspace_mutation_guard,CREATE TRIGGER workspace_write_guard BEFORE INSERT OR DELETE OR UPDATE ON public.custom_field FOR EACH ROW EXECUTE FUNCTION crm_workspace_mutation_guard()
custom_field_option,history_review_label,crm_history_review_custom_field_option_label,CREATE TRIGGER history_review_label AFTER UPDATE ON public.custom_field_option FOR EACH ROW EXECUTE FUNCTION crm_history_review_custom_field_option_label()
custom_field_option,mobile_custom_field_option_catalog_revision,crm_mobile_advance_metadata_catalog_revision,CREATE TRIGGER mobile_custom_field_option_catalog_revision AFTER INSERT OR DELETE OR UPDATE ON public.custom_field_option FOR EACH ROW EXECUTE FUNCTION crm_mobile_advance_metadata_catalog_revision()
custom_field_option,workspace_write_guard,crm_workspace_mutation_guard,CREATE TRIGGER workspace_write_guard BEFORE INSERT OR DELETE OR UPDATE ON public.custom_field_option FOR EACH ROW EXECUTE FUNCTION crm_workspace_mutation_guard()
fub_call_record_corrected,family_refresh_measure,crm_family_refresh_measure,CREATE TRIGGER family_refresh_measure AFTER INSERT OR DELETE OR UPDATE ON public.fub_call_record_corrected FOR EACH ROW EXECUTE FUNCTION crm_family_refresh_measure()
fub_call_record_corrected,history_correction_immutable,reject_mutation,CREATE TRIGGER history_correction_immutable BEFORE DELETE OR UPDATE ON public.fub_call_record_corrected FOR EACH ROW EXECUTE FUNCTION reject_mutation()
fub_call_record_corrected,history_correction_no_truncate,reject_mutation,CREATE TRIGGER history_correction_no_truncate BEFORE TRUNCATE ON public.fub_call_record_corrected FOR EACH STATEMENT EXECUTE FUNCTION reject_mutation()
fub_call_record_corrected,history_version_apply,crm_family_history_version_apply,CREATE TRIGGER history_version_apply AFTER INSERT ON public.fub_call_record_corrected FOR EACH ROW EXECUTE FUNCTION crm_family_history_version_apply()
fub_call_record_corrected,history_version_guard,crm_family_history_version_guard,CREATE TRIGGER history_version_guard BEFORE INSERT ON public.fub_call_record_corrected FOR EACH ROW EXECUTE FUNCTION crm_family_history_version_guard()
fub_call_record_imported,admitted_history_write_fence,crm_admitted_history_write_fence,CREATE TRIGGER admitted_history_write_fence BEFORE INSERT OR DELETE OR UPDATE ON public.fub_call_record_imported FOR EACH ROW EXECUTE FUNCTION crm_admitted_history_write_fence()
fub_call_record_imported,fub_call_record_imported_immutable,reject_mutation,CREATE TRIGGER fub_call_record_imported_immutable BEFORE DELETE OR UPDATE ON public.fub_call_record_imported FOR EACH ROW EXECUTE FUNCTION reject_mutation()
fub_call_record_imported,history_import_count,crm_history_import_fact_count,CREATE TRIGGER history_import_count AFTER INSERT ON public.fub_call_record_imported FOR EACH ROW EXECUTE FUNCTION crm_history_import_fact_count()
fub_call_record_imported,history_import_guard,crm_history_import_fact_guard,CREATE TRIGGER history_import_guard BEFORE INSERT ON public.fub_call_record_imported FOR EACH ROW EXECUTE FUNCTION crm_history_import_fact_guard()
fub_event_record_corrected,family_refresh_measure,crm_family_refresh_measure,CREATE TRIGGER family_refresh_measure AFTER INSERT OR DELETE OR UPDATE ON public.fub_event_record_corrected FOR EACH ROW EXECUTE FUNCTION crm_family_refresh_measure()
fub_event_record_corrected,history_correction_immutable,reject_mutation,CREATE TRIGGER history_correction_immutable BEFORE DELETE OR UPDATE ON public.fub_event_record_corrected FOR EACH ROW EXECUTE FUNCTION reject_mutation()
fub_event_record_corrected,history_correction_no_truncate,reject_mutation,CREATE TRIGGER history_correction_no_truncate BEFORE TRUNCATE ON public.fub_event_record_corrected FOR EACH STATEMENT EXECUTE FUNCTION reject_mutation()
fub_event_record_corrected,history_version_apply,crm_family_history_version_apply,CREATE TRIGGER history_version_apply AFTER INSERT ON public.fub_event_record_corrected FOR EACH ROW EXECUTE FUNCTION crm_family_history_version_apply()
fub_event_record_corrected,history_version_guard,crm_family_history_version_guard,CREATE TRIGGER history_version_guard BEFORE INSERT ON public.fub_event_record_corrected FOR EACH ROW EXECUTE FUNCTION crm_family_history_version_guard()
fub_event_record_imported,admitted_history_write_fence,crm_admitted_history_write_fence,CREATE TRIGGER admitted_history_write_fence BEFORE INSERT OR DELETE OR UPDATE ON public.fub_event_record_imported FOR EACH ROW EXECUTE FUNCTION crm_admitted_history_write_fence()
fub_event_record_imported,fub_event_record_imported_immutable,reject_mutation,CREATE TRIGGER fub_event_record_imported_immutable BEFORE DELETE OR UPDATE ON public.fub_event_record_imported FOR EACH ROW EXECUTE FUNCTION reject_mutation()
fub_event_record_imported,history_import_count,crm_history_import_fact_count,CREATE TRIGGER history_import_count AFTER INSERT ON public.fub_event_record_imported FOR EACH ROW EXECUTE FUNCTION crm_history_import_fact_count()
fub_event_record_imported,history_import_guard,crm_history_import_fact_guard,CREATE TRIGGER history_import_guard BEFORE INSERT ON public.fub_event_record_imported FOR EACH ROW EXECUTE FUNCTION crm_history_import_fact_guard()
fub_text_record_corrected,family_refresh_measure,crm_family_refresh_measure,CREATE TRIGGER family_refresh_measure AFTER INSERT OR DELETE OR UPDATE ON public.fub_text_record_corrected FOR EACH ROW EXECUTE FUNCTION crm_family_refresh_measure()
fub_text_record_corrected,history_correction_immutable,reject_mutation,CREATE TRIGGER history_correction_immutable BEFORE DELETE OR UPDATE ON public.fub_text_record_corrected FOR EACH ROW EXECUTE FUNCTION reject_mutation()
fub_text_record_corrected,history_correction_no_truncate,reject_mutation,CREATE TRIGGER history_correction_no_truncate BEFORE TRUNCATE ON public.fub_text_record_corrected FOR EACH STATEMENT EXECUTE FUNCTION reject_mutation()
fub_text_record_corrected,history_version_apply,crm_family_history_version_apply,CREATE TRIGGER history_version_apply AFTER INSERT ON public.fub_text_record_corrected FOR EACH ROW EXECUTE FUNCTION crm_family_history_version_apply()
fub_text_record_corrected,history_version_guard,crm_family_history_version_guard,CREATE TRIGGER history_version_guard BEFORE INSERT ON public.fub_text_record_corrected FOR EACH ROW EXECUTE FUNCTION crm_family_history_version_guard()
fub_text_record_imported,admitted_history_write_fence,crm_admitted_history_write_fence,CREATE TRIGGER admitted_history_write_fence BEFORE INSERT OR DELETE OR UPDATE ON public.fub_text_record_imported FOR EACH ROW EXECUTE FUNCTION crm_admitted_history_write_fence()
fub_text_record_imported,fub_text_record_imported_immutable,reject_mutation,CREATE TRIGGER fub_text_record_imported_immutable BEFORE DELETE OR UPDATE ON public.fub_text_record_imported FOR EACH ROW EXECUTE FUNCTION reject_mutation()
fub_text_record_imported,history_import_count,crm_history_import_fact_count,CREATE TRIGGER history_import_count AFTER INSERT ON public.fub_text_record_imported FOR EACH ROW EXECUTE FUNCTION crm_history_import_fact_count()
fub_text_record_imported,history_import_guard,crm_history_import_fact_guard,CREATE TRIGGER history_import_guard BEFORE INSERT ON public.fub_text_record_imported FOR EACH ROW EXECUTE FUNCTION crm_history_import_fact_guard()
inquiry,history_review_rows,crm_history_review_rows,CREATE TRIGGER history_review_rows AFTER INSERT OR DELETE OR UPDATE ON public.inquiry FOR EACH ROW EXECUTE FUNCTION crm_history_review_rows()
inquiry,inquiry_append_only,reject_direct_mutation,CREATE TRIGGER inquiry_append_only BEFORE DELETE OR UPDATE ON public.inquiry FOR EACH ROW EXECUTE FUNCTION reject_direct_mutation()
inquiry,inquiry_no_truncate,reject_mutation,CREATE TRIGGER inquiry_no_truncate BEFORE TRUNCATE ON public.inquiry FOR EACH STATEMENT EXECUTE FUNCTION reject_mutation()
inquiry,inquiry_touch_person,person_touch_last_inquiry,CREATE TRIGGER inquiry_touch_person AFTER INSERT ON public.inquiry FOR EACH ROW EXECUTE FUNCTION person_touch_last_inquiry()
inquiry,workspace_write_guard,crm_workspace_mutation_guard,CREATE TRIGGER workspace_write_guard BEFORE INSERT OR DELETE OR UPDATE ON public.inquiry FOR EACH ROW EXECUTE FUNCTION crm_workspace_mutation_guard()
inquiry_received,history_review_rows,crm_history_review_rows,CREATE TRIGGER history_review_rows AFTER INSERT OR DELETE OR UPDATE ON public.inquiry_received FOR EACH ROW EXECUTE FUNCTION crm_history_review_rows()
inquiry_received,inquiry_received_append_only,reject_mutation,CREATE TRIGGER inquiry_received_append_only BEFORE DELETE OR UPDATE ON public.inquiry_received FOR EACH ROW EXECUTE FUNCTION reject_mutation()
inquiry_received,inquiry_received_no_truncate,reject_mutation,CREATE TRIGGER inquiry_received_no_truncate BEFORE TRUNCATE ON public.inquiry_received FOR EACH STATEMENT EXECUTE FUNCTION reject_mutation()
inquiry_received,workspace_write_guard,crm_workspace_mutation_guard,CREATE TRIGGER workspace_write_guard BEFORE INSERT OR DELETE OR UPDATE ON public.inquiry_received FOR EACH ROW EXECUTE FUNCTION crm_workspace_mutation_guard()
intake_extraction,intake_extraction_append_only,reject_mutation,CREATE TRIGGER intake_extraction_append_only BEFORE DELETE OR UPDATE ON public.intake_extraction FOR EACH ROW EXECUTE FUNCTION reject_mutation()
intake_extraction,intake_extraction_no_truncate,reject_mutation,CREATE TRIGGER intake_extraction_no_truncate BEFORE TRUNCATE ON public.intake_extraction FOR EACH STATEMENT EXECUTE FUNCTION reject_mutation()
intake_extraction,workspace_write_guard,crm_workspace_mutation_guard,CREATE TRIGGER workspace_write_guard BEFORE INSERT OR DELETE OR UPDATE ON public.intake_extraction FOR EACH ROW EXECUTE FUNCTION crm_workspace_mutation_guard()
intake_rotation,workspace_write_guard,crm_workspace_mutation_guard,CREATE TRIGGER workspace_write_guard BEFORE INSERT OR DELETE OR UPDATE ON public.intake_rotation FOR EACH ROW EXECUTE FUNCTION crm_workspace_mutation_guard()
intake_token_rotated,intake_token_rotated_append_only,reject_mutation,CREATE TRIGGER intake_token_rotated_append_only BEFORE DELETE OR UPDATE ON public.intake_token_rotated FOR EACH ROW EXECUTE FUNCTION reject_mutation()
intake_token_rotated,intake_token_rotated_no_truncate,reject_mutation,CREATE TRIGGER intake_token_rotated_no_truncate BEFORE TRUNCATE ON public.intake_token_rotated FOR EACH STATEMENT EXECUTE FUNCTION reject_mutation()
intake_token_rotated,workspace_write_guard,crm_workspace_mutation_guard,CREATE TRIGGER workspace_write_guard BEFORE INSERT OR DELETE OR UPDATE ON public.intake_token_rotated FOR EACH ROW EXECUTE FUNCTION crm_workspace_mutation_guard()
invitation_issued,invitation_issued_append_only,reject_mutation,CREATE TRIGGER invitation_issued_append_only BEFORE DELETE OR UPDATE ON public.invitation_issued FOR EACH ROW EXECUTE FUNCTION reject_mutation()
invitation_issued,invitation_issued_no_truncate,reject_mutation,CREATE TRIGGER invitation_issued_no_truncate BEFORE TRUNCATE ON public.invitation_issued FOR EACH STATEMENT EXECUTE FUNCTION reject_mutation()
invitation_resolved,invitation_resolved_append_only,reject_mutation,CREATE TRIGGER invitation_resolved_append_only BEFORE DELETE OR UPDATE ON public.invitation_resolved FOR EACH ROW EXECUTE FUNCTION reject_mutation()
invitation_resolved,invitation_resolved_no_truncate,reject_mutation,CREATE TRIGGER invitation_resolved_no_truncate BEFORE TRUNCATE ON public.invitation_resolved FOR EACH STATEMENT EXECUTE FUNCTION reject_mutation()
membership_changed,membership_changed_append_only,reject_mutation,CREATE TRIGGER membership_changed_append_only BEFORE DELETE OR UPDATE ON public.membership_changed FOR EACH ROW EXECUTE FUNCTION reject_mutation()
membership_changed,membership_changed_no_truncate,reject_mutation,CREATE TRIGGER membership_changed_no_truncate BEFORE TRUNCATE ON public.membership_changed FOR EACH STATEMENT EXECUTE FUNCTION reject_mutation()
migration_activity_choice,migration_activity_choice_measure,crm_activity_measure_row,CREATE TRIGGER migration_activity_choice_measure AFTER INSERT OR DELETE OR UPDATE ON public.migration_activity_choice FOR EACH ROW EXECUTE FUNCTION crm_activity_measure_row()
migration_activity_identity,family_refresh_activity_owner,crm_family_refresh_activity_owner,CREATE TRIGGER family_refresh_activity_owner BEFORE INSERT ON public.migration_activity_identity FOR EACH ROW EXECUTE FUNCTION crm_family_refresh_activity_owner()
migration_activity_identity,migration_activity_identity_measure,crm_activity_measure_row,CREATE TRIGGER migration_activity_identity_measure AFTER INSERT OR DELETE OR UPDATE ON public.migration_activity_identity FOR EACH ROW EXECUTE FUNCTION crm_activity_measure_row()
migration_activity_import,migration_activity_import_measure,crm_activity_measure_row,CREATE TRIGGER migration_activity_import_measure AFTER INSERT OR DELETE OR UPDATE ON public.migration_activity_import FOR EACH ROW EXECUTE FUNCTION crm_activity_measure_row()
migration_activity_issue,migration_activity_issue_measure,crm_activity_measure_row,CREATE TRIGGER migration_activity_issue_measure AFTER INSERT OR DELETE OR UPDATE ON public.migration_activity_issue FOR EACH ROW EXECUTE FUNCTION crm_activity_measure_row()
migration_activity_manifest,migration_activity_manifest_measure,crm_activity_measure_row,CREATE TRIGGER migration_activity_manifest_measure AFTER INSERT OR DELETE OR UPDATE ON public.migration_activity_manifest FOR EACH ROW EXECUTE FUNCTION crm_activity_measure_row()
migration_activity_manifest_issue,migration_activity_manifest_issue_measure,crm_activity_measure_row,CREATE TRIGGER migration_activity_manifest_issue_measure AFTER INSERT OR DELETE OR UPDATE ON public.migration_activity_manifest_issue FOR EACH ROW EXECUTE FUNCTION crm_activity_measure_row()
migration_activity_mapping,migration_activity_mapping_measure,crm_activity_measure_row,CREATE TRIGGER migration_activity_mapping_measure AFTER INSERT OR DELETE OR UPDATE ON public.migration_activity_mapping FOR EACH ROW EXECUTE FUNCTION crm_activity_measure_row()
migration_activity_plan,migration_activity_plan_measure,crm_activity_measure_row,CREATE TRIGGER migration_activity_plan_measure AFTER INSERT OR DELETE OR UPDATE ON public.migration_activity_plan FOR EACH ROW EXECUTE FUNCTION crm_activity_measure_row()
migration_activity_receipt,migration_activity_receipt_append_only,reject_mutation,CREATE TRIGGER migration_activity_receipt_append_only BEFORE DELETE OR UPDATE ON public.migration_activity_receipt FOR EACH ROW EXECUTE FUNCTION reject_mutation()
migration_activity_receipt,migration_activity_receipt_measure,crm_activity_measure_row,CREATE TRIGGER migration_activity_receipt_measure AFTER INSERT OR DELETE OR UPDATE ON public.migration_activity_receipt FOR EACH ROW EXECUTE FUNCTION crm_activity_measure_row()
migration_activity_result,migration_activity_result_measure,crm_activity_measure_row,CREATE TRIGGER migration_activity_result_measure AFTER INSERT OR DELETE OR UPDATE ON public.migration_activity_result FOR EACH ROW EXECUTE FUNCTION crm_activity_measure_row()
migration_activity_result_issue,migration_activity_result_issue_measure,crm_activity_measure_row,CREATE TRIGGER migration_activity_result_issue_measure AFTER INSERT OR DELETE OR UPDATE ON public.migration_activity_result_issue FOR EACH ROW EXECUTE FUNCTION crm_activity_measure_row()
migration_activity_source,migration_activity_source_measure,crm_activity_measure_row,CREATE TRIGGER migration_activity_source_measure AFTER INSERT OR DELETE OR UPDATE ON public.migration_activity_source FOR EACH ROW EXECUTE FUNCTION crm_activity_measure_row()
migration_admitted_activity_choice,migration_admitted_activity_choice_measure,crm_admitted_activity_measure_row,CREATE TRIGGER migration_admitted_activity_choice_measure AFTER INSERT OR DELETE OR UPDATE ON public.migration_admitted_activity_choice FOR EACH ROW EXECUTE FUNCTION crm_admitted_activity_measure_row()
migration_admitted_activity_import,migration_admitted_activity_import_measure,crm_admitted_activity_measure_row,CREATE TRIGGER migration_admitted_activity_import_measure AFTER INSERT OR DELETE OR UPDATE ON public.migration_admitted_activity_import FOR EACH ROW EXECUTE FUNCTION crm_admitted_activity_measure_row()
migration_admitted_activity_issue,migration_admitted_activity_issue_measure,crm_admitted_activity_measure_row,CREATE TRIGGER migration_admitted_activity_issue_measure AFTER INSERT OR DELETE OR UPDATE ON public.migration_admitted_activity_issue FOR EACH ROW EXECUTE FUNCTION crm_admitted_activity_measure_row()
migration_admitted_activity_manifest,migration_admitted_activity_manifest_measure,crm_admitted_activity_measure_row,CREATE TRIGGER migration_admitted_activity_manifest_measure AFTER INSERT OR DELETE OR UPDATE ON public.migration_admitted_activity_manifest FOR EACH ROW EXECUTE FUNCTION crm_admitted_activity_measure_row()
migration_admitted_activity_manifest_issue,migration_admitted_activity_manifest_issue_measure,crm_admitted_activity_measure_row,CREATE TRIGGER migration_admitted_activity_manifest_issue_measure AFTER INSERT OR DELETE OR UPDATE ON public.migration_admitted_activity_manifest_issue FOR EACH ROW EXECUTE FUNCTION crm_admitted_activity_measure_row()
migration_admitted_activity_mapping,migration_admitted_activity_mapping_measure,crm_admitted_activity_measure_row,CREATE TRIGGER migration_admitted_activity_mapping_measure AFTER INSERT OR DELETE OR UPDATE ON public.migration_admitted_activity_mapping FOR EACH ROW EXECUTE FUNCTION crm_admitted_activity_measure_row()
migration_admitted_activity_plan,migration_admitted_activity_plan_measure,crm_admitted_activity_measure_row,CREATE TRIGGER migration_admitted_activity_plan_measure AFTER INSERT OR DELETE OR UPDATE ON public.migration_admitted_activity_plan FOR EACH ROW EXECUTE FUNCTION crm_admitted_activity_measure_row()
migration_admitted_activity_receipt,migration_admitted_activity_receipt_append_only,reject_mutation,CREATE TRIGGER migration_admitted_activity_receipt_append_only BEFORE DELETE OR UPDATE ON public.migration_admitted_activity_receipt FOR EACH ROW EXECUTE FUNCTION reject_mutation()
migration_admitted_activity_receipt,migration_admitted_activity_receipt_measure,crm_admitted_activity_measure_row,CREATE TRIGGER migration_admitted_activity_receipt_measure AFTER INSERT OR DELETE OR UPDATE ON public.migration_admitted_activity_receipt FOR EACH ROW EXECUTE FUNCTION crm_admitted_activity_measure_row()
migration_admitted_activity_result,migration_admitted_activity_result_measure,crm_admitted_activity_measure_row,CREATE TRIGGER migration_admitted_activity_result_measure AFTER INSERT OR DELETE OR UPDATE ON public.migration_admitted_activity_result FOR EACH ROW EXECUTE FUNCTION crm_admitted_activity_measure_row()
migration_admitted_activity_result_issue,migration_admitted_activity_result_issue_measure,crm_admitted_activity_measure_row,CREATE TRIGGER migration_admitted_activity_result_issue_measure AFTER INSERT OR DELETE OR UPDATE ON public.migration_admitted_activity_result_issue FOR EACH ROW EXECUTE FUNCTION crm_admitted_activity_measure_row()
migration_admitted_activity_source,migration_admitted_activity_source_measure,crm_admitted_activity_measure_row,CREATE TRIGGER migration_admitted_activity_source_measure AFTER INSERT OR DELETE OR UPDATE ON public.migration_admitted_activity_source FOR EACH ROW EXECUTE FUNCTION crm_admitted_activity_measure_row()
migration_admitted_history_attempt,admitted_history_immutable,crm_admitted_history_immutable,CREATE TRIGGER admitted_history_immutable BEFORE DELETE OR UPDATE ON public.migration_admitted_history_attempt FOR EACH ROW EXECUTE FUNCTION crm_admitted_history_immutable()
migration_admitted_history_attempt,admitted_history_write_fence,crm_admitted_history_write_fence,CREATE TRIGGER admitted_history_write_fence BEFORE INSERT OR DELETE OR UPDATE ON public.migration_admitted_history_attempt FOR EACH ROW EXECUTE FUNCTION crm_admitted_history_write_fence()
migration_admitted_history_candidate,admitted_history_evidence_insert,crm_admitted_history_evidence_insert,CREATE TRIGGER admitted_history_evidence_insert BEFORE INSERT ON public.migration_admitted_history_candidate FOR EACH ROW EXECUTE FUNCTION crm_admitted_history_evidence_insert()
migration_admitted_history_candidate,admitted_history_immutable,crm_admitted_history_immutable,CREATE TRIGGER admitted_history_immutable BEFORE DELETE OR UPDATE ON public.migration_admitted_history_candidate FOR EACH ROW EXECUTE FUNCTION crm_admitted_history_immutable()
migration_admitted_history_candidate,admitted_history_measure,crm_admitted_history_measure,CREATE TRIGGER admitted_history_measure AFTER INSERT OR DELETE OR UPDATE ON public.migration_admitted_history_candidate FOR EACH ROW EXECUTE FUNCTION crm_admitted_history_measure()
migration_admitted_history_candidate,admitted_history_write_fence,crm_admitted_history_write_fence,CREATE TRIGGER admitted_history_write_fence BEFORE INSERT OR DELETE OR UPDATE ON public.migration_admitted_history_candidate FOR EACH ROW EXECUTE FUNCTION crm_admitted_history_write_fence()
migration_admitted_history_issue,admitted_history_evidence_insert,crm_admitted_history_evidence_insert,CREATE TRIGGER admitted_history_evidence_insert BEFORE INSERT ON public.migration_admitted_history_issue FOR EACH ROW EXECUTE FUNCTION crm_admitted_history_evidence_insert()
migration_admitted_history_issue,admitted_history_immutable,crm_admitted_history_immutable,CREATE TRIGGER admitted_history_immutable BEFORE DELETE OR UPDATE ON public.migration_admitted_history_issue FOR EACH ROW EXECUTE FUNCTION crm_admitted_history_immutable()
migration_admitted_history_issue,admitted_history_measure,crm_admitted_history_measure,CREATE TRIGGER admitted_history_measure AFTER INSERT OR DELETE OR UPDATE ON public.migration_admitted_history_issue FOR EACH ROW EXECUTE FUNCTION crm_admitted_history_measure()
migration_admitted_history_issue,admitted_history_write_fence,crm_admitted_history_write_fence,CREATE TRIGGER admitted_history_write_fence BEFORE INSERT OR DELETE OR UPDATE ON public.migration_admitted_history_issue FOR EACH ROW EXECUTE FUNCTION crm_admitted_history_write_fence()
migration_admitted_history_manifest,admitted_history_evidence_insert,crm_admitted_history_evidence_insert,CREATE TRIGGER admitted_history_evidence_insert BEFORE INSERT ON public.migration_admitted_history_manifest FOR EACH ROW EXECUTE FUNCTION crm_admitted_history_evidence_insert()
migration_admitted_history_manifest,admitted_history_immutable,crm_admitted_history_immutable,CREATE TRIGGER admitted_history_immutable BEFORE DELETE OR UPDATE ON public.migration_admitted_history_manifest FOR EACH ROW EXECUTE FUNCTION crm_admitted_history_immutable()
migration_admitted_history_manifest,admitted_history_measure,crm_admitted_history_measure,CREATE TRIGGER admitted_history_measure AFTER INSERT OR DELETE OR UPDATE ON public.migration_admitted_history_manifest FOR EACH ROW EXECUTE FUNCTION crm_admitted_history_measure()
migration_admitted_history_manifest,admitted_history_write_fence,crm_admitted_history_write_fence,CREATE TRIGGER admitted_history_write_fence BEFORE INSERT OR DELETE OR UPDATE ON public.migration_admitted_history_manifest FOR EACH ROW EXECUTE FUNCTION crm_admitted_history_write_fence()
migration_admitted_history_plan,admitted_history_immutable,crm_admitted_history_immutable,CREATE TRIGGER admitted_history_immutable BEFORE DELETE OR UPDATE ON public.migration_admitted_history_plan FOR EACH ROW EXECUTE FUNCTION crm_admitted_history_immutable()
migration_admitted_history_plan,admitted_history_measure,crm_admitted_history_measure,CREATE TRIGGER admitted_history_measure AFTER INSERT OR DELETE OR UPDATE ON public.migration_admitted_history_plan FOR EACH ROW EXECUTE FUNCTION crm_admitted_history_measure()
migration_admitted_history_plan,admitted_history_write_fence,crm_admitted_history_write_fence,CREATE TRIGGER admitted_history_write_fence BEFORE INSERT OR DELETE OR UPDATE ON public.migration_admitted_history_plan FOR EACH ROW EXECUTE FUNCTION crm_admitted_history_write_fence()
migration_admitted_history_receipt,admitted_history_immutable,crm_admitted_history_immutable,CREATE TRIGGER admitted_history_immutable BEFORE DELETE OR UPDATE ON public.migration_admitted_history_receipt FOR EACH ROW EXECUTE FUNCTION crm_admitted_history_immutable()
migration_admitted_history_receipt,admitted_history_measure,crm_admitted_history_measure,CREATE TRIGGER admitted_history_measure AFTER INSERT OR DELETE OR UPDATE ON public.migration_admitted_history_receipt FOR EACH ROW EXECUTE FUNCTION crm_admitted_history_measure()
migration_admitted_history_receipt,admitted_history_write_fence,crm_admitted_history_write_fence,CREATE TRIGGER admitted_history_write_fence BEFORE INSERT OR DELETE OR UPDATE ON public.migration_admitted_history_receipt FOR EACH ROW EXECUTE FUNCTION crm_admitted_history_write_fence()
migration_admitted_history_remainder,admitted_history_immutable,crm_admitted_history_immutable,CREATE TRIGGER admitted_history_immutable BEFORE DELETE OR UPDATE ON public.migration_admitted_history_remainder FOR EACH ROW EXECUTE FUNCTION crm_admitted_history_immutable()
migration_admitted_history_remainder,admitted_history_measure,crm_admitted_history_measure,CREATE TRIGGER admitted_history_measure AFTER INSERT OR DELETE OR UPDATE ON public.migration_admitted_history_remainder FOR EACH ROW EXECUTE FUNCTION crm_admitted_history_measure()
migration_admitted_history_remainder,admitted_history_write_fence,crm_admitted_history_write_fence,CREATE TRIGGER admitted_history_write_fence BEFORE INSERT OR DELETE OR UPDATE ON public.migration_admitted_history_remainder FOR EACH ROW EXECUTE FUNCTION crm_admitted_history_write_fence()
migration_admitted_history_reservation,admitted_history_write_fence,crm_admitted_history_write_fence,CREATE TRIGGER admitted_history_write_fence BEFORE INSERT OR DELETE OR UPDATE ON public.migration_admitted_history_reservation FOR EACH ROW EXECUTE FUNCTION crm_admitted_history_write_fence()
migration_admitted_history_result,admitted_history_immutable,crm_admitted_history_immutable,CREATE TRIGGER admitted_history_immutable BEFORE DELETE OR UPDATE ON public.migration_admitted_history_result FOR EACH ROW EXECUTE FUNCTION crm_admitted_history_immutable()
migration_admitted_history_result,admitted_history_measure,crm_admitted_history_measure,CREATE TRIGGER admitted_history_measure AFTER INSERT OR DELETE OR UPDATE ON public.migration_admitted_history_result FOR EACH ROW EXECUTE FUNCTION crm_admitted_history_measure()
migration_admitted_history_result,admitted_history_result_insert,crm_admitted_history_result_insert,CREATE TRIGGER admitted_history_result_insert BEFORE INSERT ON public.migration_admitted_history_result FOR EACH ROW EXECUTE FUNCTION crm_admitted_history_result_insert()
migration_admitted_history_result,admitted_history_write_fence,crm_admitted_history_write_fence,CREATE TRIGGER admitted_history_write_fence BEFORE INSERT OR DELETE OR UPDATE ON public.migration_admitted_history_result FOR EACH ROW EXECUTE FUNCTION crm_admitted_history_write_fence()
migration_admitted_history_root,admitted_history_immutable,crm_admitted_history_immutable,CREATE TRIGGER admitted_history_immutable BEFORE DELETE OR UPDATE ON public.migration_admitted_history_root FOR EACH ROW EXECUTE FUNCTION crm_admitted_history_immutable()
migration_admitted_history_root,admitted_history_measure,crm_admitted_history_measure,CREATE TRIGGER admitted_history_measure AFTER INSERT OR DELETE OR UPDATE ON public.migration_admitted_history_root FOR EACH ROW EXECUTE FUNCTION crm_admitted_history_measure()
migration_admitted_history_root,admitted_history_write_fence,crm_admitted_history_write_fence,CREATE TRIGGER admitted_history_write_fence BEFORE INSERT OR DELETE OR UPDATE ON public.migration_admitted_history_root FOR EACH ROW EXECUTE FUNCTION crm_admitted_history_write_fence()
migration_admitted_metadata_alias,admitted_metadata_mapping_counts,crm_admitted_metadata_mapping_counts,CREATE TRIGGER admitted_metadata_mapping_counts AFTER INSERT ON public.migration_admitted_metadata_alias FOR EACH ROW EXECUTE FUNCTION crm_admitted_metadata_mapping_counts()
migration_admitted_metadata_manifest,admitted_metadata_owner_keys,crm_admitted_metadata_owner_keys,"CREATE TRIGGER admitted_metadata_owner_keys BEFORE INSERT OR UPDATE OF plan_id, import_id, organization_id, admission_id, admission_item_id, admission_result_id, predecessor_manifest_id, predecessor_plan_id ON public.migration_admitted_metadata_manifest FOR EACH ROW EXECUTE FUNCTION crm_admitted_metadata_owner_keys()"
migration_admitted_metadata_manifest,admitted_metadata_preparation_bytes,crm_admitted_metadata_preparation_bytes,CREATE TRIGGER admitted_metadata_preparation_bytes AFTER INSERT OR UPDATE ON public.migration_admitted_metadata_manifest FOR EACH ROW EXECUTE FUNCTION crm_admitted_metadata_preparation_bytes()
migration_admitted_metadata_mapping,admitted_metadata_owner_keys,crm_admitted_metadata_owner_keys,"CREATE TRIGGER admitted_metadata_owner_keys BEFORE INSERT OR UPDATE OF plan_id, import_id, organization_id, predecessor_mapping_id, predecessor_plan_id, source_mapping_id, evidence_plan_id, dependency_result_id, dependency_plan_id, dependency_import_id ON public.migration_admitted_metadata_mapping FOR EACH ROW EXECUTE FUNCTION crm_admitted_metadata_owner_keys()"
migration_admitted_metadata_mapping,admitted_metadata_preparation_bytes,crm_admitted_metadata_preparation_bytes,CREATE TRIGGER admitted_metadata_preparation_bytes AFTER INSERT OR UPDATE ON public.migration_admitted_metadata_mapping FOR EACH ROW EXECUTE FUNCTION crm_admitted_metadata_preparation_bytes()
migration_admitted_metadata_observation,admitted_metadata_owner_keys,crm_admitted_metadata_owner_keys,"CREATE TRIGGER admitted_metadata_owner_keys BEFORE INSERT OR UPDATE OF plan_id, import_id, organization_id, snapshot_id ON public.migration_admitted_metadata_observation FOR EACH ROW EXECUTE FUNCTION crm_admitted_metadata_owner_keys()"
migration_admitted_metadata_observation,admitted_metadata_preparation_bytes,crm_admitted_metadata_preparation_bytes,CREATE TRIGGER admitted_metadata_preparation_bytes AFTER INSERT OR UPDATE ON public.migration_admitted_metadata_observation FOR EACH ROW EXECUTE FUNCTION crm_admitted_metadata_preparation_bytes()
migration_admitted_metadata_operation,admitted_metadata_mapping_counts,crm_admitted_metadata_mapping_counts,CREATE TRIGGER admitted_metadata_mapping_counts AFTER INSERT ON public.migration_admitted_metadata_operation FOR EACH ROW EXECUTE FUNCTION crm_admitted_metadata_mapping_counts()
migration_admitted_metadata_operation,admitted_metadata_preparation_bytes,crm_admitted_metadata_preparation_bytes,CREATE TRIGGER admitted_metadata_preparation_bytes AFTER INSERT OR UPDATE ON public.migration_admitted_metadata_operation FOR EACH ROW EXECUTE FUNCTION crm_admitted_metadata_preparation_bytes()
migration_admitted_metadata_plan,admitted_metadata_owner_keys,crm_admitted_metadata_owner_keys,"CREATE TRIGGER admitted_metadata_owner_keys BEFORE INSERT OR UPDATE OF import_id, organization_id, admission_id, parent_import_id, parent_plan_id, source_account_id, remainder_plan_id, evidence_plan_id ON public.migration_admitted_metadata_plan FOR EACH ROW EXECUTE FUNCTION crm_admitted_metadata_owner_keys()"
migration_admitted_metadata_receipt,admitted_metadata_owner_keys,crm_admitted_metadata_owner_keys,"CREATE TRIGGER admitted_metadata_owner_keys BEFORE INSERT OR UPDATE OF import_id, organization_id, snapshot_id, plan_id ON public.migration_admitted_metadata_receipt FOR EACH ROW EXECUTE FUNCTION crm_admitted_metadata_owner_keys()"
migration_admitted_metadata_source,admitted_metadata_owner_keys,crm_admitted_metadata_owner_keys,"CREATE TRIGGER admitted_metadata_owner_keys BEFORE INSERT OR UPDATE OF plan_id, import_id, organization_id, snapshot_id ON public.migration_admitted_metadata_source FOR EACH ROW EXECUTE FUNCTION crm_admitted_metadata_owner_keys()"
migration_admitted_metadata_source,admitted_metadata_preparation_bytes,crm_admitted_metadata_preparation_bytes,CREATE TRIGGER admitted_metadata_preparation_bytes AFTER INSERT OR UPDATE ON public.migration_admitted_metadata_source FOR EACH ROW EXECUTE FUNCTION crm_admitted_metadata_preparation_bytes()
migration_admitted_people_refresh,mapping_repair_fence,crm_mapping_repair_write_fence,CREATE TRIGGER mapping_repair_fence BEFORE INSERT OR DELETE OR UPDATE ON public.migration_admitted_people_refresh FOR EACH ROW EXECUTE FUNCTION crm_mapping_repair_write_fence()
migration_admitted_people_refresh,mapping_repair_owned,crm_mapping_repair_owned_write,"CREATE TRIGGER mapping_repair_owned BEFORE INSERT OR UPDATE ON public.migration_admitted_people_refresh FOR EACH ROW EXECUTE FUNCTION crm_mapping_repair_owned_write('migration_admitted_people_refresh', 'root')"
migration_admitted_people_refresh_baseline,mapping_repair_fence,crm_mapping_repair_write_fence,CREATE TRIGGER mapping_repair_fence BEFORE INSERT OR DELETE OR UPDATE ON public.migration_admitted_people_refresh_baseline FOR EACH ROW EXECUTE FUNCTION crm_mapping_repair_write_fence()
migration_admitted_people_refresh_baseline,mapping_repair_owned,crm_mapping_repair_owned_write,"CREATE TRIGGER mapping_repair_owned BEFORE INSERT OR UPDATE ON public.migration_admitted_people_refresh_baseline FOR EACH ROW EXECUTE FUNCTION crm_mapping_repair_owned_write('migration_admitted_people_refresh', 'baseline')"
migration_admitted_people_refresh_item,mapping_repair_fence,crm_mapping_repair_write_fence,CREATE TRIGGER mapping_repair_fence BEFORE INSERT OR DELETE OR UPDATE ON public.migration_admitted_people_refresh_item FOR EACH ROW EXECUTE FUNCTION crm_mapping_repair_write_fence()
migration_admitted_people_refresh_item,mapping_repair_owned,crm_mapping_repair_owned_write,"CREATE TRIGGER mapping_repair_owned BEFORE INSERT OR UPDATE ON public.migration_admitted_people_refresh_item FOR EACH ROW EXECUTE FUNCTION crm_mapping_repair_owned_write('migration_admitted_people_refresh', 'item')"
migration_admitted_people_refresh_item,people_recovery_refresh_approval,crm_people_recovery_refresh_approval,CREATE TRIGGER people_recovery_refresh_approval BEFORE INSERT OR UPDATE ON public.migration_admitted_people_refresh_item FOR EACH ROW EXECUTE FUNCTION crm_people_recovery_refresh_approval()
migration_admitted_people_refresh_mapping_binding,immutable,reject_mutation,CREATE TRIGGER immutable BEFORE DELETE OR UPDATE ON public.migration_admitted_people_refresh_mapping_binding FOR EACH ROW EXECUTE FUNCTION reject_mutation()
migration_admitted_people_refresh_mapping_binding,mapping_repair_fence,crm_mapping_repair_write_fence,CREATE TRIGGER mapping_repair_fence BEFORE INSERT OR DELETE OR UPDATE ON public.migration_admitted_people_refresh_mapping_binding FOR EACH ROW EXECUTE FUNCTION crm_mapping_repair_write_fence()
migration_admitted_people_refresh_mapping_binding,mapping_repair_owned,crm_mapping_repair_owned_write,"CREATE TRIGGER mapping_repair_owned BEFORE INSERT OR UPDATE ON public.migration_admitted_people_refresh_mapping_binding FOR EACH ROW EXECUTE FUNCTION crm_mapping_repair_owned_write('migration_admitted_people_refresh', 'binding')"
migration_admitted_people_refresh_mapping_head,mapping_repair_fence,crm_mapping_repair_write_fence,CREATE TRIGGER mapping_repair_fence BEFORE INSERT OR DELETE OR UPDATE ON public.migration_admitted_people_refresh_mapping_head FOR EACH ROW EXECUTE FUNCTION crm_mapping_repair_write_fence()
migration_admitted_people_refresh_mapping_head,mapping_repair_head,crm_mapping_repair_head_write,CREATE TRIGGER mapping_repair_head BEFORE INSERT OR UPDATE ON public.migration_admitted_people_refresh_mapping_head FOR EACH ROW EXECUTE FUNCTION crm_mapping_repair_head_write('migration_admitted_people_refresh')
migration_admitted_people_refresh_plan,mapping_repair_fence,crm_mapping_repair_write_fence,CREATE TRIGGER mapping_repair_fence BEFORE INSERT OR DELETE OR UPDATE ON public.migration_admitted_people_refresh_plan FOR EACH ROW EXECUTE FUNCTION crm_mapping_repair_write_fence()
migration_admitted_people_refresh_plan,mapping_repair_owned,crm_mapping_repair_owned_write,"CREATE TRIGGER mapping_repair_owned BEFORE INSERT OR UPDATE ON public.migration_admitted_people_refresh_plan FOR EACH ROW EXECUTE FUNCTION crm_mapping_repair_owned_write('migration_admitted_people_refresh', 'plan')"
migration_admitted_people_refresh_repair_candidate,immutable,reject_mutation,CREATE TRIGGER immutable BEFORE DELETE OR UPDATE ON public.migration_admitted_people_refresh_repair_candidate FOR EACH ROW EXECUTE FUNCTION reject_mutation()
migration_admitted_people_refresh_repair_candidate,mapping_repair_fence,crm_mapping_repair_write_fence,CREATE TRIGGER mapping_repair_fence BEFORE INSERT OR DELETE OR UPDATE ON public.migration_admitted_people_refresh_repair_candidate FOR EACH ROW EXECUTE FUNCTION crm_mapping_repair_write_fence()
migration_admitted_people_refresh_repair_candidate,mapping_repair_owned,crm_mapping_repair_owned_write,"CREATE TRIGGER mapping_repair_owned BEFORE INSERT OR UPDATE ON public.migration_admitted_people_refresh_repair_candidate FOR EACH ROW EXECUTE FUNCTION crm_mapping_repair_owned_write('migration_admitted_people_refresh', 'candidate')"
migration_admitted_people_refresh_repair_choice,immutable,reject_mutation,CREATE TRIGGER immutable BEFORE DELETE OR UPDATE ON public.migration_admitted_people_refresh_repair_choice FOR EACH ROW EXECUTE FUNCTION reject_mutation()
migration_admitted_people_refresh_repair_choice,mapping_repair_fence,crm_mapping_repair_write_fence,CREATE TRIGGER mapping_repair_fence BEFORE INSERT OR DELETE OR UPDATE ON public.migration_admitted_people_refresh_repair_choice FOR EACH ROW EXECUTE FUNCTION crm_mapping_repair_write_fence()
migration_admitted_people_refresh_repair_choice,mapping_repair_owned,crm_mapping_repair_owned_write,"CREATE TRIGGER mapping_repair_owned BEFORE INSERT OR UPDATE ON public.migration_admitted_people_refresh_repair_choice FOR EACH ROW EXECUTE FUNCTION crm_mapping_repair_owned_write('migration_admitted_people_refresh', 'choice')"
migration_admitted_people_refresh_repair_key,immutable,reject_mutation,CREATE TRIGGER immutable BEFORE DELETE OR UPDATE ON public.migration_admitted_people_refresh_repair_key FOR EACH ROW EXECUTE FUNCTION reject_mutation()
migration_admitted_people_refresh_repair_key,mapping_repair_fence,crm_mapping_repair_write_fence,CREATE TRIGGER mapping_repair_fence BEFORE INSERT OR DELETE OR UPDATE ON public.migration_admitted_people_refresh_repair_key FOR EACH ROW EXECUTE FUNCTION crm_mapping_repair_write_fence()
migration_admitted_people_refresh_result,mapping_repair_fence,crm_mapping_repair_write_fence,CREATE TRIGGER mapping_repair_fence BEFORE INSERT OR DELETE OR UPDATE ON public.migration_admitted_people_refresh_result FOR EACH ROW EXECUTE FUNCTION crm_mapping_repair_write_fence()
migration_admitted_people_refresh_result,mapping_repair_owned,crm_mapping_repair_owned_write,"CREATE TRIGGER mapping_repair_owned BEFORE INSERT OR UPDATE ON public.migration_admitted_people_refresh_result FOR EACH ROW EXECUTE FUNCTION crm_mapping_repair_owned_write('migration_admitted_people_refresh', 'result')"
migration_core_change_group,migration_core_change_group_charge,migration_core_change_charge,CREATE TRIGGER migration_core_change_group_charge AFTER INSERT OR UPDATE ON public.migration_core_change_group FOR EACH ROW EXECUTE FUNCTION migration_core_change_charge()
migration_core_change_group,migration_core_change_group_immutable,migration_core_change_immutable,CREATE TRIGGER migration_core_change_group_immutable BEFORE INSERT OR UPDATE ON public.migration_core_change_group FOR EACH ROW EXECUTE FUNCTION migration_core_change_immutable()
migration_core_change_note_key,migration_core_change_note_charge,migration_core_change_charge,CREATE TRIGGER migration_core_change_note_charge AFTER INSERT ON public.migration_core_change_note_key FOR EACH ROW EXECUTE FUNCTION migration_core_change_charge()
migration_core_change_receipt,migration_core_change_receipt_charge,migration_core_change_charge,CREATE TRIGGER migration_core_change_receipt_charge AFTER INSERT ON public.migration_core_change_receipt FOR EACH ROW EXECUTE FUNCTION migration_core_change_charge()
migration_core_change_report,migration_core_change_report_charge,migration_core_change_charge,"CREATE TRIGGER migration_core_change_report_charge AFTER INSERT OR UPDATE OF engine_version, state, phase, pause_reason, baseline_uncertain, newer_uncertain, tuple_hmac, inputs_nonce, inputs_ciphertext, summary_nonce, summary_ciphertext ON public.migration_core_change_report FOR EACH ROW EXECUTE FUNCTION migration_core_change_charge()"
migration_core_change_report,migration_core_change_report_immutable,migration_core_change_immutable,CREATE TRIGGER migration_core_change_report_immutable BEFORE UPDATE ON public.migration_core_change_report FOR EACH ROW EXECUTE FUNCTION migration_core_change_immutable()
migration_core_change_variant,migration_core_change_variant_charge,migration_core_change_charge,CREATE TRIGGER migration_core_change_variant_charge AFTER INSERT ON public.migration_core_change_variant FOR EACH ROW EXECUTE FUNCTION migration_core_change_charge()
migration_core_change_variant,migration_core_change_variant_immutable,migration_core_change_immutable,CREATE TRIGGER migration_core_change_variant_immutable BEFORE INSERT OR UPDATE ON public.migration_core_change_variant FOR EACH ROW EXECUTE FUNCTION migration_core_change_immutable()
migration_family_refresh_bundle,family_refresh_00_boundary,crm_family_refresh_boundary,CREATE TRIGGER family_refresh_00_boundary BEFORE INSERT ON public.migration_family_refresh_bundle FOR EACH ROW EXECUTE FUNCTION crm_family_refresh_boundary()
migration_family_refresh_bundle,family_refresh_accounting_complete,crm_family_refresh_accounting_complete,CREATE CONSTRAINT TRIGGER family_refresh_accounting_complete AFTER INSERT OR UPDATE ON public.migration_family_refresh_bundle DEFERRABLE INITIALLY DEFERRED FOR EACH ROW EXECUTE FUNCTION crm_family_refresh_accounting_complete()
migration_family_refresh_bundle,family_refresh_bundle_guard,crm_family_refresh_bundle_guard,CREATE TRIGGER family_refresh_bundle_guard BEFORE INSERT OR UPDATE ON public.migration_family_refresh_bundle FOR EACH ROW EXECUTE FUNCTION crm_family_refresh_bundle_guard()
migration_family_refresh_bundle,family_refresh_measure,crm_family_refresh_measure,CREATE TRIGGER family_refresh_measure AFTER INSERT OR DELETE OR UPDATE ON public.migration_family_refresh_bundle FOR EACH ROW EXECUTE FUNCTION crm_family_refresh_measure()
migration_family_refresh_bundle,family_refresh_remainder_bundle_guard,crm_family_refresh_remainder_bundle_guard,CREATE TRIGGER family_refresh_remainder_bundle_guard BEFORE INSERT ON public.migration_family_refresh_bundle FOR EACH ROW EXECUTE FUNCTION crm_family_refresh_remainder_bundle_guard()
migration_family_refresh_cohort,family_refresh_cohort_fence,crm_family_refresh_cohort_fence,CREATE TRIGGER family_refresh_cohort_fence BEFORE INSERT ON public.migration_family_refresh_cohort FOR EACH ROW EXECUTE FUNCTION crm_family_refresh_cohort_fence()
migration_family_refresh_cohort,family_refresh_immutable,reject_mutation,CREATE TRIGGER family_refresh_immutable BEFORE DELETE OR UPDATE ON public.migration_family_refresh_cohort FOR EACH ROW EXECUTE FUNCTION reject_mutation()
migration_family_refresh_cohort,family_refresh_measure,crm_family_refresh_measure,CREATE TRIGGER family_refresh_measure AFTER INSERT OR DELETE OR UPDATE ON public.migration_family_refresh_cohort FOR EACH ROW EXECUTE FUNCTION crm_family_refresh_measure()
migration_family_refresh_cohort,family_refresh_no_truncate,reject_mutation,CREATE TRIGGER family_refresh_no_truncate BEFORE TRUNCATE ON public.migration_family_refresh_cohort FOR EACH STATEMENT EXECUTE FUNCTION reject_mutation()
migration_family_refresh_cohort,family_refresh_owned_insert,crm_family_refresh_owned_insert,CREATE TRIGGER family_refresh_owned_insert BEFORE INSERT ON public.migration_family_refresh_cohort FOR EACH ROW EXECUTE FUNCTION crm_family_refresh_owned_insert()
migration_family_refresh_cohort,family_refresh_remainder_copy_guard,crm_family_refresh_remainder_copy_guard,CREATE TRIGGER family_refresh_remainder_copy_guard BEFORE INSERT ON public.migration_family_refresh_cohort FOR EACH ROW EXECUTE FUNCTION crm_family_refresh_remainder_copy_guard()
migration_family_refresh_core_page,family_refresh_core_page_guard,crm_family_refresh_core_index_guard,CREATE TRIGGER family_refresh_core_page_guard BEFORE INSERT ON public.migration_family_refresh_core_page FOR EACH ROW EXECUTE FUNCTION crm_family_refresh_core_index_guard()
migration_family_refresh_core_page,family_refresh_core_page_immutable,reject_mutation,CREATE TRIGGER family_refresh_core_page_immutable BEFORE DELETE OR UPDATE ON public.migration_family_refresh_core_page FOR EACH ROW EXECUTE FUNCTION reject_mutation()
migration_family_refresh_core_page,family_refresh_core_page_no_truncate,reject_mutation,CREATE TRIGGER family_refresh_core_page_no_truncate BEFORE TRUNCATE ON public.migration_family_refresh_core_page FOR EACH STATEMENT EXECUTE FUNCTION reject_mutation()
migration_family_refresh_core_page,family_refresh_measure,crm_family_refresh_measure,CREATE TRIGGER family_refresh_measure AFTER INSERT ON public.migration_family_refresh_core_page FOR EACH ROW EXECUTE FUNCTION crm_family_refresh_measure()
migration_family_refresh_core_page,family_refresh_remainder_copy_guard,crm_family_refresh_remainder_copy_guard,CREATE TRIGGER family_refresh_remainder_copy_guard BEFORE INSERT ON public.migration_family_refresh_core_page FOR EACH ROW EXECUTE FUNCTION crm_family_refresh_remainder_copy_guard()
migration_family_refresh_head,family_refresh_head_account,crm_family_refresh_head_storage,CREATE TRIGGER family_refresh_head_account BEFORE INSERT ON public.migration_family_refresh_head FOR EACH ROW EXECUTE FUNCTION crm_family_refresh_head_storage()
migration_family_refresh_head,family_refresh_head_guard,crm_family_refresh_head_guard,CREATE TRIGGER family_refresh_head_guard BEFORE INSERT OR UPDATE ON public.migration_family_refresh_head FOR EACH ROW EXECUTE FUNCTION crm_family_refresh_head_guard()
migration_family_refresh_head,family_refresh_measure,crm_family_refresh_measure,CREATE TRIGGER family_refresh_measure AFTER INSERT OR DELETE OR UPDATE ON public.migration_family_refresh_head FOR EACH ROW EXECUTE FUNCTION crm_family_refresh_measure()
migration_family_refresh_history_display,family_refresh_measure,crm_family_refresh_measure,CREATE TRIGGER family_refresh_measure AFTER INSERT OR DELETE OR UPDATE ON public.migration_family_refresh_history_display FOR EACH ROW EXECUTE FUNCTION crm_family_refresh_measure()
migration_family_refresh_history_display,history_display_guard,crm_family_history_display_guard,CREATE TRIGGER history_display_guard BEFORE INSERT OR UPDATE ON public.migration_family_refresh_history_display FOR EACH ROW EXECUTE FUNCTION crm_family_history_display_guard()
migration_family_refresh_history_display,history_display_no_delete,reject_mutation,CREATE TRIGGER history_display_no_delete BEFORE DELETE ON public.migration_family_refresh_history_display FOR EACH ROW EXECUTE FUNCTION reject_mutation()
migration_family_refresh_history_display,history_display_no_truncate,reject_mutation,CREATE TRIGGER history_display_no_truncate BEFORE TRUNCATE ON public.migration_family_refresh_history_display FOR EACH STATEMENT EXECUTE FUNCTION reject_mutation()
migration_family_refresh_history_head,family_refresh_measure,crm_family_refresh_measure,CREATE TRIGGER family_refresh_measure AFTER INSERT OR DELETE OR UPDATE ON public.migration_family_refresh_history_head FOR EACH ROW EXECUTE FUNCTION crm_family_refresh_measure()
migration_family_refresh_history_head,history_head_guard,crm_family_history_head_guard,CREATE TRIGGER history_head_guard BEFORE INSERT OR UPDATE ON public.migration_family_refresh_history_head FOR EACH ROW EXECUTE FUNCTION crm_family_history_head_guard()
migration_family_refresh_history_head,history_head_no_delete,reject_mutation,CREATE TRIGGER history_head_no_delete BEFORE DELETE ON public.migration_family_refresh_history_head FOR EACH ROW EXECUTE FUNCTION reject_mutation()
migration_family_refresh_history_head,history_head_no_truncate,reject_mutation,CREATE TRIGGER history_head_no_truncate BEFORE TRUNCATE ON public.migration_family_refresh_history_head FOR EACH STATEMENT EXECUTE FUNCTION reject_mutation()
migration_family_refresh_history_page,family_refresh_history_page_guard,crm_family_refresh_history_index_guard,CREATE TRIGGER family_refresh_history_page_guard BEFORE INSERT ON public.migration_family_refresh_history_page FOR EACH ROW EXECUTE FUNCTION crm_family_refresh_history_index_guard()
migration_family_refresh_history_page,family_refresh_history_page_immutable,reject_mutation,CREATE TRIGGER family_refresh_history_page_immutable BEFORE DELETE OR UPDATE ON public.migration_family_refresh_history_page FOR EACH ROW EXECUTE FUNCTION reject_mutation()
migration_family_refresh_history_page,family_refresh_history_page_no_truncate,reject_mutation,CREATE TRIGGER family_refresh_history_page_no_truncate BEFORE TRUNCATE ON public.migration_family_refresh_history_page FOR EACH STATEMENT EXECUTE FUNCTION reject_mutation()
migration_family_refresh_history_page,family_refresh_measure,crm_family_refresh_measure,CREATE TRIGGER family_refresh_measure AFTER INSERT ON public.migration_family_refresh_history_page FOR EACH ROW EXECUTE FUNCTION crm_family_refresh_measure()
migration_family_refresh_history_page,family_refresh_remainder_copy_guard,crm_family_refresh_remainder_copy_guard,CREATE TRIGGER family_refresh_remainder_copy_guard BEFORE INSERT ON public.migration_family_refresh_history_page FOR EACH ROW EXECUTE FUNCTION crm_family_refresh_remainder_copy_guard()
migration_family_refresh_manifest,family_refresh_catalog_unit_fence,crm_family_refresh_catalog_unit_fence,CREATE TRIGGER family_refresh_catalog_unit_fence BEFORE INSERT ON public.migration_family_refresh_manifest FOR EACH ROW EXECUTE FUNCTION crm_family_refresh_catalog_unit_fence()
migration_family_refresh_manifest,family_refresh_immutable,reject_mutation,CREATE TRIGGER family_refresh_immutable BEFORE DELETE OR UPDATE ON public.migration_family_refresh_manifest FOR EACH ROW EXECUTE FUNCTION reject_mutation()
migration_family_refresh_manifest,family_refresh_manifest_source_guard,crm_family_refresh_manifest_source_guard,CREATE TRIGGER family_refresh_manifest_source_guard BEFORE INSERT ON public.migration_family_refresh_manifest FOR EACH ROW EXECUTE FUNCTION crm_family_refresh_manifest_source_guard()
migration_family_refresh_manifest,family_refresh_measure,crm_family_refresh_measure,CREATE TRIGGER family_refresh_measure AFTER INSERT OR DELETE OR UPDATE ON public.migration_family_refresh_manifest FOR EACH ROW EXECUTE FUNCTION crm_family_refresh_measure()
migration_family_refresh_manifest,family_refresh_missing_activity_fence,crm_family_refresh_missing_activity_fence,CREATE TRIGGER family_refresh_missing_activity_fence BEFORE INSERT ON public.migration_family_refresh_manifest FOR EACH ROW EXECUTE FUNCTION crm_family_refresh_missing_activity_fence()
migration_family_refresh_manifest,family_refresh_no_truncate,reject_mutation,CREATE TRIGGER family_refresh_no_truncate BEFORE TRUNCATE ON public.migration_family_refresh_manifest FOR EACH STATEMENT EXECUTE FUNCTION reject_mutation()
migration_family_refresh_manifest,family_refresh_owned_insert,crm_family_refresh_owned_insert,CREATE TRIGGER family_refresh_owned_insert BEFORE INSERT ON public.migration_family_refresh_manifest FOR EACH ROW EXECUTE FUNCTION crm_family_refresh_owned_insert()
migration_family_refresh_manifest,family_refresh_person_metadata_fence,crm_family_refresh_person_metadata_fence,CREATE TRIGGER family_refresh_person_metadata_fence BEFORE INSERT ON public.migration_family_refresh_manifest FOR EACH ROW EXECUTE FUNCTION crm_family_refresh_person_metadata_fence()
migration_family_refresh_manifest,family_refresh_remainder_copy_guard,crm_family_refresh_remainder_copy_guard,CREATE TRIGGER family_refresh_remainder_copy_guard BEFORE INSERT ON public.migration_family_refresh_manifest FOR EACH ROW EXECUTE FUNCTION crm_family_refresh_remainder_copy_guard()
migration_family_refresh_manifest,family_refresh_sealed_units,crm_family_refresh_sealing_fence,CREATE TRIGGER family_refresh_sealed_units BEFORE INSERT ON public.migration_family_refresh_manifest FOR EACH ROW EXECUTE FUNCTION crm_family_refresh_sealing_fence()
migration_family_refresh_mapping,family_refresh_catalog_order_projection,crm_family_refresh_mapping_order_projection,CREATE TRIGGER family_refresh_catalog_order_projection BEFORE INSERT ON public.migration_family_refresh_mapping FOR EACH ROW EXECUTE FUNCTION crm_family_refresh_mapping_order_projection()
migration_family_refresh_mapping,family_refresh_immutable,reject_mutation,CREATE TRIGGER family_refresh_immutable BEFORE DELETE OR UPDATE ON public.migration_family_refresh_mapping FOR EACH ROW EXECUTE FUNCTION reject_mutation()
migration_family_refresh_mapping,family_refresh_mapping_fence,crm_family_refresh_mapping_fence,CREATE TRIGGER family_refresh_mapping_fence BEFORE INSERT ON public.migration_family_refresh_mapping FOR EACH ROW EXECUTE FUNCTION crm_family_refresh_mapping_fence()
migration_family_refresh_mapping,family_refresh_measure,crm_family_refresh_measure,CREATE TRIGGER family_refresh_measure AFTER INSERT OR DELETE OR UPDATE ON public.migration_family_refresh_mapping FOR EACH ROW EXECUTE FUNCTION crm_family_refresh_measure()
migration_family_refresh_mapping,family_refresh_no_truncate,reject_mutation,CREATE TRIGGER family_refresh_no_truncate BEFORE TRUNCATE ON public.migration_family_refresh_mapping FOR EACH STATEMENT EXECUTE FUNCTION reject_mutation()
migration_family_refresh_mapping,family_refresh_owned_insert,crm_family_refresh_owned_insert,CREATE TRIGGER family_refresh_owned_insert BEFORE INSERT ON public.migration_family_refresh_mapping FOR EACH ROW EXECUTE FUNCTION crm_family_refresh_owned_insert()
migration_family_refresh_mapping,family_refresh_remainder_copy_guard,crm_family_refresh_remainder_copy_guard,CREATE TRIGGER family_refresh_remainder_copy_guard BEFORE INSERT ON public.migration_family_refresh_mapping FOR EACH ROW EXECUTE FUNCTION crm_family_refresh_remainder_copy_guard()
migration_family_refresh_mapping_patch,family_refresh_patch_fence,crm_family_refresh_patch_fence,CREATE TRIGGER family_refresh_patch_fence BEFORE INSERT ON public.migration_family_refresh_mapping_patch FOR EACH ROW EXECUTE FUNCTION crm_family_refresh_patch_fence()
migration_family_refresh_mapping_patch,family_refresh_patch_immutable,reject_mutation,CREATE TRIGGER family_refresh_patch_immutable BEFORE DELETE OR UPDATE ON public.migration_family_refresh_mapping_patch FOR EACH ROW EXECUTE FUNCTION reject_mutation()
migration_family_refresh_mapping_patch,family_refresh_patch_measure,crm_family_refresh_measure,CREATE TRIGGER family_refresh_patch_measure AFTER INSERT ON public.migration_family_refresh_mapping_patch FOR EACH ROW EXECUTE FUNCTION crm_family_refresh_measure()
migration_family_refresh_mapping_patch,family_refresh_patch_no_truncate,reject_mutation,CREATE TRIGGER family_refresh_patch_no_truncate BEFORE TRUNCATE ON public.migration_family_refresh_mapping_patch FOR EACH STATEMENT EXECUTE FUNCTION reject_mutation()
migration_family_refresh_mapping_patch,family_refresh_patch_owner,crm_family_refresh_owned_insert,CREATE TRIGGER family_refresh_patch_owner BEFORE INSERT ON public.migration_family_refresh_mapping_patch FOR EACH ROW EXECUTE FUNCTION crm_family_refresh_owned_insert()
migration_family_refresh_plan,family_refresh_accounting_complete,crm_family_refresh_accounting_complete,CREATE CONSTRAINT TRIGGER family_refresh_accounting_complete AFTER INSERT OR UPDATE ON public.migration_family_refresh_plan DEFERRABLE INITIALLY DEFERRED FOR EACH ROW EXECUTE FUNCTION crm_family_refresh_accounting_complete()
migration_family_refresh_plan,family_refresh_activity_owned_fence,crm_family_refresh_activity_owned_fence,CREATE TRIGGER family_refresh_activity_owned_fence BEFORE UPDATE ON public.migration_family_refresh_plan FOR EACH ROW EXECUTE FUNCTION crm_family_refresh_activity_owned_fence()
migration_family_refresh_plan,family_refresh_activity_walk_fence,crm_family_refresh_activity_walk_fence,CREATE TRIGGER family_refresh_activity_walk_fence BEFORE UPDATE ON public.migration_family_refresh_plan FOR EACH ROW EXECUTE FUNCTION crm_family_refresh_activity_walk_fence()
migration_family_refresh_plan,family_refresh_apply_fence,crm_family_refresh_apply_fence,CREATE TRIGGER family_refresh_apply_fence BEFORE UPDATE ON public.migration_family_refresh_plan FOR EACH ROW EXECUTE FUNCTION crm_family_refresh_apply_fence()
migration_family_refresh_plan,family_refresh_catalog_walk_fence,crm_family_refresh_catalog_walk_fence,CREATE TRIGGER family_refresh_catalog_walk_fence BEFORE UPDATE ON public.migration_family_refresh_plan FOR EACH ROW EXECUTE FUNCTION crm_family_refresh_catalog_walk_fence()
migration_family_refresh_plan,family_refresh_cohort_progress_fence,crm_family_refresh_cohort_fence,CREATE TRIGGER family_refresh_cohort_progress_fence BEFORE UPDATE ON public.migration_family_refresh_plan FOR EACH ROW EXECUTE FUNCTION crm_family_refresh_cohort_fence()
migration_family_refresh_plan,family_refresh_core_progress_guard,crm_family_refresh_core_index_guard,CREATE TRIGGER family_refresh_core_progress_guard BEFORE UPDATE ON public.migration_family_refresh_plan FOR EACH ROW EXECUTE FUNCTION crm_family_refresh_core_index_guard()
migration_family_refresh_plan,family_refresh_history_progress_guard,crm_family_refresh_history_index_guard,CREATE TRIGGER family_refresh_history_progress_guard BEFORE UPDATE ON public.migration_family_refresh_plan FOR EACH ROW EXECUTE FUNCTION crm_family_refresh_history_index_guard()
migration_family_refresh_plan,family_refresh_mapping_walk_fence,crm_family_refresh_mapping_fence,CREATE TRIGGER family_refresh_mapping_walk_fence BEFORE UPDATE ON public.migration_family_refresh_plan FOR EACH ROW EXECUTE FUNCTION crm_family_refresh_mapping_fence()
migration_family_refresh_plan,family_refresh_measure,crm_family_refresh_measure,CREATE TRIGGER family_refresh_measure AFTER INSERT OR DELETE OR UPDATE ON public.migration_family_refresh_plan FOR EACH ROW EXECUTE FUNCTION crm_family_refresh_measure()
migration_family_refresh_plan,family_refresh_metadata_owned_fence,crm_family_refresh_metadata_owned_fence,CREATE TRIGGER family_refresh_metadata_owned_fence BEFORE UPDATE ON public.migration_family_refresh_plan FOR EACH ROW EXECUTE FUNCTION crm_family_refresh_metadata_owned_fence()
migration_family_refresh_plan,family_refresh_metadata_walk_fence,crm_family_refresh_metadata_walk_fence,CREATE TRIGGER family_refresh_metadata_walk_fence BEFORE UPDATE ON public.migration_family_refresh_plan FOR EACH ROW EXECUTE FUNCTION crm_family_refresh_metadata_walk_fence()
migration_family_refresh_plan,family_refresh_owned_walk_fence,crm_family_refresh_owned_walk_fence,CREATE TRIGGER family_refresh_owned_walk_fence BEFORE UPDATE ON public.migration_family_refresh_plan FOR EACH ROW EXECUTE FUNCTION crm_family_refresh_owned_walk_fence()
migration_family_refresh_plan,family_refresh_plan_guard,crm_family_refresh_plan_guard,CREATE TRIGGER family_refresh_plan_guard BEFORE INSERT OR UPDATE ON public.migration_family_refresh_plan FOR EACH ROW EXECUTE FUNCTION crm_family_refresh_plan_guard()
migration_family_refresh_plan,family_refresh_remainder_plan_guard,crm_family_refresh_remainder_plan_guard,CREATE TRIGGER family_refresh_remainder_plan_guard BEFORE INSERT OR UPDATE ON public.migration_family_refresh_plan FOR EACH ROW EXECUTE FUNCTION crm_family_refresh_remainder_plan_guard()
migration_family_refresh_plan,family_refresh_remainder_progress_guard,crm_family_refresh_remainder_progress_guard,CREATE TRIGGER family_refresh_remainder_progress_guard BEFORE UPDATE ON public.migration_family_refresh_plan FOR EACH ROW EXECUTE FUNCTION crm_family_refresh_remainder_progress_guard()
migration_family_refresh_plan,family_refresh_sealing_fence,crm_family_refresh_sealing_fence,CREATE TRIGGER family_refresh_sealing_fence BEFORE UPDATE ON public.migration_family_refresh_plan FOR EACH ROW EXECUTE FUNCTION crm_family_refresh_sealing_fence()
migration_family_refresh_plan,family_refresh_walk_fence,crm_family_refresh_walk_fence,CREATE TRIGGER family_refresh_walk_fence BEFORE UPDATE ON public.migration_family_refresh_plan FOR EACH ROW EXECUTE FUNCTION crm_family_refresh_walk_fence()
migration_family_refresh_receipt,family_refresh_immutable,reject_mutation,CREATE TRIGGER family_refresh_immutable BEFORE DELETE OR UPDATE ON public.migration_family_refresh_receipt FOR EACH ROW EXECUTE FUNCTION reject_mutation()
migration_family_refresh_receipt,family_refresh_measure,crm_family_refresh_measure,CREATE TRIGGER family_refresh_measure AFTER INSERT OR DELETE OR UPDATE ON public.migration_family_refresh_receipt FOR EACH ROW EXECUTE FUNCTION crm_family_refresh_measure()
migration_family_refresh_receipt,family_refresh_no_truncate,reject_mutation,CREATE TRIGGER family_refresh_no_truncate BEFORE TRUNCATE ON public.migration_family_refresh_receipt FOR EACH STATEMENT EXECUTE FUNCTION reject_mutation()
migration_family_refresh_requirement,family_refresh_immutable,reject_mutation,CREATE TRIGGER family_refresh_immutable BEFORE DELETE OR UPDATE ON public.migration_family_refresh_requirement FOR EACH ROW EXECUTE FUNCTION reject_mutation()
migration_family_refresh_requirement,family_refresh_measure,crm_family_refresh_measure,CREATE TRIGGER family_refresh_measure AFTER INSERT OR DELETE OR UPDATE ON public.migration_family_refresh_requirement FOR EACH ROW EXECUTE FUNCTION crm_family_refresh_measure()
migration_family_refresh_requirement,family_refresh_no_truncate,reject_mutation,CREATE TRIGGER family_refresh_no_truncate BEFORE TRUNCATE ON public.migration_family_refresh_requirement FOR EACH STATEMENT EXECUTE FUNCTION reject_mutation()
migration_family_refresh_reservation,family_refresh_accounting_complete,crm_family_refresh_accounting_complete,CREATE CONSTRAINT TRIGGER family_refresh_accounting_complete AFTER INSERT OR DELETE OR UPDATE ON public.migration_family_refresh_reservation DEFERRABLE INITIALLY DEFERRED FOR EACH ROW EXECUTE FUNCTION crm_family_refresh_accounting_complete()
migration_family_refresh_result,family_refresh_immutable,reject_mutation,CREATE TRIGGER family_refresh_immutable BEFORE DELETE OR UPDATE ON public.migration_family_refresh_result FOR EACH ROW EXECUTE FUNCTION reject_mutation()
migration_family_refresh_result,family_refresh_measure,crm_family_refresh_measure,CREATE TRIGGER family_refresh_measure AFTER INSERT OR DELETE OR UPDATE ON public.migration_family_refresh_result FOR EACH ROW EXECUTE FUNCTION crm_family_refresh_measure()
migration_family_refresh_result,family_refresh_no_truncate,reject_mutation,CREATE TRIGGER family_refresh_no_truncate BEFORE TRUNCATE ON public.migration_family_refresh_result FOR EACH STATEMENT EXECUTE FUNCTION reject_mutation()
migration_family_refresh_result,family_refresh_owned_insert,crm_family_refresh_owned_insert,CREATE TRIGGER family_refresh_owned_insert BEFORE INSERT ON public.migration_family_refresh_result FOR EACH ROW EXECUTE FUNCTION crm_family_refresh_owned_insert()
migration_family_refresh_source,family_refresh_core_source_guard,crm_family_refresh_core_index_guard,CREATE TRIGGER family_refresh_core_source_guard BEFORE INSERT ON public.migration_family_refresh_source FOR EACH ROW EXECUTE FUNCTION crm_family_refresh_core_index_guard()
migration_family_refresh_source,family_refresh_history_source_guard,crm_family_refresh_history_index_guard,CREATE TRIGGER family_refresh_history_source_guard BEFORE INSERT ON public.migration_family_refresh_source FOR EACH ROW EXECUTE FUNCTION crm_family_refresh_history_index_guard()
migration_family_refresh_source,family_refresh_immutable,reject_mutation,CREATE TRIGGER family_refresh_immutable BEFORE DELETE OR UPDATE ON public.migration_family_refresh_source FOR EACH ROW EXECUTE FUNCTION reject_mutation()
migration_family_refresh_source,family_refresh_measure,crm_family_refresh_measure,CREATE TRIGGER family_refresh_measure AFTER INSERT OR DELETE OR UPDATE ON public.migration_family_refresh_source FOR EACH ROW EXECUTE FUNCTION crm_family_refresh_measure()
migration_family_refresh_source,family_refresh_no_truncate,reject_mutation,CREATE TRIGGER family_refresh_no_truncate BEFORE TRUNCATE ON public.migration_family_refresh_source FOR EACH STATEMENT EXECUTE FUNCTION reject_mutation()
migration_family_refresh_source,family_refresh_owned_insert,crm_family_refresh_owned_insert,CREATE TRIGGER family_refresh_owned_insert BEFORE INSERT ON public.migration_family_refresh_source FOR EACH ROW EXECUTE FUNCTION crm_family_refresh_owned_insert()
migration_family_refresh_source,family_refresh_remainder_copy_guard,crm_family_refresh_remainder_copy_guard,CREATE TRIGGER family_refresh_remainder_copy_guard BEFORE INSERT ON public.migration_family_refresh_source FOR EACH ROW EXECUTE FUNCTION crm_family_refresh_remainder_copy_guard()
migration_family_refresh_write_proof,family_refresh_measure,crm_family_refresh_measure,CREATE TRIGGER family_refresh_measure AFTER INSERT OR DELETE OR UPDATE ON public.migration_family_refresh_write_proof FOR EACH ROW EXECUTE FUNCTION crm_family_refresh_measure()
migration_family_refresh_write_proof,family_refresh_owned_insert,crm_family_refresh_owned_insert,CREATE TRIGGER family_refresh_owned_insert BEFORE INSERT ON public.migration_family_refresh_write_proof FOR EACH ROW EXECUTE FUNCTION crm_family_refresh_owned_insert()
migration_family_refresh_write_proof,family_refresh_proof_immutable,reject_mutation,CREATE TRIGGER family_refresh_proof_immutable BEFORE DELETE OR UPDATE ON public.migration_family_refresh_write_proof FOR EACH ROW EXECUTE FUNCTION reject_mutation()
migration_family_refresh_write_proof,family_refresh_proof_no_truncate,reject_mutation,CREATE TRIGGER family_refresh_proof_no_truncate BEFORE TRUNCATE ON public.migration_family_refresh_write_proof FOR EACH STATEMENT EXECUTE FUNCTION reject_mutation()
migration_family_refresh_write_proof,family_refresh_recipe_fence,crm_family_refresh_recipe_fence,CREATE TRIGGER family_refresh_recipe_fence BEFORE INSERT ON public.migration_family_refresh_write_proof FOR EACH ROW EXECUTE FUNCTION crm_family_refresh_recipe_fence()
migration_history_import_anchor,migration_history_import_anchor_immutable,reject_mutation,CREATE TRIGGER migration_history_import_anchor_immutable BEFORE DELETE OR UPDATE ON public.migration_history_import_anchor FOR EACH ROW EXECUTE FUNCTION reject_mutation()
migration_history_import_anchor,migration_history_import_anchor_measure,crm_history_import_measure,CREATE TRIGGER migration_history_import_anchor_measure AFTER INSERT OR DELETE OR UPDATE ON public.migration_history_import_anchor FOR EACH ROW EXECUTE FUNCTION crm_history_import_measure()
migration_history_import_candidate,admitted_history_write_fence,crm_admitted_history_write_fence,CREATE TRIGGER admitted_history_write_fence BEFORE INSERT OR DELETE OR UPDATE ON public.migration_history_import_candidate FOR EACH ROW EXECUTE FUNCTION crm_admitted_history_write_fence()
migration_history_import_candidate,migration_history_import_candidate_frozen,crm_history_import_frozen,CREATE TRIGGER migration_history_import_candidate_frozen BEFORE DELETE OR UPDATE ON public.migration_history_import_candidate FOR EACH ROW EXECUTE FUNCTION crm_history_import_frozen()
migration_history_import_candidate,migration_history_import_candidate_measure,crm_history_import_measure,CREATE TRIGGER migration_history_import_candidate_measure AFTER INSERT OR DELETE OR UPDATE ON public.migration_history_import_candidate FOR EACH ROW EXECUTE FUNCTION crm_history_import_measure()
migration_history_import_display,admitted_history_owner_insert,crm_admitted_history_owner_insert,CREATE TRIGGER admitted_history_owner_insert BEFORE INSERT ON public.migration_history_import_display FOR EACH ROW EXECUTE FUNCTION crm_admitted_history_owner_insert()
migration_history_import_display,admitted_history_write_fence,crm_admitted_history_write_fence,CREATE TRIGGER admitted_history_write_fence BEFORE INSERT OR DELETE OR UPDATE ON public.migration_history_import_display FOR EACH ROW EXECUTE FUNCTION crm_admitted_history_write_fence()
migration_history_import_display,family_history_first_insert,crm_family_history_first_insert,CREATE TRIGGER family_history_first_insert BEFORE INSERT ON public.migration_history_import_display FOR EACH ROW EXECUTE FUNCTION crm_family_history_first_insert()
migration_history_import_display,history_display_owner_immutable,crm_history_display_owner_immutable,CREATE TRIGGER history_display_owner_immutable BEFORE UPDATE ON public.migration_history_import_display FOR EACH ROW EXECUTE FUNCTION crm_history_display_owner_immutable()
migration_history_import_display,history_import_display_change,crm_history_import_display_change,CREATE TRIGGER history_import_display_change AFTER DELETE OR UPDATE ON public.migration_history_import_display FOR EACH ROW EXECUTE FUNCTION crm_history_import_display_change()
migration_history_import_display,history_import_display_guard,crm_history_import_display_guard,CREATE TRIGGER history_import_display_guard BEFORE INSERT ON public.migration_history_import_display FOR EACH ROW EXECUTE FUNCTION crm_history_import_display_guard()
migration_history_import_display,migration_history_import_display_measure,crm_history_import_measure,CREATE TRIGGER migration_history_import_display_measure AFTER INSERT OR DELETE OR UPDATE ON public.migration_history_import_display FOR EACH ROW EXECUTE FUNCTION crm_history_import_measure()
migration_history_import_display,zz_admitted_history_suppress,crm_admitted_history_suppress,CREATE TRIGGER zz_admitted_history_suppress AFTER DELETE ON public.migration_history_import_display FOR EACH ROW EXECUTE FUNCTION crm_admitted_history_suppress()
migration_history_import_display,zz_family_history_first_suppress,crm_family_history_first_suppress,CREATE TRIGGER zz_family_history_first_suppress AFTER DELETE ON public.migration_history_import_display FOR EACH ROW EXECUTE FUNCTION crm_family_history_first_suppress()
migration_history_import_identity,admitted_history_identity_erasure,crm_admitted_history_identity_erasure,CREATE TRIGGER admitted_history_identity_erasure AFTER UPDATE ON public.migration_history_import_identity FOR EACH ROW EXECUTE FUNCTION crm_admitted_history_identity_erasure()
migration_history_import_identity,admitted_history_owner_insert,crm_admitted_history_owner_insert,CREATE TRIGGER admitted_history_owner_insert BEFORE INSERT ON public.migration_history_import_identity FOR EACH ROW EXECUTE FUNCTION crm_admitted_history_owner_insert()
migration_history_import_identity,admitted_history_write_fence,crm_admitted_history_write_fence,CREATE TRIGGER admitted_history_write_fence BEFORE INSERT OR DELETE OR UPDATE ON public.migration_history_import_identity FOR EACH ROW EXECUTE FUNCTION crm_admitted_history_write_fence()
migration_history_import_identity,family_history_erasure,crm_family_history_erasure,CREATE TRIGGER family_history_erasure AFTER UPDATE ON public.migration_history_import_identity FOR EACH ROW EXECUTE FUNCTION crm_family_history_erasure()
migration_history_import_identity,family_history_first_insert,crm_family_history_first_insert,CREATE TRIGGER family_history_first_insert BEFORE INSERT ON public.migration_history_import_identity FOR EACH ROW EXECUTE FUNCTION crm_family_history_first_insert()
migration_history_import_identity,history_import_erased_identity,crm_history_import_erased_identity,CREATE TRIGGER history_import_erased_identity AFTER UPDATE ON public.migration_history_import_identity FOR EACH ROW EXECUTE FUNCTION crm_history_import_erased_identity()
migration_history_import_identity,migration_history_import_identity_immutable,crm_history_import_identity_immutable,CREATE TRIGGER migration_history_import_identity_immutable BEFORE DELETE OR UPDATE ON public.migration_history_import_identity FOR EACH ROW EXECUTE FUNCTION crm_history_import_identity_immutable()
migration_history_import_identity,migration_history_import_identity_measure,crm_history_import_measure,CREATE TRIGGER migration_history_import_identity_measure AFTER INSERT OR DELETE OR UPDATE ON public.migration_history_import_identity FOR EACH ROW EXECUTE FUNCTION crm_history_import_measure()
migration_history_import_identity,zz_family_history_first_erasure,crm_family_history_first_erasure,CREATE TRIGGER zz_family_history_first_erasure AFTER UPDATE ON public.migration_history_import_identity FOR EACH ROW EXECUTE FUNCTION crm_family_history_first_erasure()
migration_history_import_manifest,admitted_history_write_fence,crm_admitted_history_write_fence,CREATE TRIGGER admitted_history_write_fence BEFORE INSERT OR DELETE OR UPDATE ON public.migration_history_import_manifest FOR EACH ROW EXECUTE FUNCTION crm_admitted_history_write_fence()
migration_history_import_manifest,migration_history_import_manifest_frozen,crm_history_import_frozen,CREATE TRIGGER migration_history_import_manifest_frozen BEFORE DELETE OR UPDATE ON public.migration_history_import_manifest FOR EACH ROW EXECUTE FUNCTION crm_history_import_frozen()
migration_history_import_manifest,migration_history_import_manifest_measure,crm_history_import_measure,CREATE TRIGGER migration_history_import_manifest_measure AFTER INSERT OR DELETE OR UPDATE ON public.migration_history_import_manifest FOR EACH ROW EXECUTE FUNCTION crm_history_import_measure()
migration_history_import_plan,admitted_history_write_fence,crm_admitted_history_write_fence,CREATE TRIGGER admitted_history_write_fence BEFORE INSERT OR DELETE OR UPDATE ON public.migration_history_import_plan FOR EACH ROW EXECUTE FUNCTION crm_admitted_history_write_fence()
migration_history_import_plan,migration_history_import_plan_frozen,crm_history_import_frozen,CREATE TRIGGER migration_history_import_plan_frozen BEFORE DELETE OR UPDATE ON public.migration_history_import_plan FOR EACH ROW EXECUTE FUNCTION crm_history_import_frozen()
migration_history_import_plan,migration_history_import_plan_measure,crm_history_import_measure,CREATE TRIGGER migration_history_import_plan_measure AFTER INSERT OR DELETE OR UPDATE ON public.migration_history_import_plan FOR EACH ROW EXECUTE FUNCTION crm_history_import_measure()
migration_history_import_receipt,admitted_history_write_fence,crm_admitted_history_write_fence,CREATE TRIGGER admitted_history_write_fence BEFORE INSERT OR DELETE OR UPDATE ON public.migration_history_import_receipt FOR EACH ROW EXECUTE FUNCTION crm_admitted_history_write_fence()
migration_history_import_receipt,migration_history_import_receipt_immutable,reject_mutation,CREATE TRIGGER migration_history_import_receipt_immutable BEFORE DELETE OR UPDATE ON public.migration_history_import_receipt FOR EACH ROW EXECUTE FUNCTION reject_mutation()
migration_history_import_receipt,migration_history_import_receipt_measure,crm_history_import_measure,CREATE TRIGGER migration_history_import_receipt_measure AFTER INSERT OR DELETE OR UPDATE ON public.migration_history_import_receipt FOR EACH ROW EXECUTE FUNCTION crm_history_import_measure()
migration_history_import_reservation,admitted_history_write_fence,crm_admitted_history_write_fence,CREATE TRIGGER admitted_history_write_fence BEFORE INSERT OR DELETE OR UPDATE ON public.migration_history_import_reservation FOR EACH ROW EXECUTE FUNCTION crm_admitted_history_write_fence()
migration_history_import_result,admitted_history_write_fence,crm_admitted_history_write_fence,CREATE TRIGGER admitted_history_write_fence BEFORE INSERT OR DELETE OR UPDATE ON public.migration_history_import_result FOR EACH ROW EXECUTE FUNCTION crm_admitted_history_write_fence()
migration_history_import_result,migration_history_import_result_immutable,reject_mutation,CREATE TRIGGER migration_history_import_result_immutable BEFORE DELETE OR UPDATE ON public.migration_history_import_result FOR EACH ROW EXECUTE FUNCTION reject_mutation()
migration_history_import_result,migration_history_import_result_measure,crm_history_import_measure,CREATE TRIGGER migration_history_import_result_measure AFTER INSERT OR DELETE OR UPDATE ON public.migration_history_import_result FOR EACH ROW EXECUTE FUNCTION crm_history_import_measure()
migration_history_import_run,admitted_history_write_fence,crm_admitted_history_write_fence,CREATE TRIGGER admitted_history_write_fence BEFORE INSERT OR DELETE OR UPDATE ON public.migration_history_import_run FOR EACH ROW EXECUTE FUNCTION crm_admitted_history_write_fence()
migration_history_import_run,migration_history_import_run_measure,crm_history_import_measure,CREATE TRIGGER migration_history_import_run_measure AFTER INSERT OR DELETE OR UPDATE ON public.migration_history_import_run FOR EACH ROW EXECUTE FUNCTION crm_history_import_measure()
migration_history_import_stream,admitted_history_write_fence,crm_admitted_history_write_fence,CREATE TRIGGER admitted_history_write_fence BEFORE INSERT OR DELETE OR UPDATE ON public.migration_history_import_stream FOR EACH ROW EXECUTE FUNCTION crm_admitted_history_write_fence()
migration_history_import_stream,migration_history_import_stream_frozen,crm_history_import_frozen,CREATE TRIGGER migration_history_import_stream_frozen BEFORE DELETE OR UPDATE ON public.migration_history_import_stream FOR EACH ROW EXECUTE FUNCTION crm_history_import_frozen()
migration_history_import_stream,migration_history_import_stream_measure,crm_history_import_measure,CREATE TRIGGER migration_history_import_stream_measure AFTER INSERT OR DELETE OR UPDATE ON public.migration_history_import_stream FOR EACH ROW EXECUTE FUNCTION crm_history_import_measure()
migration_import_receipt,migration_import_receipt_append_only,reject_mutation,CREATE TRIGGER migration_import_receipt_append_only BEFORE DELETE OR UPDATE ON public.migration_import_receipt FOR EACH ROW EXECUTE FUNCTION reject_mutation()
migration_mapping_repair_requirement,migration_mapping_repair_requirement_immutable,reject_mutation,CREATE TRIGGER migration_mapping_repair_requirement_immutable BEFORE DELETE OR UPDATE ON public.migration_mapping_repair_requirement FOR EACH ROW EXECUTE FUNCTION reject_mutation()
migration_metadata_catalog_claim,family_refresh_catalog_immutable,reject_mutation,CREATE TRIGGER family_refresh_catalog_immutable BEFORE DELETE OR UPDATE ON public.migration_metadata_catalog_claim FOR EACH ROW WHEN ((old.refresh_plan_id IS NOT NULL)) EXECUTE FUNCTION reject_mutation()
migration_metadata_catalog_claim,family_refresh_catalog_measure,crm_family_refresh_catalog_measure,CREATE TRIGGER family_refresh_catalog_measure AFTER INSERT ON public.migration_metadata_catalog_claim FOR EACH ROW EXECUTE FUNCTION crm_family_refresh_catalog_measure()
migration_metadata_catalog_claim,family_refresh_catalog_owner,crm_family_refresh_catalog_owner,CREATE TRIGGER family_refresh_catalog_owner BEFORE INSERT ON public.migration_metadata_catalog_claim FOR EACH ROW EXECUTE FUNCTION crm_family_refresh_catalog_owner()
migration_metadata_identity,migration_metadata_identity_claim_guard,crm_metadata_identity_guard,CREATE TRIGGER migration_metadata_identity_claim_guard BEFORE INSERT ON public.migration_metadata_identity FOR EACH ROW EXECUTE FUNCTION crm_metadata_identity_guard()
migration_metadata_receipt,migration_metadata_receipt_append_only,reject_mutation,CREATE TRIGGER migration_metadata_receipt_append_only BEFORE DELETE OR UPDATE ON public.migration_metadata_receipt FOR EACH ROW EXECUTE FUNCTION reject_mutation()
migration_people_admission,people_recovery_write_fence,crm_people_recovery_write_fence,CREATE TRIGGER people_recovery_write_fence BEFORE INSERT OR DELETE OR UPDATE ON public.migration_people_admission FOR EACH ROW EXECUTE FUNCTION crm_people_recovery_write_fence()
migration_people_admission_contact,migration_people_admission_contact_building,crm_people_admission_contact_building,CREATE TRIGGER migration_people_admission_contact_building BEFORE INSERT ON public.migration_people_admission_contact FOR EACH ROW EXECUTE FUNCTION crm_people_admission_contact_building()
migration_people_admission_contact,people_recovery_write_fence,crm_people_recovery_write_fence,CREATE TRIGGER people_recovery_write_fence BEFORE INSERT OR DELETE OR UPDATE ON public.migration_people_admission_contact FOR EACH ROW EXECUTE FUNCTION crm_people_recovery_write_fence()
migration_people_admission_item,migration_people_admission_item_building,crm_people_admission_item_building,CREATE TRIGGER migration_people_admission_item_building BEFORE INSERT ON public.migration_people_admission_item FOR EACH ROW EXECUTE FUNCTION crm_people_admission_item_building()
migration_people_admission_item,migration_people_admission_item_immutable,crm_people_admission_item_immutable,CREATE TRIGGER migration_people_admission_item_immutable BEFORE UPDATE ON public.migration_people_admission_item FOR EACH ROW EXECUTE FUNCTION crm_people_admission_item_immutable()
migration_people_admission_item,people_recovery_item_owned,crm_people_recovery_item_owned,CREATE TRIGGER people_recovery_item_owned AFTER INSERT ON public.migration_people_admission_item FOR EACH ROW EXECUTE FUNCTION crm_people_recovery_item_owned()
migration_people_admission_item,people_recovery_write_fence,crm_people_recovery_write_fence,CREATE TRIGGER people_recovery_write_fence BEFORE INSERT OR DELETE OR UPDATE ON public.migration_people_admission_item FOR EACH ROW EXECUTE FUNCTION crm_people_recovery_write_fence()
migration_people_admission_plan,migration_people_admission_plan_immutable,crm_people_admission_plan_immutable,CREATE TRIGGER migration_people_admission_plan_immutable BEFORE UPDATE ON public.migration_people_admission_plan FOR EACH ROW EXECUTE FUNCTION crm_people_admission_plan_immutable()
migration_people_admission_plan,people_recovery_plan_immutable,crm_people_recovery_plan_immutable,CREATE TRIGGER people_recovery_plan_immutable BEFORE UPDATE ON public.migration_people_admission_plan FOR EACH ROW EXECUTE FUNCTION crm_people_recovery_plan_immutable()
migration_people_admission_plan,people_recovery_write_fence,crm_people_recovery_write_fence,CREATE TRIGGER people_recovery_write_fence BEFORE INSERT OR DELETE OR UPDATE ON public.migration_people_admission_plan FOR EACH ROW EXECUTE FUNCTION crm_people_recovery_write_fence()
migration_people_admission_receipt,people_recovery_write_fence,crm_people_recovery_write_fence,CREATE TRIGGER people_recovery_write_fence BEFORE INSERT OR DELETE OR UPDATE ON public.migration_people_admission_receipt FOR EACH ROW EXECUTE FUNCTION crm_people_recovery_write_fence()
migration_people_admission_result,people_recovery_result_owned,crm_people_recovery_result_owned,CREATE TRIGGER people_recovery_result_owned BEFORE INSERT ON public.migration_people_admission_result FOR EACH ROW EXECUTE FUNCTION crm_people_recovery_result_owned()
migration_people_admission_result,people_recovery_write_fence,crm_people_recovery_write_fence,CREATE TRIGGER people_recovery_write_fence BEFORE INSERT OR DELETE OR UPDATE ON public.migration_people_admission_result FOR EACH ROW EXECUTE FUNCTION crm_people_recovery_write_fence()
migration_people_recovery_candidate,people_recovery_immutable,reject_mutation,CREATE TRIGGER people_recovery_immutable BEFORE DELETE OR UPDATE ON public.migration_people_recovery_candidate FOR EACH ROW EXECUTE FUNCTION reject_mutation()
migration_people_recovery_candidate,people_recovery_owned,crm_people_recovery_owned_write,CREATE TRIGGER people_recovery_owned BEFORE INSERT ON public.migration_people_recovery_candidate FOR EACH ROW EXECUTE FUNCTION crm_people_recovery_owned_write()
migration_people_recovery_catalog,people_recovery_catalog_immutable,reject_mutation,CREATE TRIGGER people_recovery_catalog_immutable BEFORE DELETE OR UPDATE ON public.migration_people_recovery_catalog FOR EACH ROW EXECUTE FUNCTION reject_mutation()
migration_people_recovery_catalog,people_recovery_catalog_owned,crm_people_recovery_catalog_owned,CREATE TRIGGER people_recovery_catalog_owned BEFORE INSERT ON public.migration_people_recovery_catalog FOR EACH ROW EXECUTE FUNCTION crm_people_recovery_catalog_owned()
migration_people_recovery_choice,people_recovery_immutable,reject_mutation,CREATE TRIGGER people_recovery_immutable BEFORE DELETE OR UPDATE ON public.migration_people_recovery_choice FOR EACH ROW EXECUTE FUNCTION reject_mutation()
migration_people_recovery_choice,people_recovery_owned,crm_people_recovery_owned_write,CREATE TRIGGER people_recovery_owned BEFORE INSERT ON public.migration_people_recovery_choice FOR EACH ROW EXECUTE FUNCTION crm_people_recovery_owned_write()
migration_people_recovery_key,people_recovery_immutable,reject_mutation,CREATE TRIGGER people_recovery_immutable BEFORE DELETE OR UPDATE ON public.migration_people_recovery_key FOR EACH ROW EXECUTE FUNCTION reject_mutation()
migration_people_recovery_key,people_recovery_owned,crm_people_recovery_owned_write,CREATE TRIGGER people_recovery_owned BEFORE INSERT ON public.migration_people_recovery_key FOR EACH ROW EXECUTE FUNCTION crm_people_recovery_owned_write()
migration_people_recovery_requirement,people_recovery_requirement_immutable,reject_mutation,CREATE TRIGGER people_recovery_requirement_immutable BEFORE DELETE OR UPDATE ON public.migration_people_recovery_requirement FOR EACH ROW EXECUTE FUNCTION reject_mutation()
migration_people_refresh,mapping_repair_fence,crm_mapping_repair_write_fence,CREATE TRIGGER mapping_repair_fence BEFORE INSERT OR DELETE OR UPDATE ON public.migration_people_refresh FOR EACH ROW EXECUTE FUNCTION crm_mapping_repair_write_fence()
migration_people_refresh,mapping_repair_owned,crm_mapping_repair_owned_write,"CREATE TRIGGER mapping_repair_owned BEFORE INSERT OR UPDATE ON public.migration_people_refresh FOR EACH ROW EXECUTE FUNCTION crm_mapping_repair_owned_write('migration_people_refresh', 'root')"
migration_people_refresh_baseline,mapping_repair_fence,crm_mapping_repair_write_fence,CREATE TRIGGER mapping_repair_fence BEFORE INSERT OR DELETE OR UPDATE ON public.migration_people_refresh_baseline FOR EACH ROW EXECUTE FUNCTION crm_mapping_repair_write_fence()
migration_people_refresh_baseline,mapping_repair_owned,crm_mapping_repair_owned_write,"CREATE TRIGGER mapping_repair_owned BEFORE INSERT OR UPDATE ON public.migration_people_refresh_baseline FOR EACH ROW EXECUTE FUNCTION crm_mapping_repair_owned_write('migration_people_refresh', 'baseline')"
migration_people_refresh_item,mapping_repair_fence,crm_mapping_repair_write_fence,CREATE TRIGGER mapping_repair_fence BEFORE INSERT OR DELETE OR UPDATE ON public.migration_people_refresh_item FOR EACH ROW EXECUTE FUNCTION crm_mapping_repair_write_fence()
migration_people_refresh_item,mapping_repair_owned,crm_mapping_repair_owned_write,"CREATE TRIGGER mapping_repair_owned BEFORE INSERT OR UPDATE ON public.migration_people_refresh_item FOR EACH ROW EXECUTE FUNCTION crm_mapping_repair_owned_write('migration_people_refresh', 'item')"
migration_people_refresh_mapping_binding,immutable,reject_mutation,CREATE TRIGGER immutable BEFORE DELETE OR UPDATE ON public.migration_people_refresh_mapping_binding FOR EACH ROW EXECUTE FUNCTION reject_mutation()
migration_people_refresh_mapping_binding,mapping_repair_fence,crm_mapping_repair_write_fence,CREATE TRIGGER mapping_repair_fence BEFORE INSERT OR DELETE OR UPDATE ON public.migration_people_refresh_mapping_binding FOR EACH ROW EXECUTE FUNCTION crm_mapping_repair_write_fence()
migration_people_refresh_mapping_binding,mapping_repair_owned,crm_mapping_repair_owned_write,"CREATE TRIGGER mapping_repair_owned BEFORE INSERT OR UPDATE ON public.migration_people_refresh_mapping_binding FOR EACH ROW EXECUTE FUNCTION crm_mapping_repair_owned_write('migration_people_refresh', 'binding')"
migration_people_refresh_mapping_head,mapping_repair_fence,crm_mapping_repair_write_fence,CREATE TRIGGER mapping_repair_fence BEFORE INSERT OR DELETE OR UPDATE ON public.migration_people_refresh_mapping_head FOR EACH ROW EXECUTE FUNCTION crm_mapping_repair_write_fence()
migration_people_refresh_mapping_head,mapping_repair_head,crm_mapping_repair_head_write,CREATE TRIGGER mapping_repair_head BEFORE INSERT OR UPDATE ON public.migration_people_refresh_mapping_head FOR EACH ROW EXECUTE FUNCTION crm_mapping_repair_head_write('migration_people_refresh')
migration_people_refresh_plan,mapping_repair_fence,crm_mapping_repair_write_fence,CREATE TRIGGER mapping_repair_fence BEFORE INSERT OR DELETE OR UPDATE ON public.migration_people_refresh_plan FOR EACH ROW EXECUTE FUNCTION crm_mapping_repair_write_fence()
migration_people_refresh_plan,mapping_repair_owned,crm_mapping_repair_owned_write,"CREATE TRIGGER mapping_repair_owned BEFORE INSERT OR UPDATE ON public.migration_people_refresh_plan FOR EACH ROW EXECUTE FUNCTION crm_mapping_repair_owned_write('migration_people_refresh', 'plan')"
migration_people_refresh_repair_candidate,immutable,reject_mutation,CREATE TRIGGER immutable BEFORE DELETE OR UPDATE ON public.migration_people_refresh_repair_candidate FOR EACH ROW EXECUTE FUNCTION reject_mutation()
migration_people_refresh_repair_candidate,mapping_repair_fence,crm_mapping_repair_write_fence,CREATE TRIGGER mapping_repair_fence BEFORE INSERT OR DELETE OR UPDATE ON public.migration_people_refresh_repair_candidate FOR EACH ROW EXECUTE FUNCTION crm_mapping_repair_write_fence()
migration_people_refresh_repair_candidate,mapping_repair_owned,crm_mapping_repair_owned_write,"CREATE TRIGGER mapping_repair_owned BEFORE INSERT OR UPDATE ON public.migration_people_refresh_repair_candidate FOR EACH ROW EXECUTE FUNCTION crm_mapping_repair_owned_write('migration_people_refresh', 'candidate')"
migration_people_refresh_repair_choice,immutable,reject_mutation,CREATE TRIGGER immutable BEFORE DELETE OR UPDATE ON public.migration_people_refresh_repair_choice FOR EACH ROW EXECUTE FUNCTION reject_mutation()
migration_people_refresh_repair_choice,mapping_repair_fence,crm_mapping_repair_write_fence,CREATE TRIGGER mapping_repair_fence BEFORE INSERT OR DELETE OR UPDATE ON public.migration_people_refresh_repair_choice FOR EACH ROW EXECUTE FUNCTION crm_mapping_repair_write_fence()
migration_people_refresh_repair_choice,mapping_repair_owned,crm_mapping_repair_owned_write,"CREATE TRIGGER mapping_repair_owned BEFORE INSERT OR UPDATE ON public.migration_people_refresh_repair_choice FOR EACH ROW EXECUTE FUNCTION crm_mapping_repair_owned_write('migration_people_refresh', 'choice')"
migration_people_refresh_repair_key,immutable,reject_mutation,CREATE TRIGGER immutable BEFORE DELETE OR UPDATE ON public.migration_people_refresh_repair_key FOR EACH ROW EXECUTE FUNCTION reject_mutation()
migration_people_refresh_repair_key,mapping_repair_fence,crm_mapping_repair_write_fence,CREATE TRIGGER mapping_repair_fence BEFORE INSERT OR DELETE OR UPDATE ON public.migration_people_refresh_repair_key FOR EACH ROW EXECUTE FUNCTION crm_mapping_repair_write_fence()
migration_people_refresh_result,mapping_repair_fence,crm_mapping_repair_write_fence,CREATE TRIGGER mapping_repair_fence BEFORE INSERT OR DELETE OR UPDATE ON public.migration_people_refresh_result FOR EACH ROW EXECUTE FUNCTION crm_mapping_repair_write_fence()
migration_people_refresh_result,mapping_repair_owned,crm_mapping_repair_owned_write,"CREATE TRIGGER mapping_repair_owned BEFORE INSERT OR UPDATE ON public.migration_people_refresh_result FOR EACH ROW EXECUTE FUNCTION crm_mapping_repair_owned_write('migration_people_refresh', 'result')"
note,history_review_rows,crm_history_review_rows,CREATE TRIGGER history_review_rows AFTER INSERT OR DELETE OR UPDATE ON public.note FOR EACH ROW EXECUTE FUNCTION crm_history_review_rows()
note,mobile_note_record_revision,crm_mobile_note_revision,CREATE TRIGGER mobile_note_record_revision BEFORE UPDATE ON public.note FOR EACH ROW EXECUTE FUNCTION crm_mobile_note_revision()
note,mobile_note_revision,crm_mobile_component_revision,CREATE TRIGGER mobile_note_revision AFTER INSERT OR DELETE OR UPDATE ON public.note FOR EACH ROW EXECUTE FUNCTION crm_mobile_component_revision()
note,workspace_write_guard,crm_workspace_mutation_guard,CREATE TRIGGER workspace_write_guard BEFORE INSERT OR DELETE OR UPDATE ON public.note FOR EACH ROW EXECUTE FUNCTION crm_workspace_mutation_guard()
operator_proposal,workspace_write_guard,crm_workspace_mutation_guard,CREATE TRIGGER workspace_write_guard BEFORE INSERT OR DELETE OR UPDATE ON public.operator_proposal FOR EACH ROW EXECUTE FUNCTION crm_workspace_mutation_guard()
operator_task_proposal,workspace_write_guard,crm_workspace_mutation_guard,CREATE TRIGGER workspace_write_guard BEFORE INSERT OR DELETE OR UPDATE ON public.operator_task_proposal FOR EACH ROW EXECUTE FUNCTION crm_workspace_mutation_guard()
operator_tool_call,operator_tool_call_append_only,reject_mutation,CREATE TRIGGER operator_tool_call_append_only BEFORE DELETE OR UPDATE ON public.operator_tool_call FOR EACH ROW EXECUTE FUNCTION reject_mutation()
operator_tool_call,operator_tool_call_no_truncate,reject_mutation,CREATE TRIGGER operator_tool_call_no_truncate BEFORE TRUNCATE ON public.operator_tool_call FOR EACH STATEMENT EXECUTE FUNCTION reject_mutation()
operator_turn,operator_turn_append_only,reject_mutation,CREATE TRIGGER operator_turn_append_only BEFORE DELETE OR UPDATE ON public.operator_turn FOR EACH ROW EXECUTE FUNCTION reject_mutation()
operator_turn,operator_turn_no_truncate,reject_mutation,CREATE TRIGGER operator_turn_no_truncate BEFORE TRUNCATE ON public.operator_turn FOR EACH STATEMENT EXECUTE FUNCTION reject_mutation()
organization,mobile_metadata_catalog_organization,crm_mobile_create_metadata_catalog,CREATE TRIGGER mobile_metadata_catalog_organization AFTER INSERT ON public.organization FOR EACH ROW EXECUTE FUNCTION crm_mobile_create_metadata_catalog()
organization,workspace_organization_guard,crm_workspace_organization_guard,CREATE TRIGGER workspace_organization_guard BEFORE UPDATE ON public.organization FOR EACH ROW EXECUTE FUNCTION crm_workspace_organization_guard()
organization_created,organization_created_append_only,reject_mutation,CREATE TRIGGER organization_created_append_only BEFORE DELETE OR UPDATE ON public.organization_created FOR EACH ROW EXECUTE FUNCTION reject_mutation()
organization_created,organization_created_no_truncate,reject_mutation,CREATE TRIGGER organization_created_no_truncate BEFORE TRUNCATE ON public.organization_created FOR EACH STATEMENT EXECUTE FUNCTION reject_mutation()
person,admitted_history_person_erasure,crm_admitted_history_person_erasure,CREATE TRIGGER admitted_history_person_erasure BEFORE DELETE ON public.person FOR EACH ROW EXECUTE FUNCTION crm_admitted_history_person_erasure()
person,history_import_person_erasure,crm_history_import_person_erasure,CREATE TRIGGER history_import_person_erasure BEFORE DELETE ON public.person FOR EACH ROW EXECUTE FUNCTION crm_history_import_person_erasure()
person,history_review_person,crm_history_review_person,CREATE TRIGGER history_review_person AFTER INSERT OR UPDATE ON public.person FOR EACH ROW EXECUTE FUNCTION crm_history_review_person()
person,mobile_details_revision,crm_mobile_details_revision,CREATE TRIGGER mobile_details_revision BEFORE UPDATE ON public.person FOR EACH ROW EXECUTE FUNCTION crm_mobile_details_revision()
person,mobile_metadata_person_revision,crm_mobile_metadata_person_revision,CREATE TRIGGER mobile_metadata_person_revision BEFORE UPDATE ON public.person FOR EACH ROW EXECUTE FUNCTION crm_mobile_metadata_person_revision()
person,mobile_person_revision,crm_mobile_person_revision,CREATE TRIGGER mobile_person_revision BEFORE UPDATE ON public.person FOR EACH ROW EXECUTE FUNCTION crm_mobile_person_revision()
person,mobile_stage_revision,crm_mobile_stage_revision,CREATE TRIGGER mobile_stage_revision BEFORE UPDATE ON public.person FOR EACH ROW EXECUTE FUNCTION crm_mobile_stage_revision()
person,workspace_write_guard,crm_workspace_mutation_guard,CREATE TRIGGER workspace_write_guard BEFORE INSERT OR DELETE OR UPDATE ON public.person FOR EACH ROW EXECUTE FUNCTION crm_workspace_mutation_guard()
person_admitted,history_review_rows,crm_history_review_rows,CREATE TRIGGER history_review_rows AFTER INSERT OR DELETE OR UPDATE ON public.person_admitted FOR EACH ROW EXECUTE FUNCTION crm_history_review_rows()
person_admitted,person_admitted_append_only,reject_mutation,CREATE TRIGGER person_admitted_append_only BEFORE DELETE OR UPDATE ON public.person_admitted FOR EACH ROW EXECUTE FUNCTION reject_mutation()
person_admitted,person_admitted_no_truncate,reject_mutation,CREATE TRIGGER person_admitted_no_truncate BEFORE TRUNCATE ON public.person_admitted FOR EACH STATEMENT EXECUTE FUNCTION reject_mutation()
person_admitted,person_admitted_prepare_history,crm_person_admitted_prepare_history,CREATE TRIGGER person_admitted_prepare_history BEFORE INSERT ON public.person_admitted FOR EACH ROW EXECUTE FUNCTION crm_person_admitted_prepare_history()
person_admitted,workspace_write_guard,crm_workspace_mutation_guard,CREATE TRIGGER workspace_write_guard BEFORE INSERT OR DELETE OR UPDATE ON public.person_admitted FOR EACH ROW EXECUTE FUNCTION crm_workspace_mutation_guard()
person_admitted_refresh_provenance,person_admitted_refresh_provenance_append_only,reject_mutation,CREATE TRIGGER person_admitted_refresh_provenance_append_only BEFORE DELETE OR UPDATE ON public.person_admitted_refresh_provenance FOR EACH ROW EXECUTE FUNCTION reject_mutation()
person_custom_field_value,history_review_core_rows,crm_history_review_core_rows,CREATE TRIGGER history_review_core_rows AFTER INSERT OR DELETE OR UPDATE ON public.person_custom_field_value FOR EACH ROW EXECUTE FUNCTION crm_history_review_core_rows()
person_custom_field_value,mobile_person_custom_field_value_metadata_revision,crm_mobile_advance_metadata_revision,CREATE TRIGGER mobile_person_custom_field_value_metadata_revision AFTER INSERT OR DELETE OR UPDATE ON public.person_custom_field_value FOR EACH ROW EXECUTE FUNCTION crm_mobile_advance_metadata_revision()
person_custom_field_value,workspace_write_guard,crm_workspace_mutation_guard,CREATE TRIGGER workspace_write_guard BEFORE INSERT OR DELETE OR UPDATE ON public.person_custom_field_value FOR EACH ROW EXECUTE FUNCTION crm_workspace_mutation_guard()
person_imported,history_review_rows,crm_history_review_rows,CREATE TRIGGER history_review_rows AFTER INSERT OR DELETE OR UPDATE ON public.person_imported FOR EACH ROW EXECUTE FUNCTION crm_history_review_rows()
person_imported,person_imported_append_only,reject_mutation,CREATE TRIGGER person_imported_append_only BEFORE DELETE OR UPDATE ON public.person_imported FOR EACH ROW EXECUTE FUNCTION reject_mutation()
person_imported,person_imported_no_truncate,reject_mutation,CREATE TRIGGER person_imported_no_truncate BEFORE TRUNCATE ON public.person_imported FOR EACH STATEMENT EXECUTE FUNCTION reject_mutation()
person_imported,workspace_write_guard,crm_workspace_mutation_guard,CREATE TRIGGER workspace_write_guard BEFORE INSERT OR DELETE OR UPDATE ON public.person_imported FOR EACH ROW EXECUTE FUNCTION crm_workspace_mutation_guard()
person_recovered,history_review_rows,crm_history_review_rows,CREATE TRIGGER history_review_rows AFTER INSERT OR DELETE OR UPDATE ON public.person_recovered FOR EACH ROW EXECUTE FUNCTION crm_history_review_rows()
person_recovered,person_recovered_append_only,reject_mutation,CREATE TRIGGER person_recovered_append_only BEFORE DELETE OR UPDATE ON public.person_recovered FOR EACH ROW EXECUTE FUNCTION reject_mutation()
person_recovered,person_recovered_no_truncate,reject_mutation,CREATE TRIGGER person_recovered_no_truncate BEFORE TRUNCATE ON public.person_recovered FOR EACH STATEMENT EXECUTE FUNCTION reject_mutation()
person_recovered,person_recovered_prepare_history,crm_person_recovered_prepare_history,CREATE TRIGGER person_recovered_prepare_history BEFORE INSERT ON public.person_recovered FOR EACH ROW EXECUTE FUNCTION crm_person_recovered_prepare_history()
person_recovered,workspace_mutation_guard,crm_workspace_mutation_guard,CREATE TRIGGER workspace_mutation_guard BEFORE INSERT OR DELETE OR UPDATE ON public.person_recovered FOR EACH ROW EXECUTE FUNCTION crm_workspace_mutation_guard()
person_tag,history_review_core_rows,crm_history_review_core_rows,CREATE TRIGGER history_review_core_rows AFTER INSERT OR DELETE OR UPDATE ON public.person_tag FOR EACH ROW EXECUTE FUNCTION crm_history_review_core_rows()
person_tag,mobile_person_tag_metadata_revision,crm_mobile_advance_metadata_revision,CREATE TRIGGER mobile_person_tag_metadata_revision AFTER INSERT OR DELETE OR UPDATE ON public.person_tag FOR EACH ROW EXECUTE FUNCTION crm_mobile_advance_metadata_revision()
person_tag,workspace_write_guard,crm_workspace_mutation_guard,CREATE TRIGGER workspace_write_guard BEFORE INSERT OR DELETE OR UPDATE ON public.person_tag FOR EACH ROW EXECUTE FUNCTION crm_workspace_mutation_guard()
raw_payload,workspace_write_guard,crm_workspace_mutation_guard,CREATE TRIGGER workspace_write_guard BEFORE INSERT OR DELETE OR UPDATE ON public.raw_payload FOR EACH ROW EXECUTE FUNCTION crm_workspace_mutation_guard()
routing_decision,history_review_rows,crm_history_review_rows,CREATE TRIGGER history_review_rows AFTER INSERT OR DELETE OR UPDATE ON public.routing_decision FOR EACH ROW EXECUTE FUNCTION crm_history_review_rows()
routing_decision,routing_decision_append_only,reject_mutation,CREATE TRIGGER routing_decision_append_only BEFORE DELETE OR UPDATE ON public.routing_decision FOR EACH ROW EXECUTE FUNCTION reject_mutation()
routing_decision,routing_decision_no_truncate,reject_mutation,CREATE TRIGGER routing_decision_no_truncate BEFORE TRUNCATE ON public.routing_decision FOR EACH STATEMENT EXECUTE FUNCTION reject_mutation()
routing_decision,workspace_write_guard,crm_workspace_mutation_guard,CREATE TRIGGER workspace_write_guard BEFORE INSERT OR DELETE OR UPDATE ON public.routing_decision FOR EACH ROW EXECUTE FUNCTION crm_workspace_mutation_guard()
saved_list,workspace_write_guard,crm_workspace_mutation_guard,CREATE TRIGGER workspace_write_guard BEFORE INSERT OR DELETE OR UPDATE ON public.saved_list FOR EACH ROW EXECUTE FUNCTION crm_workspace_mutation_guard()
stage,history_review_label,crm_history_review_stage_label,CREATE TRIGGER history_review_label AFTER UPDATE ON public.stage FOR EACH ROW EXECUTE FUNCTION crm_history_review_stage_label()
stage,mobile_stage_catalog_revision,crm_mobile_advance_stage_catalog_revision,CREATE TRIGGER mobile_stage_catalog_revision AFTER INSERT OR DELETE OR UPDATE ON public.stage FOR EACH ROW EXECUTE FUNCTION crm_mobile_advance_stage_catalog_revision()
stage,mobile_stage_label,crm_mobile_label_revision,CREATE TRIGGER mobile_stage_label AFTER UPDATE ON public.stage FOR EACH ROW EXECUTE FUNCTION crm_mobile_label_revision()
stage,workspace_write_guard,crm_workspace_mutation_guard,CREATE TRIGGER workspace_write_guard BEFORE INSERT OR DELETE OR UPDATE ON public.stage FOR EACH ROW EXECUTE FUNCTION crm_workspace_mutation_guard()
stage_changed,history_review_rows,crm_history_review_rows,CREATE TRIGGER history_review_rows AFTER INSERT OR DELETE OR UPDATE ON public.stage_changed FOR EACH ROW EXECUTE FUNCTION crm_history_review_rows()
stage_changed,stage_changed_append_only,reject_mutation,CREATE TRIGGER stage_changed_append_only BEFORE DELETE OR UPDATE ON public.stage_changed FOR EACH ROW EXECUTE FUNCTION reject_mutation()
stage_changed,stage_changed_no_truncate,reject_mutation,CREATE TRIGGER stage_changed_no_truncate BEFORE TRUNCATE ON public.stage_changed FOR EACH STATEMENT EXECUTE FUNCTION reject_mutation()
stage_changed,workspace_write_guard,crm_workspace_mutation_guard,CREATE TRIGGER workspace_write_guard BEFORE INSERT OR DELETE OR UPDATE ON public.stage_changed FOR EACH ROW EXECUTE FUNCTION crm_workspace_mutation_guard()
tag,history_review_label,crm_history_review_tag_label,CREATE TRIGGER history_review_label AFTER UPDATE ON public.tag FOR EACH ROW EXECUTE FUNCTION crm_history_review_tag_label()
tag,mobile_tag_catalog_revision,crm_mobile_advance_metadata_catalog_revision,CREATE TRIGGER mobile_tag_catalog_revision AFTER INSERT OR DELETE OR UPDATE ON public.tag FOR EACH ROW EXECUTE FUNCTION crm_mobile_advance_metadata_catalog_revision()
tag,workspace_write_guard,crm_workspace_mutation_guard,CREATE TRIGGER workspace_write_guard BEFORE INSERT OR DELETE OR UPDATE ON public.tag FOR EACH ROW EXECUTE FUNCTION crm_workspace_mutation_guard()
task,history_review_rows,crm_history_review_rows,CREATE TRIGGER history_review_rows AFTER INSERT OR DELETE OR UPDATE ON public.task FOR EACH ROW EXECUTE FUNCTION crm_history_review_rows()
task,mobile_task_person_revision,crm_mobile_component_revision,CREATE TRIGGER mobile_task_person_revision AFTER INSERT OR DELETE OR UPDATE ON public.task FOR EACH ROW EXECUTE FUNCTION crm_mobile_component_revision()
task,mobile_task_revision,crm_mobile_task_revision,CREATE TRIGGER mobile_task_revision BEFORE UPDATE ON public.task FOR EACH ROW EXECUTE FUNCTION crm_mobile_task_revision()
task,workspace_write_guard,crm_workspace_mutation_guard,CREATE TRIGGER workspace_write_guard BEFORE INSERT OR DELETE OR UPDATE ON public.task FOR EACH ROW EXECUTE FUNCTION crm_workspace_mutation_guard()
today_feed_changed,today_feed_changed_append_only,reject_mutation,CREATE TRIGGER today_feed_changed_append_only BEFORE DELETE OR UPDATE ON public.today_feed_changed FOR EACH ROW EXECUTE FUNCTION reject_mutation()
today_feed_changed,today_feed_changed_no_truncate,reject_mutation,CREATE TRIGGER today_feed_changed_no_truncate BEFORE TRUNCATE ON public.today_feed_changed FOR EACH STATEMENT EXECUTE FUNCTION reject_mutation()
today_feed_changed,workspace_write_guard,crm_workspace_mutation_guard,CREATE TRIGGER workspace_write_guard BEFORE INSERT OR DELETE OR UPDATE ON public.today_feed_changed FOR EACH ROW EXECUTE FUNCTION crm_workspace_mutation_guard()
today_system_feed,workspace_write_guard,crm_workspace_mutation_guard,CREATE TRIGGER workspace_write_guard BEFORE INSERT OR DELETE OR UPDATE ON public.today_system_feed FOR EACH ROW EXECUTE FUNCTION crm_workspace_mutation_guard()
today_work_source,workspace_write_guard,crm_workspace_mutation_guard,CREATE TRIGGER workspace_write_guard BEFORE INSERT OR DELETE OR UPDATE ON public.today_work_source FOR EACH ROW EXECUTE FUNCTION crm_workspace_mutation_guard()
