==> centrifugo: health endpoint (http://127.0.0.1:18082/health)
==> [0s]
==> cargo sqlx prepare --check --workspace
Applied 20260820000001/migrate initial identity schema (9.503708ms)
Applied 20260821000001/migrate stage (3.438875ms)
Applied 20260821000002/migrate person contact method (4.632375ms)
Applied 20260821000003/migrate raw payload (5.414ms)
Applied 20260821000004/migrate inquiry and facts (12.303458ms)
Applied 20260822000001/migrate contact attempted (4.887042ms)
Applied 20260823000001/migrate administration (13.681917ms)
Applied 20260824000001/migrate operator ledger (7.187208ms)
Applied 20260825000001/migrate calls (6.628625ms)
Applied 20260826000001/migrate contact outcome correction (3.111292ms)
Applied 20260826000002/migrate call outcome indexes (3.075125ms)
Applied 20260827000001/migrate operator proposal (3.756917ms)
Applied 20260828000001/migrate organization intake address (3.175542ms)
Applied 20260829000001/migrate intake settings (3.240833ms)
Applied 20260830000001/migrate raw payload discard (3.644ms)
Applied 20260901000001/migrate intake extraction (5.086417ms)
Applied 20260902000001/migrate intake token rotation (5.341583ms)
Applied 20260903000001/migrate intake routing mode (4.879334ms)
Applied 20260904000001/migrate correspondence capture (12.175ms)
Applied 20260906000001/migrate saved list (5.595125ms)
Applied 20260906000002/migrate today work source (4.2405ms)
Applied 20260907000001/migrate saved list sort (3.208167ms)
Applied 20260908000001/migrate today system feed (7.291333ms)
Applied 20260909000001/migrate tag (5.328875ms)
Applied 20260910000001/migrate person last activity (5.106875ms)
Applied 20260911000001/migrate inquiry append only (2.916084ms)
Applied 20260912000001/migrate note (5.764833ms)
Applied 20260913000001/migrate task (6.594208ms)
Applied 20260914000001/migrate operator task proposal (5.68125ms)
Applied 20260915000001/migrate custom field (7.572125ms)
Applied 20260916000001/migrate fub migration assessment (11.222333ms)
Applied 20260917000001/migrate fub core snapshot (18.622542ms)
Applied 20260918000001/migrate fub people import (28.463292ms)
Applied 20260919000001/migrate fub metadata import (27.319667ms)
Applied 20260920000001/migrate fub activity import (25.390083ms)
    Checking crm-app v0.1.0 (/Users/karrad/projects/crm-010f2/backend/crates/crm-app)
    Checking crm-api v0.1.0 (/Users/karrad/projects/crm-010f2/backend/crates/crm-api)
    Finished `dev` profile [unoptimized + debuginfo] target(s) in 5.47s
warning: potentially unused queries found in .sqlx; you may want to re-run sqlx prepare
==> [7s]
==> cargo nextest run --run-ignored only
   Compiling crm-app v0.1.0 (/Users/karrad/projects/crm-010f2/backend/crates/crm-app)
   Compiling crm-api v0.1.0 (/Users/karrad/projects/crm-010f2/backend/crates/crm-api)
    Finished `test` profile [unoptimized + debuginfo] target(s) in 23.48s
────────────
 Nextest run ID 37aa79cb-648b-4106-99ab-e8191f2ce210 with nextest profile: default
    Starting 908 tests across 7 binaries (935 tests skipped)
        PASS [   6.869s] (  1/908) crm-api::all centrifugo_realtime::centrifugo_delivers_scoped_events_denies_cross_org_and_never_replays
        PASS [   7.153s] (  2/908) crm-api::all db_activity_lifecycle::activity_atomic_result_failure_rolls_back_native_identity_and_ledgers
        PASS [   7.175s] (  3/908) crm-api::all db_activity_lifecycle::activity_private_db_permit_rejects_origin_token_and_wrong_target
        PASS [   7.184s] (  4/908) crm-api::all db_activity_lifecycle::activity_storage_pause_and_sibling_cancel_keep_independent_reservations
        PASS [   7.196s] (  5/908) crm-api::all db_activity_lifecycle::confirmed_activity_can_complete_with_zero_inserts_after_revalidation
        PASS [   7.206s] (  6/908) crm-api::all db_activity_lifecycle::activity_authority_loss_retry_adoption_and_partial_cancel_preserve_boundary
        PASS [   7.206s] (  7/908) crm-api::all db_activity_lifecycle::activity_native_equal_local_edits_tombstone_legacy_and_identity_missing
        PASS [   7.217s] (  8/908) crm-api::all db_activity_lifecycle::actual_activity_confirmation_waits_for_reader_and_overlapping_workers_settle_once
        PASS [   7.224s] (  9/908) crm-api::all db_activity_lifecycle::activity_logs_have_positive_phase_controls_without_source_content
        PASS [  16.417s] ( 10/908) crm-api::all db_activity_lifecycle::activity_http_scope_strict_inputs_receipt_replay_and_all_held_replanning
        PASS [   9.718s] ( 11/908) crm-api::all db_activity_races::activity_race_cancel_waits_for_inflight_unit_then_fences_all_later_units
        PASS [   9.737s] ( 12/908) crm-api::all db_activity_races::activity_race_expired_inflight_unit_rolls_back_and_real_workers_reclaim_once
        PASS [   9.799s] ( 13/908) crm-api::all db_activity_r1_source::activity_r1_complementary_note_exclusions_count_without_native_list_fallback
        PASS [   9.792s] ( 14/908) crm-api::all db_activity_r1_source::activity_r1_completed_capture_rejects_only_open_request_fingerprint_change
        PASS [   9.787s] ( 15/908) crm-api::all db_activity_r1_source::activity_r1_users_next_request_reconstructs_exact_local_position_and_token
        PASS [  10.128s] ( 16/908) crm-api::all db_activity_lifecycle::expired_plan_and_real_release_report_reject_new_confirmation
        PASS [   9.829s] ( 17/908) crm-api::all db_activity_r1_source::activity_r1_real_source_retry_preserves_invalid_and_rejected_variants
        PASS [   9.888s] ( 18/908) crm-api::all db_activity_r1_control::activity_rejects_changed_account_capture_and_exact_preview
        PASS [  12.980s] ( 19/908) crm-api::all db_activity_races::activity_race_sibling_commands_cannot_oversubscribe_run_or_org_and_settle_owned_bytes
        PASS [   9.387s] ( 20/908) crm-api::all db_activity_review::exclusive_boundary_serializes_legacy_read_and_survives_zero_write_cancel
        PASS [   9.418s] ( 21/908) crm-api::all db_activity_source::activity_source_holds_missing_details_and_all_task_variants_without_list_fallback
        PASS [   9.388s] ( 22/908) crm-api::all db_activity_source::activity_source_requires_both_exhausted_families_without_a_metadata_child
        PASS [   9.447s] ( 23/908) crm-api::all db_activity_review::review_requires_current_admin_real_binding_and_exact_person_scope
        PASS [   6.222s] ( 24/908) crm-api::all db_admin::a_request_log_captured_during_the_invitation_lifecycle_never_contains_the_token
        PASS [   9.480s] ( 25/908) crm-api::all db_activity_review::native_review_pages_traverse_large_notes_and_timed_undated_tasks
        PASS [   9.515s] ( 26/908) crm-api::all db_activity_review::native_page_cursor_requires_refresh_after_activity_revision_changes
        PASS [   9.430s] ( 27/908) crm-api::all db_activity_upgrade::populated_010f1_upgrade_preserves_native_and_import_state
        PASS [  11.798s] ( 28/908) crm-api::all db_activity_source::activity_source_imports_exact_notes_tasks_roles_and_confirmed_date_policy
        PASS [   3.493s] ( 29/908) crm-api::all db_admin::admin_fact_tables_are_append_only_via_grant_and_trigger
        PASS [   3.485s] ( 30/908) crm-api::all db_admin::concurrent_double_accept_of_the_same_token_exactly_one_succeeds
        PASS [   3.483s] ( 31/908) crm-api::all db_admin::concurrent_issue_and_accept_never_leaves_a_dangling_invitation_or_bare_db_error
        PASS [   3.497s] ( 32/908) crm-api::all db_admin::admin_facts_are_pii_free_and_carry_correct_origin
        PASS [   4.115s] ( 33/908) crm-api::all db_admin::a_user_who_is_both_admin_and_platform_admin_reaches_both
        PASS [   3.487s] ( 34/908) crm-api::all db_admin::crm_app_cannot_mint_platform_admin_or_mutate_invitation_token_hash
        PASS [   4.347s] ( 35/908) crm-api::all db_admin::deactivation_revokes_sessions_blocks_login_and_disconnects_realtime
        PASS [   4.380s] ( 36/908) crm-api::all db_admin::cross_organization_admin_routes_are_byte_identical_404s
        PASS [   5.198s] ( 37/908) crm-api::all db_admin::every_org_admin_route_is_403_for_a_member
        PASS [   4.222s] ( 38/908) crm-api::all db_admin::members_list_reports_role_status_and_assigned_people_count
        PASS [   3.325s] ( 39/908) crm-api::all db_admin::platform_admin_with_zero_memberships_has_null_organization_and_is_401_on_tenant_routes
        PASS [   4.254s] ( 40/908) crm-api::all db_admin::issuing_to_an_existing_member_is_already_member_and_to_an_outside_account_is_generic
        PASS [   4.253s] ( 41/908) crm-api::all db_admin::invitation_lifecycle_issue_preview_accept_reject_second_accept
        PASS [   3.345s] ( 42/908) crm-api::all db_admin::platform_promote_on_admin_less_organization_succeeds
        PASS [  17.191s] ( 43/908) crm-api::all db_activity_source::activity_source_corrupt_evidence_pauses_before_native_writes
        PASS [   4.272s] ( 44/908) crm-api::all db_admin::every_platform_route_is_403_for_an_organization_admin
        PASS [   4.265s] ( 45/908) crm-api::all db_admin::organization_state_covers_all_three_and_recovers_on_acceptance
        PASS [   4.284s] ( 46/908) crm-api::all db_admin::expired_invitation_returns_410_and_org_state_flips_to_needs_attention
        PASS [   4.464s] ( 47/908) crm-api::all db_admin::revoked_invitation_preview_is_404_and_reissue_supersedes
        PASS [   4.746s] ( 48/908) crm-api::all db_admin::platform_role_route_rejects_member_with_400
        PASS [   4.607s] ( 49/908) crm-api::all db_admin::read_committed_per_statement_snapshot_observes_a_commit_made_after_the_transaction_began
        PASS [   4.609s] ( 50/908) crm-api::all db_calls::a_real_concurrent_second_call_is_409_from_the_unique_index
        PASS [   4.596s] ( 51/908) crm-api::all db_calls::alice_cannot_see_dial_or_hang_up_bobs_call
        PASS [   4.603s] ( 52/908) crm-api::all db_calls::answer_then_immediate_remote_leave_is_absorbed_by_the_presence_recheck
        PASS [   4.634s] ( 53/908) crm-api::all db_admin::revoking_an_accepted_invitation_is_invitation_used
        PASS [   4.638s] ( 54/908) crm-api::all db_admin::two_admins_concurrently_demoting_each_other_leaves_at_least_one_active_admin
        PASS [   4.644s] ( 55/908) crm-api::all db_admin::sole_admin_cannot_self_demote_or_self_deactivate
        PASS [   9.089s] ( 56/908) crm-api::all db_calls::agent_not_joined_and_provider_error_write_no_attempt
        PASS [   4.534s] ( 57/908) crm-api::all db_calls::crm_app_call_grants_are_exactly_section_2
        PASS [   4.541s] ( 58/908) crm-api::all db_calls::hangup_on_an_answered_call_ends_it_with_agent_hangup_and_talk_seconds
        PASS [   4.560s] ( 59/908) crm-api::all db_calls::hangup_and_dial_are_caller_only_and_foreign_is_404
        PASS [   4.752s] ( 60/908) crm-api::all db_calls::answered_call_advances_a_non_caller_members_today
        PASS [   4.627s] ( 61/908) crm-api::all db_calls::answered_call_writes_exactly_one_reached_attempt_and_advances_today
        PASS [   4.594s] ( 62/908) crm-api::all db_calls::hangup_while_the_dial_is_in_flight_is_cancelled_with_one_attempt_and_the_late_result_is_a_noop
        PASS [   4.656s] ( 63/908) crm-api::all db_calls::busy_declined_and_ring_timeout_each_write_one_no_answer_attempt
        PASS [   4.597s] ( 64/908) crm-api::all db_calls::history_call_completed_sorts_after_a_same_instant_contact_attempted
        PASS [   4.617s] ( 65/908) crm-api::all db_calls::hangup_before_ringing_is_cancelled_without_an_attempt
        PASS [   4.655s] ( 66/908) crm-api::all db_calls::start_on_a_foreign_or_nonexistent_person_is_a_byte_identical_404
        PASS [   4.764s] ( 67/908) crm-api::all db_calls::out_of_order_sip_participant_left_in_ringing_is_a_noop_and_the_dial_failure_still_yields_one_attempt
        PASS [   4.637s] ( 68/908) crm-api::all db_calls::sweep_reconciles_a_backdated_answered_call_and_records_hangup_best_effort
        PASS [   4.711s] ( 69/908) crm-api::all db_calls::start_returns_201_with_a_join_grant_whose_claims_are_exactly_section_3
        PASS [   4.712s] ( 70/908) crm-api::all db_calls::start_with_an_invalid_contact_method_is_an_identical_422
        PASS [   4.681s] ( 71/908) crm-api::all db_calls::sweep_expires_a_backdated_ringing_call_without_an_attempt
        PASS [   4.697s] ( 72/908) crm-api::all db_calls::the_fixture_number_never_appears_in_spans_or_log_lines
        PASS [   4.713s] ( 73/908) crm-api::all db_calls::sweep_expires_a_backdated_placing_call_without_an_attempt
        PASS [   4.804s] ( 74/908) crm-api::all db_calls::provider_create_room_failure_settles_provider_error_and_is_503
        PASS [   4.798s] ( 75/908) crm-api::all db_calls::reads_work_and_writes_are_503_with_telephony_disabled
        PASS [   4.741s] ( 76/908) crm-api::all db_calls_corrections::a_manual_attempt_has_no_call_id_and_is_never_a_correction_head
        PASS [   4.819s] ( 77/908) crm-api::all db_calls::webhook_remote_hangup_ends_an_answered_call_and_duplicates_are_noops
        PASS [   4.773s] ( 78/908) crm-api::all db_calls_corrections::a_non_caller_on_an_active_call_is_403_not_409
        PASS [   4.852s] ( 79/908) crm-api::all db_calls::webhook_unknown_room_is_200_and_writes_nothing
        PASS [   4.847s] ( 80/908) crm-api::all db_calls::webhook_with_a_tampered_body_wrong_secret_or_expired_token_is_401
        PASS [   4.942s] ( 81/908) crm-api::all db_calls::two_concurrent_dials_yield_one_202_and_one_recorded_dial
        PASS [   4.860s] ( 82/908) crm-api::all db_calls::webhook_with_a_valid_signature_but_non_json_body_is_200_and_writes_nothing
        PASS [   4.863s] ( 83/908) crm-api::all db_calls_corrections::a_correction_row_is_append_only_for_crm_app_and_the_owner
        PASS [   4.933s] ( 84/908) crm-api::all db_calls::webhook_for_a_foreign_participant_identity_is_ignored
        PASS [   4.951s] ( 85/908) crm-api::all db_calls::webhook_agent_left_in_answered_is_agent_disconnected_and_in_ringing_is_cancelled
        PASS [   5.207s] ( 86/908) crm-api::all db_calls_corrections::a_second_correction_chains_onto_the_first_with_strictly_increasing_recorded_at
        PASS [   5.164s] ( 87/908) crm-api::all db_calls_corrections::correcting_an_answered_call_writes_one_correction_row_with_the_call_envelope
        PASS [   5.208s] ( 88/908) crm-api::all db_calls_corrections::concurrent_hangup_and_correction_yield_at_most_one_correction_of_the_reached_row
        PASS [   5.232s] ( 89/908) crm-api::all db_calls_corrections::choosing_the_observed_outcome_still_writes_the_agents_row_and_clears_the_nag
        PASS [   5.181s] ( 90/908) crm-api::all db_calls_corrections::same_outcome_is_unchanged_and_writes_and_publishes_nothing
        PASS [   5.210s] ( 91/908) crm-api::all db_calls_corrections::correction_is_caller_only_foreign_404_active_409_and_no_attempt_422
        PASS [   5.178s] ( 92/908) crm-api::all db_calls_corrections::today_shows_the_effective_outcome_for_a_member_who_has_the_person_by_assignment
        PASS [   5.281s] ( 93/908) crm-api::all db_calls_corrections::busy_call_correction_chains_onto_the_no_answer_row_and_cancelled_has_nothing_to_correct
        PASS [   5.207s] ( 94/908) crm-api::all db_calls_corrections::the_outcome_route_works_with_telephony_disabled
        PASS [   5.218s] ( 95/908) crm-api::all db_calls_corrections::two_concurrent_corrections_serialize_on_the_call_lock_into_a_chain
        PASS [   5.481s] ( 96/908) crm-api::all db_capture_address::backfill_mints_distinct_addresses_for_every_active_member_on_a_populated_fixture
        PASS [   5.652s] ( 97/908) crm-api::all db_calls_outcome_today::two_callers_on_one_person_each_carry_their_own_outcome_nag
        PASS [   5.681s] ( 98/908) crm-api::all db_calls_outcome_today::low_items_sort_under_every_inquiry_item_by_ended_at
        PASS [   5.769s] ( 99/908) crm-api::all db_calls_outcome_today::a_call_with_no_attempt_creates_no_outcome_item
        PASS [   5.746s] (100/908) crm-api::all db_calls_outcome_today::a_low_item_is_the_first_to_fall_off_the_cap
        PASS [   5.703s] (101/908) crm-api::all db_calls_outcome_today::an_ended_call_without_an_outcome_is_a_low_item_for_the_caller_only
        PASS [   5.679s] (102/908) crm-api::all db_capture_address::get_self_heals_and_rotate_flips_live
        PASS [   5.691s] (103/908) crm-api::all db_capture_address::deactivated_member_token_stops_resolving_reactivation_restores_the_same_address
        PASS [   5.724s] (104/908) crm-api::all db_calls_outcome_today::a_person_qualifying_both_ways_keeps_the_inquiry_tier_with_the_reason_appended
        PASS [   4.539s] (105/908) crm-api::all db_capture_receive::forged_token_is_rejected_and_nothing_stored
        PASS [   4.562s] (106/908) crm-api::all db_capture_receive::future_inner_date_is_clamped_on_the_forward_path_but_backdated_stays_true
        PASS [   4.626s] (107/908) crm-api::all db_capture_receive::concurrent_identical_unmatched_deliveries_produce_exactly_one_held_row
        PASS [   4.611s] (108/908) crm-api::all db_capture_receive::held_queue_flood_cap_admits_no_new_row_past_500
        PASS [  10.283s] (109/908) crm-api::all db_capture_receive::a_20_mib_cc_delivery_stores_one_correspondence_raw_row_and_appears_in_history
        PASS [   4.630s] (110/908) crm-api::all db_capture_receive::future_header_date_is_clamped_on_the_cc_path
        PASS [   4.660s] (111/908) crm-api::all db_capture_receive::concurrent_identical_deliveries_produce_exactly_one_of_everything
        PASS [   4.684s] (112/908) crm-api::all db_capture_receive::client_reply_all_creates_inbound_row_and_arms_client_replied
        PASS [   4.711s] (113/908) crm-api::all db_capture_receive::cc_from_agent_login_creates_outbound_row_clears_today_and_shape_pins_history
        PASS [   4.893s] (114/908) crm-api::all db_capture_receive::capture_spans_and_logs_carry_no_content_or_tokens
        PASS [   3.168s] (115/908) crm-api::all db_capture_receive::multi_recipient_outbound_creates_one_row_and_attempt_per_matched_person
        PASS [   3.131s] (116/908) crm-api::all db_capture_unmatched::concurrent_link_and_dismiss_on_the_same_row_exactly_one_wins
        PASS [   3.118s] (117/908) crm-api::all db_capture_unmatched::cross_org_link_and_dismiss_are_404_and_write_nothing
        PASS [   3.154s] (118/908) crm-api::all db_capture_receive::retroactive_forward_backdates_and_dedups_both_layers
        PASS [   3.108s] (119/908) crm-api::all db_capture_unmatched::link_and_dismiss_are_404_for_non_attributed_agents_admins_included
        PASS [   3.111s] (120/908) crm-api::all db_capture_unmatched::link_optionally_adds_the_counterparty_as_a_contact_method
        PASS [   3.134s] (121/908) crm-api::all db_capture_unmatched::held_row_is_visible_only_to_the_attributed_agent
        PASS [   3.178s] (122/908) crm-api::all db_capture_unmatched::counterparty_email_is_nulled_on_dismiss
        PASS [   3.245s] (123/908) crm-api::all db_capture_receive::org_a_token_never_matches_an_org_b_person_with_the_same_email
        PASS [   3.181s] (124/908) crm-api::all db_capture_unmatched::dismiss_is_idempotent_and_cross_terminal_transitions_conflict
        PASS [   3.607s] (125/908) crm-api::all db_capture_unmatched::relink_same_person_is_a_noop_different_person_is_409
        PASS [   3.721s] (126/908) crm-api::all db_capture_unmatched::link_writes_direction_from_the_stored_hint_and_outbound_writes_the_auto_attempt
        PASS [   3.624s] (127/908) crm-api::all db_contact_attempts::other_organization_person_returns_404_identical_to_nonexistent
        PASS [   3.643s] (128/908) crm-api::all db_contact_attempts::manual_route_accepts_busy_and_wrong_number
        PASS [   3.683s] (129/908) crm-api::all db_contact_attempts::history_sorts_contact_attempted_last_on_identical_timestamps
        PASS [   3.665s] (130/908) crm-api::all db_contact_attempts::log_contact_attempt_writes_exactly_one_fact_with_full_envelope
        PASS [   3.645s] (131/908) crm-api::all db_custom_field_filters::custom_field_filter_reference_errors_are_non_leaking
        PASS [   3.704s] (132/908) crm-api::all db_contact_attempts::any_organization_member_may_log_a_contact_attempt
        PASS [   3.719s] (133/908) crm-api::all db_capture_unmatched::unmatched_list_caps_at_200_with_truncated_flag
        PASS [   3.696s] (134/908) crm-api::all db_contact_attempts::invalid_channel_or_non_json_body_returns_400_and_writes_no_fact
        PASS [   2.737s] (135/908) crm-api::all db_custom_field_filters::custom_filter_reaches_every_statement_family_with_five_slots
        PASS [   2.728s] (136/908) crm-api::all db_custom_fields::create_custom_field_rejects_options_on_non_choice_and_requires_them_for_choice
        PASS [   2.777s] (137/908) crm-api::all db_custom_fields::archive_hides_the_field_from_the_detail_read_while_row_and_values_survive_and_unarchive_reverses
        PASS [   2.768s] (138/908) crm-api::all db_custom_fields::create_custom_field_creates_every_type_choice_options_in_order
        PASS [   2.805s] (139/908) crm-api::all db_custom_field_filters::custom_presence_tests_cover_all_types_and_zero
        PASS [   2.797s] (140/908) crm-api::all db_custom_field_filters::custom_ranges_survive_saved_lifecycle_and_field_archive_restore
        PASS [   2.786s] (141/908) crm-api::all db_custom_fields::archived_option_still_carries_its_label_on_the_detail_read
        PASS [   2.802s] (142/908) crm-api::all db_custom_fields::admin_demoted_inside_the_transaction_gets_403_and_writes_nothing
        PASS [   2.902s] (143/908) crm-api::all db_custom_field_filters::custom_field_filters_preserve_literals_bounds_absence_and_field_identity
        PASS [   2.809s] (144/908) crm-api::all db_custom_fields::create_custom_field_enforces_case_insensitive_label_uniqueness_and_the_50_live_limit
        PASS [   3.225s] (145/908) crm-api::all db_custom_fields::deleting_the_person_cascades_the_value
        PASS [   3.280s] (146/908) crm-api::all db_custom_fields::get_person_detail_includes_custom_fields_and_people_rows_are_byte_identical
        PASS [   3.285s] (147/908) crm-api::all db_custom_fields::field_label_uniqueness_is_case_insensitive_and_an_unarchive_clash_is_409
        PASS [   3.266s] (148/908) crm-api::all db_custom_fields::number_canonical_form_and_pattern_rejections
        PASS [   3.326s] (149/908) crm-api::all db_custom_fields::custom_field_changed_publishes_once_per_change_definition_writes_publish_nothing
        PASS [   3.360s] (150/908) crm-api::all db_custom_fields::cross_organization_field_option_and_person_are_404
        PASS [   3.330s] (151/908) crm-api::all db_custom_fields::date_range_rejections
        PASS [   3.429s] (152/908) crm-api::all db_custom_fields::cross_organization_field_id_is_404_byte_identical_to_a_nonexistent_field_id
        PASS [   3.347s] (153/908) crm-api::all db_custom_fields::custom_field_route_error_precedence_and_wire_shapes
        PASS [   3.331s] (154/908) crm-api::all db_custom_fields::non_admin_gets_403_on_every_definition_write_admin_succeeds
        PASS [   3.027s] (155/908) crm-api::all db_custom_fields::option_label_uniqueness_is_case_insensitive_and_an_unarchive_clash_is_409
        PASS [   2.946s] (156/908) crm-api::all db_custom_fields::text_value_rejects_a_control_character_before_reaching_postgres
        PASS [   2.999s] (157/908) crm-api::all db_custom_fields::set_and_clear_are_idempotent_with_no_publish_on_unchanged
        PASS [   3.035s] (158/908) crm-api::all db_custom_fields::order_route_reaches_the_reorder_handler_and_not_a_uuid_is_400
        PASS [   2.999s] (159/908) crm-api::all db_custom_fields::setting_a_value_on_an_archived_field_is_409
        PASS [   3.013s] (160/908) crm-api::all db_custom_fields::reorder_requires_exactly_the_live_set_no_more_no_fewer
        PASS [   3.013s] (161/908) crm-api::all db_custom_fields::value_body_rejects_two_zero_and_unknown_keys_with_400
        PASS [   3.071s] (162/908) crm-api::all db_custom_fields::renaming_an_already_archived_field_or_option_does_not_re_stamp_archived_at
        PASS [   3.037s] (163/908) crm-api::all db_custom_fields::setting_an_archived_or_foreign_option_is_the_same_unknown_option
        PASS [   3.096s] (164/908) crm-api::all db_custom_fields::option_limit_is_50_live_per_field
        PASS [   3.101s] (165/908) crm-api::all db_identity::current_user_matches_each_role
        PASS [   3.146s] (166/908) crm-api::all db_identity::crm_app_has_exactly_the_specified_grants
        PASS [   3.252s] (167/908) crm-api::all db_custom_fields::value_type_mismatch_is_rejected_for_every_field_type
        PASS [   3.144s] (168/908) crm-api::all db_identity::membership_revoked_returns_401_on_next_request
        PASS [   3.166s] (169/908) crm-api::all db_identity::full_lifecycle_login_me_members_logout_replay
        PASS [   3.251s] (170/908) crm-api::all db_custom_fields::value_validation_runs_after_not_found_field_archived_and_type_mismatch
        PASS [   3.214s] (171/908) crm-api::all db_identity::expired_session_returns_401
        PASS [   3.226s] (172/908) crm-api::all db_identity::client_supplied_organization_id_is_ignored
        PASS [   3.181s] (173/908) crm-api::all db_identity::logout_is_idempotent_against_an_already_revoked_session
        PASS [   3.173s] (174/908) crm-api::all db_identity::multi_membership_picks_earliest_and_scopes_members_to_it
        PASS [   4.365s] (175/908) crm-api::all db_identity::user_without_local_credential_gets_same_invalid_credentials_error
        PASS [   4.569s] (176/908) crm-api::all db_identity::zero_membership_login_returns_403_and_creates_no_session
        PASS [   4.573s] (177/908) crm-api::all db_import_gate::import_gate_cancel_fences_persisted_lease_and_preserves_committed_subset
        PASS [   4.584s] (178/908) crm-api::all db_import_gate::import_gate_active_admission_and_claimed_proposals_block_but_expired_metadata_does_not
        PASS [   4.709s] (179/908) crm-api::all db_identity::platform_bootstrap_flow_rejects_repeat_creation
        PASS [   4.605s] (180/908) crm-api::all db_identity::wrong_password_and_unknown_user_return_identical_401
        PASS [   4.657s] (181/908) crm-api::all db_identity::tampered_token_returns_401
        PASS [   4.692s] (182/908) crm-api::all db_identity::relogin_mints_new_token_and_revokes_previous
        PASS [   4.646s] (183/908) crm-api::all db_identity::two_organizations_are_isolated_in_both_directions
        PASS [  13.765s] (184/908) crm-api::all db_import_gate::import_gate_current_deployment_ceilings_clamp_stored_allowances_and_require_retry
        PASS [   9.422s] (185/908) crm-api::all db_import_gate::import_gate_ordinary_insert_commits_before_entry_and_emptiness_rejects
        PASS [   9.401s] (186/908) crm-api::all db_import_http::import_http_cancel_is_durable_and_does_not_release_review_or_replan
        PASS [   9.689s] (187/908) crm-api::all db_import_gate::import_gate_direct_reads_commands_and_forged_tokens_respect_review
        PASS [   9.453s] (188/908) crm-api::all db_import_gate::import_gate_expired_lease_revalidates_executor_and_explicit_retry_adopts_current_admin
        PASS [   9.422s] (189/908) crm-api::all db_import_gate::import_gate_shared_read_finishes_before_actual_exclusive_confirmation
        PASS [   9.433s] (190/908) crm-api::all db_import_http::import_http_confirmation_replays_after_release_report_expires_or_disappears
        PASS [   9.475s] (191/908) crm-api::all db_import_gate::import_gate_large_item_admission_pauses_before_writes_and_requires_explicit_retry
        PASS [   9.507s] (192/908) crm-api::all db_import_gate::import_gate_exact_inventory_matches_revisions_execution_and_receipt_replay
        PASS [  16.848s] (193/908) crm-api::all db_import_gate::import_gate_shared_commands_and_initial_claim_bound_row_lock_waits
        PASS [   7.848s] (194/908) crm-api::all db_import_source::import_source_accepted_semantic_duplicates_collapse_and_unknown_variants_hold
        PASS [   7.868s] (195/908) crm-api::all db_import_source::import_source_exact_ids_and_unknown_numeric_metadata_come_from_raw
        PASS [   7.913s] (196/908) crm-api::all db_import_readers::imported_contact_order_is_consistent_for_direct_readers_and_task_only
        PASS [   7.929s] (197/908) crm-api::all db_import_http::import_http_partial_patches_are_frozen_and_confirmation_replays_without_duplicate_people
        PASS [   8.192s] (198/908) crm-api::all db_import_http::import_http_creation_is_strict_scoped_idempotent_and_source_free
        PASS [   7.910s] (199/908) crm-api::all db_import_source::import_source_large_provenance_and_oversized_stage_remain_exact_and_mappable
        PASS [   7.982s] (200/908) crm-api::all db_import_http::import_http_foreign_resources_and_invalid_mapping_choices_fail_closed
        PASS [  10.839s] (201/908) crm-api::all db_import_source::import_source_capture_and_observation_qualification_cannot_be_fixed_by_mappings
        PASS [   7.058s] (202/908) crm-api::all db_inbound_email::bad_or_missing_or_disabled_bearer_is_401_and_stores_nothing
        PASS [   4.405s] (203/908) crm-api::all db_inbound_email::byte_identical_redelivery_is_a_noop
        PASS [   7.329s] (204/908) crm-api::all db_import_source::import_source_supporting_stage_and_user_variants_hold_only_dependents
        PASS [   7.856s] (205/908) crm-api::all db_import_source::import_source_mapping_fields_are_exact_bounded_and_http_scoped
        PASS [   7.429s] (206/908) crm-api::all db_import_source::import_source_missing_observation_identity_is_counted_without_fabricating_person
        PASS [   7.397s] (207/908) crm-api::all db_import_source::import_source_native_holds_primary_order_and_cross_person_overlap_survive_manifest
        PASS [   7.381s] (208/908) crm-api::all db_import_source::import_source_nul_supporting_fields_skip_suggestions_and_allow_explicit_mapping
        PASS [   2.220s] (209/908) crm-api::all db_inbound_email::concurrent_identical_posts_yield_one_row_and_one_publish
        PASS [   2.066s] (210/908) crm-api::all db_inbound_email::no_span_or_log_line_ever_carries_secret_or_content
        PASS [   2.092s] (211/908) crm-api::all db_inbound_email::legacy_hex_token_org_accepts_mail
        PASS [   2.102s] (212/908) crm-api::all db_inbound_email::first_storage_publishes_exactly_one_event
        PASS [   2.079s] (213/908) crm-api::all db_inbound_email::same_bytes_to_two_orgs_store_one_row_each
        PASS [   2.113s] (214/908) crm-api::all db_inbound_email::every_rejection_shape_is_byte_identical_and_stores_nothing
        PASS [   2.100s] (215/908) crm-api::all db_inbound_email::malformed_json_base64_and_empty_raw_are_400
        PASS [  12.207s] (216/908) crm-api::all db_inbound_email::a_20_mib_multipart_message_stores_once_and_decrypts_to_the_exact_bytes
        PASS [   2.927s] (217/908) crm-api::all db_inbound_email::valid_delivery_stores_one_row_that_decrypts_to_the_exact_bytes
        PASS [   2.936s] (218/908) crm-api::all db_inbound_email::valid_delivery_creates_nothing_beyond_the_raw_payload_row
        PASS [   2.958s] (219/908) crm-api::all db_inbound_email::stuck_pending_row_is_rescued_and_published_once
        PASS [   2.941s] (220/908) crm-api::all db_inbound_email_intake::completed_path_leaks_no_content_into_spans_or_logs
        PASS [   3.095s] (221/908) crm-api::all db_inbound_email::stored_row_appears_in_unresolved_for_its_own_org_only
        PASS [   2.963s] (222/908) crm-api::all db_inbound_email_intake::byte_identical_redelivery_of_a_forwarded_mail_is_a_noop
        PASS [   2.962s] (223/908) crm-api::all db_inbound_email_intake::byte_identical_redelivery_of_a_resolved_row_is_a_noop
        PASS [   3.143s] (224/908) crm-api::all db_inbound_email_intake::fake_fwd_subject_is_a_noop_and_lands_unrecognized
        PASS [   3.427s] (225/908) crm-api::all db_inbound_email_intake::concurrent_different_emails_sharing_a_contact_yield_one_person_two_inquiries
        PASS [  15.670s] (226/908) crm-api::all db_import_source::import_source_rejected_equal_observation_never_wins_but_disagreement_holds
        PASS [   3.273s] (227/908) crm-api::all db_inbound_email_intake::forged_sender_lands_unrecognized_and_creates_no_person
        PASS [   3.290s] (228/908) crm-api::all db_inbound_email_intake::email_intake_without_a_default_creates_an_unassigned_person
        PASS [   3.323s] (229/908) crm-api::all db_inbound_email_intake::cypress_fixture_completes_intake_end_to_end
        PASS [   3.344s] (230/908) crm-api::all db_inbound_email_intake::concurrent_identical_in_format_posts_yield_one_person_one_publish
        PASS [   3.327s] (231/908) crm-api::all db_inbound_email_intake::direct_mail_with_a_quoted_banner_keeps_its_deterministic_parse
        PASS [   3.314s] (232/908) crm-api::all db_inbound_email_intake::forged_inner_forward_creates_the_d040_accepted_lead
        PASS [  27.119s] (233/908) crm-api::all db_import_http::import_http_large_fields_are_bounded_exact_and_cursor_scoped
        PASS [   3.506s] (234/908) crm-api::all db_inbound_email_intake::inbound_email_in_a_round_robin_org_routes_via_rotation
        PASS [   3.553s] (235/908) crm-api::all db_inbound_email_intake::garbage_bytes_land_email_unparsed
        PASS [   3.579s] (236/908) crm-api::all db_inbound_email_intake::gmail_forward_of_pinned_format_mail_completes_deterministically
        PASS [   3.726s] (237/908) crm-api::all db_inbound_email_intake::forward_banner_with_empty_inner_body_falls_back_whole_message
        PASS [   3.637s] (238/908) crm-api::all db_inbound_email_intake::forwarded_mail_writes_nothing_in_another_org
        PASS [   3.586s] (239/908) crm-api::all db_inbound_email_intake::in_format_email_without_contact_method_lands_no_contact_method
        PASS [   3.599s] (240/908) crm-api::all db_inbound_email_intake::html_only_forward_unwraps_and_completes
        PASS [   3.649s] (241/908) crm-api::all db_inbound_email_intake::forwarded_unknown_lead_lands_unrecognized_for_extraction
        PASS [   3.633s] (242/908) crm-api::all db_inbound_email_intake::html_only_fixture_completes
        PASS [   6.759s] (243/908) crm-api::all db_inquiry_append_only::a_backdated_insert_still_works_and_last_inquiry_at_is_trigger_maintained
        PASS [   7.001s] (244/908) crm-api::all db_inbound_email_intake::nul_bytes_in_an_in_format_email_complete_without_error_or_poison_row
        PASS [   6.936s] (245/908) crm-api::all db_inbound_email_intake::unknown_format_mail_completes_even_while_the_lock_is_held
        PASS [   6.954s] (246/908) crm-api::all db_inbound_email_intake::two_forwarders_of_the_same_inner_lead_converge_on_one_person
        PASS [   6.938s] (247/908) crm-api::all db_inbound_email_intake::valid_format_mail_writes_nothing_in_another_org
        PASS [   6.987s] (248/908) crm-api::all db_inbound_email_intake::stuck_pending_in_format_row_resolves_end_to_end_on_redelivery
        PASS [   6.971s] (249/908) crm-api::all db_inbound_email_intake::terminal_unresolved_row_is_never_reprocessed_by_redelivery
        PASS [   7.012s] (250/908) crm-api::all db_inbound_email_intake::second_in_format_email_dedups_onto_the_same_person
        PASS [   7.050s] (251/908) crm-api::all db_inbound_email_intake::nested_forward_unwraps_to_the_innermost_form_mail
        PASS [   3.239s] (252/908) crm-api::all db_inquiry_append_only::deleting_a_person_still_cascades_its_inquiries
        PASS [   3.128s] (253/908) crm-api::all db_intake::bad_source_returns_400_and_writes_no_raw_payload_row
        PASS [   3.119s] (254/908) crm-api::all db_intake::email_wins_when_email_and_phone_match_different_persons
        PASS [   3.168s] (255/908) crm-api::all db_inquiry_append_only::direct_update_of_inquiry_is_rejected
        PASS [   3.178s] (256/908) crm-api::all db_inquiry_append_only::direct_delete_of_inquiry_is_rejected
        PASS [   3.152s] (257/908) crm-api::all db_intake::concurrent_identical_deliveries_yield_one_201_and_one_200
        PASS [   3.169s] (258/908) crm-api::all db_inquiry_append_only::person_delete_cascades_inquiry_and_person_tag_together
        PASS [   3.171s] (259/908) crm-api::all db_intake::concurrent_new_intakes_for_the_same_email_create_one_person
        PASS [  10.272s] (260/908) crm-api::all db_inbound_email_intake::lock_held_past_budget_defers_the_row_pending_then_redelivery_completes
        PASS [   2.331s] (261/908) crm-api::all db_intake::invalid_assignee_returns_422_and_writes_no_raw_payload_row
        PASS [   2.400s] (262/908) crm-api::all db_intake::fixture_pending_row_resolves_on_repost_with_duplicate_false
        PASS [   2.468s] (263/908) crm-api::all db_intake::explicit_assignee_on_already_assigned_person_is_ignored
        PASS [   2.353s] (264/908) crm-api::all db_intake::non_json_content_type_returns_400
        PASS [   2.394s] (265/908) crm-api::all db_intake::no_contact_method_payload_is_unresolved_and_ciphertext_hides_plaintext
        PASS [   2.422s] (266/908) crm-api::all db_intake::identical_payload_delivered_twice_is_idempotent
        PASS [   2.386s] (267/908) crm-api::all db_intake::oversized_body_returns_400
        PASS [   2.427s] (268/908) crm-api::all db_intake::malformed_json_body_returns_400
        PASS [   2.430s] (269/908) crm-api::all db_intake::new_lead_intake_creates_person_and_four_linked_facts
        PASS [   3.097s] (270/908) crm-api::all db_intake_address::creation_mints_a_slug_from_the_name_and_an_eight_char_token
        PASS [   3.212s] (271/908) crm-api::all db_intake::repeat_inquiry_matching_assigned_person_by_phone_keeps_existing
        PASS [   3.160s] (272/908) crm-api::all db_intake_address::intake_columns_have_their_checks_index_and_no_update_grant
        PASS [   3.162s] (273/908) crm-api::all db_intake_address::names_that_slugify_identically_get_a_suffix_and_never_a_name_clash
        PASS [   3.241s] (274/908) crm-api::all db_intake::repeat_inquiry_matching_unassigned_person_writes_one_assignment_fact
        PASS [   3.225s] (275/908) crm-api::all db_intake_address::a_platform_only_session_is_401_on_the_intake_address
        PASS [   3.247s] (276/908) crm-api::all db_intake::tampered_ciphertext_returns_500_and_leaves_row_pending_and_queued
        PASS [   8.802s] (277/908) crm-api::all db_intake::advisory_lock_contention_fails_fast_without_starving_other_organizations
        PASS [   3.315s] (278/908) crm-api::all db_intake::repeat_inquiry_matching_assigned_person_by_email_keeps_existing
        PASS [   6.511s] (279/908) crm-api::all db_intake_address::admins_read_their_own_address_members_are_403_and_orgs_never_cross
        PASS [   3.402s] (280/908) crm-api::all db_intake_extraction::duplicate_replay_of_not_a_lead_decodes_faithfully
        PASS [   3.457s] (281/908) crm-api::all db_intake_address::the_create_span_carries_the_slug_and_never_the_token
        PASS [   3.468s] (282/908) crm-api::all db_intake_address::the_backfill_expressions_satisfy_the_checks
        PASS [   3.429s] (283/908) crm-api::all db_intake_extraction::discard_mid_extraction_supersedes
        PASS [   3.443s] (284/908) crm-api::all db_intake_extraction::deterministic_internal_errors_are_bounded_not_infinite
        PASS [   3.462s] (285/908) crm-api::all db_intake_extraction::concurrent_passes_claim_disjoint_rows
        PASS [   3.575s] (286/908) crm-api::all db_intake_address::platform_detail_carries_the_address_top_level_and_members_cannot_use_it
        PASS [   3.464s] (287/908) crm-api::all db_intake_extraction::confident_spam_lands_not_a_lead
        PASS [   7.127s] (288/908) crm-api::all db_intake_address::ten_orgs_whose_names_all_slugify_to_org_are_all_created
        PASS [   3.706s] (289/908) crm-api::all db_intake_extraction::valid_lead_reply_resolves_end_to_end
        PASS [   3.768s] (290/908) crm-api::all db_intake_extraction::only_eligible_rows_are_claimed
        PASS [   3.811s] (291/908) crm-api::all db_intake_extraction::extraction_pass_leaks_no_content
        PASS [   3.817s] (292/908) crm-api::all db_intake_extraction::forwarded_unknown_lead_extracts_from_the_inner_view
        PASS [   3.800s] (293/908) crm-api::all db_intake_extraction::transport_failures_wait_forever_then_recover
        PASS [   3.807s] (294/908) crm-api::all db_intake_extraction::quality_failures_back_off_then_terminal
        PASS [   3.799s] (295/908) crm-api::all db_intake_extraction::unparsed_and_discarded_rows_are_never_claimed
        PASS [   3.975s] (296/908) crm-api::all db_intake_extraction::extraction_is_tenant_isolated
        PASS [   3.628s] (297/908) crm-api::all db_intake_rotation::old_address_dies_and_new_address_flows_after_rotation
        PASS [   3.575s] (298/908) crm-api::all db_intake_round_robin::duplicate_repost_of_a_round_robin_routed_payload_reports_its_strategy
        PASS [   3.584s] (299/908) crm-api::all db_intake_round_robin::dual_org_member_rotates_independently_and_org_b_gets_zero_rotation_rows
        PASS [   3.611s] (300/908) crm-api::all db_intake_round_robin::deactivating_the_mid_order_pointer_member_continues_to_the_next_slot
        PASS [   3.807s] (301/908) crm-api::all db_intake_extraction::workbench_retry_rearms_extraction
        PASS [   3.658s] (302/908) crm-api::all db_intake_rotation::rotation_spans_and_logs_carry_no_token_material
        PASS [   3.650s] (303/908) crm-api::all db_intake_round_robin::a_newcomer_joins_at_the_end_of_the_cycle
        PASS [   3.691s] (304/908) crm-api::all db_intake_rotation::rotate_mints_audits_and_returns_the_new_address
        PASS [   3.676s] (305/908) crm-api::all db_intake_rotation::rotation_is_admin_only_and_tenant_isolated
        PASS [   4.089s] (306/908) crm-api::all db_intake_round_robin::empty_pool_routes_unassigned_with_no_pointer_write
        PASS [   4.113s] (307/908) crm-api::all db_intake_round_robin::migration_backfill_maps_assignee_set_orgs_to_default_assignee_mode
        PASS [   4.160s] (308/908) crm-api::all db_intake_round_robin::non_round_robin_strategies_never_advance_the_pointer
        PASS [   4.177s] (309/908) crm-api::all db_intake_round_robin::mid_rotation_deactivation_continues_without_resetting_pointer_or_non_pointer
        PASS [  11.657s] (310/908) crm-api::all db_intake_extraction::intake_busy_unresets_and_recovers
        PASS [   4.184s] (311/908) crm-api::all db_intake_settings::crm_app_can_write_intake_routing_mode_and_the_rotation_table
        PASS [   4.207s] (312/908) crm-api::all db_intake_settings::admins_manage_the_setting_members_are_403_and_orgs_never_cross
        PASS [   4.267s] (313/908) crm-api::all db_intake_round_robin::fairness_rotates_a_b_c_a_b_c_with_full_fact_and_today_assertions
        PASS [   4.317s] (314/908) crm-api::all db_intake_round_robin::eight_way_concurrency_distributes_fairly_under_the_advisory_budget
        PASS [   7.177s] (315/908) crm-api::all db_intake_round_robin::intake_busy_leaves_the_rotation_pointer_untouched
        PASS [   2.988s] (316/908) crm-api::all db_intake_system_routing::default_member_deactivated_routes_unassigned_and_setting_is_retained
        PASS [   3.059s] (317/908) crm-api::all db_intake_settings::put_requires_both_keys_rejects_the_old_007c_body_and_get_survives_deactivation
        PASS [   3.221s] (318/908) crm-api::all db_intake_settings::crm_app_update_grant_is_scoped_to_the_new_column_and_updated_at
        PASS [   3.037s] (319/908) crm-api::all db_intake_system_routing::duplicate_repost_of_a_system_routed_payload_reports_its_strategy
        PASS [   3.045s] (320/908) crm-api::all db_intake_system_routing::default_set_and_active_routes_organization_default_and_lands_on_their_today
        PASS [   3.082s] (321/908) crm-api::all db_intake_settings::routing_decision_strategy_check_accepts_new_values_and_rejects_unknown
        PASS [   3.159s] (322/908) crm-api::all db_intake_settings::put_default_assignee_mode_rejects_nonexistent_foreign_inactive_and_null_identically
        PASS [   3.089s] (323/908) crm-api::all db_intake_settings::routing_decision_strategy_check_accepts_round_robin
        PASS [   3.124s] (324/908) crm-api::all db_intake_settings::put_non_default_modes_accept_null_active_or_stale_echo_reject_anything_else
        PASS [   5.156s] (325/908) crm-api::all db_intake_system_routing::matching_already_assigned_person_keeps_existing
        PASS [   5.179s] (326/908) crm-api::all db_intake_system_routing::matching_existing_unassigned_person_applies_the_default
        PASS [   5.173s] (327/908) crm-api::all db_intake_system_routing::no_default_set_routes_unassigned_with_no_assignment_fact
        PASS [   5.145s] (328/908) crm-api::all db_intake_workbench::concurrent_retries_yield_one_person_and_a_duplicate_loser
        PASS [   5.121s] (329/908) crm-api::all db_intake_workbench::discarded_bytes_never_resurrect_on_redelivery_or_replay
        PASS [   5.162s] (330/908) crm-api::all db_intake_system_routing::system_actor_intake_into_org_a_writes_zero_rows_in_org_b
        PASS [   5.160s] (331/908) crm-api::all db_intake_workbench::corrupted_row_retry_500s_and_stays_discardable
        PASS [   5.184s] (332/908) crm-api::all db_intake_workbench::api_inquiries_replay_of_a_discarded_row_gets_the_duplicate_envelope
        PASS [   5.168s] (333/908) crm-api::all db_intake_workbench::detail_content_authorization_and_404s
        PASS [   5.165s] (334/908) crm-api::all db_intake_workbench::discard_attributes_removes_and_is_idempotent
        PASS [   4.683s] (335/908) crm-api::all db_intake_workbench::migration_check_and_grants_hold
        PASS [   4.708s] (336/908) crm-api::all db_intake_workbench::pending_rows_are_viewable_and_large_bodies_truncate
        PASS [   4.700s] (337/908) crm-api::all db_intake_workbench::retry_on_a_resolved_row_returns_the_stored_outcome_as_duplicate
        PASS [   4.711s] (338/908) crm-api::all db_intake_workbench::retry_on_still_unparseable_bytes_rerecords_the_reason
        PASS [   4.745s] (339/908) crm-api::all db_intake_workbench::queue_lists_pending_and_unresolved_never_discarded
        PASS [   4.729s] (340/908) crm-api::all db_intake_workbench::retry_rescues_stuck_pending_row_with_system_actor_on_behalf_of_admin
        PASS [   4.800s] (341/908) crm-api::all db_intake_workbench::generic_v1_retry_reruns_with_the_stored_source
        PASS [   4.774s] (342/908) crm-api::all db_intake_workbench::retry_in_a_round_robin_org_routes_via_rotation_and_consumes_a_turn
        PASS [   4.751s] (343/908) crm-api::all db_intake_workbench::retry_racing_redelivery_yields_one_person
        PASS [   6.376s] (344/908) crm-api::all db_intake_workbench::unretryable_format_fails_closed_without_destroying_the_reason
        PASS [   6.426s] (345/908) crm-api::all db_metadata_import_acceptance::metadata_acceptance_two_valid_fields_cannot_merge_into_one_native_target
        PASS [   6.450s] (346/908) crm-api::all db_metadata_import_acceptance::metadata_acceptance_existing_different_fub_binding_cannot_be_reassigned
        PASS [   6.542s] (347/908) crm-api::all db_intake_workbench::retry_resolves_a_pre_existing_forwarded_row_through_the_unwrapper
        PASS [   6.461s] (348/908) crm-api::all db_metadata_import_acceptance::metadata_acceptance_expired_ten_minute_plan_requires_explicit_replan
        PASS [   6.515s] (349/908) crm-api::all db_metadata_import_acceptance::metadata_acceptance_cancelled_and_running_parents_are_ineligible
        PASS [  11.373s] (350/908) crm-api::all db_intake_workbench::failed_retry_publishes_a_queue_invalidation_for_the_reset
        PASS [   6.528s] (351/908) crm-api::all db_intake_workbench::workbench_spans_and_logs_carry_no_content
        PASS [   6.493s] (352/908) crm-api::all db_metadata_import_acceptance::metadata_acceptance_tombstoned_parent_person_cannot_regain_metadata_or_history
        PASS [  15.560s] (353/908) crm-api::all db_intake_workbench::retry_surfaces_intake_busy_when_lock_held
        PASS [   9.814s] (354/908) crm-api::all db_metadata_import_gate::metadata_gate_expired_lease_reclaim_and_partial_cancel_preserve_units
        PASS [  10.024s] (355/908) crm-api::all db_metadata_import_concurrency::metadata_concurrency_cancel_waits_for_complete_inflight_person_unit
        PASS [   9.913s] (356/908) crm-api::all db_metadata_import_concurrency::metadata_concurrency_person_failure_rolls_back_all_cells_result_cursor_and_bytes
        PASS [   9.934s] (357/908) crm-api::all db_metadata_import_concurrency::metadata_concurrency_confirm_cancel_race_has_one_terminal_receipt_outcome
        PASS [   9.869s] (358/908) crm-api::all db_metadata_import_gate::metadata_gate_result_failure_rolls_back_native_identity_cursor_and_bytes
        PASS [   9.879s] (359/908) crm-api::all db_metadata_import_gate::metadata_gate_private_permit_has_no_unrelated_insert_update_delete_or_parent_bypass
        PASS [  12.043s] (360/908) crm-api::all db_metadata_import_gate::metadata_gate_current_ceiling_pause_explicit_retry_and_cancel_at_exhaustion
        PASS [  17.710s] (361/908) crm-api::all db_metadata_import_gate::metadata_gate_exact_inventory_concurrent_workers_and_duplicate_recovery
        PASS [   6.603s] (362/908) crm-api::all db_metadata_import_r1::metadata_r1_executor_demotion_requires_explicit_current_admin_adoption
        PASS [   8.790s] (363/908) crm-api::all db_metadata_import_http::metadata_http_confirmation_replays_and_preserves_parent_and_review_hold
        PASS [   8.775s] (364/908) crm-api::all db_metadata_import_http::metadata_http_frozen_choices_enforce_patch_bounds_and_cursor_scope
        PASS [   8.774s] (365/908) crm-api::all db_metadata_import_http::metadata_http_rejects_uncompleted_parent_and_incomplete_custom_fields
        PASS [   9.659s] (366/908) crm-api::all db_metadata_import_http::metadata_http_cancel_is_terminal_replayable_and_does_not_release_workspace
        PASS [   8.797s] (367/908) crm-api::all db_metadata_import_http::metadata_http_creation_is_admin_scoped_strict_and_exactly_idempotent
        PASS [  14.703s] (368/908) crm-api::all db_metadata_import_http::metadata_http_committed_receipt_survives_expired_and_missing_readiness
        PASS [   6.928s] (369/908) crm-api::all db_metadata_import_r1::metadata_r1_malformed_tags_hold_person_without_fabricating_counted_operations
        PASS [   5.992s] (370/908) crm-api::all db_metadata_import_r1::metadata_r1_qualified_oversized_machine_key_does_not_offer_creation
        PASS [   6.030s] (371/908) crm-api::all db_metadata_import_r1::metadata_r1_native_choice_case_collision_holds_dependencies_before_ready
        PASS [   5.983s] (372/908) crm-api::all db_metadata_import_source::metadata_source_all_variants_and_exact_raw_identity_override_preview
        PASS [   6.004s] (373/908) crm-api::all db_metadata_import_r1::metadata_r1_undeclared_custom_value_is_held_with_exact_source_evidence
        PASS [   6.016s] (374/908) crm-api::all db_metadata_import_r1::metadata_r1_result_counts_match_operations_including_held_null_and_absent
        PASS [   6.027s] (375/908) crm-api::all db_metadata_import_r1::metadata_r1_rapid_replans_preserve_unprepared_approval
        PASS [   8.332s] (376/908) crm-api::all db_migration::concurrent_distinct_starts_and_in_flight_disconnect_are_atomic
        PASS [   8.847s] (377/908) crm-api::all db_metadata_import_source::metadata_source_machine_key_collisions_hold_while_equal_labels_map_explicitly
        PASS [   8.858s] (378/908) crm-api::all db_metadata_import_source::metadata_source_large_and_nul_keys_can_map_without_native_key_coercion
        PASS [  33.548s] (379/908) crm-api::all db_metadata_import_gate::metadata_gate_catalog_continues_in_fifty_descriptor_units
        PASS [   8.868s] (380/908) crm-api::all db_metadata_import_source::metadata_source_native_values_preserve_precision_absence_literals_and_recurrence_holds
        PASS [   8.854s] (381/908) crm-api::all db_metadata_import_source::metadata_source_shared_tags_do_not_merge_people_and_overflow_holds_the_whole_link_set
        PASS [   9.017s] (382/908) crm-api::all db_metadata_import_source::metadata_source_capacity_archival_and_local_conflicts_preserve_native_rows
        PASS [  10.982s] (383/908) crm-api::all db_metadata_import_source::metadata_source_full_multimegabyte_evidence_survives_execution_without_truncation
        PASS [   2.214s] (384/908) crm-api::all db_migration::migration_claim_and_report_plans_use_bounded_indexes
        PASS [   2.225s] (385/908) crm-api::all db_migration::receipts_concurrent_replay_conflict_and_immutable_after_progress
        PASS [   2.261s] (386/908) crm-api::all db_migration::in_flight_revocation_and_cancel_fence_all_evidence
        PASS [   2.275s] (387/908) crm-api::all db_migration::expired_lease_reclaims_and_db_failure_does_not_commit_partial_result
        PASS [   2.269s] (388/908) crm-api::all db_migration::malformed_bytes_encrypted_and_paused_disconnect_reconnect_retains_identity
        PASS [   2.777s] (389/908) crm-api::all db_migration::domain_authority_and_cross_tenant_locators_are_enforced
        PASS [   2.297s] (390/908) crm-api::all db_migration::http_admin_body_precedence_contract_and_no_store
        PASS [   3.729s] (391/908) crm-api::all db_migration::tracing_contains_safe_context_and_outcomes_without_credentials_or_raw_content
        PASS [   4.054s] (392/908) crm-api::all db_migration::retry_budget_due_time_explicit_cycle_and_completed_checks_skip
        PASS [   3.892s] (393/908) crm-api::all db_notes::delete_note_deactivated_author_and_pure_demoted_admin_are_forbidden
        PASS [   3.916s] (394/908) crm-api::all db_notes::add_note_shape_history_entry_and_foreign_person_404
        PASS [  29.817s] (395/908) crm-api::all db_metadata_import_http::metadata_http_full_evidence_segments_bind_person_field_and_revision
        PASS [   3.907s] (396/908) crm-api::all db_notes::edit_note_author_and_admin_succeed_third_member_forbidden
        PASS [   3.927s] (397/908) crm-api::all db_notes::delete_note_author_and_admin_succeed_third_member_forbidden_and_tombstone_shape
        PASS [   3.974s] (398/908) crm-api::all db_migration::six_checks_report_honest_counts_and_preserve_last_report_without_business_writes
        PASS [   3.952s] (399/908) crm-api::all db_notes::add_note_over_128kib_is_400_not_413
        PASS [  18.031s] (400/908) crm-api::all db_metadata_import_source::metadata_source_requalifies_people_and_definitions_after_completed_parent
        PASS [   3.051s] (401/908) crm-api::all db_notes::edit_note_validation_precedes_the_not_found_lookup
        PASS [   3.089s] (402/908) crm-api::all db_notes::edit_note_tombstone_cross_organization_and_cross_person_are_404
        PASS [   3.061s] (403/908) crm-api::all db_notes::note_changed_publishes_exactly_once_per_changing_write
        PASS [   3.078s] (404/908) crm-api::all db_notes::imported_note_renders_with_null_actor_admin_only_can_manage_and_member_edit_forbidden
        PASS [   3.073s] (405/908) crm-api::all db_notes::note_accepts_10_000_four_byte_code_points_and_cascades_with_person
        PASS [   3.141s] (406/908) crm-api::all db_notes::edit_note_for_share_reread_observes_a_committing_deactivation
        PASS [   3.334s] (407/908) crm-api::all db_notes::edit_note_deactivated_author_and_demoted_deactivated_admin_are_forbidden
        PASS [   3.124s] (408/908) crm-api::all db_notes::edit_racing_delete_never_503s_and_tombstone_wins
        PASS [   3.146s] (409/908) crm-api::all db_notes::edit_note_pure_demotion_is_forbidden_with_no_write_or_publish
        PASS [   4.707s] (410/908) crm-api::all db_notes::note_check_constraints_matrix
        PASS [   4.636s] (411/908) crm-api::all db_operator::context_person_id_is_untrusted_and_revalidated
        PASS [   4.696s] (412/908) crm-api::all db_notes::note_route_error_precedence_wire_shapes_and_can_manage
        PASS [   4.692s] (413/908) crm-api::all db_notes::note_source_external_id_partial_unique_index_and_resurrection_guard
        PASS [   4.700s] (414/908) crm-api::all db_operator::capture_across_today_tasks_and_operator_tools_finds_a_task_title_only_in_untrusted_sites
        PASS [   4.721s] (415/908) crm-api::all db_notes::note_history_position_ties_with_correspondence_by_kind_rank_and_survives_an_edit
        PASS [   4.683s] (416/908) crm-api::all db_operator::completed_turn_has_the_documented_shape_and_ledger_rows
        PASS [   4.685s] (417/908) crm-api::all db_operator::custom_field_activity_never_leaks_a_value_into_traces_or_the_ledger
        PASS [   4.778s] (418/908) crm-api::all db_notes::note_composite_fk_rejections
        PASS [   4.719s] (419/908) crm-api::all db_operator::client_abort_mid_turn_releases_the_slot_and_still_writes_the_ledger
        PASS [   5.126s] (420/908) crm-api::all db_operator::ledger_insert_failure_still_returns_the_reply
        PASS [   5.182s] (421/908) crm-api::all db_operator::injected_inquiry_message_cannot_reach_a_foreign_person
        PASS [   5.239s] (422/908) crm-api::all db_operator::get_person_returns_tags_as_untrusted_text_and_a_foreign_person_is_still_refused
        PASS [   5.282s] (423/908) crm-api::all db_operator::get_person_and_explain_with_a_foreign_id_are_not_found_without_leaking
        PASS [   5.239s] (424/908) crm-api::all db_operator::get_person_tasks_are_open_capped_at_ten_by_due_at_order
        PASS [   5.236s] (425/908) crm-api::all db_operator::get_today_is_viewer_specific_within_one_organization
        PASS [   5.276s] (426/908) crm-api::all db_operator::get_person_history_marks_superseded_and_corrected_attempts
        PASS [   5.348s] (427/908) crm-api::all db_operator::explain_priority_position_matches_today_query_and_get_api_today
        PASS [   5.277s] (428/908) crm-api::all db_operator::get_person_notes_are_latest_five_untrusted_and_excluded_from_history
        PASS [   5.278s] (429/908) crm-api::all db_operator::get_person_returns_custom_fields_as_untrusted_text_and_a_foreign_person_is_still_refused
        PASS [   5.585s] (430/908) crm-api::all db_operator::operator_disabled_without_a_provider
        PASS [   5.643s] (431/908) crm-api::all db_operator::operator_get_today_json_agrees_with_http_on_raised_and_task_only_items
        PASS [   5.665s] (432/908) crm-api::all db_operator::note_activity_and_operator_call_never_leak_a_body_into_traces_or_wrong_responses
        PASS [   5.662s] (433/908) crm-api::all db_operator::platform_only_session_is_401
        PASS [   5.657s] (434/908) crm-api::all db_operator::same_user_second_concurrent_turn_is_429
        PASS [   5.685s] (435/908) crm-api::all db_operator::ledger_triggers_reject_the_owner_too
        PASS [   5.674s] (436/908) crm-api::all db_operator::operator_today_tools_agree_with_http_on_a_task_item_and_the_fixed_line_has_no_title
        PASS [   5.740s] (437/908) crm-api::all db_operator::ledger_tables_are_append_only_for_crm_app
        PASS [   5.685s] (438/908) crm-api::all db_operator::search_escapes_wildcards_matches_contacts_and_stays_in_organization
        PASS [  10.944s] (439/908) crm-api::all db_operator::ledger_records_every_outcome
        PASS [   5.217s] (440/908) crm-api::all db_operator_call::app_role_cannot_delete_proposals_or_rewrite_their_identity
        PASS [   5.277s] (441/908) crm-api::all db_operator::semaphore_full_is_429_for_a_different_user
        PASS [   5.302s] (442/908) crm-api::all db_operator::search_with_no_match_records_ok_with_zero_ids
        PASS [   5.275s] (443/908) crm-api::all db_operator::validation_rejects_bad_bodies_with_400
        PASS [   5.380s] (444/908) crm-api::all db_operator::search_people_returns_only_the_callers_organization
        PASS [   5.296s] (445/908) crm-api::all db_operator::tool_backend_failure_is_tool_error_with_a_ledger_row
        PASS [   5.290s] (446/908) crm-api::all db_operator_call::a_real_but_foreign_persons_phone_id_is_not_found_and_two_phones_need_a_choice
        PASS [   5.327s] (447/908) crm-api::all db_operator::task_activity_and_operator_call_never_leak_a_title_into_traces_or_wrong_responses
        PASS [   5.328s] (448/908) crm-api::all db_operator::validation_accepts_the_exact_boundaries
        PASS [   4.933s] (449/908) crm-api::all db_operator_call::email_only_person_yields_no_phone_and_no_row
        PASS [   5.092s] (450/908) crm-api::all db_operator_call::confirm_while_already_on_a_call_fails_the_proposal_with_call_in_progress
        PASS [   4.955s] (451/908) crm-api::all db_operator_call::foreign_org_other_user_and_nonexistent_confirms_are_byte_identical_404
        PASS [   4.956s] (452/908) crm-api::all db_operator_call::invented_contact_method_id_is_not_found_and_inserts_no_row
        PASS [   5.047s] (453/908) crm-api::all db_operator_call::confirm_with_telephony_disabled_is_503_and_fails_the_proposal
        PASS [   5.029s] (454/908) crm-api::all db_operator_call::expired_confirm_is_409_and_executes_nothing
        PASS [   5.044s] (455/908) crm-api::all db_operator_call::double_confirm_yields_one_call_and_one_consumed
        PASS [   5.074s] (456/908) crm-api::all db_operator_call::consumed_beats_expired_and_stuck_claimed_reads_as_consumed
        PASS [   5.020s] (457/908) crm-api::all db_operator_call::propose_then_confirm_places_the_call_with_operator_origin_and_turn_correlation
        PASS [   5.072s] (458/908) crm-api::all db_operator_call::contact_method_deleted_between_propose_and_confirm_is_422_and_fails_the_proposal
        PASS [   4.554s] (459/908) crm-api::all db_operator_filter::composed_filter_matches_stage_tag_and_assignee_and_ledger_reflects_it
        PASS [   4.585s] (460/908) crm-api::all db_operator_filter::custom_saved_list_description_is_untrusted_and_read_only
        PASS [   4.686s] (461/908) crm-api::all db_operator_call::the_configured_ttl_reaches_the_row_and_the_wire
        PASS [   4.644s] (462/908) crm-api::all db_operator_filter::another_members_personal_list_is_not_found_including_for_admin
        PASS [   4.636s] (463/908) crm-api::all db_operator_filter::caps_thirty_matches_with_limit_ten_and_five_hundred_one_matches
        PASS [   4.680s] (464/908) crm-api::all db_operator_filter::a_list_with_invalid_tag_is_list_invalid
        PASS [   4.706s] (465/908) crm-api::all db_operator_call::the_phone_number_never_appears_in_spans_or_logs_on_the_proposal_paths
        PASS [   4.736s] (466/908) crm-api::all db_operator_call::two_proposals_from_two_turns_yield_exactly_one_call
        PASS [   4.805s] (467/908) crm-api::all db_operator_call::room_failure_finalizes_failed_with_the_settled_call_id
        PASS [   4.708s] (468/908) crm-api::all db_operator_filter::ambiguous_assignee_reports_candidates_and_me_resolves_per_actor
        PASS [   4.766s] (469/908) crm-api::all db_operator_filter::full_turn_returns_200_with_references_and_no_proposal_row
        PASS [   4.804s] (470/908) crm-api::all db_operator_filter::last_contact_not_within_days_includes_never_contacted
        PASS [   4.754s] (471/908) crm-api::all db_operator_task::complete_task_already_completed_is_idempotent_and_does_not_republish
        PASS [   4.812s] (472/908) crm-api::all db_operator_filter::run_saved_list_honours_the_stored_sort
        PASS [   4.795s] (473/908) crm-api::all db_operator_filter::span_capture_contains_filter_kinds_and_no_names_ids_or_day_counts
        PASS [   4.800s] (474/908) crm-api::all db_operator_filter::unknown_tag_name_is_needs_clarification_and_two_in_a_row_does_not_end_the_turn
        PASS [   4.867s] (475/908) crm-api::all db_operator_filter::own_personal_list_and_shared_list_are_visible_to_member_and_admin
        PASS [   4.941s] (476/908) crm-api::all db_operator_filter::duplicate_named_lists_report_candidates_then_list_id_resolves
        PASS [   4.913s] (477/908) crm-api::all db_operator_filter::foreign_list_id_and_foreign_tag_name_are_byte_identical_to_nonexistent
        PASS [   4.867s] (478/908) crm-api::all db_operator_filter::same_name_vocabulary_across_two_organizations_stays_isolated
        PASS [   5.846s] (479/908) crm-api::all db_operator_task::create_task_check_matrix
        PASS [   5.980s] (480/908) crm-api::all db_operator_task::complete_task_not_found_is_byte_identical_across_causes
        PASS [   5.947s] (481/908) crm-api::all db_operator_task::create_task_assignee_resolution_matrix
        PASS [   5.940s] (482/908) crm-api::all db_operator_task::create_task_confirm_by_another_member_and_by_the_same_user_elsewhere_is_404
        PASS [   6.012s] (483/908) crm-api::all db_operator_task::complete_task_leaves_origin_unchanged_and_the_ledger_carries_no_title
        PASS [   5.947s] (484/908) crm-api::all db_operator_task::create_task_confirm_without_operator_runtime_sets_origin_and_correlation
        PASS [   5.990s] (485/908) crm-api::all db_operator_task::create_task_actor_deactivated_401_at_the_door_forbidden_at_the_command
        PASS [   6.029s] (486/908) crm-api::all db_operator_task::complete_task_permits_creator_and_admin
        PASS [   5.984s] (487/908) crm-api::all db_operator_task::create_task_confirm_after_person_deleted_is_404
        PASS [   6.100s] (488/908) crm-api::all db_operator_task::complete_task_forbidden_for_a_third_member_with_a_positive_control
        PASS [   5.103s] (489/908) crm-api::all db_operator_task::operator_task_proposal_grants_admit_no_update_or_delete
        PASS [   5.167s] (490/908) crm-api::all db_operator_task::create_task_proposal_inserts_parent_and_sidecar_rows
        PASS [   5.204s] (491/908) crm-api::all db_operator_task::create_task_expired_consumed_and_stuck_claimed
        PASS [   5.180s] (492/908) crm-api::all db_operator_task::create_task_with_due_date_and_named_assignee_composes_and_confirms
        PASS [   5.295s] (493/908) crm-api::all db_operator_task::create_task_double_confirm_race_yields_one_201
        PASS [   5.171s] (494/908) crm-api::all db_operator_task::start_call_confirm_with_a_null_contact_method_id_is_503
        PASS [   5.179s] (495/908) crm-api::all db_operator_task::undo_through_reopen_changed_true_then_false_then_404_and_403
        PASS [   5.210s] (496/908) crm-api::all db_operator_task::operator_versus_panel_completion_gives_one_changed_true
        PASS [   5.194s] (497/908) crm-api::all db_operator_task::turn_rejects_invalid_utc_offset_minutes
        PASS [   5.246s] (498/908) crm-api::all db_operator_task::create_task_race_assignee_deactivated_is_422
        PASS [   3.662s] (499/908) crm-api::all db_people::set_assignment_with_malformed_json_returns_400
        PASS [   3.741s] (500/908) crm-api::all db_people::set_stage_with_malformed_json_returns_400
        PASS [   3.730s] (501/908) crm-api::all db_people::unresolved_queue_reports_not_truncated_under_500_rows
        PASS [   3.750s] (502/908) crm-api::all db_people::tasks_never_change_person_row_or_people_list_rows
        PASS [   3.789s] (503/908) crm-api::all db_people::people_list_reports_truncated_past_500_rows
        PASS [   3.814s] (504/908) crm-api::all db_people::organization_creation_seeds_nine_ordered_stages_and_two_members
        PASS [   3.821s] (505/908) crm-api::all db_people::notes_never_change_person_row_or_people_list_rows
        PASS [   3.894s] (506/908) crm-api::all db_people::assign_and_stage_commands_are_fact_precise_and_history_orders_stably
        PASS [   3.854s] (507/908) crm-api::all db_people::cross_organization_people_stages_and_unresolved_are_isolated
        PASS [   3.821s] (508/908) crm-api::all db_people::people_list_reports_not_truncated_under_500_rows
        PASS [   3.826s] (509/908) crm-api::all db_people_filter::all_ten_clause_kinds_at_once_and_a_fifty_value_array_are_both_accepted
        PASS [   3.837s] (510/908) crm-api::all db_people_filter::cross_org_and_nonexistent_stage_ids_produce_byte_identical_422s
        PASS [   3.897s] (511/908) crm-api::all db_people_filter::and_composition_intersects_two_clauses
        PASS [   3.872s] (512/908) crm-api::all db_people_filter::custom_field_filter_text_negative_includes_absent_and_archived_field_is_invalid
        PASS [   3.902s] (513/908) crm-api::all db_people_filter::cap_truncates_to_500_with_created_at_desc_id_asc_ordering_under_a_filter
        PASS [   3.915s] (514/908) crm-api::all db_people_filter::assigned_to_clause_users_unassigned_mixed_and_me_are_viewer_relative
        PASS [   3.906s] (515/908) crm-api::all db_people_filter::created_age_axis_within_not_within_are_exact_complements
        PASS [   3.952s] (516/908) crm-api::all db_people_filter::a_filter_never_returns_another_organizations_rows
        PASS [   4.041s] (517/908) crm-api::all db_people::unresolved_queue_reports_truncated_past_500_rows
        PASS [   3.921s] (518/908) crm-api::all db_people_filter::cross_org_and_nonexistent_assignee_ids_produce_byte_identical_422s
        PASS [   2.982s] (519/908) crm-api::all db_people_filter::derived_axis_full_matrix_parity::awaiting_response_present_true_false_and_absent
        PASS [   3.094s] (520/908) crm-api::all db_people_filter::deactivated_member_is_a_valid_assignee_d027
        PASS [   3.005s] (521/908) crm-api::all db_people_filter::empty_clauses_is_the_full_list_through_the_filtered_path
        PASS [   3.088s] (522/908) crm-api::all db_people_filter::derived_axis_full_matrix_parity::awaiting_call_outcome_present_true_false_and_absent
        PASS [   3.049s] (523/908) crm-api::all db_people_filter::derived_axis_full_matrix_parity::client_replied_unanswered_present_true_false_and_absent
        PASS [   3.040s] (524/908) crm-api::all db_people_filter::first_failure_wins_by_clause_order
        PASS [   3.026s] (525/908) crm-api::all db_people_filter::inquiry_sources_endpoint_reports_truncated_past_500
        PASS [   3.076s] (526/908) crm-api::all db_people_filter::has_replied_matches_a_person_whose_reply_was_already_answered
        PASS [   3.071s] (527/908) crm-api::all db_people_filter::inquiry_sources_endpoint_is_distinct_ascending_org_scoped_and_member_allowed
        PASS [   3.092s] (528/908) crm-api::all db_people_filter::has_phone_and_has_email_axes
        PASS [   2.605s] (529/908) crm-api::all db_people_filter::inquiry_sources_endpoint_requires_auth
        PASS [   2.619s] (530/908) crm-api::all db_people_filter::invalid_percent_encoding_in_an_unrelated_param_is_ignored
        PASS [   2.613s] (531/908) crm-api::all db_people_filter::invalid_percent_encoding_in_filter_param_is_400
        PASS [   2.540s] (532/908) crm-api::all db_people_filter::people_filter_request_span_records_path_only_with_the_query_string_stripped
        PASS [   2.611s] (533/908) crm-api::all db_people_filter::last_contact_age_axis_and_a_correction_fixture_prove_plain_max_equals_effective_attempt
        PASS [   2.625s] (534/908) crm-api::all db_people_filter::ordering_ties_break_by_id_asc_under_a_filter
        PASS [   2.637s] (535/908) crm-api::all db_people_filter::last_inquiry_age_axis_within_not_within_and_never
        PASS [   2.587s] (536/908) crm-api::all db_people_filter::repeated_filter_param_is_400
        PASS [   2.649s] (537/908) crm-api::all db_people_filter::last_inbound_age_axis_and_a_backdated_capture_filters_by_its_own_inner_date
        PASS [   2.595s] (538/908) crm-api::all db_people_filter::present_but_empty_filter_param_is_400
        PASS [   2.927s] (539/908) crm-api::all db_people_filter::unauthenticated_request_is_401_even_with_a_garbage_filter
        PASS [   3.118s] (540/908) crm-api::all db_people_filter::source_clause_matches_the_latest_inquiry_with_a_tie_break_and_never_a_zero_inquiry_person
        PASS [   3.084s] (541/908) crm-api::all db_people_filter::structural_violation_beats_a_422_triggering_clause_in_the_same_filter
        PASS [   3.094s] (542/908) crm-api::all db_people_filter::stage_clause_matches_only_the_named_stages
        PASS [   3.039s] (543/908) crm-api::all db_people_filter::tags_and_not_tags::not_tags_none_of_matches_an_untagged_person
        PASS [   3.033s] (544/908) crm-api::all db_people_filter::tags_and_not_tags::tags_any_of_one_and_several_ids_positive_and_negative
        PASS [   3.103s] (545/908) crm-api::all db_people_filter::tags_and_not_tags::cross_org_and_nonexistent_tag_ids_produce_byte_identical_422s
        PASS [   3.086s] (546/908) crm-api::all db_people_filter::tags_and_not_tags::identically_named_tag_in_another_organization_never_matches
        PASS [   3.053s] (547/908) crm-api::all db_people_filter::tags_and_not_tags::tag_reference_probe_database_failure_is_503
        PASS [   3.054s] (548/908) crm-api::all db_people_filter::tags_and_not_tags::tags_and_not_tags_together_intersect
        PASS [   3.236s] (549/908) crm-api::all db_people_filter::undecodable_json_filter_is_400_in_the_envelope_shape
        PASS [   3.194s] (550/908) crm-api::all db_people_sort::created_key_orders_both_directions
        PASS [   3.188s] (551/908) crm-api::all db_people_sort::name_asc_collation_orders_amy_before_bob_not_by_byte_order
        PASS [   3.188s] (552/908) crm-api::all db_people_sort::name_asc_never_returns_another_organizations_alphabetically_first_person
        PASS [   3.213s] (553/908) crm-api::all db_people_sort::empty_sort_param_is_400
        PASS [   3.216s] (554/908) crm-api::all db_people_sort::foreign_organization_stage_with_a_malformed_sort_is_400_not_422
        PASS [   3.233s] (555/908) crm-api::all db_people_sort::malformed_sort_tokens_are_400_before_pool_acquisition
        PASS [   3.250s] (556/908) crm-api::all db_people_sort::default_order_is_byte_identical_with_and_without_explicit_created_desc
        PASS [   3.283s] (557/908) crm-api::all db_people_filter::unknown_extra_query_param_is_ignored_exactly_as_today
        PASS [   3.277s] (558/908) crm-api::all db_people_sort::assignee_key_orders_both_directions_with_unassigned_last
        PASS [   2.714s] (559/908) crm-api::all db_people_sort::non_created_keys_tie_break_by_created_at_desc_then_id_asc
        PASS [   2.724s] (560/908) crm-api::all db_people_sort::sort_without_filter_records_no_filter_kinds_on_the_span
        PASS [   2.775s] (561/908) crm-api::all db_people_sort::repeated_sort_param_is_400
        PASS [   2.884s] (562/908) crm-api::all db_people_sort::name_key_orders_both_directions_with_missing_last_and_empty_string_pin
        PASS [   2.819s] (563/908) crm-api::all db_people_sort::sort_composes_with_a_source_clause_binding_the_latest_source_probe
        PASS [   2.849s] (564/908) crm-api::all db_people_sort::sort_applies_before_truncation_so_the_alphabetical_500_differs_from_the_newest_500
        PASS [   2.919s] (565/908) crm-api::all db_people_sort::name_key_orders_by_first_name_as_the_secondary_key_with_missing_first_name_last
        PASS [   2.874s] (566/908) crm-api::all db_people_sort::sort_composes_with_a_positive_clause_me_and_empty_clauses
        PASS [   2.918s] (567/908) crm-api::all db_people_sort::null_heavy_tail_respects_nulls_last_and_truncates_the_oldest_null_row
        PASS [   2.932s] (568/908) crm-api::all db_people_sort::non_created_keys_apply_created_at_desc_before_id_asc_for_name_and_stage
        PASS [   3.513s] (569/908) crm-api::all db_person_last_activity::call_settle_answered_advances_last_contact_at
        PASS [   3.557s] (570/908) crm-api::all db_person_last_activity::first_and_repeat_inquiry_including_out_of_order_earlier_received_at
        PASS [   3.674s] (571/908) crm-api::all db_person_last_activity::backdated_forward_earlier_is_noop_later_advances
        PASS [   3.559s] (572/908) crm-api::all db_person_last_activity::history_row_with_mismatched_organization_id_updates_nothing
        PASS [   3.687s] (573/908) crm-api::all db_people_sort::unknown_extra_query_param_with_a_valid_sort_is_still_200
        PASS [   3.712s] (574/908) crm-api::all db_people_sort::ties_at_the_500_boundary_drop_the_expected_single_row
        PASS [   3.590s] (575/908) crm-api::all db_person_last_activity::deduplicated_outbound_capture_advances_nothing
        PASS [   3.601s] (576/908) crm-api::all db_person_last_activity::concurrent_attempts_in_either_commit_order_leave_the_greater
        PASS [   3.561s] (577/908) crm-api::all db_person_last_activity::inbound_capture_advances_last_inbound_at_only
        PASS [   3.785s] (578/908) crm-api::all db_people_sort::stage_key_orders_by_pipeline_position_both_directions
        PASS [   3.413s] (579/908) crm-api::all db_person_last_activity::log_contact_attempt_advances_last_contact_at
        PASS [   3.379s] (580/908) crm-api::all db_realtime::intake_matched_person_publishes_exactly_one_event_despite_two_facts
        PASS [   3.389s] (581/908) crm-api::all db_person_last_activity::outcome_correction_does_not_change_last_contact_at
        PASS [   3.396s] (582/908) crm-api::all db_realtime::assign_stage_and_contact_commands_publish_only_when_changed
        PASS [   3.408s] (583/908) crm-api::all db_person_last_activity::outbound_capture_advances_contact_and_outbound_not_inbound
        PASS [   3.409s] (584/908) crm-api::all db_realtime::duplicate_intake_publishes_nothing_additional
        PASS [   3.396s] (585/908) crm-api::all db_realtime::intake_unresolved_publishes_with_raw_payload_received_at
        PASS [   3.416s] (586/908) crm-api::all db_realtime::intake_new_person_publishes_exactly_one_event
        PASS [   3.437s] (587/908) crm-api::all db_person_last_activity::migration_backfill_block_recomputes_every_column_as_max_of_history
        PASS [   3.012s] (588/908) crm-api::all db_realtime::note_changed_payload_carries_no_body_key
        PASS [   3.024s] (589/908) crm-api::all db_realtime::task_changed_payload_carries_no_title_key_and_none_on_changed_false
        PASS [   3.031s] (590/908) crm-api::all db_realtime::two_concurrent_log_contact_attempts_on_same_person_both_write_and_publish
        PASS [   3.039s] (591/908) crm-api::all db_saved_lists::create_replay_edit_delete_and_direct_version_validation
        PASS [   3.167s] (592/908) crm-api::all db_realtime::log_contact_attempt_racing_assign_person_on_same_person_both_write_and_publish
        PASS [   6.481s] (593/908) crm-api::all db_realtime::intake_busy_publishes_nothing
        PASS [   3.096s] (594/908) crm-api::all db_saved_lists::concurrent_create_and_revision_races_preserve_one_winner
        PASS [   3.127s] (595/908) crm-api::all db_realtime::publish_failure_does_not_fail_the_command
        PASS [   3.132s] (596/908) crm-api::all db_realtime::rejected_commands_publish_nothing
        PASS [   3.106s] (597/908) crm-api::all db_saved_lists::create_retry_identity_is_scoped_to_actor_and_organization
        PASS [   4.457s] (598/908) crm-api::all db_saved_lists::membership_for_share_lock_rechecks_role_and_status_after_a_privilege_race
        PASS [   4.465s] (599/908) crm-api::all db_saved_lists::saved_list_http_index_is_metadata_only_and_actor_visible
        PASS [   4.477s] (600/908) crm-api::all db_saved_lists::saved_list_http_is_strict_and_preserves_error_precedence
        PASS [   4.546s] (601/908) crm-api::all db_saved_lists::saved_count_matches_people_for_every_filter_axis_mixed_and_exact_caps
        PASS [   4.470s] (602/908) crm-api::all db_saved_lists::saved_list_scope_quotas_are_separate_and_deletion_frees_a_slot
        PASS [   4.491s] (603/908) crm-api::all db_saved_lists::saved_list_schema_enforces_live_tombstone_shape_and_app_grants
        PASS [   4.480s] (604/908) crm-api::all db_saved_lists::saved_list_spans_record_static_kinds_without_names_filters_or_retry_tokens
        PASS [   4.582s] (605/908) crm-api::all db_saved_lists::saved_count_uses_same_capped_semantics_and_resolves_me_per_viewer
        PASS [   4.495s] (606/908) crm-api::all db_saved_lists::stored_unknown_and_stale_filters_fail_closed_but_typed_stale_rows_can_repair
        PASS [   7.546s] (607/908) crm-api::all db_saved_lists::saved_list_http_hides_foreign_and_private_ids_with_the_same_404
        PASS [   3.427s] (608/908) crm-api::all db_saved_lists_sort::saved_list_create_retry_replays_identically_whether_sort_is_absent_or_created_desc
        PASS [   3.434s] (609/908) crm-api::all db_saved_lists_sort::saved_list_create_retry_replays_identically_with_the_same_explicit_sort
        PASS [   3.488s] (610/908) crm-api::all db_saved_lists::visibility_and_current_membership_permissions_do_not_leak_personal_lists
        PASS [   3.433s] (611/908) crm-api::all db_saved_lists_sort::saved_list_http_create_replay_with_absent_sort_matches_created_desc
        PASS [   3.499s] (612/908) crm-api::all db_saved_lists_sort::owner_put_repairs_an_unreadable_stored_sort_with_a_valid_sort_or_null
        PASS [   3.624s] (613/908) crm-api::all db_saved_lists::stored_v1_unknown_fields_and_bad_shapes_are_independently_unsupported
        PASS [   3.478s] (614/908) crm-api::all db_saved_lists_sort::saved_list_delete_clears_sort_columns
        PASS [   3.560s] (615/908) crm-api::all db_saved_lists::unsupported_deep_stored_jsonb_keeps_metadata_retry_and_delete_safe
        PASS [   4.862s] (616/908) crm-api::all db_saved_lists_sort::saved_list_http_hides_a_foreign_sorted_list_with_the_same_404_as_hidden_personal
        PASS [   3.400s] (617/908) crm-api::all db_saved_lists_sort::saved_list_http_sort_rejects_non_string_json_shapes_on_create_and_update
        PASS [   3.468s] (618/908) crm-api::all db_saved_lists_tags::saved_list_detail_description_resolves_tag_names
        PASS [   3.547s] (619/908) crm-api::all db_saved_lists_sort::saved_list_sort_is_part_of_the_definition_and_bumps_revision_only_when_it_changes
        PASS [   3.532s] (620/908) crm-api::all db_saved_lists_sort::update_saved_list_with_absent_sort_normalizes_to_the_default_null_pair
        PASS [   3.531s] (621/908) crm-api::all db_saved_lists_tags::saved_list_detail_and_count_report_invalid_tag_and_writer_repairs
        PASS [   3.597s] (622/908) crm-api::all db_saved_lists_sort::saved_list_member_put_with_bad_sort_on_shared_list_is_400_not_403
        PASS [   3.619s] (623/908) crm-api::all db_saved_lists_sort::saved_list_http_sort_round_trips_rejects_malformed_and_precedes_404
        PASS [   3.557s] (624/908) crm-api::all db_saved_lists_sort::unrecognized_stored_sort_pair_fails_closed_on_detail_and_count
        PASS [   3.607s] (625/908) crm-api::all db_saved_lists_sort::saved_list_member_sort_only_update_on_shared_list_is_forbidden
        PASS [   3.176s] (626/908) crm-api::all db_saved_lists_tags::saved_list_write_time_foreign_or_deleted_tag_id_is_422_invalid_tag
        PASS [   3.283s] (627/908) crm-api::all db_schema::contact_attempted_outcome_check_and_corrects_once_index_are_section_2
        PASS [   2.753s] (628/908) crm-api::all db_schema::custom_field_and_related_grants_are_exactly_slice_019_section_2_with_no_delete_on_definitions
        PASS [   2.803s] (629/908) crm-api::all db_schema::crm_app_can_actually_write_the_granted_tables
        PASS [   2.744s] (630/908) crm-api::all db_schema::custom_field_indexes_exist
        PASS [   2.756s] (631/908) crm-api::all db_schema::custom_field_type_change_is_refused_while_a_value_exists
        PASS [   2.787s] (632/908) crm-api::all db_schema::crm_app_has_exactly_the_slice_002_grants
        PASS [   2.777s] (633/908) crm-api::all db_schema::fact_tables_are_append_only_via_grant_and_trigger
        PASS [   2.797s] (634/908) crm-api::all db_schema::custom_field_composite_fk_rejections
        PASS [   2.758s] (635/908) crm-api::all db_schema::fact_tables_reject_truncate_via_grant_and_trigger
        PASS [   1.753s] (636/908) crm-api::all db_schema::note_grants_are_exactly_slice_015_section_2_with_no_delete
        PASS [   2.440s] (637/908) crm-api::all db_schema::note_indexes_exist
        PASS [   2.399s] (638/908) crm-api::all db_schema::tag_name_is_unique_case_insensitively_per_organization_and_person_tag_is_tenant_isolated
        PASS [   2.439s] (639/908) crm-api::all db_schema::person_last_activity_triggers_exist_as_after_insert_row_triggers
        PASS [   2.406s] (640/908) crm-api::all db_schema::task_accepts_500_four_byte_code_points_and_cascades_with_person
        PASS [   2.414s] (641/908) crm-api::all db_schema::tag_and_person_tag_indexes_exist
        PASS [   2.445s] (642/908) crm-api::all db_schema::saved_list_sort_columns_check_constraints_reject_bad_values_and_half_pairs
        PASS [   2.474s] (643/908) crm-api::all db_schema::person_grant_is_unchanged_by_slice_012
        PASS [   2.469s] (644/908) crm-api::all db_schema::person_org_last_contact_idx_exists_with_the_declared_column_order
        PASS [   2.498s] (645/908) crm-api::all db_schema::person_custom_field_value_check_constraints_matrix
        PASS [   2.452s] (646/908) crm-api::all db_schema::tag_and_person_tag_grants_are_exactly_slice_011e_section_2
        PASS [   4.340s] (647/908) crm-api::all db_schema::task_indexes_exist
        PASS [   4.496s] (648/908) crm-api::all db_snapshot_http::current_admin_keeps_retained_access_after_initiator_revocation_and_disconnect
        PASS [   4.516s] (649/908) crm-api::all db_schema::task_source_external_id_partial_unique_index_and_resurrection_guard
        PASS [   4.529s] (650/908) crm-api::all db_schema::task_grants_are_exactly_slice_016_section_2_with_no_delete
        PASS [   4.536s] (651/908) crm-api::all db_schema::task_composite_fk_rejections
        PASS [   4.499s] (652/908) crm-api::all db_snapshot_http::proposal_and_concurrent_confirmation_replay_without_source_or_business_writes
        PASS [   4.636s] (653/908) crm-api::all db_schema::task_check_constraints_matrix
        PASS [   4.552s] (654/908) crm-api::all db_snapshot_http::budget_revision_receipts_preserve_original_limits_and_never_resume_work
        PASS [   4.541s] (655/908) crm-api::all db_snapshot_http::http_rejects_forged_scope_unknown_fields_and_invalid_page_inputs
        PASS [   4.430s] (656/908) crm-api::all db_snapshot_worker::budget_receipt_records_previous_policy_and_actual_approver
        PASS [   4.335s] (657/908) crm-api::all db_snapshot_worker::revoked_inflight_source_cannot_commit_and_another_admin_cannot_takeover
        PASS [   4.382s] (658/908) crm-api::all db_snapshot_worker::failed_preview_batch_rolls_back_issue_counts_and_fenced_admin_retry_adopts_work
        PASS [   4.363s] (659/908) crm-api::all db_snapshot_worker::retained_ledger_matches_all_counted_payloads_after_capture_preview_and_cancel
        PASS [   4.342s] (660/908) crm-api::all db_statement_equivalence::all_fourteen_statements_agree_between_frozen_and_live_text
        PASS [   4.404s] (661/908) crm-api::all db_snapshot_worker::core_capture_preserves_encrypted_bytes_gaps_variants_and_frozen_preview
        PASS [   4.406s] (662/908) crm-api::all db_snapshot_worker::preview_resume_uses_frozen_source_destination_and_gap_coverage
        PASS [   4.422s] (663/908) crm-api::all db_snapshot_worker::failed_gap_capture_commit_reclaims_lease_without_advancing_checkpoint
        PASS [   4.404s] (664/908) crm-api::all db_snapshot_worker::reservations_pause_without_advancing_and_preview_survives_disconnection
        PASS [   3.314s] (665/908) crm-api::all db_statement_equivalence::person_state_pins_the_waiting_gate_tie_zero_inquiry_exclusion_and_repeat_reply_members
        PASS [   3.234s] (666/908) crm-api::all db_tags::add_person_tag_racing_an_admin_delete_never_503s
        PASS [   3.264s] (667/908) crm-api::all db_tags::add_and_remove_person_tag_is_target_state_idempotent
        PASS [   3.236s] (668/908) crm-api::all db_tags::admin_demoted_inside_the_transaction_gets_403_and_writes_nothing
        PASS [   3.234s] (669/908) crm-api::all db_tags::create_tag_the_201st_tag_is_409_tag_limit_reached
        PASS [   3.286s] (670/908) crm-api::all db_tags::add_and_remove_on_a_foreign_or_nonexistent_person_or_tag_are_identical_404s
        PASS [   3.276s] (671/908) crm-api::all db_tags::admin_can_rename_any_tag_member_only_their_own_unused
        PASS [   3.282s] (672/908) crm-api::all db_tags::admin_delete_removes_and_counts_person_tag_rows
        PASS [   3.267s] (673/908) crm-api::all db_tags::create_tag_is_create_or_get_by_case_insensitive_name
        PASS [   4.141s] (674/908) crm-api::all db_tags::create_tag_validates_trim_length_and_control_characters
        PASS [   4.196s] (675/908) crm-api::all db_tags::get_person_detail_includes_ordered_tags_and_people_rows_are_unchanged
        PASS [   4.281s] (676/908) crm-api::all db_tags::creator_deletes_own_unused_tag_but_not_once_in_use_or_someone_elses
        PASS [   4.257s] (677/908) crm-api::all db_tags::creator_loses_rename_permission_once_a_person_carries_the_tag
        PASS [   4.276s] (678/908) crm-api::all db_tags::delete_does_not_touch_another_organizations_people_or_tags
        PASS [   4.256s] (679/908) crm-api::all db_tags::person_tag_limit_is_20_and_reapplying_at_the_cap_still_succeeds
        PASS [   4.266s] (680/908) crm-api::all db_tags::non_creator_member_cannot_rename_an_unused_tag
        PASS [   4.303s] (681/908) crm-api::all db_tags::deactivated_admin_gets_403_and_rename_of_another_organizations_tag_is_404
        PASS [   6.399s] (682/908) crm-api::all db_tags::get_tags_lists_only_the_organizations_tags_with_correct_can_manage
        PASS [   3.877s] (683/908) crm-api::all db_tags::rename_same_name_is_unchanged_case_only_rename_is_changed_and_collision_is_409
        PASS [   4.685s] (684/908) crm-api::all db_tasks::complete_task_changed_false_and_true_with_positive_control
        PASS [   4.718s] (685/908) crm-api::all db_tasks::complete_task_blocked_by_in_flight_delete_then_join_race_never_503
        PASS [   4.796s] (686/908) crm-api::all db_tags::tag_route_error_precedence_and_wire_shapes
        PASS [   4.756s] (687/908) crm-api::all db_tags::two_concurrent_identical_creates_yield_exactly_one_row_and_two_successes
        PASS [   4.780s] (688/908) crm-api::all db_tags::tags_changed_publishes_exactly_once_per_changing_add_or_remove
        PASS [   4.740s] (689/908) crm-api::all db_tasks::create_task_actor_deactivated_is_forbidden_out_of_band_and_in_flight
        PASS [   4.740s] (690/908) crm-api::all db_tasks::create_task_assignee_deactivated_in_flight_is_422_after_commit_with_no_row
        PASS [   6.181s] (691/908) crm-api::all db_tasks::create_task_foreign_or_nonexistent_person_is_byte_identical_404
        PASS [   3.708s] (692/908) crm-api::all db_tasks::create_task_vs_deactivate_join_race_never_503
        PASS [   3.713s] (693/908) crm-api::all db_tasks::delete_task_tombstone_byte_identical_except_three_columns
        PASS [   3.727s] (694/908) crm-api::all db_tasks::detail_tasks_can_manage_per_viewer
        PASS [   3.766s] (695/908) crm-api::all db_tasks::create_task_shape_default_assignee_and_explicit_active_member
        PASS [   3.724s] (696/908) crm-api::all db_tasks::list_my_tasks_exactly_200_is_not_truncated
        PASS [   3.742s] (697/908) crm-api::all db_tasks::http_precedence_malformed_uuid_json_and_unknown_fields
        PASS [   3.733s] (698/908) crm-api::all db_tasks::list_my_tasks_201_is_truncated_to_200
        PASS [   4.843s] (699/908) crm-api::all db_tasks::create_task_invalid_assignee_variants_are_byte_identical_with_no_row
        PASS [   3.773s] (700/908) crm-api::all db_tasks::snooze_task_rule_3_completed_and_same_instant_are_changed_false
        PASS [   3.953s] (701/908) crm-api::all db_tasks::list_my_tasks_membership_boundary_and_order
        PASS [   3.889s] (702/908) crm-api::all db_tasks::reopen_task_changed_false_and_true_with_positive_control
        PASS [   3.914s] (703/908) crm-api::all db_tasks::mutations_forbidden_for_actor_deactivated_or_admin_demoted_in_transaction
        PASS [   4.088s] (704/908) crm-api::all db_tasks::list_my_tasks_excludes_another_members_and_another_organizations_tasks
        PASS [   3.926s] (705/908) crm-api::all db_tasks::mutations_404_for_wrong_paths_other_organization_and_multi_membership
        PASS [   3.970s] (706/908) crm-api::all db_tasks::list_my_tasks_query_shape_fails_closed
        PASS [   3.964s] (707/908) crm-api::all db_tasks::list_my_tasks_set_based_parity_with_the_today_axis
        PASS [   3.976s] (708/908) crm-api::all db_tasks::list_my_tasks_same_assignee_id_in_two_organizations_never_leaks
        PASS [   4.412s] (709/908) crm-api::all db_tasks::task_completed_history_rank8_tie_break_and_reopen_readd
        PASS [   4.493s] (710/908) crm-api::all db_tasks::third_member_forbidden_on_complete_reopen_snooze_delete
        PASS [   4.491s] (711/908) crm-api::all db_tasks::update_task_assignee_revalidated_only_when_it_changes
        PASS [   4.486s] (712/908) crm-api::all db_tasks::update_task_on_completed_task_leaves_completion_columns_and_updates_history
        PASS [   4.505s] (713/908) crm-api::all db_tasks::update_task_changed_false_and_true_with_positive_control
        PASS [   4.567s] (714/908) crm-api::all db_tasks::task_completed_history_can_manage_with_plain_member_assignee
        PASS [   4.538s] (715/908) crm-api::all db_tasks::update_task_assignee_creator_admin_succeed_third_member_forbidden
        PASS [   4.557s] (716/908) crm-api::all db_tasks::update_task_403_precedes_422_over_http
        PASS [   4.696s] (717/908) crm-api::all db_tasks::task_completed_history_can_manage_overwrite_and_imported_shape
        PASS [   3.620s] (718/908) crm-api::all db_today::stale_inquiry_has_normal_priority_and_sorts_after_fresh
        PASS [   3.775s] (719/908) crm-api::all db_today::client_supplied_viewer_or_organization_is_ignored
        PASS [   3.794s] (720/908) crm-api::all db_tasks::wire_cases_due_at_offset_and_kind_validation
        PASS [   3.738s] (721/908) crm-api::all db_today::repeat_inquiry_after_an_answered_one_resets_waiting_since_to_the_repeat
        PASS [   3.933s] (722/908) crm-api::all db_tasks::update_task_reassign_away_loses_can_manage_and_next_put_is_forbidden
        PASS [   3.782s] (723/908) crm-api::all db_today::fresh_person_survives_the_cap_behind_many_stale_candidates
        PASS [   3.836s] (724/908) crm-api::all db_tasks::update_task_reassign_to_inactive_or_other_organization_member_is_422
        PASS [   3.803s] (725/908) crm-api::all db_today::last_contact_attempt_is_the_effective_row_never_a_superseded_one
        PASS [   3.823s] (726/908) crm-api::all db_today::contact_attempt_by_anyone_removes_the_row
        PASS [   5.428s] (727/908) crm-api::all db_today_builtin_parity::today_zero_sources_preserves_frozen_full_builtin_payload_and_order
        PASS [   5.638s] (728/908) crm-api::all db_today::unassigned_person_is_on_nobodys_today
        PASS [   5.648s] (729/908) crm-api::all db_today::today_is_scoped_to_viewer_and_organization
        PASS [   5.597s] (730/908) crm-api::all db_today_client_replied::a_later_outbound_correspondence_clears_client_replied_without_a_contact_attempt
        PASS [   5.777s] (731/908) crm-api::all db_today::tie_breaks_are_person_id_then_inquiry_id
        PASS [   5.620s] (732/908) crm-api::all db_today_builtin_parity::today_zero_sources_preserves_frozen_reply_inquiry_outcome_precedence_across_viewers_and_tenants
        PASS [   5.650s] (733/908) crm-api::all db_today_builtin_parity::today_zero_sources_preserves_frozen_builtin_cap_and_retained_ids
        PASS [   5.676s] (734/908) crm-api::all db_today::waiting_since_is_the_earliest_unanswered_inquiry_not_the_latest
        PASS [   2.719s] (735/908) crm-api::all db_today_feed_equivalence::a_stored_feed_referencing_a_deleted_tag_reports_invalid_definition_fallback
        PASS [   3.124s] (736/908) crm-api::all db_today_client_replied::a_person_with_no_inquiry_never_qualifies_even_with_a_reply
        PASS [   2.923s] (737/908) crm-api::all db_today_feed_equivalence::a_disabled_feed_with_an_invalid_stored_definition_reports_no_issue
        PASS [   2.961s] (738/908) crm-api::all db_today_client_replied::an_old_backdated_inbound_row_still_arms_today_if_genuinely_unanswered
        PASS [   2.969s] (739/908) crm-api::all db_today_client_replied::client_replied_requires_assignment_to_the_viewer
        PASS [   2.971s] (740/908) crm-api::all db_today_client_replied::client_replied_wins_precedence_over_the_unanswered_inquiry_arm
        PASS [   2.946s] (741/908) crm-api::all db_today_feed_equivalence::call_feed_with_a_tags_clause_admits_and_excludes
        PASS [   2.964s] (742/908) crm-api::all db_today_client_replied::inbound_correspondence_arms_client_replied_and_a_later_attempt_clears_it
        PASS [   9.093s] (743/908) crm-api::all db_today_builtin_parity::today_zero_sources_preserves_frozen_199_200_201_boundary_and_low_cutoff
        PASS [   3.992s] (744/908) crm-api::all db_today_feed_equivalence::caller_not_equal_to_assignee_across_two_viewers
        PASS [   3.404s] (745/908) crm-api::all db_today_feed_equivalence::fresh_boundary_at_exactly_24_hours_is_normal_one_second_later_is_high
        PASS [   3.898s] (746/908) crm-api::all db_today_feed_equivalence::feeds_equals_legacy_with_a_list_source_enabled
        PASS [   3.914s] (747/908) crm-api::all db_today_feed_equivalence::feeds_equals_legacy_for_a_rich_mixed_fixture_with_zero_sources
        PASS [   3.945s] (748/908) crm-api::all db_today_feed_equivalence::feeds_equals_legacy_across_two_tenants
        PASS [   3.930s] (749/908) crm-api::all db_today_feed_equivalence::feeds_equals_legacy_with_a_deactivated_caller
        PASS [   3.936s] (750/908) crm-api::all db_today_feed_equivalence::feeds_equals_legacy_for_the_call_feed_matrix_statements_with_no_extra_clauses
        PASS [   3.973s] (751/908) crm-api::all db_today_feed_equivalence::dual_qualifying_people_beyond_the_201_cap_truncate_identically
        PASS [   3.971s] (752/908) crm-api::all db_today_feed_equivalence::feeds_call_feed_disabled_omits_call_items_and_reasons_re_enabling_restores_them
        PASS [   4.314s] (753/908) crm-api::all db_today_feed_equivalence::fresh_boundary_at_exactly_a_customized_1_hour_window_is_normal_one_second_later_is_high
        PASS [   4.334s] (754/908) crm-api::all db_today_feed_equivalence::person_state_feed_with_a_tags_clause_admits_and_excludes
        PASS [   4.320s] (755/908) crm-api::all db_today_feeds_http::a_body_over_128_kib_matches_the_existing_payload_too_large_mapping
        PASS [   4.331s] (756/908) crm-api::all db_today_feeds_http::admin_get_returns_all_feed_keys_in_fixed_order
        PASS [   4.370s] (757/908) crm-api::all db_today_feed_equivalence::person_state_feed_client_replied_with_a_tags_clause_admits_and_excludes
        PASS [   4.339s] (758/908) crm-api::all db_today_feed_equivalence::reply_equal_to_the_latest_outbound_is_excluded
        PASS [   4.333s] (759/908) crm-api::all db_today_feeds_http::expected_revision_wire_type_and_range_violations_are_400
        PASS [   4.367s] (760/908) crm-api::all db_today_feed_equivalence::preview_of_the_call_feed_caps_at_200_with_truncated
        PASS [   3.194s] (761/908) crm-api::all db_today_feeds_http::feed_rule_violations_are_422_invalid_feed_rule
        PASS [   3.127s] (762/908) crm-api::all db_today_feeds_http::invalid_stage_reference_is_422_invalid_stage
        PASS [   3.140s] (763/908) crm-api::all db_today_feeds_http::invalid_tag_reference_is_422_on_write_and_falls_back_on_read
        PASS [   3.138s] (764/908) crm-api::all db_today_feeds_http::preview_with_an_unknown_subject_is_404
        PASS [   3.177s] (765/908) crm-api::all db_today_feeds_http::filter_version_2_is_400
        PASS [   3.139s] (766/908) crm-api::all db_today_feeds_http::put_on_an_unknown_feed_key_with_a_valid_body_is_404
        PASS [   3.150s] (767/908) crm-api::all db_today_feeds_http::member_get_returns_member_feed_shape
        PASS [   3.147s] (768/908) crm-api::all db_today_feeds_http::put_with_an_unknown_body_field_is_400
        SLOW [> 60.000s] (───────) crm-api::all db_snapshot_scale::shared_phone_25000_people_has_bounded_frozen_groups_and_indexed_queries
        PASS [   3.019s] (769/908) crm-api::all db_today_source_acceptance::today_source_evaluates_a_match_beyond_the_people_500_display_cap
        PASS [   3.158s] (770/908) crm-api::all db_today_feeds_http::unknown_clause_kind_is_400
        PASS [   3.162s] (771/908) crm-api::all db_today_feeds_http::twenty_one_clauses_is_400
        PASS [   3.194s] (772/908) crm-api::all db_today_feeds_http::stale_revision_plus_invalid_stage_is_409_not_422
        PASS [   3.166s] (773/908) crm-api::all db_today_source_acceptance::today_source_deduplicates_overlap_and_keeps_builtin_reasons_beyond_prefix
        PASS [   3.193s] (774/908) crm-api::all db_today_feeds_http::the_mutation_envelope_is_feed_and_changed
        PASS [   3.339s] (775/908) crm-api::all db_today_feeds_http::stale_revision_is_409_today_feed_conflict
        PASS [   3.211s] (776/908) crm-api::all db_today_feeds_http::the_preview_envelope_is_subject_items_truncated_description
        PASS [   3.572s] (777/908) crm-api::all db_today_source_acceptance::today_source_orders_list_only_people_by_never_contacted_last_contact_and_uuid
        PASS [   3.552s] (778/908) crm-api::all db_today_source_contracts::today_source_enable_http_rejects_a_foreign_tag_id_with_422_invalid_tag
        PASS [   3.536s] (779/908) crm-api::all db_today_source_contracts::today_source_membership_deactivation_retains_preferences_and_reactivation_restores_them
        PASS [   3.562s] (780/908) crm-api::all db_today_source_contracts::today_source_enable_http_rejects_noncanonical_or_non_strict_bodies_before_mutation
        PASS [   3.595s] (781/908) crm-api::all db_today_source_contracts::today_source_enable_http_rejects_a_deleted_tag_with_422_invalid_tag
        PASS [   3.614s] (782/908) crm-api::all db_today_source_acceptance::today_source_reserves_builtin_capacity_at_199_200_and_201
        PASS [   3.613s] (783/908) crm-api::all db_today_source_acceptance::today_source_resolves_me_per_viewer_and_matches_other_and_unassigned_people
        PASS [   3.615s] (784/908) crm-api::all db_today_source_contracts::five_rollback_tombstones_are_invisible_and_leave_all_five_source_slots_available
        PASS [   3.995s] (785/908) crm-api::all db_today_source_contracts::today_source_path_precedence_is_malformed_before_authentication
        PASS [   4.023s] (786/908) crm-api::all db_today_source_failures::today_source_metadata_permission_failure_is_unavailable_and_owned_pool_recovers
        PASS [   4.042s] (787/908) crm-api::all db_today_source_deadlines::today_source_recovery_deadline_survives_a_malformed_tail_until_final_commit
        PASS [   4.043s] (788/908) crm-api::all db_today_source_deadlines::today_source_uses_one_absolute_deadline_through_savepoint_membership_and_release
        PASS [   4.069s] (789/908) crm-api::all db_today_source_contracts::today_source_schema_enforces_composite_tenants_and_app_role_grants
        PASS [   4.042s] (790/908) crm-api::all db_today_source_failures::today_source_membership_lock_timeout_keeps_completed_source_and_reuses_owned_connection
        PASS [   4.037s] (791/908) crm-api::all db_today_source_filter_parity::derived_axis_parity_awaiting_response_client_replied_and_call_outcome
        PASS [   7.045s] (792/908) crm-api::all db_today_source_contracts::today_source_private_foreign_and_missing_ids_are_indistinguishable_to_members_and_admins
        PASS [   3.073s] (793/908) crm-api::all db_today_source_filter_parity::today_source_parity_covers_null_ages_corrections_and_captured_facts
        PASS [   3.096s] (794/908) crm-api::all db_today_source_filter_parity::tags_source_admits_and_drops_on_tag_removal
        PASS [   3.302s] (795/908) crm-api::all db_today_source_filter_parity::tags_and_not_tags_source_parity
        PASS [  21.448s] (796/908) crm-api::all db_today_feed_equivalence::person_state_and_call_only_counts_near_the_boundary_match_legacy
        PASS [   3.130s] (797/908) crm-api::all db_today_source_filter_parity::today_source_parity_uses_latest_source_ties_and_excludes_stale_or_absent_sources
        PASS [   3.139s] (798/908) crm-api::all db_today_source_filter_parity::today_source_parity_covers_every_v1_clause_kind_and_built_in_and_prefix_paths
        PASS [   3.145s] (799/908) crm-api::all db_today_source_filter_parity::today_source_parity_resolves_shared_me_and_unassigned_for_each_viewer
        PASS [   3.159s] (800/908) crm-api::all db_today_source_filter_parity::today_source_fixed_clock_age_boundaries_are_strict_and_not_within_is_inclusive
        PASS [   2.636s] (801/908) crm-api::all db_today_source_hooks::today_source_tag_deleted_before_enumeration_is_invalid_tag_issue
        PASS [   2.858s] (802/908) crm-api::all db_today_source_hooks::today_source_membership_checkpoint_sql_failure_discards_only_that_source
        PASS [   2.832s] (803/908) crm-api::all db_today_source_operator::operator_parity_under_a_customized_feed_a
        PASS [   2.826s] (804/908) crm-api::all db_today_source_operator::operator_parity_under_a_disabled_feed
        PASS [   3.009s] (805/908) crm-api::all db_today_source_hooks::today_source_after_builtins_gate_keeps_one_snapshot_across_list_and_contact_mutations
        PASS [   2.930s] (806/908) crm-api::all db_today_source_hooks::today_source_backend_termination_marks_current_and_remaining_sources_unavailable
        PASS [   2.873s] (807/908) crm-api::all db_today_source_hooks::today_source_tag_deleted_concurrently_is_invisible_under_repeatable_read
        PASS [   2.853s] (808/908) crm-api::all db_today_source_operator::operator_parity_under_a_fallback_feed
        PASS [   2.919s] (809/908) crm-api::all db_today_source_hooks::today_source_recovery_checkpoint_exhaustion_uses_cleanup_grace_and_discards_connection
        PASS [   3.259s] (810/908) crm-api::all db_today_source_races::today_source_enable_delete_race_leaves_no_preference_or_discoverable_configuration
        PASS [   3.408s] (811/908) crm-api::all db_today_source_operator::today_source_operator_exposes_partial_empty_metadata_and_wraps_issue_name
        PASS [   3.343s] (812/908) crm-api::all db_today_source_settings::today_owned_query_restores_pool_settings_after_normal_partial_and_recovered_source_error
        PASS [   3.617s] (813/908) crm-api::all db_today_source_operator::today_source_operator_and_http_share_order_positions_and_list_only_card
        PASS [   3.378s] (814/908) crm-api::all db_today_source_races::today_source_http_mutations_and_list_delete_publish_no_organization_event
        PASS [   3.417s] (815/908) crm-api::all db_today_source_operator::today_source_operator_reports_bounded_absence_after_source_cap
        PASS [   3.390s] (816/908) crm-api::all db_today_source_races::today_source_opposing_enable_disable_race_has_a_serialized_final_state
        PASS [   3.430s] (817/908) crm-api::all db_today_source_races::today_source_enable_checks_revision_before_idempotence_and_cap
        PASS [   3.404s] (818/908) crm-api::all db_today_source_settings::operator_turn_timeout_cancels_owned_today_query_and_replaces_its_connection
        PASS [   3.377s] (819/908) crm-api::all db_today_sources::today_source_commands_are_idempotent_and_disable_stored_invalid_source
        PASS [   3.424s] (820/908) crm-api::all db_today_sources::today_source_reports_invalid_tag_for_a_deleted_tag
        PASS [   3.487s] (821/908) crm-api::all db_today_sources::deleting_saved_list_removes_all_today_source_preferences
        PASS [   3.426s] (822/908) crm-api::all db_today_sources::today_sources_are_private_and_organization_scoped
        PASS [   3.463s] (823/908) crm-api::all db_today_sources::today_source_cap_excludes_stale_tombstones
        PASS [   3.607s] (824/908) crm-api::all db_today_source_telemetry::today_source_spans_record_safe_structured_fields_without_private_content
        PASS [   3.460s] (825/908) crm-api::all db_today_sources::today_source_only_person_keeps_nullable_fields_and_review_action
        PASS [   3.509s] (826/908) crm-api::all db_today_sources::sorted_list_and_its_unsorted_duplicate_produce_identical_today_bodies
        PASS [   3.480s] (827/908) crm-api::all db_today_sources::today_source_five_live_source_cap_holds_under_concurrent_enables
        PASS [  83.916s] (828/908) crm-api::all db_snapshot_scale::shared_phone_25000_people_has_bounded_frozen_groups_and_indexed_queries
        PASS [   3.180s] (829/908) crm-api::all db_today_system_feed_call_failures::call_feed_unrecoverable_failure_marks_the_response_unavailable_and_discards_the_connection
        PASS [   3.145s] (830/908) crm-api::all db_today_system_feed_call_failures::set_local_settings_restore_after_a_successful_preview
        PASS [   3.156s] (831/908) crm-api::all db_today_system_feed_call_failures::set_local_settings_restore_after_call_only_failure
        PASS [   3.206s] (832/908) crm-api::all db_today_system_feed_call_failures::call_only_failure_is_partial_with_intact_person_state_and_list_sources
        PASS [   3.232s] (833/908) crm-api::all db_today_system_feed_call_failures::call_membership_failure_is_partial_with_intact_person_state_and_list_sources
        PASS [   3.222s] (834/908) crm-api::all db_today_system_feed_call_failures::set_local_settings_are_default_on_the_replacement_after_an_unrecoverable_failure
        PASS [   3.232s] (835/908) crm-api::all db_today_system_feed_call_failures::preview_statement_timeout_is_unavailable_and_never_partial
        PASS [   3.220s] (836/908) crm-api::all db_today_system_feed_call_failures::set_local_settings_restore_after_a_preview_timeout
        PASS [   3.322s] (837/908) crm-api::all db_today_system_feed_call_failures::call_feed_failure_and_list_source_enumeration_failure_yields_unavailable_with_the_system_feed_issue_present
        PASS [   2.449s] (838/908) crm-api::all db_today_system_feed_commands::feed_rule_violations_are_rejected_before_any_write
        PASS [   2.436s] (839/908) crm-api::all db_today_system_feed_commands::update_and_revert_racing_the_same_expected_revision_exactly_one_wins
        PASS [   2.580s] (840/908) crm-api::all db_today_system_feed_commands::a_deterministic_update_revert_disable_sequence_writes_exactly_three_ordered_facts
        PASS [   2.497s] (841/908) crm-api::all db_today_system_feed_commands::member_is_forbidden_on_every_direct_command
        PASS [   2.472s] (842/908) crm-api::all db_today_system_feed_commands::preview_subject_inactive_is_not_found
        PASS [   2.547s] (843/908) crm-api::all db_today_system_feed_commands::admin_of_organization_b_cannot_read_edit_preview_or_affect_organization_a
        PASS [   2.490s] (844/908) crm-api::all db_today_system_feed_commands::preview_returns_not_found_before_invalid_stage_on_an_inactive_subject
        PASS [   2.499s] (845/908) crm-api::all db_today_system_feed_commands::update_no_op_detection_canonical_collapse_and_one_fact_per_real_change
        PASS [   2.510s] (846/908) crm-api::all db_today_system_feed_commands::revert_and_enabled_no_op_detection_and_facts
        PASS [   2.579s] (847/908) crm-api::all db_today_system_feed_commands::demoted_admin_loses_access_inside_the_command_transaction
        PASS [   2.368s] (848/908) crm-api::all db_today_system_feed_commands::update_returns_conflict_before_invalid_feed_rule_on_a_stale_revision
        PASS [   2.323s] (849/908) crm-api::all db_today_system_feed_evaluation::an_unassigned_person_matching_only_the_customized_feed_does_not_503_feed_a
        PASS [   2.336s] (850/908) crm-api::all db_today_system_feed_evaluation::call_feed_customized_with_a_stage_clause_narrows_evaluation_to_that_stage
        PASS [   2.394s] (851/908) crm-api::all db_today_system_feed_evaluation::a_stored_feed_with_unsupported_json_falls_back_to_canonical_in_evaluation
        PASS [   2.400s] (852/908) crm-api::all db_today_system_feed_evaluation::a_stored_feed_referencing_a_deleted_stage_falls_back_to_canonical_in_evaluation
        PASS [   2.353s] (853/908) crm-api::all db_today_system_feed_evaluation::customized_feed_a_with_a_stage_clause_and_extra_assignee_matches_the_narrower_set
        PASS [   2.377s] (854/908) crm-api::all db_today_system_feed_evaluation::call_feed_customized_with_assigned_to_me_narrows_evaluation_to_assigned_persons
        PASS [   2.404s] (855/908) crm-api::all db_today_system_feed_evaluation::an_unassigned_person_matching_only_the_customized_feed_does_not_503_feed_b
        PASS [   2.403s] (856/908) crm-api::all db_today_system_feed_evaluation::call_feed_customized_last_contact_window_honors_the_bound_clock_not_real_now
        PASS [   2.467s] (857/908) crm-api::all db_today_system_feed_evaluation::a_person_in_both_feeds_shifts_to_inquiry_reasons_when_feed_b_is_disabled
        PASS [   2.249s] (858/908) crm-api::all db_today_system_feed_preview::preview_caps_at_200_with_truncated
        PASS [   2.307s] (859/908) crm-api::all db_today_system_feed_preview::preview_equals_todays_contribution_for_the_subject_with_the_other_feed_disabled
        PASS [   2.292s] (860/908) crm-api::all db_today_system_feed_preview::preview_missing_subject_precedes_invalid_custom_reference
        PASS [   2.386s] (861/908) crm-api::all db_today_system_feed_evaluation::revoking_select_on_today_system_feed_is_a_query_error_and_a_503
        PASS [   2.300s] (862/908) crm-api::all db_today_system_feed_preview::preview_of_a_call_feed_customized_with_a_stage_clause_narrows_the_candidates
        PASS [   2.440s] (863/908) crm-api::all db_today_system_feed_evaluation::customized_freshness_windows_1_hour_and_8760_hours_change_the_fresh_boundary
        PASS [   2.367s] (864/908) crm-api::all db_today_system_feed_preview::dual_membership_admin_of_b_cannot_reach_organization_a_through_preview
        PASS [   2.330s] (865/908) crm-api::all db_today_system_feed_preview::preview_of_a_call_feed_customized_with_assigned_to_me_narrows_the_candidates
        PASS [   2.311s] (866/908) crm-api::all db_today_system_feed_preview::preview_resolves_custom_field_labels
        PASS [   2.360s] (867/908) crm-api::all db_today_system_feed_preview::feed_b_narrowed_by_a_stage_clause_shifts_a_dual_person_to_inquiry_reasons
        PASS [   2.829s] (868/908) crm-api::all db_today_system_feeds::backfill_statement_inserts_three_null_rows_per_organization_and_is_idempotent
        PASS [   2.870s] (869/908) crm-api::all db_today_system_feeds::invalid_stage_reference_falls_back_to_canonical
        PASS [   2.853s] (870/908) crm-api::all db_today_system_feeds::missing_row_resolves_as_canonical_enabled
        PASS [   2.898s] (871/908) crm-api::all db_today_system_feeds::is_default_true_for_seeded_rows_false_for_a_valid_custom_definition
        PASS [   2.912s] (872/908) crm-api::all db_today_system_feed_preview::today_feed_command_and_preview_spans_never_carry_the_definition_or_subject_items
        PASS [   2.876s] (873/908) crm-api::all db_today_task_axis::boundary_instants_classify_due_overdue_and_admit_within_24h_window
        PASS [   2.896s] (874/908) crm-api::all db_today_system_feeds::seed_on_create_inserts_exactly_three_default_enabled_rows
        PASS [   3.004s] (875/908) crm-api::all db_today_system_feed_preview::stale_resend_is_conflict_and_deleted_feed_rows_resolve_as_defaults
        PASS [   2.909s] (876/908) crm-api::all db_today_task_axis::completed_tombstoned_other_member_and_other_org_tasks_are_excluded_with_positive_controls
        PASS [   2.924s] (877/908) crm-api::all db_today_system_feeds::today_system_feed_check_constraints
        PASS [   4.037s] (878/908) crm-api::all db_today_task_axis::earliest_task_is_chosen_per_viewer_among_their_own_tasks_only
        PASS [   3.977s] (879/908) crm-api::all db_today_task_axis::task_only_item_has_null_latest_inquiry_and_waiting_since_and_action_follows_kind
        PASS [   4.041s] (880/908) crm-api::all db_today_task_axis::retained_normal_item_with_overdue_task_is_raised_and_ordered_after_fresh_high_before_task_only
        PASS [   4.066s] (881/908) crm-api::all db_today_task_axis::low_outcome_needed_item_is_never_raised_by_an_overdue_task
        PASS [   4.043s] (882/908) crm-api::all db_today_task_axis::task_only_item_exactly_fills_the_cap_without_truncation
        PASS [   4.054s] (883/908) crm-api::all db_today_task_axis::same_user_assignee_in_two_organizations_never_leaks_across_the_boundary
        PASS [   4.036s] (884/908) crm-api::all db_today_task_axis::task_only_item_matching_a_list_source_reads_list_member_then_task_reason
        PASS [   4.012s] (885/908) crm-api::all db_today_task_axis::task_only_items_sharing_due_at_are_ordered_by_ascending_person_id
        PASS [   4.105s] (886/908) crm-api::all db_today_task_axis::exactly_200_builtins_admits_no_task_only_row_but_reports_truncated
        PASS [   4.044s] (887/908) crm-api::all db_today_task_axis::task_only_item_on_a_person_with_an_answered_inquiry_carries_the_real_inquiry_ref
        PASS [   3.895s] (888/908) crm-api::all db_today_task_axis_failures::call_feed_and_axis_both_failing_yield_two_issues_and_recover
        PASS [   3.958s] (889/908) crm-api::all db_today_task_axis_failures::axis_completes_within_its_own_budget_after_a_slow_call_feed
        PASS [   3.940s] (890/908) crm-api::all db_today_task_axis_failures::failure_before_release_is_all_or_nothing_partial
        PASS [   3.955s] (891/908) crm-api::all db_today_task_axis_failures::exhausted_recovery_budget_marks_the_whole_response_unavailable
        PASS [   3.963s] (892/908) crm-api::all db_today_task_axis_failures::failure_after_savepoint_is_all_or_nothing_partial
        PASS [   4.080s] (893/908) crm-api::all db_today_task_axis::task_only_prefix_admits_up_to_k_and_sets_truncated_on_the_extra_row
        PASS [   4.017s] (894/908) crm-api::all db_today_task_axis::zero_task_organization_today_is_unaffected_for_admin_and_member
        PASS [   3.994s] (895/908) crm-api::all db_today_task_axis_failures::failure_after_membership_is_all_or_nothing_partial
        PASS [   4.064s] (896/908) crm-api::all db_today_task_axis::truncated_person_state_statement_skips_the_task_only_prefix_entirely
        PASS [   3.977s] (897/908) crm-api::all db_today_task_axis_failures::set_local_settings_restore_after_a_recovered_task_axis_failure
        PASS [   4.500s] (898/908) crm-api::all db_today_task_axis_failures::unrecoverable_call_feed_returns_before_the_axis_runs
        PASS [   4.546s] (899/908) crm-api::all db_workspace_http::workspace_http_blocks_alternate_person_note_task_and_tag_mutations
        PASS [   4.593s] (900/908) crm-api::all db_workspace_background::workspace_held_calls_allow_signed_terminal_and_owned_hangup_but_not_dial_or_correction
        PASS [   4.553s] (901/908) crm-api::all db_workspace_http::workspace_http_holds_existing_intake_retry_discard_and_today_configuration
        PASS [   4.597s] (902/908) crm-api::all db_workspace_background::workspace_operator_admission_wait_consumes_absolute_deadline_before_provider_start
        PASS [   4.566s] (903/908) crm-api::all db_workspace_http::workspace_http_settings_provisioning_and_governance_remain_distinct
        PASS [   4.622s] (904/908) crm-api::all db_workspace_background::workspace_inbound_retries_before_raw_storage_and_extraction_skips_held_without_attempts
        PASS [   4.583s] (905/908) crm-api::all db_workspace_http::workspace_http_review_reads_require_current_admin_and_clear_session_status
        PASS [   4.615s] (906/908) crm-api::all db_workspace_background::workspace_operator_disconnect_keeps_admission_until_deadline_and_blocks_held_inference
        PASS [   4.710s] (907/908) crm-api::all db_today_task_axis_failures::task_axis_real_statement_timeout_cancellation_is_partial_and_recovers
        PASS [   2.451s] (908/908) crm-api::all db_workspace_http::workspace_http_today_operator_realtime_cannot_escape_review
────────────
     Summary [ 427.076s] 908 tests run: 908 passed (1 slow), 935 skipped
==> [451s]
==> all checks passed [total 458s]
