   Compiling crm-api v0.1.0 (/Users/karrad/projects/crm-worktrees/010c/backend/crates/crm-api)
warning: constant `WARMUP_WAVES` is never used
  --> crates/crm-api/tests/fixtures/today_http_perf_driver.rs:26:11
   |
26 | pub const WARMUP_WAVES: usize = 6;
   |           ^^^^^^^^^^^^
   |
   = note: `#[warn(dead_code)]` (part of `#[warn(unused)]`) on by default

warning: constant `WARMUP_CONCURRENCY` is never used
  --> crates/crm-api/tests/fixtures/today_http_perf_driver.rs:27:11
   |
27 | pub const WARMUP_CONCURRENCY: usize = 10;
   |           ^^^^^^^^^^^^^^^^^^

warning: constant `WARMUP_ATTEMPTS_PER_CASE` is never used
  --> crates/crm-api/tests/fixtures/today_http_perf_driver.rs:28:11
   |
28 | pub const WARMUP_ATTEMPTS_PER_CASE: usize = WARMUP_WAVES * WARMUP_CONCURRENCY;
   |           ^^^^^^^^^^^^^^^^^^^^^^^^

warning: constant `CRITICAL_CASES` is never used
  --> crates/crm-api/tests/fixtures/today_http_perf_driver.rs:33:11
   |
33 | pub const CRITICAL_CASES: usize = 4;
   |           ^^^^^^^^^^^^^^

warning: constant `CRITICAL_SAMPLE_SHAPE` is never used
  --> crates/crm-api/tests/fixtures/today_http_perf_driver.rs:34:11
   |
34 | pub const CRITICAL_SAMPLE_SHAPE: SampleShape = SampleShape::new(8, 2, 2);
   |           ^^^^^^^^^^^^^^^^^^^^^

warning: constant `CRITICAL_MEASURED_ATTEMPTS` is never used
  --> crates/crm-api/tests/fixtures/today_http_perf_driver.rs:35:11
   |
35 | pub const CRITICAL_MEASURED_ATTEMPTS: usize = CRITICAL_CASES * CRITICAL_SAMPLE_SHAPE.attempts();
   |           ^^^^^^^^^^^^^^^^^^^^^^^^^^

warning: constant `SUPPLEMENTAL_CASES` is never used
  --> crates/crm-api/tests/fixtures/today_http_perf_driver.rs:40:11
   |
40 | pub const SUPPLEMENTAL_CASES: usize = 6;
   |           ^^^^^^^^^^^^^^^^^^

warning: constant `SUPPLEMENTAL_SAMPLE_SHAPE` is never used
  --> crates/crm-api/tests/fixtures/today_http_perf_driver.rs:41:11
   |
41 | pub const SUPPLEMENTAL_SAMPLE_SHAPE: SampleShape = SampleShape::new(5, 1, 1);
   |           ^^^^^^^^^^^^^^^^^^^^^^^^^

warning: constant `SUPPLEMENTAL_MEASURED_ATTEMPTS` is never used
  --> crates/crm-api/tests/fixtures/today_http_perf_driver.rs:42:11
   |
42 | pub const SUPPLEMENTAL_MEASURED_ATTEMPTS: usize =
   |           ^^^^^^^^^^^^^^^^^^^^^^^^^^^^^^

warning: constant `INDEPENDENT_REPEAT_WAVES` is never used
  --> crates/crm-api/tests/fixtures/today_http_perf_driver.rs:47:11
   |
47 | pub const INDEPENDENT_REPEAT_WAVES: usize = 2;
   |           ^^^^^^^^^^^^^^^^^^^^^^^^

warning: constant `INDEPENDENT_REPEAT_CONCURRENCY` is never used
  --> crates/crm-api/tests/fixtures/today_http_perf_driver.rs:48:11
   |
48 | pub const INDEPENDENT_REPEAT_CONCURRENCY: usize = 20;
   |           ^^^^^^^^^^^^^^^^^^^^^^^^^^^^^^

warning: constant `INDEPENDENT_REPEAT_ATTEMPTS` is never used
  --> crates/crm-api/tests/fixtures/today_http_perf_driver.rs:49:11
   |
49 | pub const INDEPENDENT_REPEAT_ATTEMPTS: usize =
   |           ^^^^^^^^^^^^^^^^^^^^^^^^^^^

warning: constant `FINAL_ARM_MEASURED_ATTEMPTS` is never used
  --> crates/crm-api/tests/fixtures/today_http_perf_driver.rs:55:11
   |
55 | pub const FINAL_ARM_MEASURED_ATTEMPTS: usize =
   |           ^^^^^^^^^^^^^^^^^^^^^^^^^^^

warning: constant `PAIRED_ORIGINAL_MEASURED_ATTEMPTS` is never used
  --> crates/crm-api/tests/fixtures/today_http_perf_driver.rs:62:11
   |
62 | pub const PAIRED_ORIGINAL_MEASURED_ATTEMPTS: usize =
   |           ^^^^^^^^^^^^^^^^^^^^^^^^^^^^^^^^^

warning: constant `HTTP_OK` is never used
  --> crates/crm-api/tests/fixtures/today_http_perf_driver.rs:66:11
   |
66 | pub const HTTP_OK: u16 = 200;
   |           ^^^^^^^

warning: constant `REQUEST_P95_CONCURRENCY_1` is never used
  --> crates/crm-api/tests/fixtures/today_http_perf_driver.rs:67:11
   |
67 | pub const REQUEST_P95_CONCURRENCY_1: Duration = Duration::from_millis(1_250);
   |           ^^^^^^^^^^^^^^^^^^^^^^^^^

warning: constant `REQUEST_P95_CONCURRENCY_10` is never used
  --> crates/crm-api/tests/fixtures/today_http_perf_driver.rs:68:11
   |
68 | pub const REQUEST_P95_CONCURRENCY_10: Duration = Duration::from_millis(2_500);
   |           ^^^^^^^^^^^^^^^^^^^^^^^^^^

warning: constant `REQUEST_P95_CONCURRENCY_20` is never used
  --> crates/crm-api/tests/fixtures/today_http_perf_driver.rs:69:11
   |
69 | pub const REQUEST_P95_CONCURRENCY_20: Duration = Duration::from_millis(4_500);
   |           ^^^^^^^^^^^^^^^^^^^^^^^^^^

warning: constant `WHOLE_SOURCE_P95_LIMIT` is never used
  --> crates/crm-api/tests/fixtures/today_http_perf_driver.rs:70:11
   |
70 | pub const WHOLE_SOURCE_P95_LIMIT: Duration = Duration::from_millis(450);
   |           ^^^^^^^^^^^^^^^^^^^^^^

warning: constant `SOURCE_ENUMERATION_BUDGET` is never used
  --> crates/crm-api/tests/fixtures/today_http_perf_driver.rs:71:11
   |
71 | pub const SOURCE_ENUMERATION_BUDGET: Duration = Duration::from_millis(250);
   |           ^^^^^^^^^^^^^^^^^^^^^^^^^

warning: constant `WHOLE_SOURCE_BUDGET` is never used
  --> crates/crm-api/tests/fixtures/today_http_perf_driver.rs:72:11
   |
72 | pub const WHOLE_SOURCE_BUDGET: Duration = Duration::from_millis(500);
   |           ^^^^^^^^^^^^^^^^^^^

warning: constant `ACQUISITION_BUDGET` is never used
  --> crates/crm-api/tests/fixtures/today_http_perf_driver.rs:73:11
   |
73 | pub const ACQUISITION_BUDGET: Duration = Duration::from_secs(2);
   |           ^^^^^^^^^^^^^^^^^^

warning: struct `SampleShape` is never constructed
  --> crates/crm-api/tests/fixtures/today_http_perf_driver.rs:79:12
   |
79 | pub struct SampleShape {
   |            ^^^^^^^^^^^

warning: associated items `new` and `attempts` are never used
  --> crates/crm-api/tests/fixtures/today_http_perf_driver.rs:86:18
   |
85 | impl SampleShape {
   | ---------------- associated items in this implementation
86 |     pub const fn new(serial_attempts: usize, waves_at_10: usize, waves_at_20: usize) -> Self {
   |                  ^^^
...
94 |     pub const fn attempts(self) -> usize {
   |                  ^^^^^^^^

warning: enum `FinalMatrixCase` is never used
   --> crates/crm-api/tests/fixtures/today_http_perf_driver.rs:104:10
    |
104 | pub enum FinalMatrixCase {
    |          ^^^^^^^^^^^^^^^

warning: associated items `CRITICAL`, `SUPPLEMENTAL`, `sample_shape`, and `expected_sources_per_attempt` are never used
   --> crates/crm-api/tests/fixtures/today_http_perf_driver.rs:118:15
    |
117 | impl FinalMatrixCase {
    | -------------------- associated items in this implementation
118 |     pub const CRITICAL: [Self; CRITICAL_CASES] = [
    |               ^^^^^^^^
...
125 |     pub const SUPPLEMENTAL: [Self; SUPPLEMENTAL_CASES] = [
    |               ^^^^^^^^^^^^
...
134 |     pub const fn sample_shape(self) -> SampleShape {
    |                  ^^^^^^^^^^^^
...
149 |     pub const fn expected_sources_per_attempt(self) -> usize {
    |                  ^^^^^^^^^^^^^^^^^^^^^^^^^^^^

warning: variant `RequestTimeout` is never constructed
   --> crates/crm-api/tests/fixtures/today_http_perf_driver.rs:278:5
    |
276 | pub enum ClientFailureKind {
    |          ----------------- variant in this enum
277 |     Transport,
278 |     RequestTimeout,
    |     ^^^^^^^^^^^^^^
    |
    = note: `ClientFailureKind` has derived impls for the traits `Clone` and `Debug`, but these are intentionally ignored during dead code analysis

warning: method `metadata` is never used
   --> crates/crm-api/tests/fixtures/today_http_perf_driver.rs:300:12
    |
299 | impl<M> AttemptOutcome<M> {
    | ------------------------- method in this implementation
300 |     pub fn metadata(&self) -> Option<&M> {
    |            ^^^^^^^^

warning: struct `TimingSummary` is never constructed
   --> crates/crm-api/tests/fixtures/today_http_perf_driver.rs:501:12
    |
501 | pub struct TimingSummary {
    |            ^^^^^^^^^^^^^

warning: function `summarize_timings` is never used
   --> crates/crm-api/tests/fixtures/today_http_perf_driver.rs:511:8
    |
511 | pub fn summarize_timings<I>(timings: I) -> TimingSummary
    |        ^^^^^^^^^^^^^^^^^

warning: struct `AttemptAggregate` is never constructed
   --> crates/crm-api/tests/fixtures/today_http_perf_driver.rs:553:12
    |
553 | pub struct AttemptAggregate {
    |            ^^^^^^^^^^^^^^^^

warning: function `aggregate_attempts` is never used
   --> crates/crm-api/tests/fixtures/today_http_perf_driver.rs:567:8
    |
567 | pub fn aggregate_attempts<M, F, I>(
    |        ^^^^^^^^^^^^^^^^^^

warning: struct `NormalCompletionGate` is never constructed
   --> crates/crm-api/tests/fixtures/today_http_perf_driver.rs:628:12
    |
628 | pub struct NormalCompletionGate {
    |            ^^^^^^^^^^^^^^^^^^^^

warning: struct `NormalCompletionReport` is never constructed
   --> crates/crm-api/tests/fixtures/today_http_perf_driver.rs:637:12
    |
637 | pub struct NormalCompletionReport {
    |            ^^^^^^^^^^^^^^^^^^^^^^

warning: enum `NormalCompletionViolation` is never used
   --> crates/crm-api/tests/fixtures/today_http_perf_driver.rs:648:10
    |
648 | pub enum NormalCompletionViolation {
    |          ^^^^^^^^^^^^^^^^^^^^^^^^^

warning: function `check_normal_completion` is never used
   --> crates/crm-api/tests/fixtures/today_http_perf_driver.rs:659:8
    |
659 | pub fn check_normal_completion<M>(
    |        ^^^^^^^^^^^^^^^^^^^^^^^

warning: function `request_p95_limit` is never used
   --> crates/crm-api/tests/fixtures/today_http_perf_driver.rs:715:14
    |
715 | pub const fn request_p95_limit(concurrency: usize) -> Option<Duration> {
    |              ^^^^^^^^^^^^^^^^^

warning: constant `WARMUP_WAVES` is never used
  --> crates/crm-api/tests/fixtures/today_http_perf_driver.rs:26:11
   |
26 | pub const WARMUP_WAVES: usize = 6;
   |           ^^^^^^^^^^^^

warning: `crm-api` (test "all") generated 74 warnings (36 duplicates)
    Finished `test` profile [unoptimized + debuginfo] target(s) in 25.74s
     Running tests/all.rs (target/debug/deps/all-1e584fd860a17517)

running 1 test
test db_import_plans::import_and_people_hot_queries_are_bounded_at_d050 ... CRM_010C_IMPORT_FIXTURE {"elapsed_ms":1963,"phase":"base_fixture"}
CRM_010C_IMPORT_FIXTURE {"elapsed_ms":466,"phase":"additional_members"}
CRM_010C_IMPORT_FIXTURE {"elapsed_ms":96210,"phase":"cardinality_rows"}
CRM_010C_IMPORT_FIXTURE {"elapsed_ms":479,"phase":"analyze"}
CRM_010C_IMPORT_PLAN {"label":"claim","plan":[{"Execution Time":0.091,"Plan":{"Actual Loops":1,"Actual Rows":1.0,"Actual Startup Time":0.073,"Actual Total Time":0.074,"Async Capable":false,"Disabled":false,"Local Dirtied Blocks":0,"Local Hit Blocks":0,"Local Read Blocks":0,"Local Written Blocks":0,"Node Type":"Limit","Parallel Aware":false,"Plan Rows":1,"Plan Width":40,"Plans":[{"Actual Loops":1,"Actual Rows":1.0,"Actual Startup Time":0.072,"Actual Total Time":0.072,"Async Capable":false,"Disabled":false,"Inner Unique":true,"Join Type":"Inner","Local Dirtied Blocks":0,"Local Hit Blocks":0,"Local Read Blocks":0,"Local Written Blocks":0,"Node Type":"Nested Loop","Parallel Aware":false,"Parent Relationship":"Outer","Plan Rows":1,"Plan Width":40,"Plans":[{"Actual Loops":1,"Actual Rows":1.0,"Actual Startup Time":0.06,"Actual Total Time":0.06,"Alias":"i","Async Capable":false,"Disabled":false,"Filter":"((lease_expires_at IS NULL) OR (lease_expires_at <= now()))","Index Name":"migration_import_claim","Index Searches":1,"Local Dirtied Blocks":0,"Local Hit Blocks":0,"Local Read Blocks":0,"Local Written Blocks":0,"Node Type":"Index Scan","Parallel Aware":false,"Parent Relationship":"Outer","Plan Rows":1,"Plan Width":65,"Relation Name":"migration_import","Rows Removed by Filter":0,"Scan Direction":"Forward","Shared Dirtied Blocks":0,"Shared Hit Blocks":1,"Shared Read Blocks":1,"Shared Written Blocks":1,"Startup Cost":0.12,"Temp Read Blocks":0,"Temp Written Blocks":0,"Total Cost":11.68},{"Actual Loops":1,"Actual Rows":1.0,"Actual Startup Time":0.01,"Actual Total Time":0.011,"Alias":"p","Async Capable":false,"Disabled":false,"Filter":"((organization_id = i.organization_id) AND (((i.state = 'proposed'::text) AND (state = 'building'::text)) OR (i.state = ANY ('{queued,running}'::text[]))))","Index Cond":"(id = i.latest_plan_id)","Index Name":"migration_import_plan_pkey","Index Searches":1,"Local Dirtied Blocks":0,"Local Hit Blocks":0,"Local Read Blocks":0,"Local Written Blocks":0,"Node Type":"Index Scan","Parallel Aware":false,"Parent Relationship":"Inner","Plan Rows":1,"Plan Width":38,"Relation Name":"migration_import_plan","Rows Removed by Filter":0,"Rows Removed by Index Recheck":0,"Scan Direction":"Forward","Shared Dirtied Blocks":0,"Shared Hit Blocks":2,"Shared Read Blocks":0,"Shared Written Blocks":0,"Startup Cost":0.15,"Temp Read Blocks":0,"Temp Written Blocks":0,"Total Cost":8.18}],"Shared Dirtied Blocks":0,"Shared Hit Blocks":3,"Shared Read Blocks":1,"Shared Written Blocks":1,"Startup Cost":0.27,"Temp Read Blocks":0,"Temp Written Blocks":0,"Total Cost":19.86}],"Shared Dirtied Blocks":0,"Shared Hit Blocks":3,"Shared Read Blocks":1,"Shared Written Blocks":1,"Startup Cost":0.27,"Temp Read Blocks":0,"Temp Written Blocks":0,"Total Cost":19.86},"Planning":{"Local Dirtied Blocks":0,"Local Hit Blocks":0,"Local Read Blocks":0,"Local Written Blocks":0,"Shared Dirtied Blocks":0,"Shared Hit Blocks":173,"Shared Read Blocks":1,"Shared Written Blocks":1,"Temp Read Blocks":0,"Temp Written Blocks":0},"Planning Time":0.525,"Triggers":[]}],"sql_sha256":"5320db6ef45cf37e94a2e04ccdeaf855f8e3fed2b674357af301f257b99cda2e"}
CRM_010C_IMPORT_PLAN {"label":"import_history_page","plan":[{"Execution Time":0.084,"Plan":{"Actual Loops":1,"Actual Rows":51.0,"Actual Startup Time":0.019,"Actual Total Time":0.058,"Async Capable":false,"Disabled":false,"Local Dirtied Blocks":0,"Local Hit Blocks":0,"Local Read Blocks":0,"Local Written Blocks":0,"Node Type":"Limit","Parallel Aware":false,"Plan Rows":51,"Plan Width":24,"Plans":[{"Actual Loops":1,"Actual Rows":51.0,"Actual Startup Time":0.019,"Actual Total Time":0.054,"Alias":"migration_import","Async Capable":false,"Disabled":false,"Heap Fetches":94,"Index Cond":"((organization_id = '96a418fd-9fe7-4af9-bd4a-8b46f7e9d6bc'::uuid) AND (ROW(created_at, id) < ROW('2026-09-11 18:57:25.387027+00'::timestamp with time zone, 'ffffffff-ffff-ffff-ffff-ffffffffffff'::uuid)))","Index Name":"migration_import_latest","Index Searches":1,"Local Dirtied Blocks":0,"Local Hit Blocks":0,"Local Read Blocks":0,"Local Written Blocks":0,"Node Type":"Index Only Scan","Parallel Aware":false,"Parent Relationship":"Outer","Plan Rows":257,"Plan Width":24,"Relation Name":"migration_import","Rows Removed by Index Recheck":0,"Scan Direction":"Forward","Shared Dirtied Blocks":0,"Shared Hit Blocks":88,"Shared Read Blocks":0,"Shared Written Blocks":0,"Startup Cost":0.27,"Temp Read Blocks":0,"Temp Written Blocks":0,"Total Cost":64.1}],"Shared Dirtied Blocks":0,"Shared Hit Blocks":88,"Shared Read Blocks":0,"Shared Written Blocks":0,"Startup Cost":0.27,"Temp Read Blocks":0,"Temp Written Blocks":0,"Total Cost":12.94},"Planning":{"Local Dirtied Blocks":0,"Local Hit Blocks":0,"Local Read Blocks":0,"Local Written Blocks":0,"Shared Dirtied Blocks":0,"Shared Hit Blocks":0,"Shared Read Blocks":0,"Shared Written Blocks":0,"Temp Read Blocks":0,"Temp Written Blocks":0},"Planning Time":0.055,"Triggers":[]}],"sql_sha256":"91c70d3dcc43ee8270c3422ac65836bca38535aa305ea84b4abdde1496ebf3b3"}
CRM_010C_IMPORT_PLAN {"label":"import_lock","plan":[{"Execution Time":0.035,"Plan":{"Actual Loops":1,"Actual Rows":1.0,"Actual Startup Time":0.012,"Actual Total Time":0.013,"Async Capable":false,"Disabled":false,"Local Dirtied Blocks":0,"Local Hit Blocks":0,"Local Read Blocks":0,"Local Written Blocks":0,"Node Type":"LockRows","Parallel Aware":false,"Plan Rows":1,"Plan Width":313,"Plans":[{"Actual Loops":1,"Actual Rows":1.0,"Actual Startup Time":0.006,"Actual Total Time":0.006,"Alias":"migration_import","Async Capable":false,"Disabled":false,"Index Cond":"((id = 'a96ae412-d66f-481c-a458-e1add6e3042f'::uuid) AND (organization_id = '96a418fd-9fe7-4af9-bd4a-8b46f7e9d6bc'::uuid))","Index Name":"migration_import_id_organization_id_key","Index Searches":1,"Local Dirtied Blocks":0,"Local Hit Blocks":0,"Local Read Blocks":0,"Local Written Blocks":0,"Node Type":"Index Scan","Parallel Aware":false,"Parent Relationship":"Outer","Plan Rows":1,"Plan Width":313,"Relation Name":"migration_import","Rows Removed by Index Recheck":0,"Scan Direction":"Forward","Shared Dirtied Blocks":0,"Shared Hit Blocks":3,"Shared Read Blocks":0,"Shared Written Blocks":0,"Startup Cost":0.27,"Temp Read Blocks":0,"Temp Written Blocks":0,"Total Cost":8.29}],"Shared Dirtied Blocks":0,"Shared Hit Blocks":4,"Shared Read Blocks":0,"Shared Written Blocks":0,"Startup Cost":0.27,"Temp Read Blocks":0,"Temp Written Blocks":0,"Total Cost":8.3},"Planning":{"Local Dirtied Blocks":0,"Local Hit Blocks":0,"Local Read Blocks":0,"Local Written Blocks":0,"Shared Dirtied Blocks":0,"Shared Hit Blocks":66,"Shared Read Blocks":0,"Shared Written Blocks":0,"Temp Read Blocks":0,"Temp Written Blocks":0},"Planning Time":0.086,"Triggers":[]}],"sql_sha256":"6bf08b792ae17b3d7ee40aa4d5cc7daccf4dd2c217b7ee06015dfb5e836de7e8"}
CRM_010C_IMPORT_PLAN {"label":"plan_lock","plan":[{"Execution Time":0.023,"Plan":{"Actual Loops":1,"Actual Rows":1.0,"Actual Startup Time":0.009,"Actual Total Time":0.01,"Async Capable":false,"Disabled":false,"Local Dirtied Blocks":0,"Local Hit Blocks":0,"Local Read Blocks":0,"Local Written Blocks":0,"Node Type":"LockRows","Parallel Aware":false,"Plan Rows":1,"Plan Width":371,"Plans":[{"Actual Loops":1,"Actual Rows":1.0,"Actual Startup Time":0.005,"Actual Total Time":0.005,"Alias":"migration_import_plan","Async Capable":false,"Disabled":false,"Filter":"((import_id = 'a96ae412-d66f-481c-a458-e1add6e3042f'::uuid) AND (organization_id = '96a418fd-9fe7-4af9-bd4a-8b46f7e9d6bc'::uuid))","Index Cond":"(id = '33bbace6-6aff-40db-a77d-7504b9c6acc9'::uuid)","Index Name":"migration_import_plan_pkey","Index Searches":1,"Local Dirtied Blocks":0,"Local Hit Blocks":0,"Local Read Blocks":0,"Local Written Blocks":0,"Node Type":"Index Scan","Parallel Aware":false,"Parent Relationship":"Outer","Plan Rows":1,"Plan Width":371,"Relation Name":"migration_import_plan","Rows Removed by Filter":0,"Rows Removed by Index Recheck":0,"Scan Direction":"Forward","Shared Dirtied Blocks":0,"Shared Hit Blocks":2,"Shared Read Blocks":0,"Shared Written Blocks":0,"Startup Cost":0.15,"Temp Read Blocks":0,"Temp Written Blocks":0,"Total Cost":8.17}],"Shared Dirtied Blocks":0,"Shared Hit Blocks":3,"Shared Read Blocks":0,"Shared Written Blocks":0,"Startup Cost":0.15,"Temp Read Blocks":0,"Temp Written Blocks":0,"Total Cost":8.18},"Planning":{"Local Dirtied Blocks":0,"Local Hit Blocks":0,"Local Read Blocks":0,"Local Written Blocks":0,"Shared Dirtied Blocks":0,"Shared Hit Blocks":72,"Shared Read Blocks":0,"Shared Written Blocks":0,"Temp Read Blocks":0,"Temp Written Blocks":0},"Planning Time":0.079,"Triggers":[]}],"sql_sha256":"15877c8ca7b8b6ee883dc53a1629163ee77211d4e52bf95874343241a8030b34"}
CRM_010C_IMPORT_PLAN {"label":"copy_choice_page","plan":[{"Execution Time":0.086,"Plan":{"Actual Loops":1,"Actual Rows":50.0,"Actual Startup Time":0.065,"Actual Total Time":0.073,"Async Capable":false,"Disabled":false,"Local Dirtied Blocks":0,"Local Hit Blocks":0,"Local Read Blocks":0,"Local Written Blocks":0,"Node Type":"Limit","Parallel Aware":false,"Plan Rows":20,"Plan Width":112,"Plans":[{"Actual Loops":1,"Actual Rows":50.0,"Actual Startup Time":0.065,"Actual Total Time":0.066,"Async Capable":false,"Disabled":false,"Local Dirtied Blocks":0,"Local Hit Blocks":0,"Local Read Blocks":0,"Local Written Blocks":0,"Node Type":"Sort","Parallel Aware":false,"Parent Relationship":"Outer","Plan Rows":20,"Plan Width":112,"Plans":[{"Actual Loops":1,"Actual Rows":50.0,"Actual Startup Time":0.04,"Actual Total Time":0.046,"Alias":"migration_import_choice","Async Capable":false,"Disabled":false,"Exact Heap Blocks":2,"Local Dirtied Blocks":0,"Local Hit Blocks":0,"Local Read Blocks":0,"Local Written Blocks":0,"Lossy Heap Blocks":0,"Node Type":"Bitmap Heap Scan","Parallel Aware":false,"Parent Relationship":"Outer","Plan Rows":20,"Plan Width":112,"Plans":[{"Actual Loops":1,"Actual Rows":50.0,"Actual Startup Time":0.031,"Actual Total Time":0.031,"Async Capable":false,"Disabled":false,"Index Cond":"((plan_id = '33bbace6-6aff-40db-a77d-7504b9c6acc9'::uuid) AND (organization_id = '96a418fd-9fe7-4af9-bd4a-8b46f7e9d6bc'::uuid) AND (ROW(kind, source_key) > ROW('assignee'::text, 'user:300020'::text)))","Index Name":"migration_import_choice_plan_id_organization_id_kind_source_key","Index Searches":1,"Local Dirtied Blocks":0,"Local Hit Blocks":0,"Local Read Blocks":0,"Local Written Blocks":0,"Node Type":"Bitmap Index Scan","Parallel Aware":false,"Parent Relationship":"Outer","Plan Rows":20,"Plan Width":0,"Shared Dirtied Blocks":0,"Shared Hit Blocks":4,"Shared Read Blocks":0,"Shared Written Blocks":0,"Startup Cost":0.0,"Temp Read Blocks":0,"Temp Written Blocks":0,"Total Cost":4.66}],"Recheck Cond":"((plan_id = '33bbace6-6aff-40db-a77d-7504b9c6acc9'::uuid) AND (organization_id = '96a418fd-9fe7-4af9-bd4a-8b46f7e9d6bc'::uuid) AND (ROW(kind, source_key) > ROW('assignee'::text, 'user:300020'::text)))","Relation Name":"migration_import_choice","Rows Removed by Index Recheck":0,"Shared Dirtied Blocks":0,"Shared Hit Blocks":6,"Shared Read Blocks":0,"Shared Written Blocks":0,"Startup Cost":4.67,"Temp Read Blocks":0,"Temp Written Blocks":0,"Total Cost":72.16}],"Shared Dirtied Blocks":0,"Shared Hit Blocks":6,"Shared Read Blocks":0,"Shared Written Blocks":0,"Sort Key":["kind","source_key"],"Sort Method":"quicksort","Sort Space Type":"Memory","Sort Space Used":35,"Startup Cost":72.59,"Temp Read Blocks":0,"Temp Written Blocks":0,"Total Cost":72.64}],"Shared Dirtied Blocks":0,"Shared Hit Blocks":6,"Shared Read Blocks":0,"Shared Written Blocks":0,"Startup Cost":72.59,"Temp Read Blocks":0,"Temp Written Blocks":0,"Total Cost":72.64},"Planning":{"Local Dirtied Blocks":0,"Local Hit Blocks":0,"Local Read Blocks":0,"Local Written Blocks":0,"Shared Dirtied Blocks":0,"Shared Hit Blocks":86,"Shared Read Blocks":0,"Shared Written Blocks":0,"Temp Read Blocks":0,"Temp Written Blocks":0},"Planning Time":0.213,"Triggers":[]}],"sql_sha256":"d11609001408cd2d5280cb610a85905f714b01cf2398baa4f675f71f4766786b"}
CRM_010C_IMPORT_PLAN {"label":"choice_point","plan":[{"Execution Time":0.017,"Plan":{"Actual Loops":1,"Actual Rows":1.0,"Actual Startup Time":0.01,"Actual Total Time":0.011,"Alias":"migration_import_choice","Async Capable":false,"Disabled":false,"Index Cond":"((plan_id = '33bbace6-6aff-40db-a77d-7504b9c6acc9'::uuid) AND (organization_id = '96a418fd-9fe7-4af9-bd4a-8b46f7e9d6bc'::uuid) AND (kind = 'stage'::text) AND (source_key = '200002'::text))","Index Name":"migration_import_choice_plan_id_organization_id_kind_source_key","Index Searches":1,"Local Dirtied Blocks":0,"Local Hit Blocks":0,"Local Read Blocks":0,"Local Written Blocks":0,"Node Type":"Index Scan","Parallel Aware":false,"Plan Rows":1,"Plan Width":94,"Relation Name":"migration_import_choice","Rows Removed by Index Recheck":0,"Scan Direction":"Forward","Shared Dirtied Blocks":0,"Shared Hit Blocks":4,"Shared Read Blocks":0,"Shared Written Blocks":0,"Startup Cost":0.41,"Temp Read Blocks":0,"Temp Written Blocks":0,"Total Cost":8.44},"Planning":{"Local Dirtied Blocks":0,"Local Hit Blocks":0,"Local Read Blocks":0,"Local Written Blocks":0,"Shared Dirtied Blocks":0,"Shared Hit Blocks":0,"Shared Read Blocks":0,"Shared Written Blocks":0,"Temp Read Blocks":0,"Temp Written Blocks":0},"Planning Time":0.036,"Triggers":[]}],"sql_sha256":"7ea10d3c7359fc7737bd5ff35dc4656106cfa1a0f6816fa1e6987289a7147bc9"}
CRM_010C_IMPORT_PLAN {"label":"capture_checkpoint","plan":[{"Execution Time":0.035,"Plan":{"Actual Loops":1,"Actual Rows":1.0,"Actual Startup Time":0.029,"Actual Total Time":0.029,"Async Capable":false,"Disabled":false,"Local Dirtied Blocks":0,"Local Hit Blocks":0,"Local Read Blocks":0,"Local Written Blocks":0,"Node Type":"Limit","Parallel Aware":false,"Plan Rows":1,"Plan Width":24,"Plans":[{"Actual Loops":1,"Actual Rows":1.0,"Actual Startup Time":0.028,"Actual Total Time":0.028,"Alias":"migration_snapshot_capture","Async Capable":false,"Disabled":false,"Filter":"(stream = ANY ('{people,users,stages}'::text[]))","Index Cond":"((snapshot_id = '428b1d29-ca6f-4d5d-bd76-94cbbb07e49d'::uuid) AND (organization_id = '96a418fd-9fe7-4af9-bd4a-8b46f7e9d6bc'::uuid) AND (sequence > '1239'::bigint) AND (sequence <= '1252'::bigint))","Index Name":"migration_snapshot_capture_snapshot_id_organization_id_sequ_key","Index Searches":1,"Local Dirtied Blocks":0,"Local Hit Blocks":0,"Local Read Blocks":0,"Local Written Blocks":0,"Node Type":"Index Scan","Parallel Aware":false,"Parent Relationship":"Outer","Plan Rows":13,"Plan Width":24,"Relation Name":"migration_snapshot_capture","Rows Removed by Filter":0,"Rows Removed by Index Recheck":0,"Scan Direction":"Forward","Shared Dirtied Blocks":0,"Shared Hit Blocks":1,"Shared Read Blocks":2,"Shared Written Blocks":2,"Startup Cost":0.27,"Temp Read Blocks":0,"Temp Written Blocks":0,"Total Cost":22.65}],"Shared Dirtied Blocks":0,"Shared Hit Blocks":1,"Shared Read Blocks":2,"Shared Written Blocks":2,"Startup Cost":0.27,"Temp Read Blocks":0,"Temp Written Blocks":0,"Total Cost":1.99},"Planning":{"Local Dirtied Blocks":0,"Local Hit Blocks":0,"Local Read Blocks":0,"Local Written Blocks":0,"Shared Dirtied Blocks":0,"Shared Hit Blocks":58,"Shared Read Blocks":5,"Shared Written Blocks":5,"Temp Read Blocks":0,"Temp Written Blocks":0},"Planning Time":0.243,"Triggers":[]}],"sql_sha256":"67b3d80a27172328a5f4fd04480b3ddb802ef095f08fe6d73ebcf9c8bd55769d"}
CRM_010C_IMPORT_PLAN {"label":"capture_payload_point","plan":[{"Execution Time":0.011,"Plan":{"Actual Loops":1,"Actual Rows":1.0,"Actual Startup Time":0.004,"Actual Total Time":0.005,"Alias":"migration_snapshot_capture","Async Capable":false,"Disabled":false,"Filter":"((snapshot_id = '428b1d29-ca6f-4d5d-bd76-94cbbb07e49d'::uuid) AND (organization_id = '96a418fd-9fe7-4af9-bd4a-8b46f7e9d6bc'::uuid))","Index Cond":"(id = 'f6d2b966-791f-4ed8-a51a-230b3fd3ab31'::uuid)","Index Name":"migration_snapshot_capture_pkey","Index Searches":1,"Local Dirtied Blocks":0,"Local Hit Blocks":0,"Local Read Blocks":0,"Local Written Blocks":0,"Node Type":"Index Scan","Parallel Aware":false,"Plan Rows":1,"Plan Width":276,"Relation Name":"migration_snapshot_capture","Rows Removed by Filter":0,"Rows Removed by Index Recheck":0,"Scan Direction":"Forward","Shared Dirtied Blocks":0,"Shared Hit Blocks":2,"Shared Read Blocks":0,"Shared Written Blocks":0,"Startup Cost":0.15,"Temp Read Blocks":0,"Temp Written Blocks":0,"Total Cost":8.17},"Planning":{"Local Dirtied Blocks":0,"Local Hit Blocks":0,"Local Read Blocks":0,"Local Written Blocks":0,"Shared Dirtied Blocks":0,"Shared Hit Blocks":38,"Shared Read Blocks":0,"Shared Written Blocks":0,"Temp Read Blocks":0,"Temp Written Blocks":0},"Planning Time":0.081,"Triggers":[]}],"sql_sha256":"5109d6fc39fe357f49fd0456e557d1aa3b11577a408b4a887a0dcbf1aed4f94b"}
CRM_010C_IMPORT_PLAN {"label":"capture_records","plan":[{"Execution Time":0.104,"Plan":{"Actual Loops":1,"Actual Rows":100.0,"Actual Startup Time":0.085,"Actual Total Time":0.093,"Async Capable":false,"Disabled":false,"Local Dirtied Blocks":0,"Local Hit Blocks":0,"Local Read Blocks":0,"Local Written Blocks":0,"Node Type":"Limit","Parallel Aware":false,"Plan Rows":98,"Plan Width":95,"Plans":[{"Actual Loops":1,"Actual Rows":100.0,"Actual Startup Time":0.084,"Actual Total Time":0.087,"Async Capable":false,"Disabled":false,"Local Dirtied Blocks":0,"Local Hit Blocks":0,"Local Read Blocks":0,"Local Written Blocks":0,"Node Type":"Sort","Parallel Aware":false,"Parent Relationship":"Outer","Plan Rows":98,"Plan Width":95,"Plans":[{"Actual Loops":1,"Actual Rows":100.0,"Actual Startup Time":0.054,"Actual Total Time":0.066,"Alias":"migration_snapshot_record","Async Capable":false,"Disabled":false,"Exact Heap Blocks":4,"Filter":"((snapshot_id = '428b1d29-ca6f-4d5d-bd76-94cbbb07e49d'::uuid) AND (organization_id = '96a418fd-9fe7-4af9-bd4a-8b46f7e9d6bc'::uuid))","Local Dirtied Blocks":0,"Local Hit Blocks":0,"Local Read Blocks":0,"Local Written Blocks":0,"Lossy Heap Blocks":0,"Node Type":"Bitmap Heap Scan","Parallel Aware":false,"Parent Relationship":"Outer","Plan Rows":98,"Plan Width":95,"Plans":[{"Actual Loops":1,"Actual Rows":100.0,"Actual Startup Time":0.039,"Actual Total Time":0.039,"Async Capable":false,"Disabled":false,"Index Cond":"(capture_id = 'f6d2b966-791f-4ed8-a51a-230b3fd3ab31'::uuid)","Index Name":"migration_snapshot_record_capture_id_ordinal_key","Index Searches":1,"Local Dirtied Blocks":0,"Local Hit Blocks":0,"Local Read Blocks":0,"Local Written Blocks":0,"Node Type":"Bitmap Index Scan","Parallel Aware":false,"Parent Relationship":"Outer","Plan Rows":98,"Plan Width":0,"Shared Dirtied Blocks":0,"Shared Hit Blocks":0,"Shared Read Blocks":2,"Shared Written Blocks":2,"Startup Cost":0.0,"Temp Read Blocks":0,"Temp Written Blocks":0,"Total Cost":5.02}],"Recheck Cond":"(capture_id = 'f6d2b966-791f-4ed8-a51a-230b3fd3ab31'::uuid)","Relation Name":"migration_snapshot_record","Rows Removed by Filter":0,"Rows Removed by Index Recheck":0,"Shared Dirtied Blocks":0,"Shared Hit Blocks":4,"Shared Read Blocks":2,"Shared Written Blocks":2,"Startup Cost":5.05,"Temp Read Blocks":0,"Temp Written Blocks":0,"Total Cost":284.17}],"Shared Dirtied Blocks":0,"Shared Hit Blocks":4,"Shared Read Blocks":2,"Shared Written Blocks":2,"Sort Key":["ordinal"],"Sort Method":"quicksort","Sort Space Type":"Memory","Sort Space Used":38,"Startup Cost":287.41,"Temp Read Blocks":0,"Temp Written Blocks":0,"Total Cost":287.65}],"Shared Dirtied Blocks":0,"Shared Hit Blocks":4,"Shared Read Blocks":2,"Shared Written Blocks":2,"Startup Cost":287.41,"Temp Read Blocks":0,"Temp Written Blocks":0,"Total Cost":287.65},"Planning":{"Local Dirtied Blocks":0,"Local Hit Blocks":0,"Local Read Blocks":0,"Local Written Blocks":0,"Shared Dirtied Blocks":0,"Shared Hit Blocks":65,"Shared Read Blocks":5,"Shared Written Blocks":5,"Temp Read Blocks":0,"Temp Written Blocks":0},"Planning Time":0.225,"Triggers":[]}],"sql_sha256":"0cd403f0829841157162dd5d194735737e377c10895e1011dd30c8214d27529a"}
CRM_010C_IMPORT_PLAN {"label":"qualified_source_map","plan":[{"Execution Time":0.034,"Plan":{"Actual Loops":1,"Actual Rows":1.0,"Actual Startup Time":0.023,"Actual Total Time":0.024,"Async Capable":false,"Disabled":false,"Local Dirtied Blocks":0,"Local Hit Blocks":0,"Local Read Blocks":0,"Local Written Blocks":0,"Node Type":"LockRows","Parallel Aware":false,"Plan Rows":1,"Plan Width":135,"Plans":[{"Actual Loops":1,"Actual Rows":1.0,"Actual Startup Time":0.017,"Actual Total Time":0.017,"Alias":"migration_import_source","Async Capable":false,"Disabled":false,"Index Cond":"((plan_id = '33bbace6-6aff-40db-a77d-7504b9c6acc9'::uuid) AND (organization_id = '96a418fd-9fe7-4af9-bd4a-8b46f7e9d6bc'::uuid) AND (family = 'people'::text) AND (source_id = '124002'::text))","Index Name":"migration_import_source_plan_id_organization_id_family_sour_key","Index Searches":1,"Local Dirtied Blocks":0,"Local Hit Blocks":0,"Local Read Blocks":0,"Local Written Blocks":0,"Node Type":"Index Scan","Parallel Aware":false,"Parent Relationship":"Outer","Plan Rows":1,"Plan Width":135,"Relation Name":"migration_import_source","Rows Removed by Index Recheck":0,"Scan Direction":"Forward","Shared Dirtied Blocks":0,"Shared Hit Blocks":4,"Shared Read Blocks":0,"Shared Written Blocks":0,"Startup Cost":0.41,"Temp Read Blocks":0,"Temp Written Blocks":0,"Total Cost":8.44}],"Shared Dirtied Blocks":0,"Shared Hit Blocks":5,"Shared Read Blocks":0,"Shared Written Blocks":0,"Startup Cost":0.41,"Temp Read Blocks":0,"Temp Written Blocks":0,"Total Cost":8.45},"Planning":{"Local Dirtied Blocks":0,"Local Hit Blocks":0,"Local Read Blocks":0,"Local Written Blocks":0,"Shared Dirtied Blocks":0,"Shared Hit Blocks":94,"Shared Read Blocks":0,"Shared Written Blocks":0,"Temp Read Blocks":0,"Temp Written Blocks":0},"Planning Time":0.136,"Triggers":[]}],"sql_sha256":"a8d60617db2d5ad5777e7fe77dc097c96d87b1c9faba9e83e20ffdd06216d3b5"}
CRM_010C_IMPORT_PLAN {"label":"supporting_source_checkpoint","plan":[{"Execution Time":0.027,"Plan":{"Actual Loops":1,"Actual Rows":1.0,"Actual Startup Time":0.022,"Actual Total Time":0.022,"Async Capable":false,"Disabled":false,"Local Dirtied Blocks":0,"Local Hit Blocks":0,"Local Read Blocks":0,"Local Written Blocks":0,"Node Type":"Limit","Parallel Aware":false,"Plan Rows":1,"Plan Width":29,"Plans":[{"Actual Loops":1,"Actual Rows":1.0,"Actual Startup Time":0.022,"Actual Total Time":0.022,"Alias":"s","Async Capable":false,"Disabled":false,"Index Cond":"((plan_id = '33bbace6-6aff-40db-a77d-7504b9c6acc9'::uuid) AND (organization_id = '96a418fd-9fe7-4af9-bd4a-8b46f7e9d6bc'::uuid) AND (family = ANY ('{stages,users}'::text[])) AND (ROW(family, source_id) > ROW('stages'::text, '200019'::text)))","Index Name":"migration_import_source_plan_id_organization_id_family_sour_key","Index Searches":1,"Local Dirtied Blocks":0,"Local Hit Blocks":0,"Local Read Blocks":0,"Local Written Blocks":0,"Node Type":"Index Scan","Parallel Aware":false,"Parent Relationship":"Outer","Plan Rows":1,"Plan Width":29,"Relation Name":"migration_import_source","Rows Removed by Index Recheck":0,"Scan Direction":"Forward","Shared Dirtied Blocks":0,"Shared Hit Blocks":4,"Shared Read Blocks":0,"Shared Written Blocks":0,"Startup Cost":0.41,"Temp Read Blocks":0,"Temp Written Blocks":0,"Total Cost":12.86}],"Shared Dirtied Blocks":0,"Shared Hit Blocks":4,"Shared Read Blocks":0,"Shared Written Blocks":0,"Startup Cost":0.41,"Temp Read Blocks":0,"Temp Written Blocks":0,"Total Cost":12.86},"Planning":{"Local Dirtied Blocks":0,"Local Hit Blocks":0,"Local Read Blocks":0,"Local Written Blocks":0,"Shared Dirtied Blocks":0,"Shared Hit Blocks":0,"Shared Read Blocks":0,"Shared Written Blocks":0,"Temp Read Blocks":0,"Temp Written Blocks":0},"Planning Time":0.042,"Triggers":[]}],"sql_sha256":"9ffff525bb3c2ea424777f61b0a91b6fc60af41645ad4607c32ddc36a9ae5800"}
CRM_010C_IMPORT_PLAN {"label":"source_capture_point","plan":[{"Execution Time":0.061,"Plan":{"Actual Loops":1,"Actual Rows":1.0,"Actual Startup Time":0.041,"Actual Total Time":0.042,"Async Capable":false,"Disabled":false,"Inner Unique":true,"Join Type":"Inner","Local Dirtied Blocks":0,"Local Hit Blocks":0,"Local Read Blocks":0,"Local Written Blocks":0,"Node Type":"Nested Loop","Parallel Aware":false,"Plan Rows":1,"Plan Width":288,"Plans":[{"Actual Loops":1,"Actual Rows":1.0,"Actual Startup Time":0.015,"Actual Total Time":0.015,"Alias":"s","Async Capable":false,"Disabled":false,"Filter":"((organization_id = '96a418fd-9fe7-4af9-bd4a-8b46f7e9d6bc'::uuid) AND (plan_id = '33bbace6-6aff-40db-a77d-7504b9c6acc9'::uuid))","Index Cond":"(id = '610bce82-fc34-4bac-b505-31198a5ee048'::uuid)","Index Name":"migration_import_source_pkey","Index Searches":1,"Local Dirtied Blocks":0,"Local Hit Blocks":0,"Local Read Blocks":0,"Local Written Blocks":0,"Node Type":"Index Scan","Parallel Aware":false,"Parent Relationship":"Outer","Plan Rows":1,"Plan Width":280,"Relation Name":"migration_import_source","Rows Removed by Filter":0,"Rows Removed by Index Recheck":0,"Scan Direction":"Forward","Shared Dirtied Blocks":0,"Shared Hit Blocks":3,"Shared Read Blocks":0,"Shared Written Blocks":0,"Startup Cost":0.29,"Temp Read Blocks":0,"Temp Written Blocks":0,"Total Cost":8.31},{"Actual Loops":1,"Actual Rows":1.0,"Actual Startup Time":0.024,"Actual Total Time":0.024,"Alias":"c","Async Capable":false,"Disabled":false,"Filter":"(organization_id = '96a418fd-9fe7-4af9-bd4a-8b46f7e9d6bc'::uuid)","Index Cond":"(id = s.capture_id)","Index Name":"migration_snapshot_capture_pkey","Index Searches":1,"Local Dirtied Blocks":0,"Local Hit Blocks":0,"Local Read Blocks":0,"Local Written Blocks":0,"Node Type":"Index Scan","Parallel Aware":false,"Parent Relationship":"Inner","Plan Rows":1,"Plan Width":40,"Relation Name":"migration_snapshot_capture","Rows Removed by Filter":0,"Rows Removed by Index Recheck":0,"Scan Direction":"Forward","Shared Dirtied Blocks":0,"Shared Hit Blocks":2,"Shared Read Blocks":0,"Shared Written Blocks":0,"Startup Cost":0.15,"Temp Read Blocks":0,"Temp Written Blocks":0,"Total Cost":8.17}],"Shared Dirtied Blocks":0,"Shared Hit Blocks":5,"Shared Read Blocks":0,"Shared Written Blocks":0,"Startup Cost":0.43,"Temp Read Blocks":0,"Temp Written Blocks":0,"Total Cost":16.54},"Planning":{"Local Dirtied Blocks":0,"Local Hit Blocks":0,"Local Read Blocks":0,"Local Written Blocks":0,"Shared Dirtied Blocks":0,"Shared Hit Blocks":32,"Shared Read Blocks":3,"Shared Written Blocks":3,"Temp Read Blocks":0,"Temp Written Blocks":0},"Planning Time":0.27,"Triggers":[]}],"sql_sha256":"6442095f737bdd3c5070f40fbafd0b66af59b32cd9eacf0dd7bf2e54d1f102a0"}
CRM_010C_IMPORT_PLAN {"label":"people_preparation_checkpoint","plan":[{"Execution Time":0.049,"Plan":{"Actual Loops":1,"Actual Rows":1.0,"Actual Startup Time":0.041,"Actual Total Time":0.041,"Async Capable":false,"Disabled":false,"Local Dirtied Blocks":0,"Local Hit Blocks":0,"Local Read Blocks":0,"Local Written Blocks":0,"Node Type":"Limit","Parallel Aware":false,"Plan Rows":1,"Plan Width":23,"Plans":[{"Actual Loops":1,"Actual Rows":1.0,"Actual Startup Time":0.04,"Actual Total Time":0.04,"Alias":"migration_import_source","Async Capable":false,"Disabled":false,"Index Cond":"((plan_id = '33bbace6-6aff-40db-a77d-7504b9c6acc9'::uuid) AND (organization_id = '96a418fd-9fe7-4af9-bd4a-8b46f7e9d6bc'::uuid) AND (family = 'people'::text) AND (source_id > '124000'::text))","Index Name":"migration_import_source_plan_id_organization_id_family_sour_key","Index Searches":1,"Local Dirtied Blocks":0,"Local Hit Blocks":0,"Local Read Blocks":0,"Local Written Blocks":0,"Node Type":"Index Scan","Parallel Aware":false,"Parent Relationship":"Outer","Plan Rows":1000,"Plan Width":23,"Relation Name":"migration_import_source","Rows Removed by Index Recheck":0,"Scan Direction":"Forward","Shared Dirtied Blocks":0,"Shared Hit Blocks":4,"Shared Read Blocks":0,"Shared Written Blocks":0,"Startup Cost":0.41,"Temp Read Blocks":0,"Temp Written Blocks":0,"Total Cost":1263.16}],"Shared Dirtied Blocks":0,"Shared Hit Blocks":4,"Shared Read Blocks":0,"Shared Written Blocks":0,"Startup Cost":0.41,"Temp Read Blocks":0,"Temp Written Blocks":0,"Total Cost":1.68},"Planning":{"Local Dirtied Blocks":0,"Local Hit Blocks":0,"Local Read Blocks":0,"Local Written Blocks":0,"Shared Dirtied Blocks":0,"Shared Hit Blocks":0,"Shared Read Blocks":0,"Shared Written Blocks":0,"Temp Read Blocks":0,"Temp Written Blocks":0},"Planning Time":0.066,"Triggers":[]}],"sql_sha256":"b4f1a84c3a42133a4c822559b764a38c28492d77631365aafc5558f08fb0a753"}
CRM_010C_IMPORT_PLAN {"label":"mapping_point","plan":[{"Execution Time":0.024,"Plan":{"Actual Loops":1,"Actual Rows":1.0,"Actual Startup Time":0.018,"Actual Total Time":0.019,"Alias":"migration_import_mapping","Async Capable":false,"Disabled":false,"Index Cond":"((plan_id = '33bbace6-6aff-40db-a77d-7504b9c6acc9'::uuid) AND (organization_id = '96a418fd-9fe7-4af9-bd4a-8b46f7e9d6bc'::uuid) AND (kind = 'stage'::text) AND (source_key = '200002'::text))","Index Name":"migration_import_mapping_plan_id_organization_id_kind_sourc_key","Index Searches":1,"Local Dirtied Blocks":0,"Local Hit Blocks":0,"Local Read Blocks":0,"Local Written Blocks":0,"Node Type":"Index Scan","Parallel Aware":false,"Plan Rows":1,"Plan Width":16,"Relation Name":"migration_import_mapping","Rows Removed by Index Recheck":0,"Scan Direction":"Forward","Shared Dirtied Blocks":0,"Shared Hit Blocks":4,"Shared Read Blocks":0,"Shared Written Blocks":0,"Startup Cost":0.41,"Temp Read Blocks":0,"Temp Written Blocks":0,"Total Cost":8.44},"Planning":{"Local Dirtied Blocks":0,"Local Hit Blocks":0,"Local Read Blocks":0,"Local Written Blocks":0,"Shared Dirtied Blocks":0,"Shared Hit Blocks":144,"Shared Read Blocks":0,"Shared Written Blocks":0,"Temp Read Blocks":0,"Temp Written Blocks":0},"Planning Time":0.22,"Triggers":[]}],"sql_sha256":"c825100ef9a3eaf74bd4b35537a206713a27e631abae8e38e3606c365008bf53"}
CRM_010C_IMPORT_PLAN {"label":"confirmation_mapping_page","plan":[{"Execution Time":0.115,"Plan":{"Actual Loops":1,"Actual Rows":50.0,"Actual Startup Time":0.101,"Actual Total Time":0.105,"Async Capable":false,"Disabled":false,"Local Dirtied Blocks":0,"Local Hit Blocks":0,"Local Read Blocks":0,"Local Written Blocks":0,"Node Type":"Limit","Parallel Aware":false,"Plan Rows":1,"Plan Width":45,"Plans":[{"Actual Loops":1,"Actual Rows":50.0,"Actual Startup Time":0.1,"Actual Total Time":0.102,"Async Capable":false,"Disabled":false,"Local Dirtied Blocks":0,"Local Hit Blocks":0,"Local Read Blocks":0,"Local Written Blocks":0,"Node Type":"Sort","Parallel Aware":false,"Parent Relationship":"Outer","Plan Rows":1,"Plan Width":45,"Plans":[{"Actual Loops":1,"Actual Rows":70.0,"Actual Startup Time":0.059,"Actual Total Time":0.078,"Alias":"migration_import_mapping","Async Capable":false,"Disabled":false,"Filter":"((id > '00000000-0000-0000-0000-000000000000'::uuid) AND (dependent_count > 0))","Index Cond":"((plan_id = '33bbace6-6aff-40db-a77d-7504b9c6acc9'::uuid) AND (organization_id = '96a418fd-9fe7-4af9-bd4a-8b46f7e9d6bc'::uuid) AND (disposition = ANY ('{existing,create,member}'::text[])))","Index Name":"migration_import_mapping_execution","Index Searches":1,"Local Dirtied Blocks":0,"Local Hit Blocks":0,"Local Read Blocks":0,"Local Written Blocks":0,"Node Type":"Index Scan","Parallel Aware":false,"Parent Relationship":"Outer","Plan Rows":1,"Plan Width":45,"Relation Name":"migration_import_mapping","Rows Removed by Filter":0,"Rows Removed by Index Recheck":0,"Scan Direction":"Forward","Shared Dirtied Blocks":0,"Shared Hit Blocks":10,"Shared Read Blocks":0,"Shared Written Blocks":0,"Startup Cost":0.41,"Temp Read Blocks":0,"Temp Written Blocks":0,"Total Cost":43.84}],"Shared Dirtied Blocks":0,"Shared Hit Blocks":10,"Shared Read Blocks":0,"Shared Written Blocks":0,"Sort Key":["id"],"Sort Method":"quicksort","Sort Space Type":"Memory","Sort Space Used":29,"Startup Cost":43.85,"Temp Read Blocks":0,"Temp Written Blocks":0,"Total Cost":43.85}],"Shared Dirtied Blocks":0,"Shared Hit Blocks":10,"Shared Read Blocks":0,"Shared Written Blocks":0,"Startup Cost":43.85,"Temp Read Blocks":0,"Temp Written Blocks":0,"Total Cost":43.85},"Planning":{"Local Dirtied Blocks":0,"Local Hit Blocks":0,"Local Read Blocks":0,"Local Written Blocks":0,"Shared Dirtied Blocks":0,"Shared Hit Blocks":9,"Shared Read Blocks":0,"Shared Written Blocks":0,"Temp Read Blocks":0,"Temp Written Blocks":0},"Planning Time":0.103,"Triggers":[]}],"sql_sha256":"56a35879c8ddc802e0b21c68ef25af563cab616893a85f2ad507809a213f53c3"}
CRM_010C_IMPORT_PLAN {"label":"native_stage_match","plan":[{"Execution Time":0.034,"Plan":{"Actual Loops":1,"Actual Rows":1.0,"Actual Startup Time":0.027,"Actual Total Time":0.027,"Async Capable":false,"Disabled":false,"Local Dirtied Blocks":0,"Local Hit Blocks":0,"Local Read Blocks":0,"Local Written Blocks":0,"Node Type":"Limit","Parallel Aware":false,"Plan Rows":1,"Plan Width":50,"Plans":[{"Actual Loops":1,"Actual Rows":1.0,"Actual Startup Time":0.026,"Actual Total Time":0.026,"Async Capable":false,"Disabled":false,"Local Dirtied Blocks":0,"Local Hit Blocks":0,"Local Read Blocks":0,"Local Written Blocks":0,"Node Type":"Sort","Parallel Aware":false,"Parent Relationship":"Outer","Plan Rows":1,"Plan Width":50,"Plans":[{"Actual Loops":1,"Actual Rows":1.0,"Actual Startup Time":0.023,"Actual Total Time":0.023,"Alias":"stage","Async Capable":false,"Disabled":false,"Index Cond":"((organization_id = '96a418fd-9fe7-4af9-bd4a-8b46f7e9d6bc'::uuid) AND (name = 'Lead'::text))","Index Name":"stage_organization_id_name_key","Index Searches":1,"Local Dirtied Blocks":0,"Local Hit Blocks":0,"Local Read Blocks":0,"Local Written Blocks":0,"Node Type":"Index Scan","Parallel Aware":false,"Parent Relationship":"Outer","Plan Rows":1,"Plan Width":50,"Relation Name":"stage","Rows Removed by Index Recheck":0,"Scan Direction":"Forward","Shared Dirtied Blocks":0,"Shared Hit Blocks":0,"Shared Read Blocks":2,"Shared Written Blocks":2,"Startup Cost":0.15,"Temp Read Blocks":0,"Temp Written Blocks":0,"Total Cost":8.17}],"Shared Dirtied Blocks":0,"Shared Hit Blocks":0,"Shared Read Blocks":2,"Shared Written Blocks":2,"Sort Key":["id"],"Sort Method":"quicksort","Sort Space Type":"Memory","Sort Space Used":25,"Startup Cost":8.18,"Temp Read Blocks":0,"Temp Written Blocks":0,"Total Cost":8.19}],"Shared Dirtied Blocks":0,"Shared Hit Blocks":0,"Shared Read Blocks":2,"Shared Written Blocks":2,"Startup Cost":8.18,"Temp Read Blocks":0,"Temp Written Blocks":0,"Total Cost":8.19},"Planning":{"Local Dirtied Blocks":0,"Local Hit Blocks":0,"Local Read Blocks":0,"Local Written Blocks":0,"Shared Dirtied Blocks":0,"Shared Hit Blocks":85,"Shared Read Blocks":4,"Shared Written Blocks":4,"Temp Read Blocks":0,"Temp Written Blocks":0},"Planning Time":0.18,"Triggers":[]}],"sql_sha256":"949ba89a2f7923b41588cad3a724b9d041a08a71051face451698918b6e183e9"}
CRM_010C_IMPORT_PLAN {"label":"native_member_email_match","plan":[{"Execution Time":0.094,"Plan":{"Actual Loops":1,"Actual Rows":1.0,"Actual Startup Time":0.083,"Actual Total Time":0.084,"Async Capable":false,"Disabled":false,"Local Dirtied Blocks":0,"Local Hit Blocks":0,"Local Read Blocks":0,"Local Written Blocks":0,"Node Type":"Limit","Parallel Aware":false,"Plan Rows":1,"Plan Width":66,"Plans":[{"Actual Loops":1,"Actual Rows":1.0,"Actual Startup Time":0.079,"Actual Total Time":0.08,"Async Capable":false,"Disabled":false,"Local Dirtied Blocks":0,"Local Hit Blocks":0,"Local Read Blocks":0,"Local Written Blocks":0,"Node Type":"Sort","Parallel Aware":false,"Parent Relationship":"Outer","Plan Rows":1,"Plan Width":66,"Plans":[{"Actual Loops":1,"Actual Rows":1.0,"Actual Startup Time":0.063,"Actual Total Time":0.07,"Async Capable":false,"Disabled":false,"Hash Cond":"(m.user_id = u.id)","Inner Unique":true,"Join Type":"Inner","Local Dirtied Blocks":0,"Local Hit Blocks":0,"Local Read Blocks":0,"Local Written Blocks":0,"Node Type":"Hash Join","Parallel Aware":false,"Parent Relationship":"Outer","Plan Rows":1,"Plan Width":66,"Plans":[{"Actual Loops":1,"Actual Rows":50.0,"Actual Startup Time":0.004,"Actual Total Time":0.008,"Alias":"m","Async Capable":false,"Disabled":false,"Filter":"((organization_id = '96a418fd-9fe7-4af9-bd4a-8b46f7e9d6bc'::uuid) AND (status = 'active'::text))","Local Dirtied Blocks":0,"Local Hit Blocks":0,"Local Read Blocks":0,"Local Written Blocks":0,"Node Type":"Seq Scan","Parallel Aware":false,"Parent Relationship":"Outer","Plan Rows":50,"Plan Width":16,"Relation Name":"organization_membership","Rows Removed by Filter":0,"Shared Dirtied Blocks":0,"Shared Hit Blocks":1,"Shared Read Blocks":0,"Shared Written Blocks":0,"Startup Cost":0.0,"Temp Read Blocks":0,"Temp Written Blocks":0,"Total Cost":1.75},{"Actual Loops":1,"Actual Rows":1.0,"Actual Startup Time":0.045,"Actual Total Time":0.045,"Async Capable":false,"Disabled":false,"Hash Batches":1,"Hash Buckets":1024,"Local Dirtied Blocks":0,"Local Hit Blocks":0,"Local Read Blocks":0,"Local Written Blocks":0,"Node Type":"Hash","Original Hash Batches":1,"Original Hash Buckets":1024,"Parallel Aware":false,"Parent Relationship":"Inner","Peak Memory Usage":9,"Plan Rows":1,"Plan Width":66,"Plans":[{"Actual Loops":1,"Actual Rows":1.0,"Actual Startup Time":0.011,"Actual Total Time":0.027,"Alias":"u","Async Capable":false,"Disabled":false,"Filter":"(lower(email) = 'import-admin-1d620afa-50db-4185-8151-49485a584781@synthetic.test'::text)","Local Dirtied Blocks":0,"Local Hit Blocks":0,"Local Read Blocks":0,"Local Written Blocks":0,"Node Type":"Seq Scan","Parallel Aware":false,"Parent Relationship":"Outer","Plan Rows":1,"Plan Width":66,"Relation Name":"app_user","Rows Removed by Filter":50,"Shared Dirtied Blocks":0,"Shared Hit Blocks":1,"Shared Read Blocks":0,"Shared Written Blocks":0,"Startup Cost":0.0,"Temp Read Blocks":0,"Temp Written Blocks":0,"Total Cost":1.77}],"Shared Dirtied Blocks":0,"Shared Hit Blocks":1,"Shared Read Blocks":0,"Shared Written Blocks":0,"Startup Cost":1.77,"Temp Read Blocks":0,"Temp Written Blocks":0,"Total Cost":1.77}],"Shared Dirtied Blocks":0,"Shared Hit Blocks":2,"Shared Read Blocks":0,"Shared Written Blocks":0,"Startup Cost":1.78,"Temp Read Blocks":0,"Temp Written Blocks":0,"Total Cost":3.67}],"Shared Dirtied Blocks":0,"Shared Hit Blocks":2,"Shared Read Blocks":0,"Shared Written Blocks":0,"Sort Key":["u.id"],"Sort Method":"quicksort","Sort Space Type":"Memory","Sort Space Used":25,"Startup Cost":3.68,"Temp Read Blocks":0,"Temp Written Blocks":0,"Total Cost":3.68}],"Shared Dirtied Blocks":0,"Shared Hit Blocks":2,"Shared Read Blocks":0,"Shared Written Blocks":0,"Startup Cost":3.68,"Temp Read Blocks":0,"Temp Written Blocks":0,"Total Cost":3.68},"Planning":{"Local Dirtied Blocks":0,"Local Hit Blocks":0,"Local Read Blocks":0,"Local Written Blocks":0,"Shared Dirtied Blocks":0,"Shared Hit Blocks":40,"Shared Read Blocks":2,"Shared Written Blocks":2,"Temp Read Blocks":0,"Temp Written Blocks":0},"Planning Time":0.218,"Triggers":[]}],"sql_sha256":"123815de3957476775c103df159ff8ac2c9dc8f428c8f9bdd307e9aedb22b8c9"}
CRM_010C_IMPORT_PLAN {"label":"stage_label_mapping","plan":[{"Execution Time":0.017,"Plan":{"Actual Loops":1,"Actual Rows":1.0,"Actual Startup Time":0.012,"Actual Total Time":0.012,"Async Capable":false,"Disabled":false,"Local Dirtied Blocks":0,"Local Hit Blocks":0,"Local Read Blocks":0,"Local Written Blocks":0,"Node Type":"Limit","Parallel Aware":false,"Plan Rows":1,"Plan Width":26,"Plans":[{"Actual Loops":1,"Actual Rows":1.0,"Actual Startup Time":0.011,"Actual Total Time":0.012,"Alias":"migration_import_mapping","Async Capable":false,"Disabled":false,"Index Cond":"((plan_id = '33bbace6-6aff-40db-a77d-7504b9c6acc9'::uuid) AND (organization_id = '96a418fd-9fe7-4af9-bd4a-8b46f7e9d6bc'::uuid) AND (label_hmac = '\\x7db88cdd3c295d227680b119a479ddfb7db88cdd3c295d227680b119a479ddfb'::bytea))","Index Name":"migration_import_stage_label","Index Searches":1,"Local Dirtied Blocks":0,"Local Hit Blocks":0,"Local Read Blocks":0,"Local Written Blocks":0,"Node Type":"Index Scan","Parallel Aware":false,"Parent Relationship":"Outer","Plan Rows":1,"Plan Width":26,"Relation Name":"migration_import_mapping","Rows Removed by Index Recheck":0,"Scan Direction":"Forward","Shared Dirtied Blocks":0,"Shared Hit Blocks":3,"Shared Read Blocks":0,"Shared Written Blocks":0,"Startup Cost":0.28,"Temp Read Blocks":0,"Temp Written Blocks":0,"Total Cost":8.3}],"Shared Dirtied Blocks":0,"Shared Hit Blocks":3,"Shared Read Blocks":0,"Shared Written Blocks":0,"Startup Cost":0.28,"Temp Read Blocks":0,"Temp Written Blocks":0,"Total Cost":8.3},"Planning":{"Local Dirtied Blocks":0,"Local Hit Blocks":0,"Local Read Blocks":0,"Local Written Blocks":0,"Shared Dirtied Blocks":0,"Shared Hit Blocks":0,"Shared Read Blocks":0,"Shared Written Blocks":0,"Temp Read Blocks":0,"Temp Written Blocks":0},"Planning Time":0.046,"Triggers":[]}],"sql_sha256":"7f1e844372ce1d35fa8d08f7e6d8de815d7215fe526b39c243eff141da229b84"}
CRM_010C_IMPORT_PLAN {"label":"assignee_mapping","plan":[{"Execution Time":0.019,"Plan":{"Actual Loops":1,"Actual Rows":1.0,"Actual Startup Time":0.015,"Actual Total Time":0.015,"Alias":"migration_import_mapping","Async Capable":false,"Disabled":false,"Index Cond":"((plan_id = '33bbace6-6aff-40db-a77d-7504b9c6acc9'::uuid) AND (organization_id = '96a418fd-9fe7-4af9-bd4a-8b46f7e9d6bc'::uuid) AND (kind = 'assignee'::text) AND (source_key = 'user:300002'::text))","Index Name":"migration_import_mapping_plan_id_organization_id_kind_sourc_key","Index Searches":1,"Local Dirtied Blocks":0,"Local Hit Blocks":0,"Local Read Blocks":0,"Local Written Blocks":0,"Node Type":"Index Scan","Parallel Aware":false,"Plan Rows":1,"Plan Width":16,"Relation Name":"migration_import_mapping","Rows Removed by Index Recheck":0,"Scan Direction":"Forward","Shared Dirtied Blocks":0,"Shared Hit Blocks":4,"Shared Read Blocks":0,"Shared Written Blocks":0,"Startup Cost":0.41,"Temp Read Blocks":0,"Temp Written Blocks":0,"Total Cost":8.44},"Planning":{"Local Dirtied Blocks":0,"Local Hit Blocks":0,"Local Read Blocks":0,"Local Written Blocks":0,"Shared Dirtied Blocks":0,"Shared Hit Blocks":0,"Shared Read Blocks":0,"Shared Written Blocks":0,"Temp Read Blocks":0,"Temp Written Blocks":0},"Planning Time":0.038,"Triggers":[]}],"sql_sha256":"0ff6a99f9c7345c6be543a33e29d8b387303734a7a7361d1646085c0f485df81"}
CRM_010C_IMPORT_PLAN {"label":"dense_overlap_exists","plan":[{"Execution Time":0.2,"Plan":{"Actual Loops":1,"Actual Rows":1.0,"Actual Startup Time":0.166,"Actual Total Time":0.167,"Async Capable":false,"Disabled":false,"Local Dirtied Blocks":0,"Local Hit Blocks":0,"Local Read Blocks":0,"Local Written Blocks":0,"Node Type":"Aggregate","Parallel Aware":false,"Partial Mode":"Simple","Plan Rows":1,"Plan Width":8,"Plans":[{"Actual Loops":1,"Actual Rows":2.0,"Actual Startup Time":0.1,"Actual Total Time":0.164,"Async Capable":false,"Disabled":false,"Inner Unique":false,"Join Type":"Semi","Local Dirtied Blocks":0,"Local Hit Blocks":0,"Local Read Blocks":0,"Local Written Blocks":0,"Node Type":"Nested Loop","Parallel Aware":false,"Parent Relationship":"Outer","Plan Rows":2,"Plan Width":0,"Plans":[{"Actual Loops":1,"Actual Rows":4.0,"Actual Startup Time":0.062,"Actual Total Time":0.063,"Async Capable":false,"Disabled":false,"Local Dirtied Blocks":0,"Local Hit Blocks":0,"Local Read Blocks":0,"Local Written Blocks":0,"Node Type":"Unique","Parallel Aware":false,"Parent Relationship":"Outer","Plan Rows":4,"Plan Width":39,"Plans":[{"Actual Loops":1,"Actual Rows":4.0,"Actual Startup Time":0.061,"Actual Total Time":0.062,"Async Capable":false,"Disabled":false,"Local Dirtied Blocks":0,"Local Hit Blocks":0,"Local Read Blocks":0,"Local Written Blocks":0,"Node Type":"Sort","Parallel Aware":false,"Parent Relationship":"Outer","Plan Rows":4,"Plan Width":39,"Plans":[{"Actual Loops":1,"Actual Rows":4.0,"Actual Startup Time":0.032,"Actual Total Time":0.032,"Alias":"migration_snapshot_contact_key","Async Capable":false,"Disabled":false,"Heap Fetches":4,"Index Cond":"((snapshot_id = '428b1d29-ca6f-4d5d-bd76-94cbbb07e49d'::uuid) AND (organization_id = '96a418fd-9fe7-4af9-bd4a-8b46f7e9d6bc'::uuid) AND (source_id = '124002'::text) AND (capture_sequence <= '1252'::bigint))","Index Name":"migration_snapshot_contact_source","Index Searches":1,"Local Dirtied Blocks":0,"Local Hit Blocks":0,"Local Read Blocks":0,"Local Written Blocks":0,"Node Type":"Index Only Scan","Parallel Aware":false,"Parent Relationship":"Outer","Plan Rows":4,"Plan Width":39,"Relation Name":"migration_snapshot_contact_key","Rows Removed by Index Recheck":0,"Scan Direction":"Forward","Shared Dirtied Blocks":0,"Shared Hit Blocks":4,"Shared Read Blocks":0,"Shared Written Blocks":0,"Startup Cost":0.42,"Temp Read Blocks":0,"Temp Written Blocks":0,"Total Cost":13.77}],"Shared Dirtied Blocks":0,"Shared Hit Blocks":7,"Shared Read Blocks":0,"Shared Written Blocks":0,"Sort Key":["migration_snapshot_contact_key.kind","migration_snapshot_contact_key.key_hmac"],"Sort Method":"quicksort","Sort Space Type":"Memory","Sort Space Used":25,"Startup Cost":13.81,"Temp Read Blocks":0,"Temp Written Blocks":0,"Total Cost":13.82}],"Shared Dirtied Blocks":0,"Shared Hit Blocks":7,"Shared Read Blocks":0,"Shared Written Blocks":0,"Startup Cost":13.81,"Temp Read Blocks":0,"Temp Written Blocks":0,"Total Cost":13.84},{"Actual Loops":4,"Actual Rows":0.5,"Actual Startup Time":0.025,"Actual Total Time":0.025,"Alias":"o","Async Capable":false,"Disabled":false,"Filter":"(source_id <> '124002'::text)","Heap Fetches":4,"Index Cond":"((snapshot_id = '428b1d29-ca6f-4d5d-bd76-94cbbb07e49d'::uuid) AND (organization_id = '96a418fd-9fe7-4af9-bd4a-8b46f7e9d6bc'::uuid) AND (kind = migration_snapshot_contact_key.kind) AND (key_hmac = migration_snapshot_contact_key.key_hmac) AND (capture_sequence <= '1252'::bigint))","Index Name":"migration_snapshot_contact_group","Index Searches":4,"Local Dirtied Blocks":0,"Local Hit Blocks":0,"Local Read Blocks":0,"Local Written Blocks":0,"Node Type":"Index Only Scan","Parallel Aware":false,"Parent Relationship":"Inner","Plan Rows":2,"Plan Width":39,"Relation Name":"migration_snapshot_contact_key","Rows Removed by Filter":0,"Rows Removed by Index Recheck":0,"Scan Direction":"Forward","Shared Dirtied Blocks":0,"Shared Hit Blocks":15,"Shared Read Blocks":1,"Shared Written Blocks":1,"Startup Cost":0.42,"Temp Read Blocks":0,"Temp Written Blocks":0,"Total Cost":10.23}],"Shared Dirtied Blocks":0,"Shared Hit Blocks":22,"Shared Read Blocks":1,"Shared Written Blocks":1,"Startup Cost":14.22,"Temp Read Blocks":0,"Temp Written Blocks":0,"Total Cost":37.77}],"Shared Dirtied Blocks":0,"Shared Hit Blocks":22,"Shared Read Blocks":1,"Shared Written Blocks":1,"Startup Cost":37.77,"Strategy":"Plain","Temp Read Blocks":0,"Temp Written Blocks":0,"Total Cost":37.78},"Planning":{"Local Dirtied Blocks":0,"Local Hit Blocks":0,"Local Read Blocks":0,"Local Written Blocks":0,"Shared Dirtied Blocks":0,"Shared Hit Blocks":57,"Shared Read Blocks":0,"Shared Written Blocks":0,"Temp Read Blocks":0,"Temp Written Blocks":0},"Planning Time":0.304,"Triggers":[]}],"sql_sha256":"711f41d640013128931538ac8c67c17de5966499ff075658888063878a1f0e68"}
CRM_010C_IMPORT_PLAN {"label":"stage_execution_checkpoint","plan":[{"Execution Time":0.045,"Plan":{"Actual Loops":1,"Actual Rows":1.0,"Actual Startup Time":0.027,"Actual Total Time":0.027,"Async Capable":false,"Disabled":false,"Local Dirtied Blocks":0,"Local Hit Blocks":0,"Local Read Blocks":0,"Local Written Blocks":0,"Node Type":"Limit","Parallel Aware":false,"Plan Rows":1,"Plan Width":46,"Plans":[{"Actual Loops":1,"Actual Rows":1.0,"Actual Startup Time":0.027,"Actual Total Time":0.027,"Async Capable":false,"Disabled":false,"Inner Unique":false,"Join Type":"Semi","Local Dirtied Blocks":0,"Local Hit Blocks":0,"Local Read Blocks":0,"Local Written Blocks":0,"Node Type":"Nested Loop","Parallel Aware":false,"Parent Relationship":"Outer","Plan Rows":1,"Plan Width":46,"Plans":[{"Actual Loops":1,"Actual Rows":1.0,"Actual Startup Time":0.011,"Actual Total Time":0.011,"Alias":"migration_import_mapping","Async Capable":false,"Disabled":false,"Index Cond":"((plan_id = '33bbace6-6aff-40db-a77d-7504b9c6acc9'::uuid) AND (organization_id = '96a418fd-9fe7-4af9-bd4a-8b46f7e9d6bc'::uuid) AND (kind = 'stage'::text) AND (disposition = 'create'::text) AND (ROW(source_sequence, source_ordinal, source_key) > ROW('1251'::bigint, 0, '200001'::text)))","Index Name":"migration_import_mapping_execution","Index Searches":1,"Local Dirtied Blocks":0,"Local Hit Blocks":0,"Local Read Blocks":0,"Local Written Blocks":0,"Node Type":"Index Scan","Parallel Aware":false,"Parent Relationship":"Outer","Plan Rows":1,"Plan Width":46,"Relation Name":"migration_import_mapping","Rows Removed by Index Recheck":0,"Scan Direction":"Forward","Shared Dirtied Blocks":0,"Shared Hit Blocks":4,"Shared Read Blocks":0,"Shared Written Blocks":0,"Startup Cost":0.41,"Temp Read Blocks":0,"Temp Written Blocks":0,"Total Cost":8.44},{"Actual Loops":1,"Actual Rows":1.0,"Actual Startup Time":0.014,"Actual Total Time":0.014,"Alias":"x","Async Capable":false,"Disabled":false,"Heap Fetches":1,"Index Cond":"((stage_mapping_id = migration_import_mapping.id) AND (organization_id = '96a418fd-9fe7-4af9-bd4a-8b46f7e9d6bc'::uuid))","Index Name":"migration_import_manifest_stage","Index Searches":1,"Local Dirtied Blocks":0,"Local Hit Blocks":0,"Local Read Blocks":0,"Local Written Blocks":0,"Node Type":"Index Only Scan","Parallel Aware":false,"Parent Relationship":"Inner","Plan Rows":1125,"Plan Width":16,"Relation Name":"migration_import_manifest","Rows Removed by Index Recheck":0,"Scan Direction":"Forward","Shared Dirtied Blocks":0,"Shared Hit Blocks":3,"Shared Read Blocks":0,"Shared Written Blocks":0,"Startup Cost":0.29,"Temp Read Blocks":0,"Temp Written Blocks":0,"Total Cost":2675.12}],"Shared Dirtied Blocks":0,"Shared Hit Blocks":7,"Shared Read Blocks":0,"Shared Written Blocks":0,"Startup Cost":0.7,"Temp Read Blocks":0,"Temp Written Blocks":0,"Total Cost":15.86}],"Shared Dirtied Blocks":0,"Shared Hit Blocks":7,"Shared Read Blocks":0,"Shared Written Blocks":0,"Startup Cost":0.7,"Temp Read Blocks":0,"Temp Written Blocks":0,"Total Cost":15.86},"Planning":{"Local Dirtied Blocks":0,"Local Hit Blocks":0,"Local Read Blocks":0,"Local Written Blocks":0,"Shared Dirtied Blocks":0,"Shared Hit Blocks":140,"Shared Read Blocks":0,"Shared Written Blocks":0,"Temp Read Blocks":0,"Temp Written Blocks":0},"Planning Time":0.288,"Triggers":[]}],"sql_sha256":"c39eb6936a81e771e11b976d75fdd20ede8b84e9804e8f17ab053e4d504ffff7"}
CRM_010C_IMPORT_PLAN {"label":"people_execution_checkpoint","plan":[{"Execution Time":0.028,"Plan":{"Actual Loops":1,"Actual Rows":1.0,"Actual Startup Time":0.023,"Actual Total Time":0.023,"Async Capable":false,"Disabled":false,"Local Dirtied Blocks":0,"Local Hit Blocks":0,"Local Read Blocks":0,"Local Written Blocks":0,"Node Type":"Limit","Parallel Aware":false,"Plan Rows":1,"Plan Width":39,"Plans":[{"Actual Loops":1,"Actual Rows":1.0,"Actual Startup Time":0.023,"Actual Total Time":0.023,"Alias":"migration_import_manifest","Async Capable":false,"Disabled":false,"Index Cond":"((plan_id = '33bbace6-6aff-40db-a77d-7504b9c6acc9'::uuid) AND (organization_id = '96a418fd-9fe7-4af9-bd4a-8b46f7e9d6bc'::uuid) AND (source_id > '124000'::text))","Index Name":"migration_import_manifest_plan_id_organization_id_source_id_key","Index Searches":1,"Local Dirtied Blocks":0,"Local Hit Blocks":0,"Local Read Blocks":0,"Local Written Blocks":0,"Node Type":"Index Scan","Parallel Aware":false,"Parent Relationship":"Outer","Plan Rows":1000,"Plan Width":39,"Relation Name":"migration_import_manifest","Rows Removed by Index Recheck":0,"Scan Direction":"Forward","Shared Dirtied Blocks":0,"Shared Hit Blocks":4,"Shared Read Blocks":0,"Shared Written Blocks":0,"Startup Cost":0.41,"Temp Read Blocks":0,"Temp Written Blocks":0,"Total Cost":1156.66}],"Shared Dirtied Blocks":0,"Shared Hit Blocks":4,"Shared Read Blocks":0,"Shared Written Blocks":0,"Startup Cost":0.41,"Temp Read Blocks":0,"Temp Written Blocks":0,"Total Cost":1.57},"Planning":{"Local Dirtied Blocks":0,"Local Hit Blocks":0,"Local Read Blocks":0,"Local Written Blocks":0,"Shared Dirtied Blocks":0,"Shared Hit Blocks":6,"Shared Read Blocks":0,"Shared Written Blocks":0,"Temp Read Blocks":0,"Temp Written Blocks":0},"Planning Time":0.057,"Triggers":[]}],"sql_sha256":"df5a2ebf35b4feb047ae5cf5e10986dd44c364b64bc1c709738b38ccdb1cb7dd"}
CRM_010C_IMPORT_PLAN {"label":"identity_stages","plan":[{"Execution Time":0.018,"Plan":{"Actual Loops":1,"Actual Rows":1.0,"Actual Startup Time":0.013,"Actual Total Time":0.013,"Alias":"migration_import_identity","Async Capable":false,"Disabled":false,"Index Cond":"((organization_id = '96a418fd-9fe7-4af9-bd4a-8b46f7e9d6bc'::uuid) AND (source_account_id = '17'::bigint) AND (family = 'stages'::text) AND (source_id = '200002'::text))","Index Name":"migration_import_identity_pkey","Index Searches":1,"Local Dirtied Blocks":0,"Local Hit Blocks":0,"Local Read Blocks":0,"Local Written Blocks":0,"Node Type":"Index Scan","Parallel Aware":false,"Plan Rows":1,"Plan Width":16,"Relation Name":"migration_import_identity","Rows Removed by Index Recheck":0,"Scan Direction":"Forward","Shared Dirtied Blocks":0,"Shared Hit Blocks":3,"Shared Read Blocks":0,"Shared Written Blocks":0,"Startup Cost":0.29,"Temp Read Blocks":0,"Temp Written Blocks":0,"Total Cost":8.31},"Planning":{"Local Dirtied Blocks":0,"Local Hit Blocks":0,"Local Read Blocks":0,"Local Written Blocks":0,"Shared Dirtied Blocks":0,"Shared Hit Blocks":61,"Shared Read Blocks":0,"Shared Written Blocks":0,"Temp Read Blocks":0,"Temp Written Blocks":0},"Planning Time":0.115,"Triggers":[]}],"sql_sha256":"760d0a311de8dff0d559a41852b2eca16d62764f8569e9ef65032b9d61ef9d2b"}
CRM_010C_IMPORT_PLAN {"label":"identity_people","plan":[{"Execution Time":0.015,"Plan":{"Actual Loops":1,"Actual Rows":1.0,"Actual Startup Time":0.011,"Actual Total Time":0.011,"Alias":"migration_import_identity","Async Capable":false,"Disabled":false,"Index Cond":"((organization_id = '96a418fd-9fe7-4af9-bd4a-8b46f7e9d6bc'::uuid) AND (source_account_id = '17'::bigint) AND (family = 'people'::text) AND (source_id = '124002'::text))","Index Name":"migration_import_identity_pkey","Index Searches":1,"Local Dirtied Blocks":0,"Local Hit Blocks":0,"Local Read Blocks":0,"Local Written Blocks":0,"Node Type":"Index Scan","Parallel Aware":false,"Plan Rows":1,"Plan Width":16,"Relation Name":"migration_import_identity","Rows Removed by Index Recheck":0,"Scan Direction":"Forward","Shared Dirtied Blocks":0,"Shared Hit Blocks":3,"Shared Read Blocks":0,"Shared Written Blocks":0,"Startup Cost":0.29,"Temp Read Blocks":0,"Temp Written Blocks":0,"Total Cost":8.31},"Planning":{"Local Dirtied Blocks":0,"Local Hit Blocks":0,"Local Read Blocks":0,"Local Written Blocks":0,"Shared Dirtied Blocks":0,"Shared Hit Blocks":0,"Shared Read Blocks":0,"Shared Written Blocks":0,"Temp Read Blocks":0,"Temp Written Blocks":0},"Planning Time":0.025,"Triggers":[]}],"sql_sha256":"cca7137327b45d8d1f512651e10cdcbe172d6fcae42b0883af8bd7ddf6cffa72"}
CRM_010C_IMPORT_PLAN {"label":"record_page__None","plan":[{"Execution Time":0.034,"Plan":{"Actual Loops":1,"Actual Rows":51.0,"Actual Startup Time":0.015,"Actual Total Time":0.029,"Async Capable":false,"Disabled":false,"Local Dirtied Blocks":0,"Local Hit Blocks":0,"Local Read Blocks":0,"Local Written Blocks":0,"Node Type":"Limit","Parallel Aware":false,"Plan Rows":51,"Plan Width":23,"Plans":[{"Actual Loops":1,"Actual Rows":51.0,"Actual Startup Time":0.014,"Actual Total Time":0.026,"Alias":"migration_import_manifest","Async Capable":false,"Disabled":false,"Index Cond":"((plan_id = '33bbace6-6aff-40db-a77d-7504b9c6acc9'::uuid) AND (organization_id = '96a418fd-9fe7-4af9-bd4a-8b46f7e9d6bc'::uuid) AND (source_id > ''::text))","Index Name":"migration_import_manifest_plan_id_organization_id_source_id_key","Index Searches":1,"Local Dirtied Blocks":0,"Local Hit Blocks":0,"Local Read Blocks":0,"Local Written Blocks":0,"Node Type":"Index Scan","Parallel Aware":false,"Parent Relationship":"Outer","Plan Rows":24998,"Plan Width":23,"Relation Name":"migration_import_manifest","Rows Removed by Index Recheck":0,"Scan Direction":"Forward","Shared Dirtied Blocks":0,"Shared Hit Blocks":5,"Shared Read Blocks":0,"Shared Written Blocks":0,"Startup Cost":0.41,"Temp Read Blocks":0,"Temp Written Blocks":0,"Total Cost":3162.74}],"Shared Dirtied Blocks":0,"Shared Hit Blocks":5,"Shared Read Blocks":0,"Shared Written Blocks":0,"Startup Cost":0.41,"Temp Read Blocks":0,"Temp Written Blocks":0,"Total Cost":6.86},"Planning":{"Local Dirtied Blocks":0,"Local Hit Blocks":0,"Local Read Blocks":0,"Local Written Blocks":0,"Shared Dirtied Blocks":0,"Shared Hit Blocks":0,"Shared Read Blocks":0,"Shared Written Blocks":0,"Temp Read Blocks":0,"Temp Written Blocks":0},"Planning Time":0.034,"Triggers":[]}],"sql_sha256":"a84960ce5d67d78e86fb1e97433b785db9307d611c92ba6c22dc4348950eb64e"}
CRM_010C_IMPORT_PLAN {"label":"record_page__Some(\"eligible\")","plan":[{"Execution Time":0.03,"Plan":{"Actual Loops":1,"Actual Rows":51.0,"Actual Startup Time":0.013,"Actual Total Time":0.023,"Async Capable":false,"Disabled":false,"Local Dirtied Blocks":0,"Local Hit Blocks":0,"Local Read Blocks":0,"Local Written Blocks":0,"Node Type":"Limit","Parallel Aware":false,"Plan Rows":51,"Plan Width":23,"Plans":[{"Actual Loops":1,"Actual Rows":51.0,"Actual Startup Time":0.012,"Actual Total Time":0.02,"Alias":"migration_import_manifest","Async Capable":false,"Disabled":false,"Filter":"(disposition = 'eligible'::text)","Index Cond":"((plan_id = '33bbace6-6aff-40db-a77d-7504b9c6acc9'::uuid) AND (organization_id = '96a418fd-9fe7-4af9-bd4a-8b46f7e9d6bc'::uuid) AND (source_id > ''::text))","Index Name":"migration_import_manifest_plan_id_organization_id_source_id_key","Index Searches":1,"Local Dirtied Blocks":0,"Local Hit Blocks":0,"Local Read Blocks":0,"Local Written Blocks":0,"Node Type":"Index Scan","Parallel Aware":false,"Parent Relationship":"Outer","Plan Rows":22498,"Plan Width":23,"Relation Name":"migration_import_manifest","Rows Removed by Filter":6,"Rows Removed by Index Recheck":0,"Scan Direction":"Forward","Shared Dirtied Blocks":0,"Shared Hit Blocks":5,"Shared Read Blocks":0,"Shared Written Blocks":0,"Startup Cost":0.41,"Temp Read Blocks":0,"Temp Written Blocks":0,"Total Cost":3225.24}],"Shared Dirtied Blocks":0,"Shared Hit Blocks":5,"Shared Read Blocks":0,"Shared Written Blocks":0,"Startup Cost":0.41,"Temp Read Blocks":0,"Temp Written Blocks":0,"Total Cost":7.72},"Planning":{"Local Dirtied Blocks":0,"Local Hit Blocks":0,"Local Read Blocks":0,"Local Written Blocks":0,"Shared Dirtied Blocks":0,"Shared Hit Blocks":0,"Shared Read Blocks":0,"Shared Written Blocks":0,"Temp Read Blocks":0,"Temp Written Blocks":0},"Planning Time":0.048,"Triggers":[]}],"sql_sha256":"a84960ce5d67d78e86fb1e97433b785db9307d611c92ba6c22dc4348950eb64e"}
CRM_010C_IMPORT_PLAN {"label":"record_page__Some(\"held\")","plan":[{"Execution Time":0.091,"Plan":{"Actual Loops":1,"Actual Rows":51.0,"Actual Startup Time":0.028,"Actual Total Time":0.086,"Async Capable":false,"Disabled":false,"Local Dirtied Blocks":0,"Local Hit Blocks":0,"Local Read Blocks":0,"Local Written Blocks":0,"Node Type":"Limit","Parallel Aware":false,"Plan Rows":51,"Plan Width":23,"Plans":[{"Actual Loops":1,"Actual Rows":51.0,"Actual Startup Time":0.028,"Actual Total Time":0.083,"Alias":"migration_import_manifest","Async Capable":false,"Disabled":false,"Index Cond":"((plan_id = '33bbace6-6aff-40db-a77d-7504b9c6acc9'::uuid) AND (organization_id = '96a418fd-9fe7-4af9-bd4a-8b46f7e9d6bc'::uuid) AND (disposition = 'held'::text) AND (source_id > ''::text))","Index Name":"migration_import_manifest_page","Index Searches":1,"Local Dirtied Blocks":0,"Local Hit Blocks":0,"Local Read Blocks":0,"Local Written Blocks":0,"Node Type":"Index Scan","Parallel Aware":false,"Parent Relationship":"Outer","Plan Rows":2500,"Plan Width":23,"Relation Name":"migration_import_manifest","Rows Removed by Index Recheck":0,"Scan Direction":"Forward","Shared Dirtied Blocks":0,"Shared Hit Blocks":20,"Shared Read Blocks":0,"Shared Written Blocks":0,"Startup Cost":0.41,"Temp Read Blocks":0,"Temp Written Blocks":0,"Total Cost":1666.41}],"Shared Dirtied Blocks":0,"Shared Hit Blocks":20,"Shared Read Blocks":0,"Shared Written Blocks":0,"Startup Cost":0.41,"Temp Read Blocks":0,"Temp Written Blocks":0,"Total Cost":34.4},"Planning":{"Local Dirtied Blocks":0,"Local Hit Blocks":0,"Local Read Blocks":0,"Local Written Blocks":0,"Shared Dirtied Blocks":0,"Shared Hit Blocks":0,"Shared Read Blocks":0,"Shared Written Blocks":0,"Temp Read Blocks":0,"Temp Written Blocks":0},"Planning Time":0.043,"Triggers":[]}],"sql_sha256":"a84960ce5d67d78e86fb1e97433b785db9307d611c92ba6c22dc4348950eb64e"}
CRM_010C_IMPORT_PLAN {"label":"result_page__None","plan":[{"Execution Time":0.194,"Plan":{"Actual Loops":1,"Actual Rows":51.0,"Actual Startup Time":0.036,"Actual Total Time":0.181,"Async Capable":false,"Disabled":false,"Local Dirtied Blocks":0,"Local Hit Blocks":0,"Local Read Blocks":0,"Local Written Blocks":0,"Node Type":"Limit","Parallel Aware":false,"Plan Rows":51,"Plan Width":71,"Plans":[{"Actual Loops":1,"Actual Rows":51.0,"Actual Startup Time":0.036,"Actual Total Time":0.177,"Async Capable":false,"Disabled":false,"Inner Unique":false,"Join Type":"Left","Local Dirtied Blocks":0,"Local Hit Blocks":0,"Local Read Blocks":0,"Local Written Blocks":0,"Node Type":"Nested Loop","Parallel Aware":false,"Parent Relationship":"Outer","Plan Rows":24998,"Plan Width":71,"Plans":[{"Actual Loops":1,"Actual Rows":51.0,"Actual Startup Time":0.011,"Actual Total Time":0.016,"Alias":"m","Async Capable":false,"Disabled":false,"Index Cond":"((plan_id = '33bbace6-6aff-40db-a77d-7504b9c6acc9'::uuid) AND (organization_id = '96a418fd-9fe7-4af9-bd4a-8b46f7e9d6bc'::uuid) AND (source_id > ''::text))","Index Name":"migration_import_manifest_plan_id_organization_id_source_id_key","Index Searches":1,"Local Dirtied Blocks":0,"Local Hit Blocks":0,"Local Read Blocks":0,"Local Written Blocks":0,"Node Type":"Index Scan","Parallel Aware":false,"Parent Relationship":"Outer","Plan Rows":24998,"Plan Width":47,"Relation Name":"migration_import_manifest","Rows Removed by Index Recheck":0,"Scan Direction":"Forward","Shared Dirtied Blocks":0,"Shared Hit Blocks":5,"Shared Read Blocks":0,"Shared Written Blocks":0,"Startup Cost":0.41,"Temp Read Blocks":0,"Temp Written Blocks":0,"Total Cost":3162.74},{"Actual Loops":51,"Actual Rows":0.9,"Actual Startup Time":0.003,"Actual Total Time":0.003,"Alias":"x","Async Capable":false,"Disabled":false,"Index Cond":"((manifest_id = m.id) AND (organization_id = m.organization_id))","Index Name":"migration_import_result_manifest","Index Searches":51,"Local Dirtied Blocks":0,"Local Hit Blocks":0,"Local Read Blocks":0,"Local Written Blocks":0,"Node Type":"Index Scan","Parallel Aware":false,"Parent Relationship":"Inner","Plan Rows":1,"Plan Width":40,"Relation Name":"migration_import_result","Rows Removed by Index Recheck":0,"Scan Direction":"Forward","Shared Dirtied Blocks":0,"Shared Hit Blocks":148,"Shared Read Blocks":0,"Shared Written Blocks":0,"Startup Cost":0.29,"Temp Read Blocks":0,"Temp Written Blocks":0,"Total Cost":8.31}],"Shared Dirtied Blocks":0,"Shared Hit Blocks":153,"Shared Read Blocks":0,"Shared Written Blocks":0,"Startup Cost":0.7,"Temp Read Blocks":0,"Temp Written Blocks":0,"Total Cost":211083.61}],"Shared Dirtied Blocks":0,"Shared Hit Blocks":153,"Shared Read Blocks":0,"Shared Written Blocks":0,"Startup Cost":0.7,"Temp Read Blocks":0,"Temp Written Blocks":0,"Total Cost":431.34},"Planning":{"Local Dirtied Blocks":0,"Local Hit Blocks":0,"Local Read Blocks":0,"Local Written Blocks":0,"Shared Dirtied Blocks":0,"Shared Hit Blocks":130,"Shared Read Blocks":0,"Shared Written Blocks":0,"Temp Read Blocks":0,"Temp Written Blocks":0},"Planning Time":0.245,"Triggers":[]}],"sql_sha256":"9dbb8b1aaaede54cc68917addd661e22bf2c3cdd519836ee5c44ec4dbad13aea"}
CRM_010C_IMPORT_PLAN {"label":"result_page__Some(\"imported\")","plan":[{"Execution Time":0.149,"Plan":{"Actual Loops":1,"Actual Rows":51.0,"Actual Startup Time":0.022,"Actual Total Time":0.135,"Async Capable":false,"Disabled":false,"Local Dirtied Blocks":0,"Local Hit Blocks":0,"Local Read Blocks":0,"Local Written Blocks":0,"Node Type":"Limit","Parallel Aware":false,"Plan Rows":51,"Plan Width":71,"Plans":[{"Actual Loops":1,"Actual Rows":51.0,"Actual Startup Time":0.022,"Actual Total Time":0.132,"Async Capable":false,"Disabled":false,"Filter":"(COALESCE(x.disposition, 'pending'::text) = 'imported'::text)","Inner Unique":false,"Join Type":"Left","Local Dirtied Blocks":0,"Local Hit Blocks":0,"Local Read Blocks":0,"Local Written Blocks":0,"Node Type":"Nested Loop","Parallel Aware":false,"Parent Relationship":"Outer","Plan Rows":24998,"Plan Width":71,"Plans":[{"Actual Loops":1,"Actual Rows":64.0,"Actual Startup Time":0.014,"Actual Total Time":0.026,"Alias":"m","Async Capable":false,"Disabled":false,"Index Cond":"((plan_id = '33bbace6-6aff-40db-a77d-7504b9c6acc9'::uuid) AND (organization_id = '96a418fd-9fe7-4af9-bd4a-8b46f7e9d6bc'::uuid) AND (source_id > ''::text))","Index Name":"migration_import_manifest_plan_id_organization_id_source_id_key","Index Searches":1,"Local Dirtied Blocks":0,"Local Hit Blocks":0,"Local Read Blocks":0,"Local Written Blocks":0,"Node Type":"Index Scan","Parallel Aware":false,"Parent Relationship":"Outer","Plan Rows":24998,"Plan Width":47,"Relation Name":"migration_import_manifest","Rows Removed by Index Recheck":0,"Scan Direction":"Forward","Shared Dirtied Blocks":0,"Shared Hit Blocks":6,"Shared Read Blocks":0,"Shared Written Blocks":0,"Startup Cost":0.41,"Temp Read Blocks":0,"Temp Written Blocks":0,"Total Cost":3162.74},{"Actual Loops":64,"Actual Rows":0.91,"Actual Startup Time":0.001,"Actual Total Time":0.001,"Alias":"x","Async Capable":false,"Disabled":false,"Index Cond":"((manifest_id = m.id) AND (organization_id = m.organization_id))","Index Name":"migration_import_result_manifest","Index Searches":64,"Local Dirtied Blocks":0,"Local Hit Blocks":0,"Local Read Blocks":0,"Local Written Blocks":0,"Node Type":"Index Scan","Parallel Aware":false,"Parent Relationship":"Inner","Plan Rows":1,"Plan Width":40,"Relation Name":"migration_import_result","Rows Removed by Index Recheck":0,"Scan Direction":"Forward","Shared Dirtied Blocks":0,"Shared Hit Blocks":186,"Shared Read Blocks":0,"Shared Written Blocks":0,"Startup Cost":0.29,"Temp Read Blocks":0,"Temp Written Blocks":0,"Total Cost":8.31}],"Rows Removed by Filter":13,"Shared Dirtied Blocks":0,"Shared Hit Blocks":192,"Shared Read Blocks":0,"Shared Written Blocks":0,"Startup Cost":0.7,"Temp Read Blocks":0,"Temp Written Blocks":0,"Total Cost":211146.1}],"Shared Dirtied Blocks":0,"Shared Hit Blocks":192,"Shared Read Blocks":0,"Shared Written Blocks":0,"Startup Cost":0.7,"Temp Read Blocks":0,"Temp Written Blocks":0,"Total Cost":431.47},"Planning":{"Local Dirtied Blocks":0,"Local Hit Blocks":0,"Local Read Blocks":0,"Local Written Blocks":0,"Shared Dirtied Blocks":0,"Shared Hit Blocks":0,"Shared Read Blocks":0,"Shared Written Blocks":0,"Temp Read Blocks":0,"Temp Written Blocks":0},"Planning Time":0.095,"Triggers":[]}],"sql_sha256":"9dbb8b1aaaede54cc68917addd661e22bf2c3cdd519836ee5c44ec4dbad13aea"}
CRM_010C_IMPORT_PLAN {"label":"result_page__Some(\"held\")","plan":[{"Execution Time":0.791,"Plan":{"Actual Loops":1,"Actual Rows":51.0,"Actual Startup Time":0.012,"Actual Total Time":0.782,"Async Capable":false,"Disabled":false,"Local Dirtied Blocks":0,"Local Hit Blocks":0,"Local Read Blocks":0,"Local Written Blocks":0,"Node Type":"Limit","Parallel Aware":false,"Plan Rows":51,"Plan Width":71,"Plans":[{"Actual Loops":1,"Actual Rows":51.0,"Actual Startup Time":0.012,"Actual Total Time":0.778,"Async Capable":false,"Disabled":false,"Filter":"(COALESCE(x.disposition, 'pending'::text) = 'held'::text)","Inner Unique":false,"Join Type":"Left","Local Dirtied Blocks":0,"Local Hit Blocks":0,"Local Read Blocks":0,"Local Written Blocks":0,"Node Type":"Nested Loop","Parallel Aware":false,"Parent Relationship":"Outer","Plan Rows":24998,"Plan Width":71,"Plans":[{"Actual Loops":1,"Actual Rows":501.0,"Actual Startup Time":0.009,"Actual Total Time":0.065,"Alias":"m","Async Capable":false,"Disabled":false,"Index Cond":"((plan_id = '33bbace6-6aff-40db-a77d-7504b9c6acc9'::uuid) AND (organization_id = '96a418fd-9fe7-4af9-bd4a-8b46f7e9d6bc'::uuid) AND (source_id > ''::text))","Index Name":"migration_import_manifest_plan_id_organization_id_source_id_key","Index Searches":1,"Local Dirtied Blocks":0,"Local Hit Blocks":0,"Local Read Blocks":0,"Local Written Blocks":0,"Node Type":"Index Scan","Parallel Aware":false,"Parent Relationship":"Outer","Plan Rows":24998,"Plan Width":47,"Relation Name":"migration_import_manifest","Rows Removed by Index Recheck":0,"Scan Direction":"Forward","Shared Dirtied Blocks":0,"Shared Hit Blocks":23,"Shared Read Blocks":0,"Shared Written Blocks":0,"Startup Cost":0.41,"Temp Read Blocks":0,"Temp Written Blocks":0,"Total Cost":3162.74},{"Actual Loops":501,"Actual Rows":0.9,"Actual Startup Time":0.001,"Actual Total Time":0.001,"Alias":"x","Async Capable":false,"Disabled":false,"Index Cond":"((manifest_id = m.id) AND (organization_id = m.organization_id))","Index Name":"migration_import_result_manifest","Index Searches":501,"Local Dirtied Blocks":0,"Local Hit Blocks":0,"Local Read Blocks":0,"Local Written Blocks":0,"Node Type":"Index Scan","Parallel Aware":false,"Parent Relationship":"Inner","Plan Rows":1,"Plan Width":40,"Relation Name":"migration_import_result","Rows Removed by Index Recheck":0,"Scan Direction":"Forward","Shared Dirtied Blocks":0,"Shared Hit Blocks":1453,"Shared Read Blocks":0,"Shared Written Blocks":0,"Startup Cost":0.29,"Temp Read Blocks":0,"Temp Written Blocks":0,"Total Cost":8.31}],"Rows Removed by Filter":450,"Shared Dirtied Blocks":0,"Shared Hit Blocks":1476,"Shared Read Blocks":0,"Shared Written Blocks":0,"Startup Cost":0.7,"Temp Read Blocks":0,"Temp Written Blocks":0,"Total Cost":211146.1}],"Shared Dirtied Blocks":0,"Shared Hit Blocks":1476,"Shared Read Blocks":0,"Shared Written Blocks":0,"Startup Cost":0.7,"Temp Read Blocks":0,"Temp Written Blocks":0,"Total Cost":431.47},"Planning":{"Local Dirtied Blocks":0,"Local Hit Blocks":0,"Local Read Blocks":0,"Local Written Blocks":0,"Shared Dirtied Blocks":0,"Shared Hit Blocks":0,"Shared Read Blocks":0,"Shared Written Blocks":0,"Temp Read Blocks":0,"Temp Written Blocks":0},"Planning Time":0.062,"Triggers":[]}],"sql_sha256":"9dbb8b1aaaede54cc68917addd661e22bf2c3cdd519836ee5c44ec4dbad13aea"}
CRM_010C_IMPORT_PLAN {"label":"result_page__Some(\"pending\")","plan":[{"Execution Time":0.657,"Plan":{"Actual Loops":1,"Actual Rows":51.0,"Actual Startup Time":0.031,"Actual Total Time":0.648,"Async Capable":false,"Disabled":false,"Local Dirtied Blocks":0,"Local Hit Blocks":0,"Local Read Blocks":0,"Local Written Blocks":0,"Node Type":"Limit","Parallel Aware":false,"Plan Rows":51,"Plan Width":71,"Plans":[{"Actual Loops":1,"Actual Rows":51.0,"Actual Startup Time":0.03,"Actual Total Time":0.644,"Async Capable":false,"Disabled":false,"Filter":"(COALESCE(x.disposition, 'pending'::text) = 'pending'::text)","Inner Unique":false,"Join Type":"Left","Local Dirtied Blocks":0,"Local Hit Blocks":0,"Local Read Blocks":0,"Local Written Blocks":0,"Node Type":"Nested Loop","Parallel Aware":false,"Parent Relationship":"Outer","Plan Rows":24998,"Plan Width":71,"Plans":[{"Actual Loops":1,"Actual Rows":510.0,"Actual Startup Time":0.008,"Actual Total Time":0.059,"Alias":"m","Async Capable":false,"Disabled":false,"Index Cond":"((plan_id = '33bbace6-6aff-40db-a77d-7504b9c6acc9'::uuid) AND (organization_id = '96a418fd-9fe7-4af9-bd4a-8b46f7e9d6bc'::uuid) AND (source_id > ''::text))","Index Name":"migration_import_manifest_plan_id_organization_id_source_id_key","Index Searches":1,"Local Dirtied Blocks":0,"Local Hit Blocks":0,"Local Read Blocks":0,"Local Written Blocks":0,"Node Type":"Index Scan","Parallel Aware":false,"Parent Relationship":"Outer","Plan Rows":24998,"Plan Width":47,"Relation Name":"migration_import_manifest","Rows Removed by Index Recheck":0,"Scan Direction":"Forward","Shared Dirtied Blocks":0,"Shared Hit Blocks":23,"Shared Read Blocks":0,"Shared Written Blocks":0,"Startup Cost":0.41,"Temp Read Blocks":0,"Temp Written Blocks":0,"Total Cost":3162.74},{"Actual Loops":510,"Actual Rows":0.9,"Actual Startup Time":0.001,"Actual Total Time":0.001,"Alias":"x","Async Capable":false,"Disabled":false,"Index Cond":"((manifest_id = m.id) AND (organization_id = m.organization_id))","Index Name":"migration_import_result_manifest","Index Searches":510,"Local Dirtied Blocks":0,"Local Hit Blocks":0,"Local Read Blocks":0,"Local Written Blocks":0,"Node Type":"Index Scan","Parallel Aware":false,"Parent Relationship":"Inner","Plan Rows":1,"Plan Width":40,"Relation Name":"migration_import_result","Rows Removed by Index Recheck":0,"Scan Direction":"Forward","Shared Dirtied Blocks":0,"Shared Hit Blocks":1479,"Shared Read Blocks":0,"Shared Written Blocks":0,"Startup Cost":0.29,"Temp Read Blocks":0,"Temp Written Blocks":0,"Total Cost":8.31}],"Rows Removed by Filter":459,"Shared Dirtied Blocks":0,"Shared Hit Blocks":1502,"Shared Read Blocks":0,"Shared Written Blocks":0,"Startup Cost":0.7,"Temp Read Blocks":0,"Temp Written Blocks":0,"Total Cost":211146.1}],"Shared Dirtied Blocks":0,"Shared Hit Blocks":1502,"Shared Read Blocks":0,"Shared Written Blocks":0,"Startup Cost":0.7,"Temp Read Blocks":0,"Temp Written Blocks":0,"Total Cost":431.47},"Planning":{"Local Dirtied Blocks":0,"Local Hit Blocks":0,"Local Read Blocks":0,"Local Written Blocks":0,"Shared Dirtied Blocks":0,"Shared Hit Blocks":0,"Shared Read Blocks":0,"Shared Written Blocks":0,"Temp Read Blocks":0,"Temp Written Blocks":0},"Planning Time":0.071,"Triggers":[]}],"sql_sha256":"9dbb8b1aaaede54cc68917addd661e22bf2c3cdd519836ee5c44ec4dbad13aea"}
CRM_010C_IMPORT_PLAN {"label":"record_page_124000_None","plan":[{"Execution Time":0.042,"Plan":{"Actual Loops":1,"Actual Rows":51.0,"Actual Startup Time":0.018,"Actual Total Time":0.033,"Async Capable":false,"Disabled":false,"Local Dirtied Blocks":0,"Local Hit Blocks":0,"Local Read Blocks":0,"Local Written Blocks":0,"Node Type":"Limit","Parallel Aware":false,"Plan Rows":51,"Plan Width":23,"Plans":[{"Actual Loops":1,"Actual Rows":51.0,"Actual Startup Time":0.017,"Actual Total Time":0.029,"Alias":"migration_import_manifest","Async Capable":false,"Disabled":false,"Index Cond":"((plan_id = '33bbace6-6aff-40db-a77d-7504b9c6acc9'::uuid) AND (organization_id = '96a418fd-9fe7-4af9-bd4a-8b46f7e9d6bc'::uuid) AND (source_id > '124000'::text))","Index Name":"migration_import_manifest_plan_id_organization_id_source_id_key","Index Searches":1,"Local Dirtied Blocks":0,"Local Hit Blocks":0,"Local Read Blocks":0,"Local Written Blocks":0,"Node Type":"Index Scan","Parallel Aware":false,"Parent Relationship":"Outer","Plan Rows":1000,"Plan Width":23,"Relation Name":"migration_import_manifest","Rows Removed by Index Recheck":0,"Scan Direction":"Forward","Shared Dirtied Blocks":0,"Shared Hit Blocks":5,"Shared Read Blocks":0,"Shared Written Blocks":0,"Startup Cost":0.41,"Temp Read Blocks":0,"Temp Written Blocks":0,"Total Cost":1156.66}],"Shared Dirtied Blocks":0,"Shared Hit Blocks":5,"Shared Read Blocks":0,"Shared Written Blocks":0,"Startup Cost":0.41,"Temp Read Blocks":0,"Temp Written Blocks":0,"Total Cost":59.38},"Planning":{"Local Dirtied Blocks":0,"Local Hit Blocks":0,"Local Read Blocks":0,"Local Written Blocks":0,"Shared Dirtied Blocks":0,"Shared Hit Blocks":0,"Shared Read Blocks":0,"Shared Written Blocks":0,"Temp Read Blocks":0,"Temp Written Blocks":0},"Planning Time":0.068,"Triggers":[]}],"sql_sha256":"a84960ce5d67d78e86fb1e97433b785db9307d611c92ba6c22dc4348950eb64e"}
CRM_010C_IMPORT_PLAN {"label":"record_page_124000_Some(\"eligible\")","plan":[{"Execution Time":0.034,"Plan":{"Actual Loops":1,"Actual Rows":51.0,"Actual Startup Time":0.014,"Actual Total Time":0.029,"Async Capable":false,"Disabled":false,"Local Dirtied Blocks":0,"Local Hit Blocks":0,"Local Read Blocks":0,"Local Written Blocks":0,"Node Type":"Limit","Parallel Aware":false,"Plan Rows":51,"Plan Width":23,"Plans":[{"Actual Loops":1,"Actual Rows":51.0,"Actual Startup Time":0.014,"Actual Total Time":0.026,"Alias":"migration_import_manifest","Async Capable":false,"Disabled":false,"Index Cond":"((plan_id = '33bbace6-6aff-40db-a77d-7504b9c6acc9'::uuid) AND (organization_id = '96a418fd-9fe7-4af9-bd4a-8b46f7e9d6bc'::uuid) AND (disposition = 'eligible'::text) AND (source_id > '124000'::text))","Index Name":"migration_import_manifest_page","Index Searches":1,"Local Dirtied Blocks":0,"Local Hit Blocks":0,"Local Read Blocks":0,"Local Written Blocks":0,"Node Type":"Index Scan","Parallel Aware":false,"Parent Relationship":"Outer","Plan Rows":900,"Plan Width":23,"Relation Name":"migration_import_manifest","Rows Removed by Index Recheck":0,"Scan Direction":"Forward","Shared Dirtied Blocks":0,"Shared Hit Blocks":7,"Shared Read Blocks":0,"Shared Written Blocks":0,"Startup Cost":0.41,"Temp Read Blocks":0,"Temp Written Blocks":0,"Total Cost":1104.97}],"Shared Dirtied Blocks":0,"Shared Hit Blocks":7,"Shared Read Blocks":0,"Shared Written Blocks":0,"Startup Cost":0.41,"Temp Read Blocks":0,"Temp Written Blocks":0,"Total Cost":63.0},"Planning":{"Local Dirtied Blocks":0,"Local Hit Blocks":0,"Local Read Blocks":0,"Local Written Blocks":0,"Shared Dirtied Blocks":0,"Shared Hit Blocks":0,"Shared Read Blocks":0,"Shared Written Blocks":0,"Temp Read Blocks":0,"Temp Written Blocks":0},"Planning Time":0.036,"Triggers":[]}],"sql_sha256":"a84960ce5d67d78e86fb1e97433b785db9307d611c92ba6c22dc4348950eb64e"}
CRM_010C_IMPORT_PLAN {"label":"record_page_124000_Some(\"held\")","plan":[{"Execution Time":0.053,"Plan":{"Actual Loops":1,"Actual Rows":51.0,"Actual Startup Time":0.012,"Actual Total Time":0.045,"Async Capable":false,"Disabled":false,"Local Dirtied Blocks":0,"Local Hit Blocks":0,"Local Read Blocks":0,"Local Written Blocks":0,"Node Type":"Limit","Parallel Aware":false,"Plan Rows":51,"Plan Width":23,"Plans":[{"Actual Loops":1,"Actual Rows":51.0,"Actual Startup Time":0.012,"Actual Total Time":0.042,"Alias":"migration_import_manifest","Async Capable":false,"Disabled":false,"Index Cond":"((plan_id = '33bbace6-6aff-40db-a77d-7504b9c6acc9'::uuid) AND (organization_id = '96a418fd-9fe7-4af9-bd4a-8b46f7e9d6bc'::uuid) AND (disposition = 'held'::text) AND (source_id > '124000'::text))","Index Name":"migration_import_manifest_page","Index Searches":1,"Local Dirtied Blocks":0,"Local Hit Blocks":0,"Local Read Blocks":0,"Local Written Blocks":0,"Node Type":"Index Scan","Parallel Aware":false,"Parent Relationship":"Outer","Plan Rows":100,"Plan Width":23,"Relation Name":"migration_import_manifest","Rows Removed by Index Recheck":0,"Scan Direction":"Forward","Shared Dirtied Blocks":0,"Shared Hit Blocks":21,"Shared Read Blocks":0,"Shared Written Blocks":0,"Startup Cost":0.41,"Temp Read Blocks":0,"Temp Written Blocks":0,"Total Cost":181.1}],"Shared Dirtied Blocks":0,"Shared Hit Blocks":21,"Shared Read Blocks":0,"Shared Written Blocks":0,"Startup Cost":0.41,"Temp Read Blocks":0,"Temp Written Blocks":0,"Total Cost":92.56},"Planning":{"Local Dirtied Blocks":0,"Local Hit Blocks":0,"Local Read Blocks":0,"Local Written Blocks":0,"Shared Dirtied Blocks":0,"Shared Hit Blocks":0,"Shared Read Blocks":0,"Shared Written Blocks":0,"Temp Read Blocks":0,"Temp Written Blocks":0},"Planning Time":0.039,"Triggers":[]}],"sql_sha256":"a84960ce5d67d78e86fb1e97433b785db9307d611c92ba6c22dc4348950eb64e"}
CRM_010C_IMPORT_PLAN {"label":"result_page_124000_None","plan":[{"Execution Time":0.155,"Plan":{"Actual Loops":1,"Actual Rows":51.0,"Actual Startup Time":0.022,"Actual Total Time":0.145,"Async Capable":false,"Disabled":false,"Local Dirtied Blocks":0,"Local Hit Blocks":0,"Local Read Blocks":0,"Local Written Blocks":0,"Node Type":"Limit","Parallel Aware":false,"Plan Rows":51,"Plan Width":71,"Plans":[{"Actual Loops":1,"Actual Rows":51.0,"Actual Startup Time":0.022,"Actual Total Time":0.143,"Async Capable":false,"Disabled":false,"Inner Unique":false,"Join Type":"Left","Local Dirtied Blocks":0,"Local Hit Blocks":0,"Local Read Blocks":0,"Local Written Blocks":0,"Node Type":"Nested Loop","Parallel Aware":false,"Parent Relationship":"Outer","Plan Rows":1000,"Plan Width":71,"Plans":[{"Actual Loops":1,"Actual Rows":51.0,"Actual Startup Time":0.013,"Actual Total Time":0.017,"Alias":"m","Async Capable":false,"Disabled":false,"Index Cond":"((plan_id = '33bbace6-6aff-40db-a77d-7504b9c6acc9'::uuid) AND (organization_id = '96a418fd-9fe7-4af9-bd4a-8b46f7e9d6bc'::uuid) AND (source_id > '124000'::text))","Index Name":"migration_import_manifest_plan_id_organization_id_source_id_key","Index Searches":1,"Local Dirtied Blocks":0,"Local Hit Blocks":0,"Local Read Blocks":0,"Local Written Blocks":0,"Node Type":"Index Scan","Parallel Aware":false,"Parent Relationship":"Outer","Plan Rows":1000,"Plan Width":47,"Relation Name":"migration_import_manifest","Rows Removed by Index Recheck":0,"Scan Direction":"Forward","Shared Dirtied Blocks":0,"Shared Hit Blocks":5,"Shared Read Blocks":0,"Shared Written Blocks":0,"Startup Cost":0.41,"Temp Read Blocks":0,"Temp Written Blocks":0,"Total Cost":1156.66},{"Actual Loops":51,"Actual Rows":0.9,"Actual Startup Time":0.002,"Actual Total Time":0.002,"Alias":"x","Async Capable":false,"Disabled":false,"Index Cond":"((manifest_id = m.id) AND (organization_id = m.organization_id))","Index Name":"migration_import_result_manifest","Index Searches":51,"Local Dirtied Blocks":0,"Local Hit Blocks":0,"Local Read Blocks":0,"Local Written Blocks":0,"Node Type":"Index Scan","Parallel Aware":false,"Parent Relationship":"Inner","Plan Rows":1,"Plan Width":40,"Relation Name":"migration_import_result","Rows Removed by Index Recheck":0,"Scan Direction":"Forward","Shared Dirtied Blocks":0,"Shared Hit Blocks":148,"Shared Read Blocks":0,"Shared Written Blocks":0,"Startup Cost":0.29,"Temp Read Blocks":0,"Temp Written Blocks":0,"Total Cost":8.31}],"Shared Dirtied Blocks":0,"Shared Hit Blocks":153,"Shared Read Blocks":0,"Shared Written Blocks":0,"Startup Cost":0.7,"Temp Read Blocks":0,"Temp Written Blocks":0,"Total Cost":9474.16}],"Shared Dirtied Blocks":0,"Shared Hit Blocks":153,"Shared Read Blocks":0,"Shared Written Blocks":0,"Startup Cost":0.7,"Temp Read Blocks":0,"Temp Written Blocks":0,"Total Cost":483.85},"Planning":{"Local Dirtied Blocks":0,"Local Hit Blocks":0,"Local Read Blocks":0,"Local Written Blocks":0,"Shared Dirtied Blocks":0,"Shared Hit Blocks":0,"Shared Read Blocks":0,"Shared Written Blocks":0,"Temp Read Blocks":0,"Temp Written Blocks":0},"Planning Time":0.086,"Triggers":[]}],"sql_sha256":"9dbb8b1aaaede54cc68917addd661e22bf2c3cdd519836ee5c44ec4dbad13aea"}
CRM_010C_IMPORT_PLAN {"label":"result_page_124000_Some(\"imported\")","plan":[{"Execution Time":0.148,"Plan":{"Actual Loops":1,"Actual Rows":51.0,"Actual Startup Time":0.023,"Actual Total Time":0.138,"Async Capable":false,"Disabled":false,"Local Dirtied Blocks":0,"Local Hit Blocks":0,"Local Read Blocks":0,"Local Written Blocks":0,"Node Type":"Limit","Parallel Aware":false,"Plan Rows":51,"Plan Width":71,"Plans":[{"Actual Loops":1,"Actual Rows":51.0,"Actual Startup Time":0.023,"Actual Total Time":0.134,"Async Capable":false,"Disabled":false,"Filter":"(COALESCE(x.disposition, 'pending'::text) = 'imported'::text)","Inner Unique":false,"Join Type":"Left","Local Dirtied Blocks":0,"Local Hit Blocks":0,"Local Read Blocks":0,"Local Written Blocks":0,"Node Type":"Nested Loop","Parallel Aware":false,"Parent Relationship":"Outer","Plan Rows":1000,"Plan Width":71,"Plans":[{"Actual Loops":1,"Actual Rows":64.0,"Actual Startup Time":0.016,"Actual Total Time":0.021,"Alias":"m","Async Capable":false,"Disabled":false,"Index Cond":"((plan_id = '33bbace6-6aff-40db-a77d-7504b9c6acc9'::uuid) AND (organization_id = '96a418fd-9fe7-4af9-bd4a-8b46f7e9d6bc'::uuid) AND (source_id > '124000'::text))","Index Name":"migration_import_manifest_plan_id_organization_id_source_id_key","Index Searches":1,"Local Dirtied Blocks":0,"Local Hit Blocks":0,"Local Read Blocks":0,"Local Written Blocks":0,"Node Type":"Index Scan","Parallel Aware":false,"Parent Relationship":"Outer","Plan Rows":1000,"Plan Width":47,"Relation Name":"migration_import_manifest","Rows Removed by Index Recheck":0,"Scan Direction":"Forward","Shared Dirtied Blocks":0,"Shared Hit Blocks":6,"Shared Read Blocks":0,"Shared Written Blocks":0,"Startup Cost":0.41,"Temp Read Blocks":0,"Temp Written Blocks":0,"Total Cost":1156.66},{"Actual Loops":64,"Actual Rows":0.91,"Actual Startup Time":0.001,"Actual Total Time":0.002,"Alias":"x","Async Capable":false,"Disabled":false,"Index Cond":"((manifest_id = m.id) AND (organization_id = m.organization_id))","Index Name":"migration_import_result_manifest","Index Searches":64,"Local Dirtied Blocks":0,"Local Hit Blocks":0,"Local Read Blocks":0,"Local Written Blocks":0,"Node Type":"Index Scan","Parallel Aware":false,"Parent Relationship":"Inner","Plan Rows":1,"Plan Width":40,"Relation Name":"migration_import_result","Rows Removed by Index Recheck":0,"Scan Direction":"Forward","Shared Dirtied Blocks":0,"Shared Hit Blocks":186,"Shared Read Blocks":0,"Shared Written Blocks":0,"Startup Cost":0.29,"Temp Read Blocks":0,"Temp Written Blocks":0,"Total Cost":8.31}],"Rows Removed by Filter":13,"Shared Dirtied Blocks":0,"Shared Hit Blocks":192,"Shared Read Blocks":0,"Shared Written Blocks":0,"Startup Cost":0.7,"Temp Read Blocks":0,"Temp Written Blocks":0,"Total Cost":9476.66}],"Shared Dirtied Blocks":0,"Shared Hit Blocks":192,"Shared Read Blocks":0,"Shared Written Blocks":0,"Startup Cost":0.7,"Temp Read Blocks":0,"Temp Written Blocks":0,"Total Cost":483.97},"Planning":{"Local Dirtied Blocks":0,"Local Hit Blocks":0,"Local Read Blocks":0,"Local Written Blocks":0,"Shared Dirtied Blocks":0,"Shared Hit Blocks":0,"Shared Read Blocks":0,"Shared Written Blocks":0,"Temp Read Blocks":0,"Temp Written Blocks":0},"Planning Time":0.106,"Triggers":[]}],"sql_sha256":"9dbb8b1aaaede54cc68917addd661e22bf2c3cdd519836ee5c44ec4dbad13aea"}
CRM_010C_IMPORT_PLAN {"label":"result_page_124000_Some(\"held\")","plan":[{"Execution Time":0.829,"Plan":{"Actual Loops":1,"Actual Rows":51.0,"Actual Startup Time":0.022,"Actual Total Time":0.815,"Async Capable":false,"Disabled":false,"Local Dirtied Blocks":0,"Local Hit Blocks":0,"Local Read Blocks":0,"Local Written Blocks":0,"Node Type":"Limit","Parallel Aware":false,"Plan Rows":51,"Plan Width":71,"Plans":[{"Actual Loops":1,"Actual Rows":51.0,"Actual Startup Time":0.021,"Actual Total Time":0.812,"Async Capable":false,"Disabled":false,"Filter":"(COALESCE(x.disposition, 'pending'::text) = 'held'::text)","Inner Unique":false,"Join Type":"Left","Local Dirtied Blocks":0,"Local Hit Blocks":0,"Local Read Blocks":0,"Local Written Blocks":0,"Node Type":"Nested Loop","Parallel Aware":false,"Parent Relationship":"Outer","Plan Rows":1000,"Plan Width":71,"Plans":[{"Actual Loops":1,"Actual Rows":501.0,"Actual Startup Time":0.016,"Actual Total Time":0.071,"Alias":"m","Async Capable":false,"Disabled":false,"Index Cond":"((plan_id = '33bbace6-6aff-40db-a77d-7504b9c6acc9'::uuid) AND (organization_id = '96a418fd-9fe7-4af9-bd4a-8b46f7e9d6bc'::uuid) AND (source_id > '124000'::text))","Index Name":"migration_import_manifest_plan_id_organization_id_source_id_key","Index Searches":1,"Local Dirtied Blocks":0,"Local Hit Blocks":0,"Local Read Blocks":0,"Local Written Blocks":0,"Node Type":"Index Scan","Parallel Aware":false,"Parent Relationship":"Outer","Plan Rows":1000,"Plan Width":47,"Relation Name":"migration_import_manifest","Rows Removed by Index Recheck":0,"Scan Direction":"Forward","Shared Dirtied Blocks":0,"Shared Hit Blocks":24,"Shared Read Blocks":0,"Shared Written Blocks":0,"Startup Cost":0.41,"Temp Read Blocks":0,"Temp Written Blocks":0,"Total Cost":1156.66},{"Actual Loops":501,"Actual Rows":0.9,"Actual Startup Time":0.001,"Actual Total Time":0.001,"Alias":"x","Async Capable":false,"Disabled":false,"Index Cond":"((manifest_id = m.id) AND (organization_id = m.organization_id))","Index Name":"migration_import_result_manifest","Index Searches":501,"Local Dirtied Blocks":0,"Local Hit Blocks":0,"Local Read Blocks":0,"Local Written Blocks":0,"Node Type":"Index Scan","Parallel Aware":false,"Parent Relationship":"Inner","Plan Rows":1,"Plan Width":40,"Relation Name":"migration_import_result","Rows Removed by Index Recheck":0,"Scan Direction":"Forward","Shared Dirtied Blocks":0,"Shared Hit Blocks":1453,"Shared Read Blocks":0,"Shared Written Blocks":0,"Startup Cost":0.29,"Temp Read Blocks":0,"Temp Written Blocks":0,"Total Cost":8.31}],"Rows Removed by Filter":450,"Shared Dirtied Blocks":0,"Shared Hit Blocks":1477,"Shared Read Blocks":0,"Shared Written Blocks":0,"Startup Cost":0.7,"Temp Read Blocks":0,"Temp Written Blocks":0,"Total Cost":9476.66}],"Shared Dirtied Blocks":0,"Shared Hit Blocks":1477,"Shared Read Blocks":0,"Shared Written Blocks":0,"Startup Cost":0.7,"Temp Read Blocks":0,"Temp Written Blocks":0,"Total Cost":483.97},"Planning":{"Local Dirtied Blocks":0,"Local Hit Blocks":0,"Local Read Blocks":0,"Local Written Blocks":0,"Shared Dirtied Blocks":0,"Shared Hit Blocks":0,"Shared Read Blocks":0,"Shared Written Blocks":0,"Temp Read Blocks":0,"Temp Written Blocks":0},"Planning Time":0.095,"Triggers":[]}],"sql_sha256":"9dbb8b1aaaede54cc68917addd661e22bf2c3cdd519836ee5c44ec4dbad13aea"}
CRM_010C_IMPORT_PLAN {"label":"result_page_124000_Some(\"pending\")","plan":[{"Execution Time":0.675,"Plan":{"Actual Loops":1,"Actual Rows":51.0,"Actual Startup Time":0.038,"Actual Total Time":0.66,"Async Capable":false,"Disabled":false,"Local Dirtied Blocks":0,"Local Hit Blocks":0,"Local Read Blocks":0,"Local Written Blocks":0,"Node Type":"Limit","Parallel Aware":false,"Plan Rows":51,"Plan Width":71,"Plans":[{"Actual Loops":1,"Actual Rows":51.0,"Actual Startup Time":0.037,"Actual Total Time":0.657,"Async Capable":false,"Disabled":false,"Filter":"(COALESCE(x.disposition, 'pending'::text) = 'pending'::text)","Inner Unique":false,"Join Type":"Left","Local Dirtied Blocks":0,"Local Hit Blocks":0,"Local Read Blocks":0,"Local Written Blocks":0,"Node Type":"Nested Loop","Parallel Aware":false,"Parent Relationship":"Outer","Plan Rows":1000,"Plan Width":71,"Plans":[{"Actual Loops":1,"Actual Rows":510.0,"Actual Startup Time":0.017,"Actual Total Time":0.067,"Alias":"m","Async Capable":false,"Disabled":false,"Index Cond":"((plan_id = '33bbace6-6aff-40db-a77d-7504b9c6acc9'::uuid) AND (organization_id = '96a418fd-9fe7-4af9-bd4a-8b46f7e9d6bc'::uuid) AND (source_id > '124000'::text))","Index Name":"migration_import_manifest_plan_id_organization_id_source_id_key","Index Searches":1,"Local Dirtied Blocks":0,"Local Hit Blocks":0,"Local Read Blocks":0,"Local Written Blocks":0,"Node Type":"Index Scan","Parallel Aware":false,"Parent Relationship":"Outer","Plan Rows":1000,"Plan Width":47,"Relation Name":"migration_import_manifest","Rows Removed by Index Recheck":0,"Scan Direction":"Forward","Shared Dirtied Blocks":0,"Shared Hit Blocks":24,"Shared Read Blocks":0,"Shared Written Blocks":0,"Startup Cost":0.41,"Temp Read Blocks":0,"Temp Written Blocks":0,"Total Cost":1156.66},{"Actual Loops":510,"Actual Rows":0.9,"Actual Startup Time":0.001,"Actual Total Time":0.001,"Alias":"x","Async Capable":false,"Disabled":false,"Index Cond":"((manifest_id = m.id) AND (organization_id = m.organization_id))","Index Name":"migration_import_result_manifest","Index Searches":510,"Local Dirtied Blocks":0,"Local Hit Blocks":0,"Local Read Blocks":0,"Local Written Blocks":0,"Node Type":"Index Scan","Parallel Aware":false,"Parent Relationship":"Inner","Plan Rows":1,"Plan Width":40,"Relation Name":"migration_import_result","Rows Removed by Index Recheck":0,"Scan Direction":"Forward","Shared Dirtied Blocks":0,"Shared Hit Blocks":1479,"Shared Read Blocks":0,"Shared Written Blocks":0,"Startup Cost":0.29,"Temp Read Blocks":0,"Temp Written Blocks":0,"Total Cost":8.31}],"Rows Removed by Filter":459,"Shared Dirtied Blocks":0,"Shared Hit Blocks":1503,"Shared Read Blocks":0,"Shared Written Blocks":0,"Startup Cost":0.7,"Temp Read Blocks":0,"Temp Written Blocks":0,"Total Cost":9476.66}],"Shared Dirtied Blocks":0,"Shared Hit Blocks":1503,"Shared Read Blocks":0,"Shared Written Blocks":0,"Startup Cost":0.7,"Temp Read Blocks":0,"Temp Written Blocks":0,"Total Cost":483.97},"Planning":{"Local Dirtied Blocks":0,"Local Hit Blocks":0,"Local Read Blocks":0,"Local Written Blocks":0,"Shared Dirtied Blocks":0,"Shared Hit Blocks":0,"Shared Read Blocks":0,"Shared Written Blocks":0,"Temp Read Blocks":0,"Temp Written Blocks":0},"Planning Time":0.156,"Triggers":[]}],"sql_sha256":"9dbb8b1aaaede54cc68917addd661e22bf2c3cdd519836ee5c44ec4dbad13aea"}
CRM_010C_IMPORT_PLAN {"label":"result_empty_page__already_imported","plan":[{"Execution Time":27.665,"Plan":{"Actual Loops":1,"Actual Rows":0.0,"Actual Startup Time":27.647,"Actual Total Time":27.647,"Async Capable":false,"Disabled":false,"Local Dirtied Blocks":0,"Local Hit Blocks":0,"Local Read Blocks":0,"Local Written Blocks":0,"Node Type":"Limit","Parallel Aware":false,"Plan Rows":51,"Plan Width":71,"Plans":[{"Actual Loops":1,"Actual Rows":0.0,"Actual Startup Time":27.646,"Actual Total Time":27.646,"Async Capable":false,"Disabled":false,"Filter":"(COALESCE(x.disposition, 'pending'::text) = 'already_imported'::text)","Inner Unique":false,"Join Type":"Left","Local Dirtied Blocks":0,"Local Hit Blocks":0,"Local Read Blocks":0,"Local Written Blocks":0,"Node Type":"Nested Loop","Parallel Aware":false,"Parent Relationship":"Outer","Plan Rows":24998,"Plan Width":71,"Plans":[{"Actual Loops":1,"Actual Rows":25000.0,"Actual Startup Time":0.018,"Actual Total Time":3.367,"Alias":"m","Async Capable":false,"Disabled":false,"Index Cond":"((plan_id = '33bbace6-6aff-40db-a77d-7504b9c6acc9'::uuid) AND (organization_id = '96a418fd-9fe7-4af9-bd4a-8b46f7e9d6bc'::uuid) AND (source_id > ''::text))","Index Name":"migration_import_manifest_plan_id_organization_id_source_id_key","Index Searches":1,"Local Dirtied Blocks":0,"Local Hit Blocks":0,"Local Read Blocks":0,"Local Written Blocks":0,"Node Type":"Index Scan","Parallel Aware":false,"Parent Relationship":"Outer","Plan Rows":24998,"Plan Width":47,"Relation Name":"migration_import_manifest","Rows Removed by Index Recheck":0,"Scan Direction":"Forward","Shared Dirtied Blocks":0,"Shared Hit Blocks":988,"Shared Read Blocks":0,"Shared Written Blocks":0,"Startup Cost":0.41,"Temp Read Blocks":0,"Temp Written Blocks":0,"Total Cost":3162.74},{"Actual Loops":25000,"Actual Rows":0.9,"Actual Startup Time":0.001,"Actual Total Time":0.001,"Alias":"x","Async Capable":false,"Disabled":false,"Index Cond":"((manifest_id = m.id) AND (organization_id = m.organization_id))","Index Name":"migration_import_result_manifest","Index Searches":25000,"Local Dirtied Blocks":0,"Local Hit Blocks":0,"Local Read Blocks":0,"Local Written Blocks":0,"Node Type":"Index Scan","Parallel Aware":false,"Parent Relationship":"Inner","Plan Rows":1,"Plan Width":40,"Relation Name":"migration_import_result","Rows Removed by Index Recheck":0,"Scan Direction":"Forward","Shared Dirtied Blocks":0,"Shared Hit Blocks":72500,"Shared Read Blocks":0,"Shared Written Blocks":0,"Startup Cost":0.29,"Temp Read Blocks":0,"Temp Written Blocks":0,"Total Cost":8.31}],"Rows Removed by Filter":25000,"Shared Dirtied Blocks":0,"Shared Hit Blocks":73488,"Shared Read Blocks":0,"Shared Written Blocks":0,"Startup Cost":0.7,"Temp Read Blocks":0,"Temp Written Blocks":0,"Total Cost":211146.1}],"Shared Dirtied Blocks":0,"Shared Hit Blocks":73488,"Shared Read Blocks":0,"Shared Written Blocks":0,"Startup Cost":0.7,"Temp Read Blocks":0,"Temp Written Blocks":0,"Total Cost":431.47},"Planning":{"Local Dirtied Blocks":0,"Local Hit Blocks":0,"Local Read Blocks":0,"Local Written Blocks":0,"Shared Dirtied Blocks":0,"Shared Hit Blocks":0,"Shared Read Blocks":0,"Shared Written Blocks":0,"Temp Read Blocks":0,"Temp Written Blocks":0},"Planning Time":0.115,"Triggers":[]}],"sql_sha256":"9dbb8b1aaaede54cc68917addd661e22bf2c3cdd519836ee5c44ec4dbad13aea"}
CRM_010C_IMPORT_PLAN {"label":"result_empty_page_124000_already_imported","plan":[{"Execution Time":1.041,"Plan":{"Actual Loops":1,"Actual Rows":0.0,"Actual Startup Time":1.029,"Actual Total Time":1.03,"Async Capable":false,"Disabled":false,"Local Dirtied Blocks":0,"Local Hit Blocks":0,"Local Read Blocks":0,"Local Written Blocks":0,"Node Type":"Limit","Parallel Aware":false,"Plan Rows":51,"Plan Width":71,"Plans":[{"Actual Loops":1,"Actual Rows":0.0,"Actual Startup Time":1.029,"Actual Total Time":1.029,"Async Capable":false,"Disabled":false,"Filter":"(COALESCE(x.disposition, 'pending'::text) = 'already_imported'::text)","Inner Unique":false,"Join Type":"Left","Local Dirtied Blocks":0,"Local Hit Blocks":0,"Local Read Blocks":0,"Local Written Blocks":0,"Node Type":"Nested Loop","Parallel Aware":false,"Parent Relationship":"Outer","Plan Rows":1000,"Plan Width":71,"Plans":[{"Actual Loops":1,"Actual Rows":1000.0,"Actual Startup Time":0.017,"Actual Total Time":0.099,"Alias":"m","Async Capable":false,"Disabled":false,"Index Cond":"((plan_id = '33bbace6-6aff-40db-a77d-7504b9c6acc9'::uuid) AND (organization_id = '96a418fd-9fe7-4af9-bd4a-8b46f7e9d6bc'::uuid) AND (source_id > '124000'::text))","Index Name":"migration_import_manifest_plan_id_organization_id_source_id_key","Index Searches":1,"Local Dirtied Blocks":0,"Local Hit Blocks":0,"Local Read Blocks":0,"Local Written Blocks":0,"Node Type":"Index Scan","Parallel Aware":false,"Parent Relationship":"Outer","Plan Rows":1000,"Plan Width":47,"Relation Name":"migration_import_manifest","Rows Removed by Index Recheck":0,"Scan Direction":"Forward","Shared Dirtied Blocks":0,"Shared Hit Blocks":43,"Shared Read Blocks":0,"Shared Written Blocks":0,"Startup Cost":0.41,"Temp Read Blocks":0,"Temp Written Blocks":0,"Total Cost":1156.66},{"Actual Loops":1000,"Actual Rows":0.9,"Actual Startup Time":0.001,"Actual Total Time":0.001,"Alias":"x","Async Capable":false,"Disabled":false,"Index Cond":"((manifest_id = m.id) AND (organization_id = m.organization_id))","Index Name":"migration_import_result_manifest","Index Searches":1000,"Local Dirtied Blocks":0,"Local Hit Blocks":0,"Local Read Blocks":0,"Local Written Blocks":0,"Node Type":"Index Scan","Parallel Aware":false,"Parent Relationship":"Inner","Plan Rows":1,"Plan Width":40,"Relation Name":"migration_import_result","Rows Removed by Index Recheck":0,"Scan Direction":"Forward","Shared Dirtied Blocks":0,"Shared Hit Blocks":2900,"Shared Read Blocks":0,"Shared Written Blocks":0,"Startup Cost":0.29,"Temp Read Blocks":0,"Temp Written Blocks":0,"Total Cost":8.31}],"Rows Removed by Filter":1000,"Shared Dirtied Blocks":0,"Shared Hit Blocks":2943,"Shared Read Blocks":0,"Shared Written Blocks":0,"Startup Cost":0.7,"Temp Read Blocks":0,"Temp Written Blocks":0,"Total Cost":9476.66}],"Shared Dirtied Blocks":0,"Shared Hit Blocks":2943,"Shared Read Blocks":0,"Shared Written Blocks":0,"Startup Cost":0.7,"Temp Read Blocks":0,"Temp Written Blocks":0,"Total Cost":483.97},"Planning":{"Local Dirtied Blocks":0,"Local Hit Blocks":0,"Local Read Blocks":0,"Local Written Blocks":0,"Shared Dirtied Blocks":0,"Shared Hit Blocks":0,"Shared Read Blocks":0,"Shared Written Blocks":0,"Temp Read Blocks":0,"Temp Written Blocks":0},"Planning Time":0.144,"Triggers":[]}],"sql_sha256":"9dbb8b1aaaede54cc68917addd661e22bf2c3cdd519836ee5c44ec4dbad13aea"}
CRM_010C_IMPORT_PLAN {"label":"mapping_page_stage","plan":[{"Execution Time":0.052,"Plan":{"Actual Loops":1,"Actual Rows":15.0,"Actual Startup Time":0.036,"Actual Total Time":0.038,"Async Capable":false,"Disabled":false,"Local Dirtied Blocks":0,"Local Hit Blocks":0,"Local Read Blocks":0,"Local Written Blocks":0,"Node Type":"Limit","Parallel Aware":false,"Plan Rows":19,"Plan Width":26,"Plans":[{"Actual Loops":1,"Actual Rows":15.0,"Actual Startup Time":0.035,"Actual Total Time":0.036,"Async Capable":false,"Disabled":false,"Local Dirtied Blocks":0,"Local Hit Blocks":0,"Local Read Blocks":0,"Local Written Blocks":0,"Node Type":"Sort","Parallel Aware":false,"Parent Relationship":"Outer","Plan Rows":19,"Plan Width":26,"Plans":[{"Actual Loops":1,"Actual Rows":15.0,"Actual Startup Time":0.026,"Actual Total Time":0.027,"Alias":"migration_import_mapping","Async Capable":false,"Disabled":false,"Exact Heap Blocks":1,"Local Dirtied Blocks":0,"Local Hit Blocks":0,"Local Read Blocks":0,"Local Written Blocks":0,"Lossy Heap Blocks":0,"Node Type":"Bitmap Heap Scan","Parallel Aware":false,"Parent Relationship":"Outer","Plan Rows":19,"Plan Width":26,"Plans":[{"Actual Loops":1,"Actual Rows":15.0,"Actual Startup Time":0.018,"Actual Total Time":0.018,"Async Capable":false,"Disabled":false,"Index Cond":"((plan_id = '33bbace6-6aff-40db-a77d-7504b9c6acc9'::uuid) AND (organization_id = '96a418fd-9fe7-4af9-bd4a-8b46f7e9d6bc'::uuid) AND (kind = 'stage'::text) AND (source_key > '200005'::text))","Index Name":"migration_import_mapping_plan_id_organization_id_kind_sourc_key","Index Searches":1,"Local Dirtied Blocks":0,"Local Hit Blocks":0,"Local Read Blocks":0,"Local Written Blocks":0,"Node Type":"Bitmap Index Scan","Parallel Aware":false,"Parent Relationship":"Outer","Plan Rows":19,"Plan Width":0,"Shared Dirtied Blocks":0,"Shared Hit Blocks":3,"Shared Read Blocks":0,"Shared Written Blocks":0,"Startup Cost":0.0,"Temp Read Blocks":0,"Temp Written Blocks":0,"Total Cost":4.7}],"Recheck Cond":"((plan_id = '33bbace6-6aff-40db-a77d-7504b9c6acc9'::uuid) AND (organization_id = '96a418fd-9fe7-4af9-bd4a-8b46f7e9d6bc'::uuid) AND (kind = 'stage'::text) AND (source_key > '200005'::text))","Relation Name":"migration_import_mapping","Rows Removed by Index Recheck":0,"Shared Dirtied Blocks":0,"Shared Hit Blocks":4,"Shared Read Blocks":0,"Shared Written Blocks":0,"Startup Cost":4.7,"Temp Read Blocks":0,"Temp Written Blocks":0,"Total Cost":70.4}],"Shared Dirtied Blocks":0,"Shared Hit Blocks":4,"Shared Read Blocks":0,"Shared Written Blocks":0,"Sort Key":["source_key"],"Sort Method":"quicksort","Sort Space Type":"Memory","Sort Space Used":26,"Startup Cost":70.8,"Temp Read Blocks":0,"Temp Written Blocks":0,"Total Cost":70.85}],"Shared Dirtied Blocks":0,"Shared Hit Blocks":4,"Shared Read Blocks":0,"Shared Written Blocks":0,"Startup Cost":70.8,"Temp Read Blocks":0,"Temp Written Blocks":0,"Total Cost":70.85},"Planning":{"Local Dirtied Blocks":0,"Local Hit Blocks":0,"Local Read Blocks":0,"Local Written Blocks":0,"Shared Dirtied Blocks":0,"Shared Hit Blocks":0,"Shared Read Blocks":0,"Shared Written Blocks":0,"Temp Read Blocks":0,"Temp Written Blocks":0},"Planning Time":0.091,"Triggers":[]}],"sql_sha256":"c19004b1c0dd8459ab528cdd667e3c05018f8f19412fcb48b3b3da6766c2f83c"}
CRM_010C_IMPORT_PLAN {"label":"mapping_page_assignee","plan":[{"Execution Time":0.053,"Plan":{"Actual Loops":1,"Actual Rows":45.0,"Actual Startup Time":0.041,"Actual Total Time":0.045,"Async Capable":false,"Disabled":false,"Local Dirtied Blocks":0,"Local Hit Blocks":0,"Local Read Blocks":0,"Local Written Blocks":0,"Node Type":"Limit","Parallel Aware":false,"Plan Rows":32,"Plan Width":26,"Plans":[{"Actual Loops":1,"Actual Rows":45.0,"Actual Startup Time":0.041,"Actual Total Time":0.042,"Async Capable":false,"Disabled":false,"Local Dirtied Blocks":0,"Local Hit Blocks":0,"Local Read Blocks":0,"Local Written Blocks":0,"Node Type":"Sort","Parallel Aware":false,"Parent Relationship":"Outer","Plan Rows":32,"Plan Width":26,"Plans":[{"Actual Loops":1,"Actual Rows":45.0,"Actual Startup Time":0.024,"Actual Total Time":0.03,"Alias":"migration_import_mapping","Async Capable":false,"Disabled":false,"Exact Heap Blocks":3,"Local Dirtied Blocks":0,"Local Hit Blocks":0,"Local Read Blocks":0,"Local Written Blocks":0,"Lossy Heap Blocks":0,"Node Type":"Bitmap Heap Scan","Parallel Aware":false,"Parent Relationship":"Outer","Plan Rows":32,"Plan Width":26,"Plans":[{"Actual Loops":1,"Actual Rows":45.0,"Actual Startup Time":0.016,"Actual Total Time":0.016,"Async Capable":false,"Disabled":false,"Index Cond":"((plan_id = '33bbace6-6aff-40db-a77d-7504b9c6acc9'::uuid) AND (organization_id = '96a418fd-9fe7-4af9-bd4a-8b46f7e9d6bc'::uuid) AND (kind = 'assignee'::text) AND (source_key > 'user:300005'::text))","Index Name":"migration_import_mapping_plan_id_organization_id_kind_sourc_key","Index Searches":1,"Local Dirtied Blocks":0,"Local Hit Blocks":0,"Local Read Blocks":0,"Local Written Blocks":0,"Node Type":"Bitmap Index Scan","Parallel Aware":false,"Parent Relationship":"Outer","Plan Rows":32,"Plan Width":0,"Shared Dirtied Blocks":0,"Shared Hit Blocks":3,"Shared Read Blocks":0,"Shared Written Blocks":0,"Startup Cost":0.0,"Temp Read Blocks":0,"Temp Written Blocks":0,"Total Cost":4.89}],"Recheck Cond":"((plan_id = '33bbace6-6aff-40db-a77d-7504b9c6acc9'::uuid) AND (organization_id = '96a418fd-9fe7-4af9-bd4a-8b46f7e9d6bc'::uuid) AND (kind = 'assignee'::text) AND (source_key > 'user:300005'::text))","Relation Name":"migration_import_mapping","Rows Removed by Index Recheck":0,"Shared Dirtied Blocks":0,"Shared Hit Blocks":6,"Shared Read Blocks":0,"Shared Written Blocks":0,"Startup Cost":4.9,"Temp Read Blocks":0,"Temp Written Blocks":0,"Total Cost":110.19}],"Shared Dirtied Blocks":0,"Shared Hit Blocks":6,"Shared Read Blocks":0,"Shared Written Blocks":0,"Sort Key":["source_key"],"Sort Method":"quicksort","Sort Space Type":"Memory","Sort Space Used":28,"Startup Cost":110.99,"Temp Read Blocks":0,"Temp Written Blocks":0,"Total Cost":111.07}],"Shared Dirtied Blocks":0,"Shared Hit Blocks":6,"Shared Read Blocks":0,"Shared Written Blocks":0,"Startup Cost":110.99,"Temp Read Blocks":0,"Temp Written Blocks":0,"Total Cost":111.07},"Planning":{"Local Dirtied Blocks":0,"Local Hit Blocks":0,"Local Read Blocks":0,"Local Written Blocks":0,"Shared Dirtied Blocks":0,"Shared Hit Blocks":0,"Shared Read Blocks":0,"Shared Written Blocks":0,"Temp Read Blocks":0,"Temp Written Blocks":0},"Planning Time":0.059,"Triggers":[]}],"sql_sha256":"c19004b1c0dd8459ab528cdd667e3c05018f8f19412fcb48b3b3da6766c2f83c"}
CRM_010C_IMPORT_PLAN {"label":"mapping_payload_point","plan":[{"Execution Time":0.026,"Plan":{"Actual Loops":1,"Actual Rows":1.0,"Actual Startup Time":0.02,"Actual Total Time":0.02,"Alias":"migration_import_mapping","Async Capable":false,"Disabled":false,"Index Cond":"((id = '07c9c773-a63d-41ae-90bd-382ab4d10599'::uuid) AND (plan_id = '33bbace6-6aff-40db-a77d-7504b9c6acc9'::uuid) AND (organization_id = '96a418fd-9fe7-4af9-bd4a-8b46f7e9d6bc'::uuid))","Index Name":"migration_import_mapping_id_plan_id_import_id_organization__key","Index Searches":1,"Local Dirtied Blocks":0,"Local Hit Blocks":0,"Local Read Blocks":0,"Local Written Blocks":0,"Node Type":"Index Scan","Parallel Aware":false,"Plan Rows":1,"Plan Width":243,"Relation Name":"migration_import_mapping","Rows Removed by Index Recheck":0,"Scan Direction":"Forward","Shared Dirtied Blocks":0,"Shared Hit Blocks":6,"Shared Read Blocks":0,"Shared Written Blocks":0,"Startup Cost":0.29,"Temp Read Blocks":0,"Temp Written Blocks":0,"Total Cost":8.31},"Planning":{"Local Dirtied Blocks":0,"Local Hit Blocks":0,"Local Read Blocks":0,"Local Written Blocks":0,"Shared Dirtied Blocks":0,"Shared Hit Blocks":9,"Shared Read Blocks":0,"Shared Written Blocks":0,"Temp Read Blocks":0,"Temp Written Blocks":0},"Planning Time":0.055,"Triggers":[]}],"sql_sha256":"f0a861b0497b6848b254da26e51a591312b2004948ae4c0b0c35e16111116ba2"}
CRM_010C_IMPORT_PLAN {"label":"mapping_field_payload_point","plan":[{"Execution Time":0.012,"Plan":{"Actual Loops":1,"Actual Rows":1.0,"Actual Startup Time":0.006,"Actual Total Time":0.006,"Alias":"migration_import_mapping","Async Capable":false,"Disabled":false,"Index Cond":"((id = '07c9c773-a63d-41ae-90bd-382ab4d10599'::uuid) AND (plan_id = '33bbace6-6aff-40db-a77d-7504b9c6acc9'::uuid) AND (import_id = 'a96ae412-d66f-481c-a458-e1add6e3042f'::uuid) AND (organization_id = '96a418fd-9fe7-4af9-bd4a-8b46f7e9d6bc'::uuid))","Index Name":"migration_import_mapping_id_plan_id_import_id_organization__key","Index Searches":1,"Local Dirtied Blocks":0,"Local Hit Blocks":0,"Local Read Blocks":0,"Local Written Blocks":0,"Node Type":"Index Scan","Parallel Aware":false,"Plan Rows":1,"Plan Width":78,"Relation Name":"migration_import_mapping","Rows Removed by Index Recheck":0,"Scan Direction":"Forward","Shared Dirtied Blocks":0,"Shared Hit Blocks":3,"Shared Read Blocks":0,"Shared Written Blocks":0,"Startup Cost":0.29,"Temp Read Blocks":0,"Temp Written Blocks":0,"Total Cost":8.31},"Planning":{"Local Dirtied Blocks":0,"Local Hit Blocks":0,"Local Read Blocks":0,"Local Written Blocks":0,"Shared Dirtied Blocks":0,"Shared Hit Blocks":0,"Shared Read Blocks":0,"Shared Written Blocks":0,"Temp Read Blocks":0,"Temp Written Blocks":0},"Planning Time":0.038,"Triggers":[]}],"sql_sha256":"4a168f37d66101c3aa577dc9205177689b37fd82603728f7c7ca807f3a0f4859"}
CRM_010C_IMPORT_PLAN {"label":"manifest_payload_point","plan":[{"Execution Time":0.012,"Plan":{"Actual Loops":1,"Actual Rows":1.0,"Actual Startup Time":0.006,"Actual Total Time":0.007,"Alias":"migration_import_manifest","Async Capable":false,"Disabled":false,"Filter":"((plan_id = '33bbace6-6aff-40db-a77d-7504b9c6acc9'::uuid) AND (organization_id = '96a418fd-9fe7-4af9-bd4a-8b46f7e9d6bc'::uuid))","Index Cond":"(id = '22080b41-3ad6-4a08-a4ea-8b457bd9b869'::uuid)","Index Name":"migration_import_manifest_pkey","Index Searches":1,"Local Dirtied Blocks":0,"Local Hit Blocks":0,"Local Read Blocks":0,"Local Written Blocks":0,"Node Type":"Index Scan","Parallel Aware":false,"Plan Rows":1,"Plan Width":229,"Relation Name":"migration_import_manifest","Rows Removed by Filter":0,"Rows Removed by Index Recheck":0,"Scan Direction":"Forward","Shared Dirtied Blocks":0,"Shared Hit Blocks":3,"Shared Read Blocks":0,"Shared Written Blocks":0,"Startup Cost":0.29,"Temp Read Blocks":0,"Temp Written Blocks":0,"Total Cost":8.31},"Planning":{"Local Dirtied Blocks":0,"Local Hit Blocks":0,"Local Read Blocks":0,"Local Written Blocks":0,"Shared Dirtied Blocks":0,"Shared Hit Blocks":21,"Shared Read Blocks":0,"Shared Written Blocks":0,"Temp Read Blocks":0,"Temp Written Blocks":0},"Planning Time":0.055,"Triggers":[]}],"sql_sha256":"7c29d0fb3c2683aea3ae813b3719299fa74ba645c9242f28795a30442fa4276a"}
CRM_010C_IMPORT_PLAN {"label":"source_payload_point","plan":[{"Execution Time":0.014,"Plan":{"Actual Loops":1,"Actual Rows":1.0,"Actual Startup Time":0.009,"Actual Total Time":0.01,"Alias":"migration_import_source","Async Capable":false,"Disabled":false,"Filter":"((plan_id = '33bbace6-6aff-40db-a77d-7504b9c6acc9'::uuid) AND (organization_id = '96a418fd-9fe7-4af9-bd4a-8b46f7e9d6bc'::uuid))","Index Cond":"(id = '610bce82-fc34-4bac-b505-31198a5ee048'::uuid)","Index Name":"migration_import_source_pkey","Index Searches":1,"Local Dirtied Blocks":0,"Local Hit Blocks":0,"Local Read Blocks":0,"Local Written Blocks":0,"Node Type":"Index Scan","Parallel Aware":false,"Plan Rows":1,"Plan Width":280,"Relation Name":"migration_import_source","Rows Removed by Filter":0,"Rows Removed by Index Recheck":0,"Scan Direction":"Forward","Shared Dirtied Blocks":0,"Shared Hit Blocks":3,"Shared Read Blocks":0,"Shared Written Blocks":0,"Startup Cost":0.29,"Temp Read Blocks":0,"Temp Written Blocks":0,"Total Cost":8.31},"Planning":{"Local Dirtied Blocks":0,"Local Hit Blocks":0,"Local Read Blocks":0,"Local Written Blocks":0,"Shared Dirtied Blocks":0,"Shared Hit Blocks":0,"Shared Read Blocks":0,"Shared Written Blocks":0,"Temp Read Blocks":0,"Temp Written Blocks":0},"Planning Time":0.034,"Triggers":[]}],"sql_sha256":"1e89f3669ce430703591742b77eb723504979a2a6c3f2ce05584aa34439a942a"}
CRM_010C_IMPORT_PLAN {"label":"full_field_page_source","plan":[{"Execution Time":0.032,"Plan":{"Actual Loops":1,"Actual Rows":1.0,"Actual Startup Time":0.021,"Actual Total Time":0.022,"Async Capable":false,"Disabled":false,"Inner Unique":true,"Join Type":"Inner","Local Dirtied Blocks":0,"Local Hit Blocks":0,"Local Read Blocks":0,"Local Written Blocks":0,"Node Type":"Nested Loop","Parallel Aware":false,"Plan Rows":1,"Plan Width":280,"Plans":[{"Actual Loops":1,"Actual Rows":1.0,"Actual Startup Time":0.015,"Actual Total Time":0.016,"Alias":"m","Async Capable":false,"Disabled":false,"Filter":"((organization_id = '96a418fd-9fe7-4af9-bd4a-8b46f7e9d6bc'::uuid) AND (plan_id = '33bbace6-6aff-40db-a77d-7504b9c6acc9'::uuid) AND (import_id = 'a96ae412-d66f-481c-a458-e1add6e3042f'::uuid))","Index Cond":"(id = '22080b41-3ad6-4a08-a4ea-8b457bd9b869'::uuid)","Index Name":"migration_import_manifest_pkey","Index Searches":1,"Local Dirtied Blocks":0,"Local Hit Blocks":0,"Local Read Blocks":0,"Local Written Blocks":0,"Node Type":"Index Scan","Parallel Aware":false,"Parent Relationship":"Outer","Plan Rows":1,"Plan Width":32,"Relation Name":"migration_import_manifest","Rows Removed by Filter":0,"Rows Removed by Index Recheck":0,"Scan Direction":"Forward","Shared Dirtied Blocks":0,"Shared Hit Blocks":3,"Shared Read Blocks":0,"Shared Written Blocks":0,"Startup Cost":0.29,"Temp Read Blocks":0,"Temp Written Blocks":0,"Total Cost":8.31},{"Actual Loops":1,"Actual Rows":1.0,"Actual Startup Time":0.004,"Actual Total Time":0.004,"Alias":"s","Async Capable":false,"Disabled":false,"Filter":"(organization_id = '96a418fd-9fe7-4af9-bd4a-8b46f7e9d6bc'::uuid)","Index Cond":"(id = m.source_row_id)","Index Name":"migration_import_source_pkey","Index Searches":1,"Local Dirtied Blocks":0,"Local Hit Blocks":0,"Local Read Blocks":0,"Local Written Blocks":0,"Node Type":"Index Scan","Parallel Aware":false,"Parent Relationship":"Inner","Plan Rows":1,"Plan Width":280,"Relation Name":"migration_import_source","Rows Removed by Filter":0,"Rows Removed by Index Recheck":0,"Scan Direction":"Forward","Shared Dirtied Blocks":0,"Shared Hit Blocks":3,"Shared Read Blocks":0,"Shared Written Blocks":0,"Startup Cost":0.29,"Temp Read Blocks":0,"Temp Written Blocks":0,"Total Cost":8.31}],"Shared Dirtied Blocks":0,"Shared Hit Blocks":6,"Shared Read Blocks":0,"Shared Written Blocks":0,"Startup Cost":0.57,"Temp Read Blocks":0,"Temp Written Blocks":0,"Total Cost":16.62},"Planning":{"Local Dirtied Blocks":0,"Local Hit Blocks":0,"Local Read Blocks":0,"Local Written Blocks":0,"Shared Dirtied Blocks":0,"Shared Hit Blocks":8,"Shared Read Blocks":0,"Shared Written Blocks":0,"Temp Read Blocks":0,"Temp Written Blocks":0},"Planning Time":0.147,"Triggers":[]}],"sql_sha256":"d16cdf6f63bd5b62eef489f49d1a1b0b1a1c560c8b21f79834798b2543a22182"}
CRM_010C_IMPORT_PLAN {"label":"person_provenance","plan":[{"Execution Time":0.116,"Plan":{"Actual Loops":1,"Actual Rows":1.0,"Actual Startup Time":0.078,"Actual Total Time":0.079,"Async Capable":false,"Disabled":false,"Inner Unique":false,"Join Type":"Inner","Local Dirtied Blocks":0,"Local Hit Blocks":0,"Local Read Blocks":0,"Local Written Blocks":0,"Node Type":"Nested Loop","Parallel Aware":false,"Plan Rows":1,"Plan Width":253,"Plans":[{"Actual Loops":1,"Actual Rows":1.0,"Actual Startup Time":0.049,"Actual Total Time":0.049,"Async Capable":false,"Disabled":false,"Inner Unique":true,"Join Type":"Inner","Local Dirtied Blocks":0,"Local Hit Blocks":0,"Local Read Blocks":0,"Local Written Blocks":0,"Node Type":"Nested Loop","Parallel Aware":false,"Parent Relationship":"Outer","Plan Rows":1,"Plan Width":253,"Plans":[{"Actual Loops":1,"Actual Rows":1.0,"Actual Startup Time":0.036,"Actual Total Time":0.036,"Async Capable":false,"Disabled":false,"Inner Unique":true,"Join Type":"Inner","Local Dirtied Blocks":0,"Local Hit Blocks":0,"Local Read Blocks":0,"Local Written Blocks":0,"Node Type":"Nested Loop","Parallel Aware":false,"Parent Relationship":"Outer","Plan Rows":1,"Plan Width":253,"Plans":[{"Actual Loops":1,"Actual Rows":1.0,"Actual Startup Time":0.024,"Actual Total Time":0.024,"Async Capable":false,"Disabled":false,"Inner Unique":true,"Join Type":"Inner","Local Dirtied Blocks":0,"Local Hit Blocks":0,"Local Read Blocks":0,"Local Written Blocks":0,"Node Type":"Nested Loop","Parallel Aware":false,"Parent Relationship":"Outer","Plan Rows":1,"Plan Width":221,"Plans":[{"Actual Loops":1,"Actual Rows":1.0,"Actual Startup Time":0.013,"Actual Total Time":0.013,"Alias":"r","Async Capable":false,"Disabled":false,"Filter":"(disposition = 'imported'::text)","Index Cond":"((organization_id = '96a418fd-9fe7-4af9-bd4a-8b46f7e9d6bc'::uuid) AND (person_id = '0513457b-2ff1-4dd1-b3de-02f1097709c0'::uuid))","Index Name":"migration_import_result_person","Index Searches":1,"Local Dirtied Blocks":0,"Local Hit Blocks":0,"Local Read Blocks":0,"Local Written Blocks":0,"Node Type":"Index Scan","Parallel Aware":false,"Parent Relationship":"Outer","Plan Rows":1,"Plan Width":205,"Relation Name":"migration_import_result","Rows Removed by Filter":0,"Rows Removed by Index Recheck":0,"Scan Direction":"Forward","Shared Dirtied Blocks":0,"Shared Hit Blocks":3,"Shared Read Blocks":0,"Shared Written Blocks":0,"Startup Cost":0.29,"Temp Read Blocks":0,"Temp Written Blocks":0,"Total Cost":8.31},{"Actual Loops":1,"Actual Rows":1.0,"Actual Startup Time":0.01,"Actual Total Time":0.01,"Alias":"i","Async Capable":false,"Disabled":false,"Index Cond":"((id = r.import_id) AND (organization_id = '96a418fd-9fe7-4af9-bd4a-8b46f7e9d6bc'::uuid))","Index Name":"migration_import_id_organization_id_key","Index Searches":1,"Local Dirtied Blocks":0,"Local Hit Blocks":0,"Local Read Blocks":0,"Local Written Blocks":0,"Node Type":"Index Scan","Parallel Aware":false,"Parent Relationship":"Inner","Plan Rows":1,"Plan Width":48,"Relation Name":"migration_import","Rows Removed by Index Recheck":0,"Scan Direction":"Forward","Shared Dirtied Blocks":0,"Shared Hit Blocks":3,"Shared Read Blocks":0,"Shared Written Blocks":0,"Startup Cost":0.27,"Temp Read Blocks":0,"Temp Written Blocks":0,"Total Cost":8.29}],"Shared Dirtied Blocks":0,"Shared Hit Blocks":6,"Shared Read Blocks":0,"Shared Written Blocks":0,"Startup Cost":0.56,"Temp Read Blocks":0,"Temp Written Blocks":0,"Total Cost":16.66},{"Actual Loops":1,"Actual Rows":1.0,"Actual Startup Time":0.011,"Actual Total Time":0.011,"Alias":"m","Async Capable":false,"Disabled":false,"Filter":"(organization_id = '96a418fd-9fe7-4af9-bd4a-8b46f7e9d6bc'::uuid)","Index Cond":"(id = r.manifest_id)","Index Name":"migration_import_manifest_pkey","Index Searches":1,"Local Dirtied Blocks":0,"Local Hit Blocks":0,"Local Read Blocks":0,"Local Written Blocks":0,"Node Type":"Index Scan","Parallel Aware":false,"Parent Relationship":"Inner","Plan Rows":1,"Plan Width":48,"Relation Name":"migration_import_manifest","Rows Removed by Filter":0,"Rows Removed by Index Recheck":0,"Scan Direction":"Forward","Shared Dirtied Blocks":0,"Shared Hit Blocks":3,"Shared Read Blocks":0,"Shared Written Blocks":0,"Startup Cost":0.29,"Temp Read Blocks":0,"Temp Written Blocks":0,"Total Cost":8.31}],"Shared Dirtied Blocks":0,"Shared Hit Blocks":9,"Shared Read Blocks":0,"Shared Written Blocks":0,"Startup Cost":0.85,"Temp Read Blocks":0,"Temp Written Blocks":0,"Total Cost":24.97},{"Actual Loops":1,"Actual Rows":1.0,"Actual Startup Time":0.013,"Actual Total Time":0.013,"Alias":"s","Async Capable":false,"Disabled":false,"Filter":"(organization_id = '96a418fd-9fe7-4af9-bd4a-8b46f7e9d6bc'::uuid)","Index Cond":"(id = m.source_row_id)","Index Name":"migration_import_source_pkey","Index Searches":1,"Local Dirtied Blocks":0,"Local Hit Blocks":0,"Local Read Blocks":0,"Local Written Blocks":0,"Node Type":"Index Scan","Parallel Aware":false,"Parent Relationship":"Inner","Plan Rows":1,"Plan Width":64,"Relation Name":"migration_import_source","Rows Removed by Filter":0,"Rows Removed by Index Recheck":0,"Scan Direction":"Forward","Shared Dirtied Blocks":0,"Shared Hit Blocks":3,"Shared Read Blocks":0,"Shared Written Blocks":0,"Startup Cost":0.29,"Temp Read Blocks":0,"Temp Written Blocks":0,"Total Cost":0.49}],"Shared Dirtied Blocks":0,"Shared Hit Blocks":12,"Shared Read Blocks":0,"Shared Written Blocks":0,"Startup Cost":1.14,"Temp Read Blocks":0,"Temp Written Blocks":0,"Total Cost":25.46},{"Actual Loops":1,"Actual Rows":1.0,"Actual Startup Time":0.029,"Actual Total Time":0.029,"Alias":"p","Async Capable":false,"Disabled":false,"Heap Fetches":0,"Index Cond":"((id = '0513457b-2ff1-4dd1-b3de-02f1097709c0'::uuid) AND (organization_id = '96a418fd-9fe7-4af9-bd4a-8b46f7e9d6bc'::uuid))","Index Name":"person_id_organization_id_key","Index Searches":1,"Local Dirtied Blocks":0,"Local Hit Blocks":0,"Local Read Blocks":0,"Local Written Blocks":0,"Node Type":"Index Only Scan","Parallel Aware":false,"Parent Relationship":"Inner","Plan Rows":1,"Plan Width":32,"Relation Name":"person","Rows Removed by Index Recheck":0,"Scan Direction":"Forward","Shared Dirtied Blocks":0,"Shared Hit Blocks":1,"Shared Read Blocks":2,"Shared Written Blocks":0,"Startup Cost":0.29,"Temp Read Blocks":0,"Temp Written Blocks":0,"Total Cost":4.31}],"Shared Dirtied Blocks":0,"Shared Hit Blocks":13,"Shared Read Blocks":2,"Shared Written Blocks":0,"Startup Cost":1.42,"Temp Read Blocks":0,"Temp Written Blocks":0,"Total Cost":29.78},"Planning":{"Local Dirtied Blocks":0,"Local Hit Blocks":0,"Local Read Blocks":0,"Local Written Blocks":0,"Shared Dirtied Blocks":0,"Shared Hit Blocks":141,"Shared Read Blocks":0,"Shared Written Blocks":0,"Temp Read Blocks":0,"Temp Written Blocks":0},"Planning Time":0.688,"Triggers":[]}],"sql_sha256":"f34058206f744074ed35740bbed77d4552d90ece71c9600cf365db43e2fc37e1"}
CRM_010C_IMPORT_PLAN {"label":"ready_stage_dependency_count","plan":[{"Execution Time":0.261,"Plan":{"Actual Loops":1,"Actual Rows":0.0,"Actual Startup Time":0.223,"Actual Total Time":0.223,"Alias":"migration_import_plan","Async Capable":false,"Disabled":false,"Local Dirtied Blocks":0,"Local Hit Blocks":0,"Local Read Blocks":0,"Local Written Blocks":0,"Node Type":"ModifyTable","Operation":"Update","Parallel Aware":false,"Plan Rows":0,"Plan Width":0,"Plans":[{"Actual Loops":1,"Actual Rows":1.0,"Actual Startup Time":0.094,"Actual Total Time":0.095,"Async Capable":false,"Disabled":false,"Local Dirtied Blocks":0,"Local Hit Blocks":0,"Local Read Blocks":0,"Local Written Blocks":0,"Node Type":"Aggregate","Parallel Aware":false,"Parent Relationship":"InitPlan","Partial Mode":"Simple","Plan Rows":1,"Plan Width":8,"Plans":[{"Actual Loops":1,"Actual Rows":18.0,"Actual Startup Time":0.028,"Actual Total Time":0.092,"Async Capable":false,"Disabled":false,"Inner Unique":false,"Join Type":"Semi","Local Dirtied Blocks":0,"Local Hit Blocks":0,"Local Read Blocks":0,"Local Written Blocks":0,"Node Type":"Nested Loop","Parallel Aware":false,"Parent Relationship":"Outer","Plan Rows":1,"Plan Width":0,"Plans":[{"Actual Loops":1,"Actual Rows":20.0,"Actual Startup Time":0.015,"Actual Total Time":0.018,"Alias":"migration_import_mapping","Async Capable":false,"Disabled":false,"Index Cond":"((plan_id = '33bbace6-6aff-40db-a77d-7504b9c6acc9'::uuid) AND (organization_id = '96a418fd-9fe7-4af9-bd4a-8b46f7e9d6bc'::uuid) AND (disposition = 'create'::text))","Index Name":"migration_import_mapping_execution","Index Searches":2,"Local Dirtied Blocks":0,"Local Hit Blocks":0,"Local Read Blocks":0,"Local Written Blocks":0,"Node Type":"Index Scan","Parallel Aware":false,"Parent Relationship":"Outer","Plan Rows":1,"Plan Width":16,"Relation Name":"migration_import_mapping","Rows Removed by Index Recheck":0,"Scan Direction":"Forward","Shared Dirtied Blocks":0,"Shared Hit Blocks":7,"Shared Read Blocks":0,"Shared Written Blocks":0,"Startup Cost":0.41,"Temp Read Blocks":0,"Temp Written Blocks":0,"Total Cost":17.29},{"Actual Loops":20,"Actual Rows":0.9,"Actual Startup Time":0.003,"Actual Total Time":0.003,"Alias":"x","Async Capable":false,"Disabled":false,"Heap Fetches":18,"Index Cond":"((stage_mapping_id = migration_import_mapping.id) AND (organization_id = '96a418fd-9fe7-4af9-bd4a-8b46f7e9d6bc'::uuid))","Index Name":"migration_import_manifest_stage","Index Searches":20,"Local Dirtied Blocks":0,"Local Hit Blocks":0,"Local Read Blocks":0,"Local Written Blocks":0,"Node Type":"Index Only Scan","Parallel Aware":false,"Parent Relationship":"Inner","Plan Rows":1125,"Plan Width":16,"Relation Name":"migration_import_manifest","Rows Removed by Index Recheck":0,"Scan Direction":"Forward","Shared Dirtied Blocks":0,"Shared Hit Blocks":58,"Shared Read Blocks":0,"Shared Written Blocks":0,"Startup Cost":0.29,"Temp Read Blocks":0,"Temp Written Blocks":0,"Total Cost":2675.12}],"Shared Dirtied Blocks":0,"Shared Hit Blocks":65,"Shared Read Blocks":0,"Shared Written Blocks":0,"Startup Cost":0.7,"Temp Read Blocks":0,"Temp Written Blocks":0,"Total Cost":24.7}],"Shared Dirtied Blocks":0,"Shared Hit Blocks":65,"Shared Read Blocks":0,"Shared Written Blocks":0,"Startup Cost":24.7,"Strategy":"Plain","Subplan Name":"InitPlan 1","Temp Read Blocks":0,"Temp Written Blocks":0,"Total Cost":24.71},{"Actual Loops":1,"Actual Rows":1.0,"Actual Startup Time":0.102,"Actual Total Time":0.103,"Alias":"migration_import_plan","Async Capable":false,"Disabled":false,"Filter":"(organization_id = '96a418fd-9fe7-4af9-bd4a-8b46f7e9d6bc'::uuid)","Index Cond":"(id = '33bbace6-6aff-40db-a77d-7504b9c6acc9'::uuid)","Index Name":"migration_import_plan_pkey","Index Searches":1,"Local Dirtied Blocks":0,"Local Hit Blocks":0,"Local Read Blocks":0,"Local Written Blocks":0,"Node Type":"Index Scan","Parallel Aware":false,"Parent Relationship":"Outer","Plan Rows":1,"Plan Width":126,"Relation Name":"migration_import_plan","Rows Removed by Filter":0,"Rows Removed by Index Recheck":0,"Scan Direction":"Forward","Shared Dirtied Blocks":0,"Shared Hit Blocks":67,"Shared Read Blocks":0,"Shared Written Blocks":0,"Startup Cost":0.15,"Temp Read Blocks":0,"Temp Written Blocks":0,"Total Cost":8.18}],"Relation Name":"migration_import_plan","Shared Dirtied Blocks":0,"Shared Hit Blocks":113,"Shared Read Blocks":1,"Shared Written Blocks":0,"Startup Cost":24.86,"Temp Read Blocks":0,"Temp Written Blocks":0,"Total Cost":32.89},"Planning":{"Local Dirtied Blocks":0,"Local Hit Blocks":0,"Local Read Blocks":0,"Local Written Blocks":0,"Shared Dirtied Blocks":0,"Shared Hit Blocks":0,"Shared Read Blocks":0,"Shared Written Blocks":0,"Temp Read Blocks":0,"Temp Written Blocks":0},"Planning Time":0.141,"Triggers":[]}],"sql_sha256":"90c1761d1f08d9464ef73e6bf50bd859d84ad72e925a0f3a85be63ad72b75c6f"}
CRM_010C_IMPORT_PLAN {"label":"search_shared_phone","plan":[{"Execution Time":155.073,"JIT":{"Functions":55,"Options":{"Deforming":true,"Expressions":true,"Inlining":false,"Optimization":false},"Timing":{"Emission":17.28,"Generation":{"Deform":0.46,"Total":1.201},"Inlining":0.0,"Optimization":1.016,"Total":19.498}},"Plan":{"Actual Loops":1,"Actual Rows":51.0,"Actual Startup Time":104.933,"Actual Total Time":105.948,"Async Capable":false,"Disabled":false,"Local Dirtied Blocks":0,"Local Hit Blocks":0,"Local Read Blocks":0,"Local Written Blocks":0,"Node Type":"Limit","Parallel Aware":false,"Plan Rows":51,"Plan Width":208,"Plans":[{"Actual Loops":1,"Actual Rows":51.0,"Actual Startup Time":87.805,"Actual Total Time":88.816,"Async Capable":false,"Disabled":false,"Local Dirtied Blocks":0,"Local Hit Blocks":0,"Local Read Blocks":0,"Local Written Blocks":0,"Node Type":"Result","Parallel Aware":false,"Parent Relationship":"Outer","Plan Rows":12502,"Plan Width":208,"Plans":[{"Actual Loops":1,"Actual Rows":51.0,"Actual Startup Time":87.54,"Actual Total Time":87.545,"Async Capable":false,"Disabled":false,"Local Dirtied Blocks":0,"Local Hit Blocks":0,"Local Read Blocks":0,"Local Written Blocks":0,"Node Type":"Sort","Parallel Aware":false,"Parent Relationship":"Outer","Plan Rows":12502,"Plan Width":128,"Plans":[{"Actual Loops":1,"Actual Rows":25000.0,"Actual Startup Time":9.877,"Actual Total Time":81.721,"Async Capable":false,"Disabled":false,"Inner Unique":true,"Join Type":"Left","Local Dirtied Blocks":0,"Local Hit Blocks":0,"Local Read Blocks":0,"Local Written Blocks":0,"Node Type":"Nested Loop","Parallel Aware":false,"Parent Relationship":"Outer","Plan Rows":12502,"Plan Width":128,"Plans":[{"Actual Loops":1,"Actual Rows":25000.0,"Actual Startup Time":9.868,"Actual Total Time":67.401,"Async Capable":false,"Disabled":false,"Inner Unique":true,"Join Type":"Inner","Local Dirtied Blocks":0,"Local Hit Blocks":0,"Local Read Blocks":0,"Local Written Blocks":0,"Node Type":"Nested Loop","Parallel Aware":false,"Parent Relationship":"Outer","Plan Rows":12502,"Plan Width":109,"Plans":[{"Actual Loops":1,"Actual Rows":25000.0,"Actual Startup Time":9.839,"Actual Total Time":51.669,"Alias":"p","Async Capable":false,"Disabled":false,"Filter":"((organization_id = '96a418fd-9fe7-4af9-bd4a-8b46f7e9d6bc'::uuid) AND ((first_name ~~* '%+12025550100%'::text) OR (last_name ~~* '%+12025550100%'::text) OR (concat_ws(' '::text, first_name, last_name) ~~* '%+12025550100%'::text) OR (ANY ((id = (hashed SubPlan 6).col1) AND (organization_id = (hashed SubPlan 6).col2)))))","Local Dirtied Blocks":0,"Local Hit Blocks":0,"Local Read Blocks":0,"Local Written Blocks":0,"Node Type":"Seq Scan","Parallel Aware":false,"Parent Relationship":"Outer","Plan Rows":12502,"Plan Width":77,"Plans":[{"Actual Loops":1,"Actual Rows":25000.0,"Actual Startup Time":0.686,"Actual Total Time":4.006,"Alias":"cm2","Async Capable":false,"Disabled":false,"Exact Heap Blocks":1667,"Local Dirtied Blocks":0,"Local Hit Blocks":0,"Local Read Blocks":0,"Local Written Blocks":0,"Lossy Heap Blocks":0,"Node Type":"Bitmap Heap Scan","Parallel Aware":false,"Parent Relationship":"SubPlan","Plan Rows":12399,"Plan Width":32,"Plans":[{"Actual Loops":1,"Actual Rows":25000.0,"Actual Startup Time":0.493,"Actual Total Time":0.493,"Async Capable":false,"Disabled":false,"Index Cond":"((kind = 'phone'::text) AND (normalized_value = '+12025550100'::text))","Index Name":"contact_method_lookup_idx","Index Searches":3,"Local Dirtied Blocks":0,"Local Hit Blocks":0,"Local Read Blocks":0,"Local Written Blocks":0,"Node Type":"Bitmap Index Scan","Parallel Aware":false,"Parent Relationship":"Outer","Plan Rows":12399,"Plan Width":0,"Shared Dirtied Blocks":0,"Shared Hit Blocks":2,"Shared Read Blocks":28,"Shared Written Blocks":0,"Startup Cost":0.0,"Temp Read Blocks":0,"Temp Written Blocks":0,"Total Cost":428.83}],"Recheck Cond":"((kind = 'phone'::text) AND (normalized_value = '+12025550100'::text))","Relation Name":"contact_method","Rows Removed by Index Recheck":0,"Shared Dirtied Blocks":0,"Shared Hit Blocks":1669,"Shared Read Blocks":28,"Shared Written Blocks":0,"Startup Cost":431.93,"Subplan Name":"SubPlan 6","Temp Read Blocks":0,"Temp Written Blocks":0,"Total Cost":2284.92}],"Relation Name":"person","Rows Removed by Filter":0,"Shared Dirtied Blocks":0,"Shared Hit Blocks":1973,"Shared Read Blocks":156,"Shared Written Blocks":75,"Startup Cost":0.0,"Temp Read Blocks":0,"Temp Written Blocks":0,"Total Cost":212057.0},{"Actual Loops":25000,"Actual Rows":1.0,"Actual Startup Time":0.0,"Actual Total Time":0.0,"Alias":"s","Async Capable":false,"Disabled":false,"Index Cond":"(id = p.stage_id)","Index Name":"stage_id_organization_id_key","Index Searches":25000,"Local Dirtied Blocks":0,"Local Hit Blocks":0,"Local Read Blocks":0,"Local Written Blocks":0,"Node Type":"Index Scan","Parallel Aware":false,"Parent Relationship":"Inner","Plan Rows":1,"Plan Width":48,"Relation Name":"stage","Rows Removed by Index Recheck":0,"Scan Direction":"Forward","Shared Dirtied Blocks":0,"Shared Hit Blocks":49999,"Shared Read Blocks":1,"Shared Written Blocks":0,"Startup Cost":0.15,"Temp Read Blocks":0,"Temp Written Blocks":0,"Total Cost":0.17}],"Shared Dirtied Blocks":0,"Shared Hit Blocks":51972,"Shared Read Blocks":157,"Shared Written Blocks":75,"Startup Cost":0.15,"Temp Read Blocks":0,"Temp Written Blocks":0,"Total Cost":214198.72},{"Actual Loops":25000,"Actual Rows":1.0,"Actual Startup Time":0.0,"Actual Total Time":0.0,"Alias":"u","Async Capable":false,"Disabled":false,"Index Cond":"(id = p.assigned_user_id)","Index Name":"app_user_pkey","Index Searches":25000,"Local Dirtied Blocks":0,"Local Hit Blocks":0,"Local Read Blocks":0,"Local Written Blocks":0,"Node Type":"Index Scan","Parallel Aware":false,"Parent Relationship":"Inner","Plan Rows":1,"Plan Width":35,"Relation Name":"app_user","Rows Removed by Index Recheck":0,"Scan Direction":"Forward","Shared Dirtied Blocks":0,"Shared Hit Blocks":50000,"Shared Read Blocks":0,"Shared Written Blocks":0,"Startup Cost":0.14,"Temp Read Blocks":0,"Temp Written Blocks":0,"Total Cost":0.16}],"Shared Dirtied Blocks":0,"Shared Hit Blocks":101972,"Shared Read Blocks":157,"Shared Written Blocks":75,"Startup Cost":0.29,"Temp Read Blocks":0,"Temp Written Blocks":0,"Total Cost":216175.53}],"Shared Dirtied Blocks":0,"Shared Hit Blocks":101972,"Shared Read Blocks":157,"Shared Written Blocks":75,"Sort Key":["p.last_name","p.first_name","p.id"],"Sort Method":"top-N heapsort","Sort Space Type":"Memory","Sort Space Used":31,"Startup Cost":216592.63,"Temp Read Blocks":0,"Temp Written Blocks":0,"Total Cost":216623.88},{"Actual Loops":51,"Actual Rows":1.0,"Actual Startup Time":0.017,"Actual Total Time":0.017,"Async Capable":false,"Disabled":false,"Local Dirtied Blocks":0,"Local Hit Blocks":0,"Local Read Blocks":0,"Local Written Blocks":0,"Node Type":"Limit","Parallel Aware":false,"Parent Relationship":"SubPlan","Plan Rows":1,"Plan Width":46,"Plans":[{"Actual Loops":51,"Actual Rows":1.0,"Actual Startup Time":0.017,"Actual Total Time":0.017,"Async Capable":false,"Disabled":false,"Local Dirtied Blocks":0,"Local Hit Blocks":0,"Local Read Blocks":0,"Local Written Blocks":0,"Node Type":"Sort","Parallel Aware":false,"Parent Relationship":"Outer","Plan Rows":2,"Plan Width":46,"Plans":[{"Actual Loops":51,"Actual Rows":2.0,"Actual Startup Time":0.016,"Actual Total Time":0.016,"Alias":"cm","Async Capable":false,"Disabled":false,"Exact Heap Blocks":52,"Local Dirtied Blocks":0,"Local Hit Blocks":0,"Local Read Blocks":0,"Local Written Blocks":0,"Lossy Heap Blocks":0,"Node Type":"Bitmap Heap Scan","Parallel Aware":false,"Parent Relationship":"Outer","Plan Rows":2,"Plan Width":46,"Plans":[{"Actual Loops":51,"Actual Rows":2.0,"Actual Startup Time":0.014,"Actual Total Time":0.014,"Async Capable":false,"Disabled":false,"Index Cond":"((person_id = p.id) AND (kind = 'email'::text))","Index Name":"contact_method_person_id_kind_normalized_value_key","Index Searches":51,"Local Dirtied Blocks":0,"Local Hit Blocks":0,"Local Read Blocks":0,"Local Written Blocks":0,"Node Type":"Bitmap Index Scan","Parallel Aware":false,"Parent Relationship":"Outer","Plan Rows":2,"Plan Width":0,"Shared Dirtied Blocks":0,"Shared Hit Blocks":100,"Shared Read Blocks":53,"Shared Written Blocks":53,"Startup Cost":0.0,"Temp Read Blocks":0,"Temp Written Blocks":0,"Total Cost":4.44}],"Recheck Cond":"((person_id = p.id) AND (kind = 'email'::text))","Relation Name":"contact_method","Rows Removed by Index Recheck":0,"Shared Dirtied Blocks":0,"Shared Hit Blocks":152,"Shared Read Blocks":53,"Shared Written Blocks":53,"Startup Cost":4.44,"Temp Read Blocks":0,"Temp Written Blocks":0,"Total Cost":12.26}],"Shared Dirtied Blocks":0,"Shared Hit Blocks":152,"Shared Read Blocks":53,"Shared Written Blocks":53,"Sort Key":["cm.import_order","cm.created_at","cm.id"],"Sort Method":"quicksort","Sort Space Type":"Memory","Sort Space Used":25,"Startup Cost":12.27,"Temp Read Blocks":0,"Temp Written Blocks":0,"Total Cost":12.28}],"Shared Dirtied Blocks":0,"Shared Hit Blocks":152,"Shared Read Blocks":53,"Shared Written Blocks":53,"Startup Cost":12.27,"Subplan Name":"SubPlan 1","Temp Read Blocks":0,"Temp Written Blocks":0,"Total Cost":12.27},{"Actual Loops":51,"Actual Rows":1.0,"Actual Startup Time":0.004,"Actual Total Time":0.004,"Async Capable":false,"Disabled":false,"Local Dirtied Blocks":0,"Local Hit Blocks":0,"Local Read Blocks":0,"Local Written Blocks":0,"Node Type":"Limit","Parallel Aware":false,"Parent Relationship":"SubPlan","Plan Rows":1,"Plan Width":46,"Plans":[{"Actual Loops":51,"Actual Rows":1.0,"Actual Startup Time":0.003,"Actual Total Time":0.003,"Async Capable":false,"Disabled":false,"Local Dirtied Blocks":0,"Local Hit Blocks":0,"Local Read Blocks":0,"Local Written Blocks":0,"Node Type":"Sort","Parallel Aware":false,"Parent Relationship":"Outer","Plan Rows":2,"Plan Width":46,"Plans":[{"Actual Loops":51,"Actual Rows":2.0,"Actual Startup Time":0.002,"Actual Total Time":0.002,"Alias":"cm_1","Async Capable":false,"Disabled":false,"Exact Heap Blocks":51,"Local Dirtied Blocks":0,"Local Hit Blocks":0,"Local Read Blocks":0,"Local Written Blocks":0,"Lossy Heap Blocks":0,"Node Type":"Bitmap Heap Scan","Parallel Aware":false,"Parent Relationship":"Outer","Plan Rows":2,"Plan Width":46,"Plans":[{"Actual Loops":51,"Actual Rows":2.0,"Actual Startup Time":0.001,"Actual Total Time":0.001,"Async Capable":false,"Disabled":false,"Index Cond":"((person_id = p.id) AND (kind = 'phone'::text))","Index Name":"contact_method_person_id_kind_normalized_value_key","Index Searches":51,"Local Dirtied Blocks":0,"Local Hit Blocks":0,"Local Read Blocks":0,"Local Written Blocks":0,"Node Type":"Bitmap Index Scan","Parallel Aware":false,"Parent Relationship":"Outer","Plan Rows":2,"Plan Width":0,"Shared Dirtied Blocks":0,"Shared Hit Blocks":153,"Shared Read Blocks":0,"Shared Written Blocks":0,"Startup Cost":0.0,"Temp Read Blocks":0,"Temp Written Blocks":0,"Total Cost":4.44}],"Recheck Cond":"((person_id = p.id) AND (kind = 'phone'::text))","Relation Name":"contact_method","Rows Removed by Index Recheck":0,"Shared Dirtied Blocks":0,"Shared Hit Blocks":204,"Shared Read Blocks":0,"Shared Written Blocks":0,"Startup Cost":4.44,"Temp Read Blocks":0,"Temp Written Blocks":0,"Total Cost":12.26}],"Shared Dirtied Blocks":0,"Shared Hit Blocks":204,"Shared Read Blocks":0,"Shared Written Blocks":0,"Sort Key":["cm_1.import_order","cm_1.created_at","cm_1.id"],"Sort Method":"quicksort","Sort Space Type":"Memory","Sort Space Used":25,"Startup Cost":12.27,"Temp Read Blocks":0,"Temp Written Blocks":0,"Total Cost":12.28}],"Shared Dirtied Blocks":0,"Shared Hit Blocks":204,"Shared Read Blocks":0,"Shared Written Blocks":0,"Startup Cost":12.27,"Subplan Name":"SubPlan 2","Temp Read Blocks":0,"Temp Written Blocks":0,"Total Cost":12.27},{"Actual Loops":51,"Actual Rows":1.0,"Actual Startup Time":0.001,"Actual Total Time":0.001,"Async Capable":false,"Disabled":false,"Local Dirtied Blocks":0,"Local Hit Blocks":0,"Local Read Blocks":0,"Local Written Blocks":0,"Node Type":"Aggregate","Parallel Aware":false,"Parent Relationship":"SubPlan","Partial Mode":"Simple","Plan Rows":1,"Plan Width":8,"Plans":[{"Actual Loops":51,"Actual Rows":0.0,"Actual Startup Time":0.001,"Actual Total Time":0.001,"Alias":"i","Async Capable":false,"Disabled":false,"Exact Heap Blocks":0,"Local Dirtied Blocks":0,"Local Hit Blocks":0,"Local Read Blocks":0,"Local Written Blocks":0,"Lossy Heap Blocks":0,"Node Type":"Bitmap Heap Scan","Parallel Aware":false,"Parent Relationship":"Outer","Plan Rows":2,"Plan Width":0,"Plans":[{"Actual Loops":51,"Actual Rows":0.0,"Actual Startup Time":0.001,"Actual Total Time":0.001,"Async Capable":false,"Disabled":false,"Index Cond":"(person_id = p.id)","Index Name":"inquiry_org_person_received_idx","Index Searches":51,"Local Dirtied Blocks":0,"Local Hit Blocks":0,"Local Read Blocks":0,"Local Written Blocks":0,"Node Type":"Bitmap Index Scan","Parallel Aware":false,"Parent Relationship":"Outer","Plan Rows":2,"Plan Width":0,"Shared Dirtied Blocks":0,"Shared Hit Blocks":51,"Shared Read Blocks":0,"Shared Written Blocks":0,"Startup Cost":0.0,"Temp Read Blocks":0,"Temp Written Blocks":0,"Total Cost":7.15}],"Recheck Cond":"(person_id = p.id)","Relation Name":"inquiry","Rows Removed by Index Recheck":0,"Shared Dirtied Blocks":0,"Shared Hit Blocks":51,"Shared Read Blocks":0,"Shared Written Blocks":0,"Startup Cost":7.15,"Temp Read Blocks":0,"Temp Written Blocks":0,"Total Cost":12.49}],"Shared Dirtied Blocks":0,"Shared Hit Blocks":51,"Shared Read Blocks":0,"Shared Written Blocks":0,"Startup Cost":12.49,"Strategy":"Plain","Subplan Name":"SubPlan 3","Temp Read Blocks":0,"Temp Written Blocks":0,"Total Cost":12.5},{"Actual Loops":51,"Actual Rows":1.0,"Actual Startup Time":0.001,"Actual Total Time":0.001,"Async Capable":false,"Disabled":false,"Local Dirtied Blocks":0,"Local Hit Blocks":0,"Local Read Blocks":0,"Local Written Blocks":0,"Node Type":"Aggregate","Parallel Aware":false,"Parent Relationship":"SubPlan","Partial Mode":"Simple","Plan Rows":1,"Plan Width":8,"Plans":[{"Actual Loops":51,"Actual Rows":0.0,"Actual Startup Time":0.0,"Actual Total Time":0.0,"Alias":"i_1","Async Capable":false,"Disabled":false,"Exact Heap Blocks":0,"Local Dirtied Blocks":0,"Local Hit Blocks":0,"Local Read Blocks":0,"Local Written Blocks":0,"Lossy Heap Blocks":0,"Node Type":"Bitmap Heap Scan","Parallel Aware":false,"Parent Relationship":"Outer","Plan Rows":2,"Plan Width":8,"Plans":[{"Actual Loops":51,"Actual Rows":0.0,"Actual Startup Time":0.0,"Actual Total Time":0.0,"Async Capable":false,"Disabled":false,"Index Cond":"(person_id = p.id)","Index Name":"inquiry_org_person_received_idx","Index Searches":51,"Local Dirtied Blocks":0,"Local Hit Blocks":0,"Local Read Blocks":0,"Local Written Blocks":0,"Node Type":"Bitmap Index Scan","Parallel Aware":false,"Parent Relationship":"Outer","Plan Rows":2,"Plan Width":0,"Shared Dirtied Blocks":0,"Shared Hit Blocks":51,"Shared Read Blocks":0,"Shared Written Blocks":0,"Startup Cost":0.0,"Temp Read Blocks":0,"Temp Written Blocks":0,"Total Cost":7.15}],"Recheck Cond":"(person_id = p.id)","Relation Name":"inquiry","Rows Removed by Index Recheck":0,"Shared Dirtied Blocks":0,"Shared Hit Blocks":51,"Shared Read Blocks":0,"Shared Written Blocks":0,"Startup Cost":7.15,"Temp Read Blocks":0,"Temp Written Blocks":0,"Total Cost":12.49}],"Shared Dirtied Blocks":0,"Shared Hit Blocks":51,"Shared Read Blocks":0,"Shared Written Blocks":0,"Startup Cost":12.49,"Strategy":"Plain","Subplan Name":"SubPlan 4","Temp Read Blocks":0,"Temp Written Blocks":0,"Total Cost":12.5}],"Shared Dirtied Blocks":0,"Shared Hit Blocks":102430,"Shared Read Blocks":210,"Shared Written Blocks":128,"Startup Cost":216592.63,"Temp Read Blocks":0,"Temp Written Blocks":0,"Total Cost":836282.84}],"Shared Dirtied Blocks":0,"Shared Hit Blocks":102430,"Shared Read Blocks":210,"Shared Written Blocks":128,"Startup Cost":216592.63,"Temp Read Blocks":0,"Temp Written Blocks":0,"Total Cost":219120.56},"Planning":{"Local Dirtied Blocks":0,"Local Hit Blocks":0,"Local Read Blocks":0,"Local Written Blocks":0,"Shared Dirtied Blocks":0,"Shared Hit Blocks":200,"Shared Read Blocks":3,"Shared Written Blocks":0,"Temp Read Blocks":0,"Temp Written Blocks":0},"Planning Time":0.657,"Triggers":[]}],"sql_sha256":"44952452ca800343ba34474294ddc92ffa656ab7fb9d637b3b902b4ff7415c60"}
CRM_010C_IMPORT_PLAN {"label":"person_contacts","plan":[{"Execution Time":0.068,"Plan":{"Actual Loops":1,"Actual Rows":4.0,"Actual Startup Time":0.051,"Actual Total Time":0.052,"Async Capable":false,"Disabled":false,"Local Dirtied Blocks":0,"Local Hit Blocks":0,"Local Read Blocks":0,"Local Written Blocks":0,"Node Type":"Sort","Parallel Aware":false,"Plan Rows":4,"Plan Width":52,"Plans":[{"Actual Loops":1,"Actual Rows":4.0,"Actual Startup Time":0.045,"Actual Total Time":0.046,"Alias":"contact_method","Async Capable":false,"Disabled":false,"Exact Heap Blocks":1,"Filter":"(organization_id = '96a418fd-9fe7-4af9-bd4a-8b46f7e9d6bc'::uuid)","Local Dirtied Blocks":0,"Local Hit Blocks":0,"Local Read Blocks":0,"Local Written Blocks":0,"Lossy Heap Blocks":0,"Node Type":"Bitmap Heap Scan","Parallel Aware":false,"Parent Relationship":"Outer","Plan Rows":4,"Plan Width":52,"Plans":[{"Actual Loops":1,"Actual Rows":4.0,"Actual Startup Time":0.038,"Actual Total Time":0.038,"Async Capable":false,"Disabled":false,"Index Cond":"(person_id = '0513457b-2ff1-4dd1-b3de-02f1097709c0'::uuid)","Index Name":"contact_method_person_id_kind_normalized_value_key","Index Searches":1,"Local Dirtied Blocks":0,"Local Hit Blocks":0,"Local Read Blocks":0,"Local Written Blocks":0,"Node Type":"Bitmap Index Scan","Parallel Aware":false,"Parent Relationship":"Outer","Plan Rows":4,"Plan Width":0,"Shared Dirtied Blocks":0,"Shared Hit Blocks":2,"Shared Read Blocks":1,"Shared Written Blocks":1,"Startup Cost":0.0,"Temp Read Blocks":0,"Temp Written Blocks":0,"Total Cost":4.45}],"Recheck Cond":"(person_id = '0513457b-2ff1-4dd1-b3de-02f1097709c0'::uuid)","Relation Name":"contact_method","Rows Removed by Filter":0,"Rows Removed by Index Recheck":0,"Shared Dirtied Blocks":0,"Shared Hit Blocks":3,"Shared Read Blocks":1,"Shared Written Blocks":1,"Startup Cost":4.45,"Temp Read Blocks":0,"Temp Written Blocks":0,"Total Cost":19.92}],"Shared Dirtied Blocks":0,"Shared Hit Blocks":3,"Shared Read Blocks":1,"Shared Written Blocks":1,"Sort Key":["import_order","created_at","id"],"Sort Method":"quicksort","Sort Space Type":"Memory","Sort Space Used":25,"Startup Cost":19.96,"Temp Read Blocks":0,"Temp Written Blocks":0,"Total Cost":19.97},"Planning":{"Local Dirtied Blocks":0,"Local Hit Blocks":0,"Local Read Blocks":0,"Local Written Blocks":0,"Shared Dirtied Blocks":0,"Shared Hit Blocks":0,"Shared Read Blocks":0,"Shared Written Blocks":0,"Temp Read Blocks":0,"Temp Written Blocks":0},"Planning Time":0.083,"Triggers":[]}],"sql_sha256":"59c283e05ace9f184e4fe2740592fa843bc81b224b6f5b419aae0830b79a9e57"}
CRM_010C_IMPORT_PLAN {"label":"filtered_people_created_desc","plan":[{"Execution Time":22.298,"Plan":{"Actual Loops":1,"Actual Rows":501.0,"Actual Startup Time":14.409,"Actual Total Time":22.23,"Async Capable":false,"Disabled":false,"Local Dirtied Blocks":0,"Local Hit Blocks":0,"Local Read Blocks":0,"Local Written Blocks":0,"Node Type":"Limit","Parallel Aware":false,"Plan Rows":501,"Plan Width":208,"Plans":[{"Actual Loops":1,"Actual Rows":501.0,"Actual Startup Time":14.409,"Actual Total Time":22.194,"Async Capable":false,"Disabled":false,"Local Dirtied Blocks":0,"Local Hit Blocks":0,"Local Read Blocks":0,"Local Written Blocks":0,"Node Type":"Result","Parallel Aware":false,"Parent Relationship":"Outer","Plan Rows":12500,"Plan Width":208,"Plans":[{"Actual Loops":1,"Actual Rows":501.0,"Actual Startup Time":14.317,"Actual Total Time":15.167,"Async Capable":false,"Disabled":false,"Full-sort Groups":{"Group Count":16,"Sort Methods Used":["quicksort"],"Sort Space Memory":{"Average Sort Space Used":33,"Peak Sort Space Used":33}},"Local Dirtied Blocks":0,"Local Hit Blocks":0,"Local Read Blocks":0,"Local Written Blocks":0,"Node Type":"Incremental Sort","Parallel Aware":false,"Parent Relationship":"Outer","Plan Rows":12500,"Plan Width":152,"Plans":[{"Actual Loops":1,"Actual Rows":502.0,"Actual Startup Time":14.185,"Actual Total Time":15.047,"Async Capable":false,"Disabled":false,"Inner Unique":false,"Join Type":"Left","Local Dirtied Blocks":0,"Local Hit Blocks":0,"Local Read Blocks":0,"Local Written Blocks":0,"Node Type":"Nested Loop","Parallel Aware":false,"Parent Relationship":"Outer","Plan Rows":12500,"Plan Width":152,"Plans":[{"Actual Loops":1,"Actual Rows":502.0,"Actual Startup Time":14.163,"Actual Total Time":14.68,"Async Capable":false,"Disabled":false,"Inner Unique":true,"Join Type":"Left","Local Dirtied Blocks":0,"Local Hit Blocks":0,"Local Read Blocks":0,"Local Written Blocks":0,"Node Type":"Nested Loop","Parallel Aware":false,"Parent Relationship":"Outer","Plan Rows":12500,"Plan Width":152,"Plans":[{"Actual Loops":1,"Actual Rows":502.0,"Actual Startup Time":14.15,"Actual Total Time":14.502,"Async Capable":false,"Disabled":false,"Inner Unique":true,"Join Type":"Inner","Local Dirtied Blocks":0,"Local Hit Blocks":0,"Local Read Blocks":0,"Local Written Blocks":0,"Node Type":"Nested Loop","Parallel Aware":false,"Parent Relationship":"Outer","Plan Rows":12500,"Plan Width":133,"Plans":[{"Actual Loops":1,"Actual Rows":502.0,"Actual Startup Time":14.124,"Actual Total Time":14.349,"Alias":"p","Async Capable":false,"Disabled":false,"Filter":"((stage_id = ANY ('{75986d85-40b7-4a3c-bd0b-fa0b70f0e0f2}'::uuid[])) AND (ANY ((id = (hashed SubPlan 5).col1) AND (organization_id = (hashed SubPlan 5).col2))))","Index Cond":"(organization_id = '96a418fd-9fe7-4af9-bd4a-8b46f7e9d6bc'::uuid)","Index Name":"person_organization_created_idx","Index Searches":1,"Local Dirtied Blocks":0,"Local Hit Blocks":0,"Local Read Blocks":0,"Local Written Blocks":0,"Node Type":"Index Scan","Parallel Aware":false,"Parent Relationship":"Outer","Plan Rows":12500,"Plan Width":101,"Plans":[{"Actual Loops":1,"Actual Rows":50000.0,"Actual Startup Time":0.005,"Actual Total Time":6.702,"Alias":"cm3","Async Capable":false,"Disabled":false,"Filter":"(kind = 'phone'::text)","Local Dirtied Blocks":0,"Local Hit Blocks":0,"Local Read Blocks":0,"Local Written Blocks":0,"Node Type":"Seq Scan","Parallel Aware":false,"Parent Relationship":"SubPlan","Plan Rows":49930,"Plan Width":32,"Relation Name":"contact_method","Rows Removed by Filter":50000,"Shared Dirtied Blocks":0,"Shared Hit Blocks":1667,"Shared Read Blocks":0,"Shared Written Blocks":0,"Startup Cost":0.0,"Subplan Name":"SubPlan 5","Temp Read Blocks":0,"Temp Written Blocks":0,"Total Cost":2917.0}],"Relation Name":"person","Rows Removed by Filter":0,"Rows Removed by Index Recheck":0,"Scan Direction":"Backward","Shared Dirtied Blocks":0,"Shared Hit Blocks":1677,"Shared Read Blocks":5,"Shared Written Blocks":5,"Startup Cost":0.29,"Temp Read Blocks":0,"Temp Written Blocks":0,"Total Cost":162973.07},{"Actual Loops":502,"Actual Rows":1.0,"Actual Startup Time":0.0,"Actual Total Time":0.0,"Async Capable":false,"Cache Evictions":0,"Cache Hits":501,"Cache Key":"p.stage_id","Cache Misses":1,"Cache Mode":"logical","Cache Overflows":0,"Disabled":false,"Local Dirtied Blocks":0,"Local Hit Blocks":0,"Local Read Blocks":0,"Local Written Blocks":0,"Node Type":"Memoize","Parallel Aware":false,"Parent Relationship":"Inner","Peak Memory Usage":1,"Plan Rows":1,"Plan Width":48,"Plans":[{"Actual Loops":1,"Actual Rows":1.0,"Actual Startup Time":0.019,"Actual Total Time":0.019,"Alias":"s","Async Capable":false,"Disabled":false,"Index Cond":"(id = p.stage_id)","Index Name":"stage_id_organization_id_key","Index Searches":1,"Local Dirtied Blocks":0,"Local Hit Blocks":0,"Local Read Blocks":0,"Local Written Blocks":0,"Node Type":"Index Scan","Parallel Aware":false,"Parent Relationship":"Outer","Plan Rows":1,"Plan Width":48,"Relation Name":"stage","Rows Removed by Index Recheck":0,"Scan Direction":"Forward","Shared Dirtied Blocks":0,"Shared Hit Blocks":2,"Shared Read Blocks":0,"Shared Written Blocks":0,"Startup Cost":0.15,"Temp Read Blocks":0,"Temp Written Blocks":0,"Total Cost":0.17}],"Shared Dirtied Blocks":0,"Shared Hit Blocks":2,"Shared Read Blocks":0,"Shared Written Blocks":0,"Startup Cost":0.16,"Temp Read Blocks":0,"Temp Written Blocks":0,"Total Cost":0.18}],"Shared Dirtied Blocks":0,"Shared Hit Blocks":1679,"Shared Read Blocks":5,"Shared Written Blocks":5,"Startup Cost":0.45,"Temp Read Blocks":0,"Temp Written Blocks":0,"Total Cost":163285.65},{"Actual Loops":502,"Actual Rows":1.0,"Actual Startup Time":0.0,"Actual Total Time":0.0,"Async Capable":false,"Cache Evictions":0,"Cache Hits":452,"Cache Key":"p.assigned_user_id","Cache Misses":50,"Cache Mode":"logical","Cache Overflows":0,"Disabled":false,"Local Dirtied Blocks":0,"Local Hit Blocks":0,"Local Read Blocks":0,"Local Written Blocks":0,"Node Type":"Memoize","Parallel Aware":false,"Parent Relationship":"Inner","Peak Memory Usage":8,"Plan Rows":1,"Plan Width":35,"Plans":[{"Actual Loops":50,"Actual Rows":1.0,"Actual Startup Time":0.001,"Actual Total Time":0.001,"Alias":"u","Async Capable":false,"Disabled":false,"Index Cond":"(id = p.assigned_user_id)","Index Name":"app_user_pkey","Index Searches":50,"Local Dirtied Blocks":0,"Local Hit Blocks":0,"Local Read Blocks":0,"Local Written Blocks":0,"Node Type":"Index Scan","Parallel Aware":false,"Parent Relationship":"Outer","Plan Rows":1,"Plan Width":35,"Relation Name":"app_user","Rows Removed by Index Recheck":0,"Scan Direction":"Forward","Shared Dirtied Blocks":0,"Shared Hit Blocks":100,"Shared Read Blocks":0,"Shared Written Blocks":0,"Startup Cost":0.14,"Temp Read Blocks":0,"Temp Written Blocks":0,"Total Cost":0.16}],"Shared Dirtied Blocks":0,"Shared Hit Blocks":100,"Shared Read Blocks":0,"Shared Written Blocks":0,"Startup Cost":0.15,"Temp Read Blocks":0,"Temp Written Blocks":0,"Total Cost":0.17}],"Shared Dirtied Blocks":0,"Shared Hit Blocks":1779,"Shared Read Blocks":5,"Shared Written Blocks":5,"Startup Cost":0.6,"Temp Read Blocks":0,"Temp Written Blocks":0,"Total Cost":163602.68},{"Actual Loops":502,"Actual Rows":0.0,"Actual Startup Time":0.001,"Actual Total Time":0.001,"Async Capable":false,"Disabled":false,"Local Dirtied Blocks":0,"Local Hit Blocks":0,"Local Read Blocks":0,"Local Written Blocks":0,"Node Type":"Limit","Parallel Aware":false,"Parent Relationship":"Inner","Plan Rows":1,"Plan Width":56,"Plans":[{"Actual Loops":502,"Actual Rows":0.0,"Actual Startup Time":0.0,"Actual Total Time":0.0,"Async Capable":false,"Disabled":false,"Full-sort Groups":{"Group Count":502,"Sort Methods Used":["quicksort"],"Sort Space Memory":{"Average Sort Space Used":25,"Peak Sort Space Used":25}},"Local Dirtied Blocks":0,"Local Hit Blocks":0,"Local Read Blocks":0,"Local Written Blocks":0,"Node Type":"Incremental Sort","Parallel Aware":false,"Parent Relationship":"Outer","Plan Rows":2,"Plan Width":56,"Plans":[{"Actual Loops":502,"Actual Rows":0.0,"Actual Startup Time":0.0,"Actual Total Time":0.0,"Alias":"i2","Async Capable":false,"Disabled":false,"Index Cond":"((organization_id = p.organization_id) AND (person_id = p.id))","Index Name":"inquiry_org_person_received_idx","Index Searches":502,"Local Dirtied Blocks":0,"Local Hit Blocks":0,"Local Read Blocks":0,"Local Written Blocks":0,"Node Type":"Index Scan","Parallel Aware":false,"Parent Relationship":"Outer","Plan Rows":1,"Plan Width":56,"Relation Name":"inquiry","Rows Removed by Index Recheck":0,"Scan Direction":"Backward","Shared Dirtied Blocks":0,"Shared Hit Blocks":1004,"Shared Read Blocks":0,"Shared Written Blocks":0,"Startup Cost":0.15,"Temp Read Blocks":0,"Temp Written Blocks":0,"Total Cost":8.17}],"Presorted Key":["i2.received_at"],"Shared Dirtied Blocks":0,"Shared Hit Blocks":1004,"Shared Read Blocks":0,"Shared Written Blocks":0,"Sort Key":["i2.received_at DESC","i2.id DESC"],"Startup Cost":8.18,"Temp Read Blocks":0,"Temp Written Blocks":0,"Total Cost":8.22}],"Shared Dirtied Blocks":0,"Shared Hit Blocks":1004,"Shared Read Blocks":0,"Shared Written Blocks":0,"Startup Cost":8.18,"Temp Read Blocks":0,"Temp Written Blocks":0,"Total Cost":8.2}],"Shared Dirtied Blocks":0,"Shared Hit Blocks":2783,"Shared Read Blocks":5,"Shared Written Blocks":5,"Startup Cost":8.78,"Temp Read Blocks":0,"Temp Written Blocks":0,"Total Cost":266352.68}],"Presorted Key":["p.created_at"],"Shared Dirtied Blocks":0,"Shared Hit Blocks":2783,"Shared Read Blocks":5,"Shared Written Blocks":5,"Sort Key":["p.created_at DESC","p.id"],"Startup Cost":30.09,"Temp Read Blocks":0,"Temp Written Blocks":0,"Total Cost":266915.18},{"Actual Loops":501,"Actual Rows":1.0,"Actual Startup Time":0.01,"Actual Total Time":0.01,"Async Capable":false,"Disabled":false,"Local Dirtied Blocks":0,"Local Hit Blocks":0,"Local Read Blocks":0,"Local Written Blocks":0,"Node Type":"Limit","Parallel Aware":false,"Parent Relationship":"SubPlan","Plan Rows":1,"Plan Width":46,"Plans":[{"Actual Loops":501,"Actual Rows":1.0,"Actual Startup Time":0.01,"Actual Total Time":0.01,"Async Capable":false,"Disabled":false,"Local Dirtied Blocks":0,"Local Hit Blocks":0,"Local Read Blocks":0,"Local Written Blocks":0,"Node Type":"Sort","Parallel Aware":false,"Parent Relationship":"Outer","Plan Rows":2,"Plan Width":46,"Plans":[{"Actual Loops":501,"Actual Rows":2.0,"Actual Startup Time":0.009,"Actual Total Time":0.009,"Alias":"cm","Async Capable":false,"Disabled":false,"Exact Heap Blocks":534,"Filter":"(organization_id = p.organization_id)","Local Dirtied Blocks":0,"Local Hit Blocks":0,"Local Read Blocks":0,"Local Written Blocks":0,"Lossy Heap Blocks":0,"Node Type":"Bitmap Heap Scan","Parallel Aware":false,"Parent Relationship":"Outer","Plan Rows":2,"Plan Width":46,"Plans":[{"Actual Loops":501,"Actual Rows":2.0,"Actual Startup Time":0.008,"Actual Total Time":0.008,"Async Capable":false,"Disabled":false,"Index Cond":"((person_id = p.id) AND (kind = 'email'::text))","Index Name":"contact_method_person_id_kind_normalized_value_key","Index Searches":501,"Local Dirtied Blocks":0,"Local Hit Blocks":0,"Local Read Blocks":0,"Local Written Blocks":0,"Node Type":"Bitmap Index Scan","Parallel Aware":false,"Parent Relationship":"Outer","Plan Rows":2,"Plan Width":0,"Shared Dirtied Blocks":0,"Shared Hit Blocks":1134,"Shared Read Blocks":369,"Shared Written Blocks":369,"Startup Cost":0.0,"Temp Read Blocks":0,"Temp Written Blocks":0,"Total Cost":4.44}],"Recheck Cond":"((person_id = p.id) AND (kind = 'email'::text))","Relation Name":"contact_method","Rows Removed by Filter":0,"Rows Removed by Index Recheck":0,"Shared Dirtied Blocks":0,"Shared Hit Blocks":1668,"Shared Read Blocks":369,"Shared Written Blocks":369,"Startup Cost":4.44,"Temp Read Blocks":0,"Temp Written Blocks":0,"Total Cost":12.27}],"Shared Dirtied Blocks":0,"Shared Hit Blocks":1668,"Shared Read Blocks":369,"Shared Written Blocks":369,"Sort Key":["cm.import_order","cm.created_at","cm.id"],"Sort Method":"quicksort","Sort Space Type":"Memory","Sort Space Used":25,"Startup Cost":12.28,"Temp Read Blocks":0,"Temp Written Blocks":0,"Total Cost":12.28}],"Shared Dirtied Blocks":0,"Shared Hit Blocks":1668,"Shared Read Blocks":369,"Shared Written Blocks":369,"Startup Cost":12.28,"Subplan Name":"SubPlan 1","Temp Read Blocks":0,"Temp Written Blocks":0,"Total Cost":12.28},{"Actual Loops":501,"Actual Rows":1.0,"Actual Startup Time":0.003,"Actual Total Time":0.003,"Async Capable":false,"Disabled":false,"Local Dirtied Blocks":0,"Local Hit Blocks":0,"Local Read Blocks":0,"Local Written Blocks":0,"Node Type":"Limit","Parallel Aware":false,"Parent Relationship":"SubPlan","Plan Rows":1,"Plan Width":46,"Plans":[{"Actual Loops":501,"Actual Rows":1.0,"Actual Startup Time":0.003,"Actual Total Time":0.003,"Async Capable":false,"Disabled":false,"Local Dirtied Blocks":0,"Local Hit Blocks":0,"Local Read Blocks":0,"Local Written Blocks":0,"Node Type":"Sort","Parallel Aware":false,"Parent Relationship":"Outer","Plan Rows":2,"Plan Width":46,"Plans":[{"Actual Loops":501,"Actual Rows":2.0,"Actual Startup Time":0.001,"Actual Total Time":0.002,"Alias":"cm_1","Async Capable":false,"Disabled":false,"Exact Heap Blocks":501,"Filter":"(organization_id = p.organization_id)","Local Dirtied Blocks":0,"Local Hit Blocks":0,"Local Read Blocks":0,"Local Written Blocks":0,"Lossy Heap Blocks":0,"Node Type":"Bitmap Heap Scan","Parallel Aware":false,"Parent Relationship":"Outer","Plan Rows":2,"Plan Width":46,"Plans":[{"Actual Loops":501,"Actual Rows":2.0,"Actual Startup Time":0.001,"Actual Total Time":0.001,"Async Capable":false,"Disabled":false,"Index Cond":"((person_id = p.id) AND (kind = 'phone'::text))","Index Name":"contact_method_person_id_kind_normalized_value_key","Index Searches":501,"Local Dirtied Blocks":0,"Local Hit Blocks":0,"Local Read Blocks":0,"Local Written Blocks":0,"Node Type":"Bitmap Index Scan","Parallel Aware":false,"Parent Relationship":"Outer","Plan Rows":2,"Plan Width":0,"Shared Dirtied Blocks":0,"Shared Hit Blocks":1503,"Shared Read Blocks":0,"Shared Written Blocks":0,"Startup Cost":0.0,"Temp Read Blocks":0,"Temp Written Blocks":0,"Total Cost":4.44}],"Recheck Cond":"((person_id = p.id) AND (kind = 'phone'::text))","Relation Name":"contact_method","Rows Removed by Filter":0,"Rows Removed by Index Recheck":0,"Shared Dirtied Blocks":0,"Shared Hit Blocks":2004,"Shared Read Blocks":0,"Shared Written Blocks":0,"Startup Cost":4.44,"Temp Read Blocks":0,"Temp Written Blocks":0,"Total Cost":12.27}],"Shared Dirtied Blocks":0,"Shared Hit Blocks":2004,"Shared Read Blocks":0,"Shared Written Blocks":0,"Sort Key":["cm_1.import_order","cm_1.created_at","cm_1.id"],"Sort Method":"quicksort","Sort Space Type":"Memory","Sort Space Used":25,"Startup Cost":12.28,"Temp Read Blocks":0,"Temp Written Blocks":0,"Total Cost":12.28}],"Shared Dirtied Blocks":0,"Shared Hit Blocks":2004,"Shared Read Blocks":0,"Shared Written Blocks":0,"Startup Cost":12.28,"Subplan Name":"SubPlan 2","Temp Read Blocks":0,"Temp Written Blocks":0,"Total Cost":12.28},{"Actual Loops":501,"Actual Rows":1.0,"Actual Startup Time":0.001,"Actual Total Time":0.001,"Async Capable":false,"Disabled":false,"Local Dirtied Blocks":0,"Local Hit Blocks":0,"Local Read Blocks":0,"Local Written Blocks":0,"Node Type":"Aggregate","Parallel Aware":false,"Parent Relationship":"SubPlan","Partial Mode":"Simple","Plan Rows":1,"Plan Width":8,"Plans":[{"Actual Loops":501,"Actual Rows":0.0,"Actual Startup Time":0.0,"Actual Total Time":0.0,"Alias":"i","Async Capable":false,"Disabled":false,"Heap Fetches":0,"Index Cond":"((organization_id = p.organization_id) AND (person_id = p.id))","Index Name":"inquiry_org_person_received_idx","Index Searches":501,"Local Dirtied Blocks":0,"Local Hit Blocks":0,"Local Read Blocks":0,"Local Written Blocks":0,"Node Type":"Index Only Scan","Parallel Aware":false,"Parent Relationship":"Outer","Plan Rows":1,"Plan Width":0,"Relation Name":"inquiry","Rows Removed by Index Recheck":0,"Scan Direction":"Forward","Shared Dirtied Blocks":0,"Shared Hit Blocks":1002,"Shared Read Blocks":0,"Shared Written Blocks":0,"Startup Cost":0.15,"Temp Read Blocks":0,"Temp Written Blocks":0,"Total Cost":8.17}],"Shared Dirtied Blocks":0,"Shared Hit Blocks":1002,"Shared Read Blocks":0,"Shared Written Blocks":0,"Startup Cost":8.17,"Strategy":"Plain","Subplan Name":"SubPlan 3","Temp Read Blocks":0,"Temp Written Blocks":0,"Total Cost":8.18}],"Shared Dirtied Blocks":0,"Shared Hit Blocks":7457,"Shared Read Blocks":374,"Shared Written Blocks":374,"Startup Cost":30.09,"Temp Read Blocks":0,"Temp Written Blocks":0,"Total Cost":676232.04}],"Shared Dirtied Blocks":0,"Shared Hit Blocks":7457,"Shared Read Blocks":374,"Shared Written Blocks":374,"Startup Cost":30.09,"Temp Read Blocks":0,"Temp Written Blocks":0,"Total Cost":27132.27},"Planning":{"Local Dirtied Blocks":0,"Local Hit Blocks":0,"Local Read Blocks":0,"Local Written Blocks":0,"Shared Dirtied Blocks":0,"Shared Hit Blocks":18,"Shared Read Blocks":1,"Shared Written Blocks":1,"Temp Read Blocks":0,"Temp Written Blocks":0},"Planning Time":0.541,"Triggers":[]}],"sql_sha256":"30986a899b1fb0a32f4d92e454c0b1abf9596ce02916bb14e5d932544a0750bc"}
CRM_010C_IMPORT_PLAN {"label":"filtered_people_created_asc","plan":[{"Execution Time":19.418,"Plan":{"Actual Loops":1,"Actual Rows":501.0,"Actual Startup Time":13.76,"Actual Total Time":19.342,"Async Capable":false,"Disabled":false,"Local Dirtied Blocks":0,"Local Hit Blocks":0,"Local Read Blocks":0,"Local Written Blocks":0,"Node Type":"Limit","Parallel Aware":false,"Plan Rows":501,"Plan Width":208,"Plans":[{"Actual Loops":1,"Actual Rows":501.0,"Actual Startup Time":13.759,"Actual Total Time":19.311,"Async Capable":false,"Disabled":false,"Local Dirtied Blocks":0,"Local Hit Blocks":0,"Local Read Blocks":0,"Local Written Blocks":0,"Node Type":"Result","Parallel Aware":false,"Parent Relationship":"Outer","Plan Rows":12500,"Plan Width":208,"Plans":[{"Actual Loops":1,"Actual Rows":501.0,"Actual Startup Time":13.721,"Actual Total Time":14.485,"Async Capable":false,"Disabled":false,"Full-sort Groups":{"Group Count":16,"Sort Methods Used":["quicksort"],"Sort Space Memory":{"Average Sort Space Used":33,"Peak Sort Space Used":33}},"Local Dirtied Blocks":0,"Local Hit Blocks":0,"Local Read Blocks":0,"Local Written Blocks":0,"Node Type":"Incremental Sort","Parallel Aware":false,"Parent Relationship":"Outer","Plan Rows":12500,"Plan Width":152,"Plans":[{"Actual Loops":1,"Actual Rows":502.0,"Actual Startup Time":13.649,"Actual Total Time":14.38,"Async Capable":false,"Disabled":false,"Inner Unique":false,"Join Type":"Left","Local Dirtied Blocks":0,"Local Hit Blocks":0,"Local Read Blocks":0,"Local Written Blocks":0,"Node Type":"Nested Loop","Parallel Aware":false,"Parent Relationship":"Outer","Plan Rows":12500,"Plan Width":152,"Plans":[{"Actual Loops":1,"Actual Rows":502.0,"Actual Startup Time":13.637,"Actual Total Time":14.056,"Async Capable":false,"Disabled":false,"Inner Unique":true,"Join Type":"Left","Local Dirtied Blocks":0,"Local Hit Blocks":0,"Local Read Blocks":0,"Local Written Blocks":0,"Node Type":"Nested Loop","Parallel Aware":false,"Parent Relationship":"Outer","Plan Rows":12500,"Plan Width":152,"Plans":[{"Actual Loops":1,"Actual Rows":502.0,"Actual Startup Time":13.627,"Actual Total Time":13.899,"Async Capable":false,"Disabled":false,"Inner Unique":true,"Join Type":"Inner","Local Dirtied Blocks":0,"Local Hit Blocks":0,"Local Read Blocks":0,"Local Written Blocks":0,"Node Type":"Nested Loop","Parallel Aware":false,"Parent Relationship":"Outer","Plan Rows":12500,"Plan Width":133,"Plans":[{"Actual Loops":1,"Actual Rows":502.0,"Actual Startup Time":13.608,"Actual Total Time":13.761,"Alias":"p","Async Capable":false,"Disabled":false,"Filter":"((stage_id = ANY ('{75986d85-40b7-4a3c-bd0b-fa0b70f0e0f2}'::uuid[])) AND (ANY ((id = (hashed SubPlan 5).col1) AND (organization_id = (hashed SubPlan 5).col2))))","Index Cond":"(organization_id = '96a418fd-9fe7-4af9-bd4a-8b46f7e9d6bc'::uuid)","Index Name":"person_organization_created_idx","Index Searches":1,"Local Dirtied Blocks":0,"Local Hit Blocks":0,"Local Read Blocks":0,"Local Written Blocks":0,"Node Type":"Index Scan","Parallel Aware":false,"Parent Relationship":"Outer","Plan Rows":12500,"Plan Width":101,"Plans":[{"Actual Loops":1,"Actual Rows":50000.0,"Actual Startup Time":0.006,"Actual Total Time":6.696,"Alias":"cm3","Async Capable":false,"Disabled":false,"Filter":"(kind = 'phone'::text)","Local Dirtied Blocks":0,"Local Hit Blocks":0,"Local Read Blocks":0,"Local Written Blocks":0,"Node Type":"Seq Scan","Parallel Aware":false,"Parent Relationship":"SubPlan","Plan Rows":49930,"Plan Width":32,"Relation Name":"contact_method","Rows Removed by Filter":50000,"Shared Dirtied Blocks":0,"Shared Hit Blocks":1667,"Shared Read Blocks":0,"Shared Written Blocks":0,"Startup Cost":0.0,"Subplan Name":"SubPlan 5","Temp Read Blocks":0,"Temp Written Blocks":0,"Total Cost":2917.0}],"Relation Name":"person","Rows Removed by Filter":0,"Rows Removed by Index Recheck":0,"Scan Direction":"Forward","Shared Dirtied Blocks":0,"Shared Hit Blocks":1677,"Shared Read Blocks":3,"Shared Written Blocks":1,"Startup Cost":0.29,"Temp Read Blocks":0,"Temp Written Blocks":0,"Total Cost":162973.07},{"Actual Loops":502,"Actual Rows":1.0,"Actual Startup Time":0.0,"Actual Total Time":0.0,"Async Capable":false,"Cache Evictions":0,"Cache Hits":501,"Cache Key":"p.stage_id","Cache Misses":1,"Cache Mode":"logical","Cache Overflows":0,"Disabled":false,"Local Dirtied Blocks":0,"Local Hit Blocks":0,"Local Read Blocks":0,"Local Written Blocks":0,"Node Type":"Memoize","Parallel Aware":false,"Parent Relationship":"Inner","Peak Memory Usage":1,"Plan Rows":1,"Plan Width":48,"Plans":[{"Actual Loops":1,"Actual Rows":1.0,"Actual Startup Time":0.014,"Actual Total Time":0.014,"Alias":"s","Async Capable":false,"Disabled":false,"Index Cond":"(id = p.stage_id)","Index Name":"stage_id_organization_id_key","Index Searches":1,"Local Dirtied Blocks":0,"Local Hit Blocks":0,"Local Read Blocks":0,"Local Written Blocks":0,"Node Type":"Index Scan","Parallel Aware":false,"Parent Relationship":"Outer","Plan Rows":1,"Plan Width":48,"Relation Name":"stage","Rows Removed by Index Recheck":0,"Scan Direction":"Forward","Shared Dirtied Blocks":0,"Shared Hit Blocks":2,"Shared Read Blocks":0,"Shared Written Blocks":0,"Startup Cost":0.15,"Temp Read Blocks":0,"Temp Written Blocks":0,"Total Cost":0.17}],"Shared Dirtied Blocks":0,"Shared Hit Blocks":2,"Shared Read Blocks":0,"Shared Written Blocks":0,"Startup Cost":0.16,"Temp Read Blocks":0,"Temp Written Blocks":0,"Total Cost":0.18}],"Shared Dirtied Blocks":0,"Shared Hit Blocks":1679,"Shared Read Blocks":3,"Shared Written Blocks":1,"Startup Cost":0.45,"Temp Read Blocks":0,"Temp Written Blocks":0,"Total Cost":163285.65},{"Actual Loops":502,"Actual Rows":1.0,"Actual Startup Time":0.0,"Actual Total Time":0.0,"Async Capable":false,"Cache Evictions":0,"Cache Hits":452,"Cache Key":"p.assigned_user_id","Cache Misses":50,"Cache Mode":"logical","Cache Overflows":0,"Disabled":false,"Local Dirtied Blocks":0,"Local Hit Blocks":0,"Local Read Blocks":0,"Local Written Blocks":0,"Node Type":"Memoize","Parallel Aware":false,"Parent Relationship":"Inner","Peak Memory Usage":8,"Plan Rows":1,"Plan Width":35,"Plans":[{"Actual Loops":50,"Actual Rows":1.0,"Actual Startup Time":0.001,"Actual Total Time":0.001,"Alias":"u","Async Capable":false,"Disabled":false,"Index Cond":"(id = p.assigned_user_id)","Index Name":"app_user_pkey","Index Searches":50,"Local Dirtied Blocks":0,"Local Hit Blocks":0,"Local Read Blocks":0,"Local Written Blocks":0,"Node Type":"Index Scan","Parallel Aware":false,"Parent Relationship":"Outer","Plan Rows":1,"Plan Width":35,"Relation Name":"app_user","Rows Removed by Index Recheck":0,"Scan Direction":"Forward","Shared Dirtied Blocks":0,"Shared Hit Blocks":100,"Shared Read Blocks":0,"Shared Written Blocks":0,"Startup Cost":0.14,"Temp Read Blocks":0,"Temp Written Blocks":0,"Total Cost":0.16}],"Shared Dirtied Blocks":0,"Shared Hit Blocks":100,"Shared Read Blocks":0,"Shared Written Blocks":0,"Startup Cost":0.15,"Temp Read Blocks":0,"Temp Written Blocks":0,"Total Cost":0.17}],"Shared Dirtied Blocks":0,"Shared Hit Blocks":1779,"Shared Read Blocks":3,"Shared Written Blocks":1,"Startup Cost":0.6,"Temp Read Blocks":0,"Temp Written Blocks":0,"Total Cost":163602.68},{"Actual Loops":502,"Actual Rows":0.0,"Actual Startup Time":0.0,"Actual Total Time":0.0,"Async Capable":false,"Disabled":false,"Local Dirtied Blocks":0,"Local Hit Blocks":0,"Local Read Blocks":0,"Local Written Blocks":0,"Node Type":"Limit","Parallel Aware":false,"Parent Relationship":"Inner","Plan Rows":1,"Plan Width":56,"Plans":[{"Actual Loops":502,"Actual Rows":0.0,"Actual Startup Time":0.0,"Actual Total Time":0.0,"Async Capable":false,"Disabled":false,"Full-sort Groups":{"Group Count":502,"Sort Methods Used":["quicksort"],"Sort Space Memory":{"Average Sort Space Used":25,"Peak Sort Space Used":25}},"Local Dirtied Blocks":0,"Local Hit Blocks":0,"Local Read Blocks":0,"Local Written Blocks":0,"Node Type":"Incremental Sort","Parallel Aware":false,"Parent Relationship":"Outer","Plan Rows":2,"Plan Width":56,"Plans":[{"Actual Loops":502,"Actual Rows":0.0,"Actual Startup Time":0.0,"Actual Total Time":0.0,"Alias":"i2","Async Capable":false,"Disabled":false,"Index Cond":"((organization_id = p.organization_id) AND (person_id = p.id))","Index Name":"inquiry_org_person_received_idx","Index Searches":502,"Local Dirtied Blocks":0,"Local Hit Blocks":0,"Local Read Blocks":0,"Local Written Blocks":0,"Node Type":"Index Scan","Parallel Aware":false,"Parent Relationship":"Outer","Plan Rows":1,"Plan Width":56,"Relation Name":"inquiry","Rows Removed by Index Recheck":0,"Scan Direction":"Backward","Shared Dirtied Blocks":0,"Shared Hit Blocks":1004,"Shared Read Blocks":0,"Shared Written Blocks":0,"Startup Cost":0.15,"Temp Read Blocks":0,"Temp Written Blocks":0,"Total Cost":8.17}],"Presorted Key":["i2.received_at"],"Shared Dirtied Blocks":0,"Shared Hit Blocks":1004,"Shared Read Blocks":0,"Shared Written Blocks":0,"Sort Key":["i2.received_at DESC","i2.id DESC"],"Startup Cost":8.18,"Temp Read Blocks":0,"Temp Written Blocks":0,"Total Cost":8.22}],"Shared Dirtied Blocks":0,"Shared Hit Blocks":1004,"Shared Read Blocks":0,"Shared Written Blocks":0,"Startup Cost":8.18,"Temp Read Blocks":0,"Temp Written Blocks":0,"Total Cost":8.2}],"Shared Dirtied Blocks":0,"Shared Hit Blocks":2783,"Shared Read Blocks":3,"Shared Written Blocks":1,"Startup Cost":8.78,"Temp Read Blocks":0,"Temp Written Blocks":0,"Total Cost":266352.68}],"Presorted Key":["p.created_at"],"Shared Dirtied Blocks":0,"Shared Hit Blocks":2783,"Shared Read Blocks":3,"Shared Written Blocks":1,"Sort Key":["p.created_at","p.id"],"Startup Cost":30.09,"Temp Read Blocks":0,"Temp Written Blocks":0,"Total Cost":266915.18},{"Actual Loops":501,"Actual Rows":1.0,"Actual Startup Time":0.006,"Actual Total Time":0.006,"Async Capable":false,"Disabled":false,"Local Dirtied Blocks":0,"Local Hit Blocks":0,"Local Read Blocks":0,"Local Written Blocks":0,"Node Type":"Limit","Parallel Aware":false,"Parent Relationship":"SubPlan","Plan Rows":1,"Plan Width":46,"Plans":[{"Actual Loops":501,"Actual Rows":1.0,"Actual Startup Time":0.006,"Actual Total Time":0.006,"Async Capable":false,"Disabled":false,"Local Dirtied Blocks":0,"Local Hit Blocks":0,"Local Read Blocks":0,"Local Written Blocks":0,"Node Type":"Sort","Parallel Aware":false,"Parent Relationship":"Outer","Plan Rows":2,"Plan Width":46,"Plans":[{"Actual Loops":501,"Actual Rows":2.0,"Actual Startup Time":0.005,"Actual Total Time":0.005,"Alias":"cm","Async Capable":false,"Disabled":false,"Exact Heap Blocks":530,"Filter":"(organization_id = p.organization_id)","Local Dirtied Blocks":0,"Local Hit Blocks":0,"Local Read Blocks":0,"Local Written Blocks":0,"Lossy Heap Blocks":0,"Node Type":"Bitmap Heap Scan","Parallel Aware":false,"Parent Relationship":"Outer","Plan Rows":2,"Plan Width":46,"Plans":[{"Actual Loops":501,"Actual Rows":2.0,"Actual Startup Time":0.004,"Actual Total Time":0.004,"Async Capable":false,"Disabled":false,"Index Cond":"((person_id = p.id) AND (kind = 'email'::text))","Index Name":"contact_method_person_id_kind_normalized_value_key","Index Searches":501,"Local Dirtied Blocks":0,"Local Hit Blocks":0,"Local Read Blocks":0,"Local Written Blocks":0,"Node Type":"Bitmap Index Scan","Parallel Aware":false,"Parent Relationship":"Outer","Plan Rows":2,"Plan Width":0,"Shared Dirtied Blocks":0,"Shared Hit Blocks":1286,"Shared Read Blocks":217,"Shared Written Blocks":119,"Startup Cost":0.0,"Temp Read Blocks":0,"Temp Written Blocks":0,"Total Cost":4.44}],"Recheck Cond":"((person_id = p.id) AND (kind = 'email'::text))","Relation Name":"contact_method","Rows Removed by Filter":0,"Rows Removed by Index Recheck":0,"Shared Dirtied Blocks":0,"Shared Hit Blocks":1816,"Shared Read Blocks":217,"Shared Written Blocks":119,"Startup Cost":4.44,"Temp Read Blocks":0,"Temp Written Blocks":0,"Total Cost":12.27}],"Shared Dirtied Blocks":0,"Shared Hit Blocks":1816,"Shared Read Blocks":217,"Shared Written Blocks":119,"Sort Key":["cm.import_order","cm.created_at","cm.id"],"Sort Method":"quicksort","Sort Space Type":"Memory","Sort Space Used":25,"Startup Cost":12.28,"Temp Read Blocks":0,"Temp Written Blocks":0,"Total Cost":12.28}],"Shared Dirtied Blocks":0,"Shared Hit Blocks":1816,"Shared Read Blocks":217,"Shared Written Blocks":119,"Startup Cost":12.28,"Subplan Name":"SubPlan 1","Temp Read Blocks":0,"Temp Written Blocks":0,"Total Cost":12.28},{"Actual Loops":501,"Actual Rows":1.0,"Actual Startup Time":0.002,"Actual Total Time":0.002,"Async Capable":false,"Disabled":false,"Local Dirtied Blocks":0,"Local Hit Blocks":0,"Local Read Blocks":0,"Local Written Blocks":0,"Node Type":"Limit","Parallel Aware":false,"Parent Relationship":"SubPlan","Plan Rows":1,"Plan Width":46,"Plans":[{"Actual Loops":501,"Actual Rows":1.0,"Actual Startup Time":0.002,"Actual Total Time":0.002,"Async Capable":false,"Disabled":false,"Local Dirtied Blocks":0,"Local Hit Blocks":0,"Local Read Blocks":0,"Local Written Blocks":0,"Node Type":"Sort","Parallel Aware":false,"Parent Relationship":"Outer","Plan Rows":2,"Plan Width":46,"Plans":[{"Actual Loops":501,"Actual Rows":2.0,"Actual Startup Time":0.001,"Actual Total Time":0.001,"Alias":"cm_1","Async Capable":false,"Disabled":false,"Exact Heap Blocks":501,"Filter":"(organization_id = p.organization_id)","Local Dirtied Blocks":0,"Local Hit Blocks":0,"Local Read Blocks":0,"Local Written Blocks":0,"Lossy Heap Blocks":0,"Node Type":"Bitmap Heap Scan","Parallel Aware":false,"Parent Relationship":"Outer","Plan Rows":2,"Plan Width":46,"Plans":[{"Actual Loops":501,"Actual Rows":2.0,"Actual Startup Time":0.001,"Actual Total Time":0.001,"Async Capable":false,"Disabled":false,"Index Cond":"((person_id = p.id) AND (kind = 'phone'::text))","Index Name":"contact_method_person_id_kind_normalized_value_key","Index Searches":501,"Local Dirtied Blocks":0,"Local Hit Blocks":0,"Local Read Blocks":0,"Local Written Blocks":0,"Node Type":"Bitmap Index Scan","Parallel Aware":false,"Parent Relationship":"Outer","Plan Rows":2,"Plan Width":0,"Shared Dirtied Blocks":0,"Shared Hit Blocks":1503,"Shared Read Blocks":0,"Shared Written Blocks":0,"Startup Cost":0.0,"Temp Read Blocks":0,"Temp Written Blocks":0,"Total Cost":4.44}],"Recheck Cond":"((person_id = p.id) AND (kind = 'phone'::text))","Relation Name":"contact_method","Rows Removed by Filter":0,"Rows Removed by Index Recheck":0,"Shared Dirtied Blocks":0,"Shared Hit Blocks":2004,"Shared Read Blocks":0,"Shared Written Blocks":0,"Startup Cost":4.44,"Temp Read Blocks":0,"Temp Written Blocks":0,"Total Cost":12.27}],"Shared Dirtied Blocks":0,"Shared Hit Blocks":2004,"Shared Read Blocks":0,"Shared Written Blocks":0,"Sort Key":["cm_1.import_order","cm_1.created_at","cm_1.id"],"Sort Method":"quicksort","Sort Space Type":"Memory","Sort Space Used":25,"Startup Cost":12.28,"Temp Read Blocks":0,"Temp Written Blocks":0,"Total Cost":12.28}],"Shared Dirtied Blocks":0,"Shared Hit Blocks":2004,"Shared Read Blocks":0,"Shared Written Blocks":0,"Startup Cost":12.28,"Subplan Name":"SubPlan 2","Temp Read Blocks":0,"Temp Written Blocks":0,"Total Cost":12.28},{"Actual Loops":501,"Actual Rows":1.0,"Actual Startup Time":0.0,"Actual Total Time":0.0,"Async Capable":false,"Disabled":false,"Local Dirtied Blocks":0,"Local Hit Blocks":0,"Local Read Blocks":0,"Local Written Blocks":0,"Node Type":"Aggregate","Parallel Aware":false,"Parent Relationship":"SubPlan","Partial Mode":"Simple","Plan Rows":1,"Plan Width":8,"Plans":[{"Actual Loops":501,"Actual Rows":0.0,"Actual Startup Time":0.0,"Actual Total Time":0.0,"Alias":"i","Async Capable":false,"Disabled":false,"Heap Fetches":0,"Index Cond":"((organization_id = p.organization_id) AND (person_id = p.id))","Index Name":"inquiry_org_person_received_idx","Index Searches":501,"Local Dirtied Blocks":0,"Local Hit Blocks":0,"Local Read Blocks":0,"Local Written Blocks":0,"Node Type":"Index Only Scan","Parallel Aware":false,"Parent Relationship":"Outer","Plan Rows":1,"Plan Width":0,"Relation Name":"inquiry","Rows Removed by Index Recheck":0,"Scan Direction":"Forward","Shared Dirtied Blocks":0,"Shared Hit Blocks":1002,"Shared Read Blocks":0,"Shared Written Blocks":0,"Startup Cost":0.15,"Temp Read Blocks":0,"Temp Written Blocks":0,"Total Cost":8.17}],"Shared Dirtied Blocks":0,"Shared Hit Blocks":1002,"Shared Read Blocks":0,"Shared Written Blocks":0,"Startup Cost":8.17,"Strategy":"Plain","Subplan Name":"SubPlan 3","Temp Read Blocks":0,"Temp Written Blocks":0,"Total Cost":8.18}],"Shared Dirtied Blocks":0,"Shared Hit Blocks":7605,"Shared Read Blocks":220,"Shared Written Blocks":120,"Startup Cost":30.09,"Temp Read Blocks":0,"Temp Written Blocks":0,"Total Cost":676232.04}],"Shared Dirtied Blocks":0,"Shared Hit Blocks":7605,"Shared Read Blocks":220,"Shared Written Blocks":120,"Startup Cost":30.09,"Temp Read Blocks":0,"Temp Written Blocks":0,"Total Cost":27132.27},"Planning":{"Local Dirtied Blocks":0,"Local Hit Blocks":0,"Local Read Blocks":0,"Local Written Blocks":0,"Shared Dirtied Blocks":0,"Shared Hit Blocks":10,"Shared Read Blocks":0,"Shared Written Blocks":0,"Temp Read Blocks":0,"Temp Written Blocks":0},"Planning Time":0.387,"Triggers":[]}],"sql_sha256":"86f2df85e71a35a74ef2cb0347f3d5e6cb97e7b2fdf0cc171fe71bc71b635859"}
CRM_010C_IMPORT_PLAN {"label":"filtered_people_name_asc","plan":[{"Execution Time":85.693,"JIT":{"Functions":70,"Options":{"Deforming":true,"Expressions":true,"Inlining":false,"Optimization":false},"Timing":{"Emission":15.203,"Generation":{"Deform":0.519,"Total":1.293},"Inlining":0.0,"Optimization":0.668,"Total":17.163}},"Plan":{"Actual Loops":1,"Actual Rows":501.0,"Actual Startup Time":80.544,"Actual Total Time":84.34,"Async Capable":false,"Disabled":false,"Local Dirtied Blocks":0,"Local Hit Blocks":0,"Local Read Blocks":0,"Local Written Blocks":0,"Node Type":"Limit","Parallel Aware":false,"Plan Rows":501,"Plan Width":208,"Plans":[{"Actual Loops":1,"Actual Rows":501.0,"Actual Startup Time":65.909,"Actual Total Time":69.678,"Async Capable":false,"Disabled":false,"Local Dirtied Blocks":0,"Local Hit Blocks":0,"Local Read Blocks":0,"Local Written Blocks":0,"Node Type":"Result","Parallel Aware":false,"Parent Relationship":"Outer","Plan Rows":12500,"Plan Width":208,"Plans":[{"Actual Loops":1,"Actual Rows":501.0,"Actual Startup Time":65.818,"Actual Total Time":65.84,"Async Capable":false,"Disabled":false,"Local Dirtied Blocks":0,"Local Hit Blocks":0,"Local Read Blocks":0,"Local Written Blocks":0,"Node Type":"Sort","Parallel Aware":false,"Parent Relationship":"Outer","Plan Rows":12500,"Plan Width":152,"Plans":[{"Actual Loops":1,"Actual Rows":25000.0,"Actual Startup Time":19.753,"Actual Total Time":58.555,"Async Capable":false,"Disabled":false,"Inner Unique":false,"Join Type":"Left","Local Dirtied Blocks":0,"Local Hit Blocks":0,"Local Read Blocks":0,"Local Written Blocks":0,"Node Type":"Nested Loop","Parallel Aware":false,"Parent Relationship":"Outer","Plan Rows":12500,"Plan Width":152,"Plans":[{"Actual Loops":1,"Actual Rows":25000.0,"Actual Startup Time":19.738,"Actual Total Time":41.646,"Async Capable":false,"Disabled":false,"Inner Unique":true,"Join Type":"Left","Local Dirtied Blocks":0,"Local Hit Blocks":0,"Local Read Blocks":0,"Local Written Blocks":0,"Node Type":"Nested Loop","Parallel Aware":false,"Parent Relationship":"Outer","Plan Rows":12500,"Plan Width":152,"Plans":[{"Actual Loops":1,"Actual Rows":25000.0,"Actual Startup Time":19.728,"Actual Total Time":34.847,"Async Capable":false,"Disabled":false,"Inner Unique":true,"Join Type":"Inner","Local Dirtied Blocks":0,"Local Hit Blocks":0,"Local Read Blocks":0,"Local Written Blocks":0,"Node Type":"Nested Loop","Parallel Aware":false,"Parent Relationship":"Outer","Plan Rows":12500,"Plan Width":133,"Plans":[{"Actual Loops":1,"Actual Rows":25000.0,"Actual Startup Time":19.707,"Actual Total Time":28.009,"Alias":"p","Async Capable":false,"Disabled":false,"Filter":"((stage_id = ANY ('{75986d85-40b7-4a3c-bd0b-fa0b70f0e0f2}'::uuid[])) AND (organization_id = '96a418fd-9fe7-4af9-bd4a-8b46f7e9d6bc'::uuid) AND (ANY ((id = (hashed SubPlan 5).col1) AND (organization_id = (hashed SubPlan 5).col2))))","Local Dirtied Blocks":0,"Local Hit Blocks":0,"Local Read Blocks":0,"Local Written Blocks":0,"Node Type":"Seq Scan","Parallel Aware":false,"Parent Relationship":"Outer","Plan Rows":12500,"Plan Width":101,"Plans":[{"Actual Loops":1,"Actual Rows":50000.0,"Actual Startup Time":0.095,"Actual Total Time":9.858,"Alias":"cm3","Async Capable":false,"Disabled":false,"Filter":"(kind = 'phone'::text)","Local Dirtied Blocks":0,"Local Hit Blocks":0,"Local Read Blocks":0,"Local Written Blocks":0,"Node Type":"Seq Scan","Parallel Aware":false,"Parent Relationship":"SubPlan","Plan Rows":49930,"Plan Width":32,"Relation Name":"contact_method","Rows Removed by Filter":50000,"Shared Dirtied Blocks":0,"Shared Hit Blocks":1667,"Shared Read Blocks":0,"Shared Written Blocks":0,"Startup Cost":0.0,"Subplan Name":"SubPlan 5","Temp Read Blocks":0,"Temp Written Blocks":0,"Total Cost":2917.0}],"Relation Name":"person","Rows Removed by Filter":0,"Shared Dirtied Blocks":0,"Shared Hit Blocks":2099,"Shared Read Blocks":0,"Shared Written Blocks":0,"Startup Cost":0.0,"Temp Read Blocks":0,"Temp Written Blocks":0,"Total Cost":161775.09},{"Actual Loops":25000,"Actual Rows":1.0,"Actual Startup Time":0.0,"Actual Total Time":0.0,"Async Capable":false,"Cache Evictions":0,"Cache Hits":24999,"Cache Key":"p.stage_id","Cache Misses":1,"Cache Mode":"logical","Cache Overflows":0,"Disabled":false,"Local Dirtied Blocks":0,"Local Hit Blocks":0,"Local Read Blocks":0,"Local Written Blocks":0,"Node Type":"Memoize","Parallel Aware":false,"Parent Relationship":"Inner","Peak Memory Usage":1,"Plan Rows":1,"Plan Width":48,"Plans":[{"Actual Loops":1,"Actual Rows":1.0,"Actual Startup Time":0.012,"Actual Total Time":0.012,"Alias":"s","Async Capable":false,"Disabled":false,"Index Cond":"(id = p.stage_id)","Index Name":"stage_id_organization_id_key","Index Searches":1,"Local Dirtied Blocks":0,"Local Hit Blocks":0,"Local Read Blocks":0,"Local Written Blocks":0,"Node Type":"Index Scan","Parallel Aware":false,"Parent Relationship":"Outer","Plan Rows":1,"Plan Width":48,"Relation Name":"stage","Rows Removed by Index Recheck":0,"Scan Direction":"Forward","Shared Dirtied Blocks":0,"Shared Hit Blocks":2,"Shared Read Blocks":0,"Shared Written Blocks":0,"Startup Cost":0.15,"Temp Read Blocks":0,"Temp Written Blocks":0,"Total Cost":0.17}],"Shared Dirtied Blocks":0,"Shared Hit Blocks":2,"Shared Read Blocks":0,"Shared Written Blocks":0,"Startup Cost":0.16,"Temp Read Blocks":0,"Temp Written Blocks":0,"Total Cost":0.18}],"Shared Dirtied Blocks":0,"Shared Hit Blocks":2101,"Shared Read Blocks":0,"Shared Written Blocks":0,"Startup Cost":0.16,"Temp Read Blocks":0,"Temp Written Blocks":0,"Total Cost":162087.68},{"Actual Loops":25000,"Actual Rows":1.0,"Actual Startup Time":0.0,"Actual Total Time":0.0,"Async Capable":false,"Cache Evictions":0,"Cache Hits":24950,"Cache Key":"p.assigned_user_id","Cache Misses":50,"Cache Mode":"logical","Cache Overflows":0,"Disabled":false,"Local Dirtied Blocks":0,"Local Hit Blocks":0,"Local Read Blocks":0,"Local Written Blocks":0,"Node Type":"Memoize","Parallel Aware":false,"Parent Relationship":"Inner","Peak Memory Usage":8,"Plan Rows":1,"Plan Width":35,"Plans":[{"Actual Loops":50,"Actual Rows":1.0,"Actual Startup Time":0.0,"Actual Total Time":0.0,"Alias":"u","Async Capable":false,"Disabled":false,"Index Cond":"(id = p.assigned_user_id)","Index Name":"app_user_pkey","Index Searches":50,"Local Dirtied Blocks":0,"Local Hit Blocks":0,"Local Read Blocks":0,"Local Written Blocks":0,"Node Type":"Index Scan","Parallel Aware":false,"Parent Relationship":"Outer","Plan Rows":1,"Plan Width":35,"Relation Name":"app_user","Rows Removed by Index Recheck":0,"Scan Direction":"Forward","Shared Dirtied Blocks":0,"Shared Hit Blocks":100,"Shared Read Blocks":0,"Shared Written Blocks":0,"Startup Cost":0.14,"Temp Read Blocks":0,"Temp Written Blocks":0,"Total Cost":0.16}],"Shared Dirtied Blocks":0,"Shared Hit Blocks":100,"Shared Read Blocks":0,"Shared Written Blocks":0,"Startup Cost":0.15,"Temp Read Blocks":0,"Temp Written Blocks":0,"Total Cost":0.17}],"Shared Dirtied Blocks":0,"Shared Hit Blocks":2201,"Shared Read Blocks":0,"Shared Written Blocks":0,"Startup Cost":0.31,"Temp Read Blocks":0,"Temp Written Blocks":0,"Total Cost":162404.7},{"Actual Loops":25000,"Actual Rows":0.0,"Actual Startup Time":0.001,"Actual Total Time":0.001,"Async Capable":false,"Disabled":false,"Local Dirtied Blocks":0,"Local Hit Blocks":0,"Local Read Blocks":0,"Local Written Blocks":0,"Node Type":"Limit","Parallel Aware":false,"Parent Relationship":"Inner","Plan Rows":1,"Plan Width":56,"Plans":[{"Actual Loops":25000,"Actual Rows":0.0,"Actual Startup Time":0.0,"Actual Total Time":0.0,"Async Capable":false,"Disabled":false,"Full-sort Groups":{"Group Count":25000,"Sort Methods Used":["quicksort"],"Sort Space Memory":{"Average Sort Space Used":25,"Peak Sort Space Used":25}},"Local Dirtied Blocks":0,"Local Hit Blocks":0,"Local Read Blocks":0,"Local Written Blocks":0,"Node Type":"Incremental Sort","Parallel Aware":false,"Parent Relationship":"Outer","Plan Rows":2,"Plan Width":56,"Plans":[{"Actual Loops":25000,"Actual Rows":0.0,"Actual Startup Time":0.0,"Actual Total Time":0.0,"Alias":"i2","Async Capable":false,"Disabled":false,"Index Cond":"((organization_id = p.organization_id) AND (person_id = p.id))","Index Name":"inquiry_org_person_received_idx","Index Searches":25000,"Local Dirtied Blocks":0,"Local Hit Blocks":0,"Local Read Blocks":0,"Local Written Blocks":0,"Node Type":"Index Scan","Parallel Aware":false,"Parent Relationship":"Outer","Plan Rows":1,"Plan Width":56,"Relation Name":"inquiry","Rows Removed by Index Recheck":0,"Scan Direction":"Backward","Shared Dirtied Blocks":0,"Shared Hit Blocks":50000,"Shared Read Blocks":0,"Shared Written Blocks":0,"Startup Cost":0.15,"Temp Read Blocks":0,"Temp Written Blocks":0,"Total Cost":8.17}],"Presorted Key":["i2.received_at"],"Shared Dirtied Blocks":0,"Shared Hit Blocks":50000,"Shared Read Blocks":0,"Shared Written Blocks":0,"Sort Key":["i2.received_at DESC","i2.id DESC"],"Startup Cost":8.18,"Temp Read Blocks":0,"Temp Written Blocks":0,"Total Cost":8.22}],"Shared Dirtied Blocks":0,"Shared Hit Blocks":50000,"Shared Read Blocks":0,"Shared Written Blocks":0,"Startup Cost":8.18,"Temp Read Blocks":0,"Temp Written Blocks":0,"Total Cost":8.2}],"Shared Dirtied Blocks":0,"Shared Hit Blocks":52201,"Shared Read Blocks":0,"Shared Written Blocks":0,"Startup Cost":8.49,"Temp Read Blocks":0,"Temp Written Blocks":0,"Total Cost":265154.7}],"Shared Dirtied Blocks":0,"Shared Hit Blocks":52201,"Shared Read Blocks":0,"Shared Written Blocks":0,"Sort Key":["p.last_name","p.first_name","p.created_at DESC","p.id"],"Sort Method":"top-N heapsort","Sort Space Type":"Memory","Sort Space Used":154,"Startup Cost":265777.74,"Temp Read Blocks":0,"Temp Written Blocks":0,"Total Cost":265808.99},{"Actual Loops":501,"Actual Rows":1.0,"Actual Startup Time":0.004,"Actual Total Time":0.004,"Async Capable":false,"Disabled":false,"Local Dirtied Blocks":0,"Local Hit Blocks":0,"Local Read Blocks":0,"Local Written Blocks":0,"Node Type":"Limit","Parallel Aware":false,"Parent Relationship":"SubPlan","Plan Rows":1,"Plan Width":46,"Plans":[{"Actual Loops":501,"Actual Rows":1.0,"Actual Startup Time":0.004,"Actual Total Time":0.004,"Async Capable":false,"Disabled":false,"Local Dirtied Blocks":0,"Local Hit Blocks":0,"Local Read Blocks":0,"Local Written Blocks":0,"Node Type":"Sort","Parallel Aware":false,"Parent Relationship":"Outer","Plan Rows":2,"Plan Width":46,"Plans":[{"Actual Loops":501,"Actual Rows":2.0,"Actual Startup Time":0.003,"Actual Total Time":0.003,"Alias":"cm","Async Capable":false,"Disabled":false,"Exact Heap Blocks":530,"Filter":"(organization_id = p.organization_id)","Local Dirtied Blocks":0,"Local Hit Blocks":0,"Local Read Blocks":0,"Local Written Blocks":0,"Lossy Heap Blocks":0,"Node Type":"Bitmap Heap Scan","Parallel Aware":false,"Parent Relationship":"Outer","Plan Rows":2,"Plan Width":46,"Plans":[{"Actual Loops":501,"Actual Rows":2.0,"Actual Startup Time":0.002,"Actual Total Time":0.002,"Async Capable":false,"Disabled":false,"Index Cond":"((person_id = p.id) AND (kind = 'email'::text))","Index Name":"contact_method_person_id_kind_normalized_value_key","Index Searches":501,"Local Dirtied Blocks":0,"Local Hit Blocks":0,"Local Read Blocks":0,"Local Written Blocks":0,"Node Type":"Bitmap Index Scan","Parallel Aware":false,"Parent Relationship":"Outer","Plan Rows":2,"Plan Width":0,"Shared Dirtied Blocks":0,"Shared Hit Blocks":1503,"Shared Read Blocks":0,"Shared Written Blocks":0,"Startup Cost":0.0,"Temp Read Blocks":0,"Temp Written Blocks":0,"Total Cost":4.44}],"Recheck Cond":"((person_id = p.id) AND (kind = 'email'::text))","Relation Name":"contact_method","Rows Removed by Filter":0,"Rows Removed by Index Recheck":0,"Shared Dirtied Blocks":0,"Shared Hit Blocks":2033,"Shared Read Blocks":0,"Shared Written Blocks":0,"Startup Cost":4.44,"Temp Read Blocks":0,"Temp Written Blocks":0,"Total Cost":12.27}],"Shared Dirtied Blocks":0,"Shared Hit Blocks":2033,"Shared Read Blocks":0,"Shared Written Blocks":0,"Sort Key":["cm.import_order","cm.created_at","cm.id"],"Sort Method":"quicksort","Sort Space Type":"Memory","Sort Space Used":25,"Startup Cost":12.28,"Temp Read Blocks":0,"Temp Written Blocks":0,"Total Cost":12.28}],"Shared Dirtied Blocks":0,"Shared Hit Blocks":2033,"Shared Read Blocks":0,"Shared Written Blocks":0,"Startup Cost":12.28,"Subplan Name":"SubPlan 1","Temp Read Blocks":0,"Temp Written Blocks":0,"Total Cost":12.28},{"Actual Loops":501,"Actual Rows":1.0,"Actual Startup Time":0.003,"Actual Total Time":0.003,"Async Capable":false,"Disabled":false,"Local Dirtied Blocks":0,"Local Hit Blocks":0,"Local Read Blocks":0,"Local Written Blocks":0,"Node Type":"Limit","Parallel Aware":false,"Parent Relationship":"SubPlan","Plan Rows":1,"Plan Width":46,"Plans":[{"Actual Loops":501,"Actual Rows":1.0,"Actual Startup Time":0.002,"Actual Total Time":0.002,"Async Capable":false,"Disabled":false,"Local Dirtied Blocks":0,"Local Hit Blocks":0,"Local Read Blocks":0,"Local Written Blocks":0,"Node Type":"Sort","Parallel Aware":false,"Parent Relationship":"Outer","Plan Rows":2,"Plan Width":46,"Plans":[{"Actual Loops":501,"Actual Rows":2.0,"Actual Startup Time":0.001,"Actual Total Time":0.002,"Alias":"cm_1","Async Capable":false,"Disabled":false,"Exact Heap Blocks":501,"Filter":"(organization_id = p.organization_id)","Local Dirtied Blocks":0,"Local Hit Blocks":0,"Local Read Blocks":0,"Local Written Blocks":0,"Lossy Heap Blocks":0,"Node Type":"Bitmap Heap Scan","Parallel Aware":false,"Parent Relationship":"Outer","Plan Rows":2,"Plan Width":46,"Plans":[{"Actual Loops":501,"Actual Rows":2.0,"Actual Startup Time":0.001,"Actual Total Time":0.001,"Async Capable":false,"Disabled":false,"Index Cond":"((person_id = p.id) AND (kind = 'phone'::text))","Index Name":"contact_method_person_id_kind_normalized_value_key","Index Searches":501,"Local Dirtied Blocks":0,"Local Hit Blocks":0,"Local Read Blocks":0,"Local Written Blocks":0,"Node Type":"Bitmap Index Scan","Parallel Aware":false,"Parent Relationship":"Outer","Plan Rows":2,"Plan Width":0,"Shared Dirtied Blocks":0,"Shared Hit Blocks":1503,"Shared Read Blocks":0,"Shared Written Blocks":0,"Startup Cost":0.0,"Temp Read Blocks":0,"Temp Written Blocks":0,"Total Cost":4.44}],"Recheck Cond":"((person_id = p.id) AND (kind = 'phone'::text))","Relation Name":"contact_method","Rows Removed by Filter":0,"Rows Removed by Index Recheck":0,"Shared Dirtied Blocks":0,"Shared Hit Blocks":2004,"Shared Read Blocks":0,"Shared Written Blocks":0,"Startup Cost":4.44,"Temp Read Blocks":0,"Temp Written Blocks":0,"Total Cost":12.27}],"Shared Dirtied Blocks":0,"Shared Hit Blocks":2004,"Shared Read Blocks":0,"Shared Written Blocks":0,"Sort Key":["cm_1.import_order","cm_1.created_at","cm_1.id"],"Sort Method":"quicksort","Sort Space Type":"Memory","Sort Space Used":25,"Startup Cost":12.28,"Temp Read Blocks":0,"Temp Written Blocks":0,"Total Cost":12.28}],"Shared Dirtied Blocks":0,"Shared Hit Blocks":2004,"Shared Read Blocks":0,"Shared Written Blocks":0,"Startup Cost":12.28,"Subplan Name":"SubPlan 2","Temp Read Blocks":0,"Temp Written Blocks":0,"Total Cost":12.28},{"Actual Loops":501,"Actual Rows":1.0,"Actual Startup Time":0.0,"Actual Total Time":0.0,"Async Capable":false,"Disabled":false,"Local Dirtied Blocks":0,"Local Hit Blocks":0,"Local Read Blocks":0,"Local Written Blocks":0,"Node Type":"Aggregate","Parallel Aware":false,"Parent Relationship":"SubPlan","Partial Mode":"Simple","Plan Rows":1,"Plan Width":8,"Plans":[{"Actual Loops":501,"Actual Rows":0.0,"Actual Startup Time":0.0,"Actual Total Time":0.0,"Alias":"i","Async Capable":false,"Disabled":false,"Heap Fetches":0,"Index Cond":"((organization_id = p.organization_id) AND (person_id = p.id))","Index Name":"inquiry_org_person_received_idx","Index Searches":501,"Local Dirtied Blocks":0,"Local Hit Blocks":0,"Local Read Blocks":0,"Local Written Blocks":0,"Node Type":"Index Only Scan","Parallel Aware":false,"Parent Relationship":"Outer","Plan Rows":1,"Plan Width":0,"Relation Name":"inquiry","Rows Removed by Index Recheck":0,"Scan Direction":"Forward","Shared Dirtied Blocks":0,"Shared Hit Blocks":1002,"Shared Read Blocks":0,"Shared Written Blocks":0,"Startup Cost":0.15,"Temp Read Blocks":0,"Temp Written Blocks":0,"Total Cost":8.17}],"Shared Dirtied Blocks":0,"Shared Hit Blocks":1002,"Shared Read Blocks":0,"Shared Written Blocks":0,"Startup Cost":8.17,"Strategy":"Plain","Subplan Name":"SubPlan 3","Temp Read Blocks":0,"Temp Written Blocks":0,"Total Cost":8.18}],"Shared Dirtied Blocks":0,"Shared Hit Blocks":57240,"Shared Read Blocks":0,"Shared Written Blocks":0,"Startup Cost":265777.74,"Temp Read Blocks":0,"Temp Written Blocks":0,"Total Cost":675125.86}],"Shared Dirtied Blocks":0,"Shared Hit Blocks":57240,"Shared Read Blocks":0,"Shared Written Blocks":0,"Startup Cost":265777.74,"Temp Read Blocks":0,"Temp Written Blocks":0,"Total Cost":282184.42},"Planning":{"Local Dirtied Blocks":0,"Local Hit Blocks":0,"Local Read Blocks":0,"Local Written Blocks":0,"Shared Dirtied Blocks":0,"Shared Hit Blocks":10,"Shared Read Blocks":0,"Shared Written Blocks":0,"Temp Read Blocks":0,"Temp Written Blocks":0},"Planning Time":0.465,"Triggers":[]}],"sql_sha256":"66608de6ee2ee7b6513542c530b40070469100b1da34426b2c6125d1ff6a1c00"}
CRM_010C_IMPORT_PLAN {"label":"filtered_people_name_desc","plan":[{"Execution Time":133.196,"JIT":{"Functions":70,"Options":{"Deforming":true,"Expressions":true,"Inlining":false,"Optimization":false},"Timing":{"Emission":15.419,"Generation":{"Deform":0.447,"Total":1.261},"Inlining":0.0,"Optimization":0.633,"Total":17.313}},"Plan":{"Actual Loops":1,"Actual Rows":501.0,"Actual Startup Time":128.405,"Actual Total Time":131.874,"Async Capable":false,"Disabled":false,"Local Dirtied Blocks":0,"Local Hit Blocks":0,"Local Read Blocks":0,"Local Written Blocks":0,"Node Type":"Limit","Parallel Aware":false,"Plan Rows":501,"Plan Width":208,"Plans":[{"Actual Loops":1,"Actual Rows":501.0,"Actual Startup Time":113.575,"Actual Total Time":117.014,"Async Capable":false,"Disabled":false,"Local Dirtied Blocks":0,"Local Hit Blocks":0,"Local Read Blocks":0,"Local Written Blocks":0,"Node Type":"Result","Parallel Aware":false,"Parent Relationship":"Outer","Plan Rows":12500,"Plan Width":208,"Plans":[{"Actual Loops":1,"Actual Rows":501.0,"Actual Startup Time":113.465,"Actual Total Time":113.492,"Async Capable":false,"Disabled":false,"Local Dirtied Blocks":0,"Local Hit Blocks":0,"Local Read Blocks":0,"Local Written Blocks":0,"Node Type":"Sort","Parallel Aware":false,"Parent Relationship":"Outer","Plan Rows":12500,"Plan Width":152,"Plans":[{"Actual Loops":1,"Actual Rows":25000.0,"Actual Startup Time":19.917,"Actual Total Time":60.457,"Async Capable":false,"Disabled":false,"Inner Unique":false,"Join Type":"Left","Local Dirtied Blocks":0,"Local Hit Blocks":0,"Local Read Blocks":0,"Local Written Blocks":0,"Node Type":"Nested Loop","Parallel Aware":false,"Parent Relationship":"Outer","Plan Rows":12500,"Plan Width":152,"Plans":[{"Actual Loops":1,"Actual Rows":25000.0,"Actual Startup Time":19.896,"Actual Total Time":42.989,"Async Capable":false,"Disabled":false,"Inner Unique":true,"Join Type":"Left","Local Dirtied Blocks":0,"Local Hit Blocks":0,"Local Read Blocks":0,"Local Written Blocks":0,"Node Type":"Nested Loop","Parallel Aware":false,"Parent Relationship":"Outer","Plan Rows":12500,"Plan Width":152,"Plans":[{"Actual Loops":1,"Actual Rows":25000.0,"Actual Startup Time":19.885,"Actual Total Time":36.09,"Async Capable":false,"Disabled":false,"Inner Unique":true,"Join Type":"Inner","Local Dirtied Blocks":0,"Local Hit Blocks":0,"Local Read Blocks":0,"Local Written Blocks":0,"Node Type":"Nested Loop","Parallel Aware":false,"Parent Relationship":"Outer","Plan Rows":12500,"Plan Width":133,"Plans":[{"Actual Loops":1,"Actual Rows":25000.0,"Actual Startup Time":19.859,"Actual Total Time":29.184,"Alias":"p","Async Capable":false,"Disabled":false,"Filter":"((stage_id = ANY ('{75986d85-40b7-4a3c-bd0b-fa0b70f0e0f2}'::uuid[])) AND (organization_id = '96a418fd-9fe7-4af9-bd4a-8b46f7e9d6bc'::uuid) AND (ANY ((id = (hashed SubPlan 5).col1) AND (organization_id = (hashed SubPlan 5).col2))))","Local Dirtied Blocks":0,"Local Hit Blocks":0,"Local Read Blocks":0,"Local Written Blocks":0,"Node Type":"Seq Scan","Parallel Aware":false,"Parent Relationship":"Outer","Plan Rows":12500,"Plan Width":101,"Plans":[{"Actual Loops":1,"Actual Rows":50000.0,"Actual Startup Time":0.103,"Actual Total Time":9.653,"Alias":"cm3","Async Capable":false,"Disabled":false,"Filter":"(kind = 'phone'::text)","Local Dirtied Blocks":0,"Local Hit Blocks":0,"Local Read Blocks":0,"Local Written Blocks":0,"Node Type":"Seq Scan","Parallel Aware":false,"Parent Relationship":"SubPlan","Plan Rows":49930,"Plan Width":32,"Relation Name":"contact_method","Rows Removed by Filter":50000,"Shared Dirtied Blocks":0,"Shared Hit Blocks":1667,"Shared Read Blocks":0,"Shared Written Blocks":0,"Startup Cost":0.0,"Subplan Name":"SubPlan 5","Temp Read Blocks":0,"Temp Written Blocks":0,"Total Cost":2917.0}],"Relation Name":"person","Rows Removed by Filter":0,"Shared Dirtied Blocks":0,"Shared Hit Blocks":2099,"Shared Read Blocks":0,"Shared Written Blocks":0,"Startup Cost":0.0,"Temp Read Blocks":0,"Temp Written Blocks":0,"Total Cost":161775.09},{"Actual Loops":25000,"Actual Rows":1.0,"Actual Startup Time":0.0,"Actual Total Time":0.0,"Async Capable":false,"Cache Evictions":0,"Cache Hits":24999,"Cache Key":"p.stage_id","Cache Misses":1,"Cache Mode":"logical","Cache Overflows":0,"Disabled":false,"Local Dirtied Blocks":0,"Local Hit Blocks":0,"Local Read Blocks":0,"Local Written Blocks":0,"Node Type":"Memoize","Parallel Aware":false,"Parent Relationship":"Inner","Peak Memory Usage":1,"Plan Rows":1,"Plan Width":48,"Plans":[{"Actual Loops":1,"Actual Rows":1.0,"Actual Startup Time":0.014,"Actual Total Time":0.014,"Alias":"s","Async Capable":false,"Disabled":false,"Index Cond":"(id = p.stage_id)","Index Name":"stage_id_organization_id_key","Index Searches":1,"Local Dirtied Blocks":0,"Local Hit Blocks":0,"Local Read Blocks":0,"Local Written Blocks":0,"Node Type":"Index Scan","Parallel Aware":false,"Parent Relationship":"Outer","Plan Rows":1,"Plan Width":48,"Relation Name":"stage","Rows Removed by Index Recheck":0,"Scan Direction":"Forward","Shared Dirtied Blocks":0,"Shared Hit Blocks":2,"Shared Read Blocks":0,"Shared Written Blocks":0,"Startup Cost":0.15,"Temp Read Blocks":0,"Temp Written Blocks":0,"Total Cost":0.17}],"Shared Dirtied Blocks":0,"Shared Hit Blocks":2,"Shared Read Blocks":0,"Shared Written Blocks":0,"Startup Cost":0.16,"Temp Read Blocks":0,"Temp Written Blocks":0,"Total Cost":0.18}],"Shared Dirtied Blocks":0,"Shared Hit Blocks":2101,"Shared Read Blocks":0,"Shared Written Blocks":0,"Startup Cost":0.16,"Temp Read Blocks":0,"Temp Written Blocks":0,"Total Cost":162087.68},{"Actual Loops":25000,"Actual Rows":1.0,"Actual Startup Time":0.0,"Actual Total Time":0.0,"Async Capable":false,"Cache Evictions":0,"Cache Hits":24950,"Cache Key":"p.assigned_user_id","Cache Misses":50,"Cache Mode":"logical","Cache Overflows":0,"Disabled":false,"Local Dirtied Blocks":0,"Local Hit Blocks":0,"Local Read Blocks":0,"Local Written Blocks":0,"Node Type":"Memoize","Parallel Aware":false,"Parent Relationship":"Inner","Peak Memory Usage":8,"Plan Rows":1,"Plan Width":35,"Plans":[{"Actual Loops":50,"Actual Rows":1.0,"Actual Startup Time":0.001,"Actual Total Time":0.001,"Alias":"u","Async Capable":false,"Disabled":false,"Index Cond":"(id = p.assigned_user_id)","Index Name":"app_user_pkey","Index Searches":50,"Local Dirtied Blocks":0,"Local Hit Blocks":0,"Local Read Blocks":0,"Local Written Blocks":0,"Node Type":"Index Scan","Parallel Aware":false,"Parent Relationship":"Outer","Plan Rows":1,"Plan Width":35,"Relation Name":"app_user","Rows Removed by Index Recheck":0,"Scan Direction":"Forward","Shared Dirtied Blocks":0,"Shared Hit Blocks":100,"Shared Read Blocks":0,"Shared Written Blocks":0,"Startup Cost":0.14,"Temp Read Blocks":0,"Temp Written Blocks":0,"Total Cost":0.16}],"Shared Dirtied Blocks":0,"Shared Hit Blocks":100,"Shared Read Blocks":0,"Shared Written Blocks":0,"Startup Cost":0.15,"Temp Read Blocks":0,"Temp Written Blocks":0,"Total Cost":0.17}],"Shared Dirtied Blocks":0,"Shared Hit Blocks":2201,"Shared Read Blocks":0,"Shared Written Blocks":0,"Startup Cost":0.31,"Temp Read Blocks":0,"Temp Written Blocks":0,"Total Cost":162404.7},{"Actual Loops":25000,"Actual Rows":0.0,"Actual Startup Time":0.001,"Actual Total Time":0.001,"Async Capable":false,"Disabled":false,"Local Dirtied Blocks":0,"Local Hit Blocks":0,"Local Read Blocks":0,"Local Written Blocks":0,"Node Type":"Limit","Parallel Aware":false,"Parent Relationship":"Inner","Plan Rows":1,"Plan Width":56,"Plans":[{"Actual Loops":25000,"Actual Rows":0.0,"Actual Startup Time":0.0,"Actual Total Time":0.0,"Async Capable":false,"Disabled":false,"Full-sort Groups":{"Group Count":25000,"Sort Methods Used":["quicksort"],"Sort Space Memory":{"Average Sort Space Used":25,"Peak Sort Space Used":25}},"Local Dirtied Blocks":0,"Local Hit Blocks":0,"Local Read Blocks":0,"Local Written Blocks":0,"Node Type":"Incremental Sort","Parallel Aware":false,"Parent Relationship":"Outer","Plan Rows":2,"Plan Width":56,"Plans":[{"Actual Loops":25000,"Actual Rows":0.0,"Actual Startup Time":0.0,"Actual Total Time":0.0,"Alias":"i2","Async Capable":false,"Disabled":false,"Index Cond":"((organization_id = p.organization_id) AND (person_id = p.id))","Index Name":"inquiry_org_person_received_idx","Index Searches":25000,"Local Dirtied Blocks":0,"Local Hit Blocks":0,"Local Read Blocks":0,"Local Written Blocks":0,"Node Type":"Index Scan","Parallel Aware":false,"Parent Relationship":"Outer","Plan Rows":1,"Plan Width":56,"Relation Name":"inquiry","Rows Removed by Index Recheck":0,"Scan Direction":"Backward","Shared Dirtied Blocks":0,"Shared Hit Blocks":50000,"Shared Read Blocks":0,"Shared Written Blocks":0,"Startup Cost":0.15,"Temp Read Blocks":0,"Temp Written Blocks":0,"Total Cost":8.17}],"Presorted Key":["i2.received_at"],"Shared Dirtied Blocks":0,"Shared Hit Blocks":50000,"Shared Read Blocks":0,"Shared Written Blocks":0,"Sort Key":["i2.received_at DESC","i2.id DESC"],"Startup Cost":8.18,"Temp Read Blocks":0,"Temp Written Blocks":0,"Total Cost":8.22}],"Shared Dirtied Blocks":0,"Shared Hit Blocks":50000,"Shared Read Blocks":0,"Shared Written Blocks":0,"Startup Cost":8.18,"Temp Read Blocks":0,"Temp Written Blocks":0,"Total Cost":8.2}],"Shared Dirtied Blocks":0,"Shared Hit Blocks":52201,"Shared Read Blocks":0,"Shared Written Blocks":0,"Startup Cost":8.49,"Temp Read Blocks":0,"Temp Written Blocks":0,"Total Cost":265154.7}],"Shared Dirtied Blocks":0,"Shared Hit Blocks":52201,"Shared Read Blocks":0,"Shared Written Blocks":0,"Sort Key":["p.last_name DESC NULLS LAST","p.first_name DESC NULLS LAST","p.created_at DESC","p.id"],"Sort Method":"top-N heapsort","Sort Space Type":"Memory","Sort Space Used":283,"Startup Cost":265777.74,"Temp Read Blocks":0,"Temp Written Blocks":0,"Total Cost":265808.99},{"Actual Loops":501,"Actual Rows":1.0,"Actual Startup Time":0.003,"Actual Total Time":0.004,"Async Capable":false,"Disabled":false,"Local Dirtied Blocks":0,"Local Hit Blocks":0,"Local Read Blocks":0,"Local Written Blocks":0,"Node Type":"Limit","Parallel Aware":false,"Parent Relationship":"SubPlan","Plan Rows":1,"Plan Width":46,"Plans":[{"Actual Loops":501,"Actual Rows":1.0,"Actual Startup Time":0.003,"Actual Total Time":0.003,"Async Capable":false,"Disabled":false,"Local Dirtied Blocks":0,"Local Hit Blocks":0,"Local Read Blocks":0,"Local Written Blocks":0,"Node Type":"Sort","Parallel Aware":false,"Parent Relationship":"Outer","Plan Rows":2,"Plan Width":46,"Plans":[{"Actual Loops":501,"Actual Rows":2.0,"Actual Startup Time":0.002,"Actual Total Time":0.003,"Alias":"cm","Async Capable":false,"Disabled":false,"Exact Heap Blocks":534,"Filter":"(organization_id = p.organization_id)","Local Dirtied Blocks":0,"Local Hit Blocks":0,"Local Read Blocks":0,"Local Written Blocks":0,"Lossy Heap Blocks":0,"Node Type":"Bitmap Heap Scan","Parallel Aware":false,"Parent Relationship":"Outer","Plan Rows":2,"Plan Width":46,"Plans":[{"Actual Loops":501,"Actual Rows":2.0,"Actual Startup Time":0.002,"Actual Total Time":0.002,"Async Capable":false,"Disabled":false,"Index Cond":"((person_id = p.id) AND (kind = 'email'::text))","Index Name":"contact_method_person_id_kind_normalized_value_key","Index Searches":501,"Local Dirtied Blocks":0,"Local Hit Blocks":0,"Local Read Blocks":0,"Local Written Blocks":0,"Node Type":"Bitmap Index Scan","Parallel Aware":false,"Parent Relationship":"Outer","Plan Rows":2,"Plan Width":0,"Shared Dirtied Blocks":0,"Shared Hit Blocks":1503,"Shared Read Blocks":0,"Shared Written Blocks":0,"Startup Cost":0.0,"Temp Read Blocks":0,"Temp Written Blocks":0,"Total Cost":4.44}],"Recheck Cond":"((person_id = p.id) AND (kind = 'email'::text))","Relation Name":"contact_method","Rows Removed by Filter":0,"Rows Removed by Index Recheck":0,"Shared Dirtied Blocks":0,"Shared Hit Blocks":2037,"Shared Read Blocks":0,"Shared Written Blocks":0,"Startup Cost":4.44,"Temp Read Blocks":0,"Temp Written Blocks":0,"Total Cost":12.27}],"Shared Dirtied Blocks":0,"Shared Hit Blocks":2037,"Shared Read Blocks":0,"Shared Written Blocks":0,"Sort Key":["cm.import_order","cm.created_at","cm.id"],"Sort Method":"quicksort","Sort Space Type":"Memory","Sort Space Used":25,"Startup Cost":12.28,"Temp Read Blocks":0,"Temp Written Blocks":0,"Total Cost":12.28}],"Shared Dirtied Blocks":0,"Shared Hit Blocks":2037,"Shared Read Blocks":0,"Shared Written Blocks":0,"Startup Cost":12.28,"Subplan Name":"SubPlan 1","Temp Read Blocks":0,"Temp Written Blocks":0,"Total Cost":12.28},{"Actual Loops":501,"Actual Rows":1.0,"Actual Startup Time":0.002,"Actual Total Time":0.002,"Async Capable":false,"Disabled":false,"Local Dirtied Blocks":0,"Local Hit Blocks":0,"Local Read Blocks":0,"Local Written Blocks":0,"Node Type":"Limit","Parallel Aware":false,"Parent Relationship":"SubPlan","Plan Rows":1,"Plan Width":46,"Plans":[{"Actual Loops":501,"Actual Rows":1.0,"Actual Startup Time":0.002,"Actual Total Time":0.002,"Async Capable":false,"Disabled":false,"Local Dirtied Blocks":0,"Local Hit Blocks":0,"Local Read Blocks":0,"Local Written Blocks":0,"Node Type":"Sort","Parallel Aware":false,"Parent Relationship":"Outer","Plan Rows":2,"Plan Width":46,"Plans":[{"Actual Loops":501,"Actual Rows":2.0,"Actual Startup Time":0.001,"Actual Total Time":0.001,"Alias":"cm_1","Async Capable":false,"Disabled":false,"Exact Heap Blocks":501,"Filter":"(organization_id = p.organization_id)","Local Dirtied Blocks":0,"Local Hit Blocks":0,"Local Read Blocks":0,"Local Written Blocks":0,"Lossy Heap Blocks":0,"Node Type":"Bitmap Heap Scan","Parallel Aware":false,"Parent Relationship":"Outer","Plan Rows":2,"Plan Width":46,"Plans":[{"Actual Loops":501,"Actual Rows":2.0,"Actual Startup Time":0.001,"Actual Total Time":0.001,"Async Capable":false,"Disabled":false,"Index Cond":"((person_id = p.id) AND (kind = 'phone'::text))","Index Name":"contact_method_person_id_kind_normalized_value_key","Index Searches":501,"Local Dirtied Blocks":0,"Local Hit Blocks":0,"Local Read Blocks":0,"Local Written Blocks":0,"Node Type":"Bitmap Index Scan","Parallel Aware":false,"Parent Relationship":"Outer","Plan Rows":2,"Plan Width":0,"Shared Dirtied Blocks":0,"Shared Hit Blocks":1503,"Shared Read Blocks":0,"Shared Written Blocks":0,"Startup Cost":0.0,"Temp Read Blocks":0,"Temp Written Blocks":0,"Total Cost":4.44}],"Recheck Cond":"((person_id = p.id) AND (kind = 'phone'::text))","Relation Name":"contact_method","Rows Removed by Filter":0,"Rows Removed by Index Recheck":0,"Shared Dirtied Blocks":0,"Shared Hit Blocks":2004,"Shared Read Blocks":0,"Shared Written Blocks":0,"Startup Cost":4.44,"Temp Read Blocks":0,"Temp Written Blocks":0,"Total Cost":12.27}],"Shared Dirtied Blocks":0,"Shared Hit Blocks":2004,"Shared Read Blocks":0,"Shared Written Blocks":0,"Sort Key":["cm_1.import_order","cm_1.created_at","cm_1.id"],"Sort Method":"quicksort","Sort Space Type":"Memory","Sort Space Used":25,"Startup Cost":12.28,"Temp Read Blocks":0,"Temp Written Blocks":0,"Total Cost":12.28}],"Shared Dirtied Blocks":0,"Shared Hit Blocks":2004,"Shared Read Blocks":0,"Shared Written Blocks":0,"Startup Cost":12.28,"Subplan Name":"SubPlan 2","Temp Read Blocks":0,"Temp Written Blocks":0,"Total Cost":12.28},{"Actual Loops":501,"Actual Rows":1.0,"Actual Startup Time":0.0,"Actual Total Time":0.0,"Async Capable":false,"Disabled":false,"Local Dirtied Blocks":0,"Local Hit Blocks":0,"Local Read Blocks":0,"Local Written Blocks":0,"Node Type":"Aggregate","Parallel Aware":false,"Parent Relationship":"SubPlan","Partial Mode":"Simple","Plan Rows":1,"Plan Width":8,"Plans":[{"Actual Loops":501,"Actual Rows":0.0,"Actual Startup Time":0.0,"Actual Total Time":0.0,"Alias":"i","Async Capable":false,"Disabled":false,"Heap Fetches":0,"Index Cond":"((organization_id = p.organization_id) AND (person_id = p.id))","Index Name":"inquiry_org_person_received_idx","Index Searches":501,"Local Dirtied Blocks":0,"Local Hit Blocks":0,"Local Read Blocks":0,"Local Written Blocks":0,"Node Type":"Index Only Scan","Parallel Aware":false,"Parent Relationship":"Outer","Plan Rows":1,"Plan Width":0,"Relation Name":"inquiry","Rows Removed by Index Recheck":0,"Scan Direction":"Forward","Shared Dirtied Blocks":0,"Shared Hit Blocks":1002,"Shared Read Blocks":0,"Shared Written Blocks":0,"Startup Cost":0.15,"Temp Read Blocks":0,"Temp Written Blocks":0,"Total Cost":8.17}],"Shared Dirtied Blocks":0,"Shared Hit Blocks":1002,"Shared Read Blocks":0,"Shared Written Blocks":0,"Startup Cost":8.17,"Strategy":"Plain","Subplan Name":"SubPlan 3","Temp Read Blocks":0,"Temp Written Blocks":0,"Total Cost":8.18}],"Shared Dirtied Blocks":0,"Shared Hit Blocks":57244,"Shared Read Blocks":0,"Shared Written Blocks":0,"Startup Cost":265777.74,"Temp Read Blocks":0,"Temp Written Blocks":0,"Total Cost":675125.86}],"Shared Dirtied Blocks":0,"Shared Hit Blocks":57244,"Shared Read Blocks":0,"Shared Written Blocks":0,"Startup Cost":265777.74,"Temp Read Blocks":0,"Temp Written Blocks":0,"Total Cost":282184.42},"Planning":{"Local Dirtied Blocks":0,"Local Hit Blocks":0,"Local Read Blocks":0,"Local Written Blocks":0,"Shared Dirtied Blocks":0,"Shared Hit Blocks":10,"Shared Read Blocks":0,"Shared Written Blocks":0,"Temp Read Blocks":0,"Temp Written Blocks":0},"Planning Time":0.403,"Triggers":[]}],"sql_sha256":"d9a37b516ab11598778d0b94a281095eb718497fec218337f7fca540a42f70e9"}
CRM_010C_IMPORT_PLAN {"label":"filtered_people_stage_asc","plan":[{"Execution Time":98.382,"JIT":{"Functions":70,"Options":{"Deforming":true,"Expressions":true,"Inlining":false,"Optimization":false},"Timing":{"Emission":15.52,"Generation":{"Deform":0.462,"Total":1.247},"Inlining":0.0,"Optimization":0.611,"Total":17.377}},"Plan":{"Actual Loops":1,"Actual Rows":501.0,"Actual Startup Time":93.579,"Actual Total Time":97.089,"Async Capable":false,"Disabled":false,"Local Dirtied Blocks":0,"Local Hit Blocks":0,"Local Read Blocks":0,"Local Written Blocks":0,"Node Type":"Limit","Parallel Aware":false,"Plan Rows":501,"Plan Width":210,"Plans":[{"Actual Loops":1,"Actual Rows":501.0,"Actual Startup Time":78.678,"Actual Total Time":82.161,"Async Capable":false,"Disabled":false,"Local Dirtied Blocks":0,"Local Hit Blocks":0,"Local Read Blocks":0,"Local Written Blocks":0,"Node Type":"Result","Parallel Aware":false,"Parent Relationship":"Outer","Plan Rows":12500,"Plan Width":210,"Plans":[{"Actual Loops":1,"Actual Rows":501.0,"Actual Startup Time":78.582,"Actual Total Time":78.604,"Async Capable":false,"Disabled":false,"Local Dirtied Blocks":0,"Local Hit Blocks":0,"Local Read Blocks":0,"Local Written Blocks":0,"Node Type":"Sort","Parallel Aware":false,"Parent Relationship":"Outer","Plan Rows":12500,"Plan Width":154,"Plans":[{"Actual Loops":1,"Actual Rows":25000.0,"Actual Startup Time":21.911,"Actual Total Time":60.793,"Async Capable":false,"Disabled":false,"Inner Unique":false,"Join Type":"Left","Local Dirtied Blocks":0,"Local Hit Blocks":0,"Local Read Blocks":0,"Local Written Blocks":0,"Node Type":"Nested Loop","Parallel Aware":false,"Parent Relationship":"Outer","Plan Rows":12500,"Plan Width":154,"Plans":[{"Actual Loops":1,"Actual Rows":25000.0,"Actual Startup Time":21.896,"Actual Total Time":44.077,"Async Capable":false,"Disabled":false,"Inner Unique":true,"Join Type":"Left","Local Dirtied Blocks":0,"Local Hit Blocks":0,"Local Read Blocks":0,"Local Written Blocks":0,"Node Type":"Nested Loop","Parallel Aware":false,"Parent Relationship":"Outer","Plan Rows":12500,"Plan Width":154,"Plans":[{"Actual Loops":1,"Actual Rows":25000.0,"Actual Startup Time":21.882,"Actual Total Time":37.19,"Async Capable":false,"Disabled":false,"Inner Unique":true,"Join Type":"Inner","Local Dirtied Blocks":0,"Local Hit Blocks":0,"Local Read Blocks":0,"Local Written Blocks":0,"Node Type":"Nested Loop","Parallel Aware":false,"Parent Relationship":"Outer","Plan Rows":12500,"Plan Width":135,"Plans":[{"Actual Loops":1,"Actual Rows":25000.0,"Actual Startup Time":21.863,"Actual Total Time":30.433,"Alias":"p","Async Capable":false,"Disabled":false,"Filter":"((stage_id = ANY ('{75986d85-40b7-4a3c-bd0b-fa0b70f0e0f2}'::uuid[])) AND (organization_id = '96a418fd-9fe7-4af9-bd4a-8b46f7e9d6bc'::uuid) AND (ANY ((id = (hashed SubPlan 5).col1) AND (organization_id = (hashed SubPlan 5).col2))))","Local Dirtied Blocks":0,"Local Hit Blocks":0,"Local Read Blocks":0,"Local Written Blocks":0,"Node Type":"Seq Scan","Parallel Aware":false,"Parent Relationship":"Outer","Plan Rows":12500,"Plan Width":101,"Plans":[{"Actual Loops":1,"Actual Rows":50000.0,"Actual Startup Time":0.103,"Actual Total Time":11.007,"Alias":"cm3","Async Capable":false,"Disabled":false,"Filter":"(kind = 'phone'::text)","Local Dirtied Blocks":0,"Local Hit Blocks":0,"Local Read Blocks":0,"Local Written Blocks":0,"Node Type":"Seq Scan","Parallel Aware":false,"Parent Relationship":"SubPlan","Plan Rows":49930,"Plan Width":32,"Relation Name":"contact_method","Rows Removed by Filter":50000,"Shared Dirtied Blocks":0,"Shared Hit Blocks":1667,"Shared Read Blocks":0,"Shared Written Blocks":0,"Startup Cost":0.0,"Subplan Name":"SubPlan 5","Temp Read Blocks":0,"Temp Written Blocks":0,"Total Cost":2917.0}],"Relation Name":"person","Rows Removed by Filter":0,"Shared Dirtied Blocks":0,"Shared Hit Blocks":2099,"Shared Read Blocks":0,"Shared Written Blocks":0,"Startup Cost":0.0,"Temp Read Blocks":0,"Temp Written Blocks":0,"Total Cost":161775.09},{"Actual Loops":25000,"Actual Rows":1.0,"Actual Startup Time":0.0,"Actual Total Time":0.0,"Async Capable":false,"Cache Evictions":0,"Cache Hits":24999,"Cache Key":"p.stage_id","Cache Misses":1,"Cache Mode":"logical","Cache Overflows":0,"Disabled":false,"Local Dirtied Blocks":0,"Local Hit Blocks":0,"Local Read Blocks":0,"Local Written Blocks":0,"Node Type":"Memoize","Parallel Aware":false,"Parent Relationship":"Inner","Peak Memory Usage":1,"Plan Rows":1,"Plan Width":50,"Plans":[{"Actual Loops":1,"Actual Rows":1.0,"Actual Startup Time":0.01,"Actual Total Time":0.01,"Alias":"s","Async Capable":false,"Disabled":false,"Index Cond":"(id = p.stage_id)","Index Name":"stage_id_organization_id_key","Index Searches":1,"Local Dirtied Blocks":0,"Local Hit Blocks":0,"Local Read Blocks":0,"Local Written Blocks":0,"Node Type":"Index Scan","Parallel Aware":false,"Parent Relationship":"Outer","Plan Rows":1,"Plan Width":50,"Relation Name":"stage","Rows Removed by Index Recheck":0,"Scan Direction":"Forward","Shared Dirtied Blocks":0,"Shared Hit Blocks":2,"Shared Read Blocks":0,"Shared Written Blocks":0,"Startup Cost":0.15,"Temp Read Blocks":0,"Temp Written Blocks":0,"Total Cost":0.17}],"Shared Dirtied Blocks":0,"Shared Hit Blocks":2,"Shared Read Blocks":0,"Shared Written Blocks":0,"Startup Cost":0.16,"Temp Read Blocks":0,"Temp Written Blocks":0,"Total Cost":0.18}],"Shared Dirtied Blocks":0,"Shared Hit Blocks":2101,"Shared Read Blocks":0,"Shared Written Blocks":0,"Startup Cost":0.16,"Temp Read Blocks":0,"Temp Written Blocks":0,"Total Cost":162087.68},{"Actual Loops":25000,"Actual Rows":1.0,"Actual Startup Time":0.0,"Actual Total Time":0.0,"Async Capable":false,"Cache Evictions":0,"Cache Hits":24950,"Cache Key":"p.assigned_user_id","Cache Misses":50,"Cache Mode":"logical","Cache Overflows":0,"Disabled":false,"Local Dirtied Blocks":0,"Local Hit Blocks":0,"Local Read Blocks":0,"Local Written Blocks":0,"Node Type":"Memoize","Parallel Aware":false,"Parent Relationship":"Inner","Peak Memory Usage":8,"Plan Rows":1,"Plan Width":35,"Plans":[{"Actual Loops":50,"Actual Rows":1.0,"Actual Startup Time":0.0,"Actual Total Time":0.0,"Alias":"u","Async Capable":false,"Disabled":false,"Index Cond":"(id = p.assigned_user_id)","Index Name":"app_user_pkey","Index Searches":50,"Local Dirtied Blocks":0,"Local Hit Blocks":0,"Local Read Blocks":0,"Local Written Blocks":0,"Node Type":"Index Scan","Parallel Aware":false,"Parent Relationship":"Outer","Plan Rows":1,"Plan Width":35,"Relation Name":"app_user","Rows Removed by Index Recheck":0,"Scan Direction":"Forward","Shared Dirtied Blocks":0,"Shared Hit Blocks":100,"Shared Read Blocks":0,"Shared Written Blocks":0,"Startup Cost":0.14,"Temp Read Blocks":0,"Temp Written Blocks":0,"Total Cost":0.16}],"Shared Dirtied Blocks":0,"Shared Hit Blocks":100,"Shared Read Blocks":0,"Shared Written Blocks":0,"Startup Cost":0.15,"Temp Read Blocks":0,"Temp Written Blocks":0,"Total Cost":0.17}],"Shared Dirtied Blocks":0,"Shared Hit Blocks":2201,"Shared Read Blocks":0,"Shared Written Blocks":0,"Startup Cost":0.31,"Temp Read Blocks":0,"Temp Written Blocks":0,"Total Cost":162404.7},{"Actual Loops":25000,"Actual Rows":0.0,"Actual Startup Time":0.0,"Actual Total Time":0.0,"Async Capable":false,"Disabled":false,"Local Dirtied Blocks":0,"Local Hit Blocks":0,"Local Read Blocks":0,"Local Written Blocks":0,"Node Type":"Limit","Parallel Aware":false,"Parent Relationship":"Inner","Plan Rows":1,"Plan Width":56,"Plans":[{"Actual Loops":25000,"Actual Rows":0.0,"Actual Startup Time":0.0,"Actual Total Time":0.0,"Async Capable":false,"Disabled":false,"Full-sort Groups":{"Group Count":25000,"Sort Methods Used":["quicksort"],"Sort Space Memory":{"Average Sort Space Used":25,"Peak Sort Space Used":25}},"Local Dirtied Blocks":0,"Local Hit Blocks":0,"Local Read Blocks":0,"Local Written Blocks":0,"Node Type":"Incremental Sort","Parallel Aware":false,"Parent Relationship":"Outer","Plan Rows":2,"Plan Width":56,"Plans":[{"Actual Loops":25000,"Actual Rows":0.0,"Actual Startup Time":0.0,"Actual Total Time":0.0,"Alias":"i2","Async Capable":false,"Disabled":false,"Index Cond":"((organization_id = p.organization_id) AND (person_id = p.id))","Index Name":"inquiry_org_person_received_idx","Index Searches":25000,"Local Dirtied Blocks":0,"Local Hit Blocks":0,"Local Read Blocks":0,"Local Written Blocks":0,"Node Type":"Index Scan","Parallel Aware":false,"Parent Relationship":"Outer","Plan Rows":1,"Plan Width":56,"Relation Name":"inquiry","Rows Removed by Index Recheck":0,"Scan Direction":"Backward","Shared Dirtied Blocks":0,"Shared Hit Blocks":50000,"Shared Read Blocks":0,"Shared Written Blocks":0,"Startup Cost":0.15,"Temp Read Blocks":0,"Temp Written Blocks":0,"Total Cost":8.17}],"Presorted Key":["i2.received_at"],"Shared Dirtied Blocks":0,"Shared Hit Blocks":50000,"Shared Read Blocks":0,"Shared Written Blocks":0,"Sort Key":["i2.received_at DESC","i2.id DESC"],"Startup Cost":8.18,"Temp Read Blocks":0,"Temp Written Blocks":0,"Total Cost":8.22}],"Shared Dirtied Blocks":0,"Shared Hit Blocks":50000,"Shared Read Blocks":0,"Shared Written Blocks":0,"Startup Cost":8.18,"Temp Read Blocks":0,"Temp Written Blocks":0,"Total Cost":8.2}],"Shared Dirtied Blocks":0,"Shared Hit Blocks":52201,"Shared Read Blocks":0,"Shared Written Blocks":0,"Startup Cost":8.49,"Temp Read Blocks":0,"Temp Written Blocks":0,"Total Cost":265154.7}],"Shared Dirtied Blocks":0,"Shared Hit Blocks":52204,"Shared Read Blocks":0,"Shared Written Blocks":0,"Sort Key":["s.\"position\"","p.created_at DESC","p.id"],"Sort Method":"top-N heapsort","Sort Space Type":"Memory","Sort Space Used":283,"Startup Cost":265777.74,"Temp Read Blocks":0,"Temp Written Blocks":0,"Total Cost":265808.99},{"Actual Loops":501,"Actual Rows":1.0,"Actual Startup Time":0.004,"Actual Total Time":0.004,"Async Capable":false,"Disabled":false,"Local Dirtied Blocks":0,"Local Hit Blocks":0,"Local Read Blocks":0,"Local Written Blocks":0,"Node Type":"Limit","Parallel Aware":false,"Parent Relationship":"SubPlan","Plan Rows":1,"Plan Width":46,"Plans":[{"Actual Loops":501,"Actual Rows":1.0,"Actual Startup Time":0.003,"Actual Total Time":0.003,"Async Capable":false,"Disabled":false,"Local Dirtied Blocks":0,"Local Hit Blocks":0,"Local Read Blocks":0,"Local Written Blocks":0,"Node Type":"Sort","Parallel Aware":false,"Parent Relationship":"Outer","Plan Rows":2,"Plan Width":46,"Plans":[{"Actual Loops":501,"Actual Rows":2.0,"Actual Startup Time":0.002,"Actual Total Time":0.003,"Alias":"cm","Async Capable":false,"Disabled":false,"Exact Heap Blocks":534,"Filter":"(organization_id = p.organization_id)","Local Dirtied Blocks":0,"Local Hit Blocks":0,"Local Read Blocks":0,"Local Written Blocks":0,"Lossy Heap Blocks":0,"Node Type":"Bitmap Heap Scan","Parallel Aware":false,"Parent Relationship":"Outer","Plan Rows":2,"Plan Width":46,"Plans":[{"Actual Loops":501,"Actual Rows":2.0,"Actual Startup Time":0.002,"Actual Total Time":0.002,"Async Capable":false,"Disabled":false,"Index Cond":"((person_id = p.id) AND (kind = 'email'::text))","Index Name":"contact_method_person_id_kind_normalized_value_key","Index Searches":501,"Local Dirtied Blocks":0,"Local Hit Blocks":0,"Local Read Blocks":0,"Local Written Blocks":0,"Node Type":"Bitmap Index Scan","Parallel Aware":false,"Parent Relationship":"Outer","Plan Rows":2,"Plan Width":0,"Shared Dirtied Blocks":0,"Shared Hit Blocks":1503,"Shared Read Blocks":0,"Shared Written Blocks":0,"Startup Cost":0.0,"Temp Read Blocks":0,"Temp Written Blocks":0,"Total Cost":4.44}],"Recheck Cond":"((person_id = p.id) AND (kind = 'email'::text))","Relation Name":"contact_method","Rows Removed by Filter":0,"Rows Removed by Index Recheck":0,"Shared Dirtied Blocks":0,"Shared Hit Blocks":2037,"Shared Read Blocks":0,"Shared Written Blocks":0,"Startup Cost":4.44,"Temp Read Blocks":0,"Temp Written Blocks":0,"Total Cost":12.27}],"Shared Dirtied Blocks":0,"Shared Hit Blocks":2037,"Shared Read Blocks":0,"Shared Written Blocks":0,"Sort Key":["cm.import_order","cm.created_at","cm.id"],"Sort Method":"quicksort","Sort Space Type":"Memory","Sort Space Used":25,"Startup Cost":12.28,"Temp Read Blocks":0,"Temp Written Blocks":0,"Total Cost":12.28}],"Shared Dirtied Blocks":0,"Shared Hit Blocks":2037,"Shared Read Blocks":0,"Shared Written Blocks":0,"Startup Cost":12.28,"Subplan Name":"SubPlan 1","Temp Read Blocks":0,"Temp Written Blocks":0,"Total Cost":12.28},{"Actual Loops":501,"Actual Rows":1.0,"Actual Startup Time":0.002,"Actual Total Time":0.002,"Async Capable":false,"Disabled":false,"Local Dirtied Blocks":0,"Local Hit Blocks":0,"Local Read Blocks":0,"Local Written Blocks":0,"Node Type":"Limit","Parallel Aware":false,"Parent Relationship":"SubPlan","Plan Rows":1,"Plan Width":46,"Plans":[{"Actual Loops":501,"Actual Rows":1.0,"Actual Startup Time":0.002,"Actual Total Time":0.002,"Async Capable":false,"Disabled":false,"Local Dirtied Blocks":0,"Local Hit Blocks":0,"Local Read Blocks":0,"Local Written Blocks":0,"Node Type":"Sort","Parallel Aware":false,"Parent Relationship":"Outer","Plan Rows":2,"Plan Width":46,"Plans":[{"Actual Loops":501,"Actual Rows":2.0,"Actual Startup Time":0.001,"Actual Total Time":0.001,"Alias":"cm_1","Async Capable":false,"Disabled":false,"Exact Heap Blocks":501,"Filter":"(organization_id = p.organization_id)","Local Dirtied Blocks":0,"Local Hit Blocks":0,"Local Read Blocks":0,"Local Written Blocks":0,"Lossy Heap Blocks":0,"Node Type":"Bitmap Heap Scan","Parallel Aware":false,"Parent Relationship":"Outer","Plan Rows":2,"Plan Width":46,"Plans":[{"Actual Loops":501,"Actual Rows":2.0,"Actual Startup Time":0.001,"Actual Total Time":0.001,"Async Capable":false,"Disabled":false,"Index Cond":"((person_id = p.id) AND (kind = 'phone'::text))","Index Name":"contact_method_person_id_kind_normalized_value_key","Index Searches":501,"Local Dirtied Blocks":0,"Local Hit Blocks":0,"Local Read Blocks":0,"Local Written Blocks":0,"Node Type":"Bitmap Index Scan","Parallel Aware":false,"Parent Relationship":"Outer","Plan Rows":2,"Plan Width":0,"Shared Dirtied Blocks":0,"Shared Hit Blocks":1503,"Shared Read Blocks":0,"Shared Written Blocks":0,"Startup Cost":0.0,"Temp Read Blocks":0,"Temp Written Blocks":0,"Total Cost":4.44}],"Recheck Cond":"((person_id = p.id) AND (kind = 'phone'::text))","Relation Name":"contact_method","Rows Removed by Filter":0,"Rows Removed by Index Recheck":0,"Shared Dirtied Blocks":0,"Shared Hit Blocks":2004,"Shared Read Blocks":0,"Shared Written Blocks":0,"Startup Cost":4.44,"Temp Read Blocks":0,"Temp Written Blocks":0,"Total Cost":12.27}],"Shared Dirtied Blocks":0,"Shared Hit Blocks":2004,"Shared Read Blocks":0,"Shared Written Blocks":0,"Sort Key":["cm_1.import_order","cm_1.created_at","cm_1.id"],"Sort Method":"quicksort","Sort Space Type":"Memory","Sort Space Used":25,"Startup Cost":12.28,"Temp Read Blocks":0,"Temp Written Blocks":0,"Total Cost":12.28}],"Shared Dirtied Blocks":0,"Shared Hit Blocks":2004,"Shared Read Blocks":0,"Shared Written Blocks":0,"Startup Cost":12.28,"Subplan Name":"SubPlan 2","Temp Read Blocks":0,"Temp Written Blocks":0,"Total Cost":12.28},{"Actual Loops":501,"Actual Rows":1.0,"Actual Startup Time":0.0,"Actual Total Time":0.0,"Async Capable":false,"Disabled":false,"Local Dirtied Blocks":0,"Local Hit Blocks":0,"Local Read Blocks":0,"Local Written Blocks":0,"Node Type":"Aggregate","Parallel Aware":false,"Parent Relationship":"SubPlan","Partial Mode":"Simple","Plan Rows":1,"Plan Width":8,"Plans":[{"Actual Loops":501,"Actual Rows":0.0,"Actual Startup Time":0.0,"Actual Total Time":0.0,"Alias":"i","Async Capable":false,"Disabled":false,"Heap Fetches":0,"Index Cond":"((organization_id = p.organization_id) AND (person_id = p.id))","Index Name":"inquiry_org_person_received_idx","Index Searches":501,"Local Dirtied Blocks":0,"Local Hit Blocks":0,"Local Read Blocks":0,"Local Written Blocks":0,"Node Type":"Index Only Scan","Parallel Aware":false,"Parent Relationship":"Outer","Plan Rows":1,"Plan Width":0,"Relation Name":"inquiry","Rows Removed by Index Recheck":0,"Scan Direction":"Forward","Shared Dirtied Blocks":0,"Shared Hit Blocks":1002,"Shared Read Blocks":0,"Shared Written Blocks":0,"Startup Cost":0.15,"Temp Read Blocks":0,"Temp Written Blocks":0,"Total Cost":8.17}],"Shared Dirtied Blocks":0,"Shared Hit Blocks":1002,"Shared Read Blocks":0,"Shared Written Blocks":0,"Startup Cost":8.17,"Strategy":"Plain","Subplan Name":"SubPlan 3","Temp Read Blocks":0,"Temp Written Blocks":0,"Total Cost":8.18}],"Shared Dirtied Blocks":0,"Shared Hit Blocks":57247,"Shared Read Blocks":0,"Shared Written Blocks":0,"Startup Cost":265777.74,"Temp Read Blocks":0,"Temp Written Blocks":0,"Total Cost":675125.86}],"Shared Dirtied Blocks":0,"Shared Hit Blocks":57247,"Shared Read Blocks":0,"Shared Written Blocks":0,"Startup Cost":265777.74,"Temp Read Blocks":0,"Temp Written Blocks":0,"Total Cost":282184.42},"Planning":{"Local Dirtied Blocks":0,"Local Hit Blocks":0,"Local Read Blocks":0,"Local Written Blocks":0,"Shared Dirtied Blocks":0,"Shared Hit Blocks":14,"Shared Read Blocks":0,"Shared Written Blocks":0,"Temp Read Blocks":0,"Temp Written Blocks":0},"Planning Time":0.416,"Triggers":[]}],"sql_sha256":"0c5a84f414ccc57edf4e55d7314c807247bd6b18d99a1a3c2db27e0ba91f6bc3"}
CRM_010C_IMPORT_PLAN {"label":"filtered_people_stage_desc","plan":[{"Execution Time":95.269,"JIT":{"Functions":70,"Options":{"Deforming":true,"Expressions":true,"Inlining":false,"Optimization":false},"Timing":{"Emission":14.818,"Generation":{"Deform":0.467,"Total":1.266},"Inlining":0.0,"Optimization":0.606,"Total":16.69}},"Plan":{"Actual Loops":1,"Actual Rows":501.0,"Actual Startup Time":90.379,"Actual Total Time":93.948,"Async Capable":false,"Disabled":false,"Local Dirtied Blocks":0,"Local Hit Blocks":0,"Local Read Blocks":0,"Local Written Blocks":0,"Node Type":"Limit","Parallel Aware":false,"Plan Rows":501,"Plan Width":210,"Plans":[{"Actual Loops":1,"Actual Rows":501.0,"Actual Startup Time":76.174,"Actual Total Time":79.717,"Async Capable":false,"Disabled":false,"Local Dirtied Blocks":0,"Local Hit Blocks":0,"Local Read Blocks":0,"Local Written Blocks":0,"Node Type":"Result","Parallel Aware":false,"Parent Relationship":"Outer","Plan Rows":12500,"Plan Width":210,"Plans":[{"Actual Loops":1,"Actual Rows":501.0,"Actual Startup Time":76.032,"Actual Total Time":76.057,"Async Capable":false,"Disabled":false,"Local Dirtied Blocks":0,"Local Hit Blocks":0,"Local Read Blocks":0,"Local Written Blocks":0,"Node Type":"Sort","Parallel Aware":false,"Parent Relationship":"Outer","Plan Rows":12500,"Plan Width":154,"Plans":[{"Actual Loops":1,"Actual Rows":25000.0,"Actual Startup Time":20.224,"Actual Total Time":58.693,"Async Capable":false,"Disabled":false,"Inner Unique":false,"Join Type":"Left","Local Dirtied Blocks":0,"Local Hit Blocks":0,"Local Read Blocks":0,"Local Written Blocks":0,"Node Type":"Nested Loop","Parallel Aware":false,"Parent Relationship":"Outer","Plan Rows":12500,"Plan Width":154,"Plans":[{"Actual Loops":1,"Actual Rows":25000.0,"Actual Startup Time":20.209,"Actual Total Time":41.874,"Async Capable":false,"Disabled":false,"Inner Unique":true,"Join Type":"Left","Local Dirtied Blocks":0,"Local Hit Blocks":0,"Local Read Blocks":0,"Local Written Blocks":0,"Node Type":"Nested Loop","Parallel Aware":false,"Parent Relationship":"Outer","Plan Rows":12500,"Plan Width":154,"Plans":[{"Actual Loops":1,"Actual Rows":25000.0,"Actual Startup Time":20.2,"Actual Total Time":35.039,"Async Capable":false,"Disabled":false,"Inner Unique":true,"Join Type":"Inner","Local Dirtied Blocks":0,"Local Hit Blocks":0,"Local Read Blocks":0,"Local Written Blocks":0,"Node Type":"Nested Loop","Parallel Aware":false,"Parent Relationship":"Outer","Plan Rows":12500,"Plan Width":135,"Plans":[{"Actual Loops":1,"Actual Rows":25000.0,"Actual Startup Time":20.177,"Actual Total Time":28.282,"Alias":"p","Async Capable":false,"Disabled":false,"Filter":"((stage_id = ANY ('{75986d85-40b7-4a3c-bd0b-fa0b70f0e0f2}'::uuid[])) AND (organization_id = '96a418fd-9fe7-4af9-bd4a-8b46f7e9d6bc'::uuid) AND (ANY ((id = (hashed SubPlan 5).col1) AND (organization_id = (hashed SubPlan 5).col2))))","Local Dirtied Blocks":0,"Local Hit Blocks":0,"Local Read Blocks":0,"Local Written Blocks":0,"Node Type":"Seq Scan","Parallel Aware":false,"Parent Relationship":"Outer","Plan Rows":12500,"Plan Width":101,"Plans":[{"Actual Loops":1,"Actual Rows":50000.0,"Actual Startup Time":0.093,"Actual Total Time":9.829,"Alias":"cm3","Async Capable":false,"Disabled":false,"Filter":"(kind = 'phone'::text)","Local Dirtied Blocks":0,"Local Hit Blocks":0,"Local Read Blocks":0,"Local Written Blocks":0,"Node Type":"Seq Scan","Parallel Aware":false,"Parent Relationship":"SubPlan","Plan Rows":49930,"Plan Width":32,"Relation Name":"contact_method","Rows Removed by Filter":50000,"Shared Dirtied Blocks":0,"Shared Hit Blocks":1667,"Shared Read Blocks":0,"Shared Written Blocks":0,"Startup Cost":0.0,"Subplan Name":"SubPlan 5","Temp Read Blocks":0,"Temp Written Blocks":0,"Total Cost":2917.0}],"Relation Name":"person","Rows Removed by Filter":0,"Shared Dirtied Blocks":0,"Shared Hit Blocks":2099,"Shared Read Blocks":0,"Shared Written Blocks":0,"Startup Cost":0.0,"Temp Read Blocks":0,"Temp Written Blocks":0,"Total Cost":161775.09},{"Actual Loops":25000,"Actual Rows":1.0,"Actual Startup Time":0.0,"Actual Total Time":0.0,"Async Capable":false,"Cache Evictions":0,"Cache Hits":24999,"Cache Key":"p.stage_id","Cache Misses":1,"Cache Mode":"logical","Cache Overflows":0,"Disabled":false,"Local Dirtied Blocks":0,"Local Hit Blocks":0,"Local Read Blocks":0,"Local Written Blocks":0,"Node Type":"Memoize","Parallel Aware":false,"Parent Relationship":"Inner","Peak Memory Usage":1,"Plan Rows":1,"Plan Width":50,"Plans":[{"Actual Loops":1,"Actual Rows":1.0,"Actual Startup Time":0.012,"Actual Total Time":0.013,"Alias":"s","Async Capable":false,"Disabled":false,"Index Cond":"(id = p.stage_id)","Index Name":"stage_id_organization_id_key","Index Searches":1,"Local Dirtied Blocks":0,"Local Hit Blocks":0,"Local Read Blocks":0,"Local Written Blocks":0,"Node Type":"Index Scan","Parallel Aware":false,"Parent Relationship":"Outer","Plan Rows":1,"Plan Width":50,"Relation Name":"stage","Rows Removed by Index Recheck":0,"Scan Direction":"Forward","Shared Dirtied Blocks":0,"Shared Hit Blocks":2,"Shared Read Blocks":0,"Shared Written Blocks":0,"Startup Cost":0.15,"Temp Read Blocks":0,"Temp Written Blocks":0,"Total Cost":0.17}],"Shared Dirtied Blocks":0,"Shared Hit Blocks":2,"Shared Read Blocks":0,"Shared Written Blocks":0,"Startup Cost":0.16,"Temp Read Blocks":0,"Temp Written Blocks":0,"Total Cost":0.18}],"Shared Dirtied Blocks":0,"Shared Hit Blocks":2101,"Shared Read Blocks":0,"Shared Written Blocks":0,"Startup Cost":0.16,"Temp Read Blocks":0,"Temp Written Blocks":0,"Total Cost":162087.68},{"Actual Loops":25000,"Actual Rows":1.0,"Actual Startup Time":0.0,"Actual Total Time":0.0,"Async Capable":false,"Cache Evictions":0,"Cache Hits":24950,"Cache Key":"p.assigned_user_id","Cache Misses":50,"Cache Mode":"logical","Cache Overflows":0,"Disabled":false,"Local Dirtied Blocks":0,"Local Hit Blocks":0,"Local Read Blocks":0,"Local Written Blocks":0,"Node Type":"Memoize","Parallel Aware":false,"Parent Relationship":"Inner","Peak Memory Usage":8,"Plan Rows":1,"Plan Width":35,"Plans":[{"Actual Loops":50,"Actual Rows":1.0,"Actual Startup Time":0.0,"Actual Total Time":0.0,"Alias":"u","Async Capable":false,"Disabled":false,"Index Cond":"(id = p.assigned_user_id)","Index Name":"app_user_pkey","Index Searches":50,"Local Dirtied Blocks":0,"Local Hit Blocks":0,"Local Read Blocks":0,"Local Written Blocks":0,"Node Type":"Index Scan","Parallel Aware":false,"Parent Relationship":"Outer","Plan Rows":1,"Plan Width":35,"Relation Name":"app_user","Rows Removed by Index Recheck":0,"Scan Direction":"Forward","Shared Dirtied Blocks":0,"Shared Hit Blocks":100,"Shared Read Blocks":0,"Shared Written Blocks":0,"Startup Cost":0.14,"Temp Read Blocks":0,"Temp Written Blocks":0,"Total Cost":0.16}],"Shared Dirtied Blocks":0,"Shared Hit Blocks":100,"Shared Read Blocks":0,"Shared Written Blocks":0,"Startup Cost":0.15,"Temp Read Blocks":0,"Temp Written Blocks":0,"Total Cost":0.17}],"Shared Dirtied Blocks":0,"Shared Hit Blocks":2201,"Shared Read Blocks":0,"Shared Written Blocks":0,"Startup Cost":0.31,"Temp Read Blocks":0,"Temp Written Blocks":0,"Total Cost":162404.7},{"Actual Loops":25000,"Actual Rows":0.0,"Actual Startup Time":0.001,"Actual Total Time":0.001,"Async Capable":false,"Disabled":false,"Local Dirtied Blocks":0,"Local Hit Blocks":0,"Local Read Blocks":0,"Local Written Blocks":0,"Node Type":"Limit","Parallel Aware":false,"Parent Relationship":"Inner","Plan Rows":1,"Plan Width":56,"Plans":[{"Actual Loops":25000,"Actual Rows":0.0,"Actual Startup Time":0.0,"Actual Total Time":0.0,"Async Capable":false,"Disabled":false,"Full-sort Groups":{"Group Count":25000,"Sort Methods Used":["quicksort"],"Sort Space Memory":{"Average Sort Space Used":25,"Peak Sort Space Used":25}},"Local Dirtied Blocks":0,"Local Hit Blocks":0,"Local Read Blocks":0,"Local Written Blocks":0,"Node Type":"Incremental Sort","Parallel Aware":false,"Parent Relationship":"Outer","Plan Rows":2,"Plan Width":56,"Plans":[{"Actual Loops":25000,"Actual Rows":0.0,"Actual Startup Time":0.0,"Actual Total Time":0.0,"Alias":"i2","Async Capable":false,"Disabled":false,"Index Cond":"((organization_id = p.organization_id) AND (person_id = p.id))","Index Name":"inquiry_org_person_received_idx","Index Searches":25000,"Local Dirtied Blocks":0,"Local Hit Blocks":0,"Local Read Blocks":0,"Local Written Blocks":0,"Node Type":"Index Scan","Parallel Aware":false,"Parent Relationship":"Outer","Plan Rows":1,"Plan Width":56,"Relation Name":"inquiry","Rows Removed by Index Recheck":0,"Scan Direction":"Backward","Shared Dirtied Blocks":0,"Shared Hit Blocks":50000,"Shared Read Blocks":0,"Shared Written Blocks":0,"Startup Cost":0.15,"Temp Read Blocks":0,"Temp Written Blocks":0,"Total Cost":8.17}],"Presorted Key":["i2.received_at"],"Shared Dirtied Blocks":0,"Shared Hit Blocks":50000,"Shared Read Blocks":0,"Shared Written Blocks":0,"Sort Key":["i2.received_at DESC","i2.id DESC"],"Startup Cost":8.18,"Temp Read Blocks":0,"Temp Written Blocks":0,"Total Cost":8.22}],"Shared Dirtied Blocks":0,"Shared Hit Blocks":50000,"Shared Read Blocks":0,"Shared Written Blocks":0,"Startup Cost":8.18,"Temp Read Blocks":0,"Temp Written Blocks":0,"Total Cost":8.2}],"Shared Dirtied Blocks":0,"Shared Hit Blocks":52201,"Shared Read Blocks":0,"Shared Written Blocks":0,"Startup Cost":8.49,"Temp Read Blocks":0,"Temp Written Blocks":0,"Total Cost":265154.7}],"Shared Dirtied Blocks":0,"Shared Hit Blocks":52201,"Shared Read Blocks":0,"Shared Written Blocks":0,"Sort Key":["s.\"position\" DESC","p.created_at DESC","p.id"],"Sort Method":"top-N heapsort","Sort Space Type":"Memory","Sort Space Used":283,"Startup Cost":265777.74,"Temp Read Blocks":0,"Temp Written Blocks":0,"Total Cost":265808.99},{"Actual Loops":501,"Actual Rows":1.0,"Actual Startup Time":0.004,"Actual Total Time":0.004,"Async Capable":false,"Disabled":false,"Local Dirtied Blocks":0,"Local Hit Blocks":0,"Local Read Blocks":0,"Local Written Blocks":0,"Node Type":"Limit","Parallel Aware":false,"Parent Relationship":"SubPlan","Plan Rows":1,"Plan Width":46,"Plans":[{"Actual Loops":501,"Actual Rows":1.0,"Actual Startup Time":0.003,"Actual Total Time":0.003,"Async Capable":false,"Disabled":false,"Local Dirtied Blocks":0,"Local Hit Blocks":0,"Local Read Blocks":0,"Local Written Blocks":0,"Node Type":"Sort","Parallel Aware":false,"Parent Relationship":"Outer","Plan Rows":2,"Plan Width":46,"Plans":[{"Actual Loops":501,"Actual Rows":2.0,"Actual Startup Time":0.002,"Actual Total Time":0.003,"Alias":"cm","Async Capable":false,"Disabled":false,"Exact Heap Blocks":534,"Filter":"(organization_id = p.organization_id)","Local Dirtied Blocks":0,"Local Hit Blocks":0,"Local Read Blocks":0,"Local Written Blocks":0,"Lossy Heap Blocks":0,"Node Type":"Bitmap Heap Scan","Parallel Aware":false,"Parent Relationship":"Outer","Plan Rows":2,"Plan Width":46,"Plans":[{"Actual Loops":501,"Actual Rows":2.0,"Actual Startup Time":0.002,"Actual Total Time":0.002,"Async Capable":false,"Disabled":false,"Index Cond":"((person_id = p.id) AND (kind = 'email'::text))","Index Name":"contact_method_person_id_kind_normalized_value_key","Index Searches":501,"Local Dirtied Blocks":0,"Local Hit Blocks":0,"Local Read Blocks":0,"Local Written Blocks":0,"Node Type":"Bitmap Index Scan","Parallel Aware":false,"Parent Relationship":"Outer","Plan Rows":2,"Plan Width":0,"Shared Dirtied Blocks":0,"Shared Hit Blocks":1503,"Shared Read Blocks":0,"Shared Written Blocks":0,"Startup Cost":0.0,"Temp Read Blocks":0,"Temp Written Blocks":0,"Total Cost":4.44}],"Recheck Cond":"((person_id = p.id) AND (kind = 'email'::text))","Relation Name":"contact_method","Rows Removed by Filter":0,"Rows Removed by Index Recheck":0,"Shared Dirtied Blocks":0,"Shared Hit Blocks":2037,"Shared Read Blocks":0,"Shared Written Blocks":0,"Startup Cost":4.44,"Temp Read Blocks":0,"Temp Written Blocks":0,"Total Cost":12.27}],"Shared Dirtied Blocks":0,"Shared Hit Blocks":2037,"Shared Read Blocks":0,"Shared Written Blocks":0,"Sort Key":["cm.import_order","cm.created_at","cm.id"],"Sort Method":"quicksort","Sort Space Type":"Memory","Sort Space Used":25,"Startup Cost":12.28,"Temp Read Blocks":0,"Temp Written Blocks":0,"Total Cost":12.28}],"Shared Dirtied Blocks":0,"Shared Hit Blocks":2037,"Shared Read Blocks":0,"Shared Written Blocks":0,"Startup Cost":12.28,"Subplan Name":"SubPlan 1","Temp Read Blocks":0,"Temp Written Blocks":0,"Total Cost":12.28},{"Actual Loops":501,"Actual Rows":1.0,"Actual Startup Time":0.002,"Actual Total Time":0.002,"Async Capable":false,"Disabled":false,"Local Dirtied Blocks":0,"Local Hit Blocks":0,"Local Read Blocks":0,"Local Written Blocks":0,"Node Type":"Limit","Parallel Aware":false,"Parent Relationship":"SubPlan","Plan Rows":1,"Plan Width":46,"Plans":[{"Actual Loops":501,"Actual Rows":1.0,"Actual Startup Time":0.002,"Actual Total Time":0.002,"Async Capable":false,"Disabled":false,"Local Dirtied Blocks":0,"Local Hit Blocks":0,"Local Read Blocks":0,"Local Written Blocks":0,"Node Type":"Sort","Parallel Aware":false,"Parent Relationship":"Outer","Plan Rows":2,"Plan Width":46,"Plans":[{"Actual Loops":501,"Actual Rows":2.0,"Actual Startup Time":0.001,"Actual Total Time":0.001,"Alias":"cm_1","Async Capable":false,"Disabled":false,"Exact Heap Blocks":501,"Filter":"(organization_id = p.organization_id)","Local Dirtied Blocks":0,"Local Hit Blocks":0,"Local Read Blocks":0,"Local Written Blocks":0,"Lossy Heap Blocks":0,"Node Type":"Bitmap Heap Scan","Parallel Aware":false,"Parent Relationship":"Outer","Plan Rows":2,"Plan Width":46,"Plans":[{"Actual Loops":501,"Actual Rows":2.0,"Actual Startup Time":0.001,"Actual Total Time":0.001,"Async Capable":false,"Disabled":false,"Index Cond":"((person_id = p.id) AND (kind = 'phone'::text))","Index Name":"contact_method_person_id_kind_normalized_value_key","Index Searches":501,"Local Dirtied Blocks":0,"Local Hit Blocks":0,"Local Read Blocks":0,"Local Written Blocks":0,"Node Type":"Bitmap Index Scan","Parallel Aware":false,"Parent Relationship":"Outer","Plan Rows":2,"Plan Width":0,"Shared Dirtied Blocks":0,"Shared Hit Blocks":1503,"Shared Read Blocks":0,"Shared Written Blocks":0,"Startup Cost":0.0,"Temp Read Blocks":0,"Temp Written Blocks":0,"Total Cost":4.44}],"Recheck Cond":"((person_id = p.id) AND (kind = 'phone'::text))","Relation Name":"contact_method","Rows Removed by Filter":0,"Rows Removed by Index Recheck":0,"Shared Dirtied Blocks":0,"Shared Hit Blocks":2004,"Shared Read Blocks":0,"Shared Written Blocks":0,"Startup Cost":4.44,"Temp Read Blocks":0,"Temp Written Blocks":0,"Total Cost":12.27}],"Shared Dirtied Blocks":0,"Shared Hit Blocks":2004,"Shared Read Blocks":0,"Shared Written Blocks":0,"Sort Key":["cm_1.import_order","cm_1.created_at","cm_1.id"],"Sort Method":"quicksort","Sort Space Type":"Memory","Sort Space Used":25,"Startup Cost":12.28,"Temp Read Blocks":0,"Temp Written Blocks":0,"Total Cost":12.28}],"Shared Dirtied Blocks":0,"Shared Hit Blocks":2004,"Shared Read Blocks":0,"Shared Written Blocks":0,"Startup Cost":12.28,"Subplan Name":"SubPlan 2","Temp Read Blocks":0,"Temp Written Blocks":0,"Total Cost":12.28},{"Actual Loops":501,"Actual Rows":1.0,"Actual Startup Time":0.001,"Actual Total Time":0.001,"Async Capable":false,"Disabled":false,"Local Dirtied Blocks":0,"Local Hit Blocks":0,"Local Read Blocks":0,"Local Written Blocks":0,"Node Type":"Aggregate","Parallel Aware":false,"Parent Relationship":"SubPlan","Partial Mode":"Simple","Plan Rows":1,"Plan Width":8,"Plans":[{"Actual Loops":501,"Actual Rows":0.0,"Actual Startup Time":0.0,"Actual Total Time":0.0,"Alias":"i","Async Capable":false,"Disabled":false,"Heap Fetches":0,"Index Cond":"((organization_id = p.organization_id) AND (person_id = p.id))","Index Name":"inquiry_org_person_received_idx","Index Searches":501,"Local Dirtied Blocks":0,"Local Hit Blocks":0,"Local Read Blocks":0,"Local Written Blocks":0,"Node Type":"Index Only Scan","Parallel Aware":false,"Parent Relationship":"Outer","Plan Rows":1,"Plan Width":0,"Relation Name":"inquiry","Rows Removed by Index Recheck":0,"Scan Direction":"Forward","Shared Dirtied Blocks":0,"Shared Hit Blocks":1002,"Shared Read Blocks":0,"Shared Written Blocks":0,"Startup Cost":0.15,"Temp Read Blocks":0,"Temp Written Blocks":0,"Total Cost":8.17}],"Shared Dirtied Blocks":0,"Shared Hit Blocks":1002,"Shared Read Blocks":0,"Shared Written Blocks":0,"Startup Cost":8.17,"Strategy":"Plain","Subplan Name":"SubPlan 3","Temp Read Blocks":0,"Temp Written Blocks":0,"Total Cost":8.18}],"Shared Dirtied Blocks":0,"Shared Hit Blocks":57244,"Shared Read Blocks":0,"Shared Written Blocks":0,"Startup Cost":265777.74,"Temp Read Blocks":0,"Temp Written Blocks":0,"Total Cost":675125.86}],"Shared Dirtied Blocks":0,"Shared Hit Blocks":57244,"Shared Read Blocks":0,"Shared Written Blocks":0,"Startup Cost":265777.74,"Temp Read Blocks":0,"Temp Written Blocks":0,"Total Cost":282184.42},"Planning":{"Local Dirtied Blocks":0,"Local Hit Blocks":0,"Local Read Blocks":0,"Local Written Blocks":0,"Shared Dirtied Blocks":0,"Shared Hit Blocks":14,"Shared Read Blocks":0,"Shared Written Blocks":0,"Temp Read Blocks":0,"Temp Written Blocks":0},"Planning Time":0.423,"Triggers":[]}],"sql_sha256":"e70277cec0bedbbdf5382c1288f7d60983e13f9819763b31f1f5c056933ae852"}
CRM_010C_IMPORT_PLAN {"label":"filtered_people_assignee_asc","plan":[{"Execution Time":92.507,"JIT":{"Functions":70,"Options":{"Deforming":true,"Expressions":true,"Inlining":false,"Optimization":false},"Timing":{"Emission":15.471,"Generation":{"Deform":0.442,"Total":1.173},"Inlining":0.0,"Optimization":0.588,"Total":17.231}},"Plan":{"Actual Loops":1,"Actual Rows":501.0,"Actual Startup Time":86.937,"Actual Total Time":91.33,"Async Capable":false,"Disabled":false,"Local Dirtied Blocks":0,"Local Hit Blocks":0,"Local Read Blocks":0,"Local Written Blocks":0,"Node Type":"Limit","Parallel Aware":false,"Plan Rows":501,"Plan Width":208,"Plans":[{"Actual Loops":1,"Actual Rows":501.0,"Actual Startup Time":72.278,"Actual Total Time":76.643,"Async Capable":false,"Disabled":false,"Local Dirtied Blocks":0,"Local Hit Blocks":0,"Local Read Blocks":0,"Local Written Blocks":0,"Node Type":"Result","Parallel Aware":false,"Parent Relationship":"Outer","Plan Rows":12500,"Plan Width":208,"Plans":[{"Actual Loops":1,"Actual Rows":501.0,"Actual Startup Time":72.195,"Actual Total Time":72.224,"Async Capable":false,"Disabled":false,"Local Dirtied Blocks":0,"Local Hit Blocks":0,"Local Read Blocks":0,"Local Written Blocks":0,"Node Type":"Sort","Parallel Aware":false,"Parent Relationship":"Outer","Plan Rows":12500,"Plan Width":152,"Plans":[{"Actual Loops":1,"Actual Rows":25000.0,"Actual Startup Time":20.45,"Actual Total Time":59.655,"Async Capable":false,"Disabled":false,"Inner Unique":false,"Join Type":"Left","Local Dirtied Blocks":0,"Local Hit Blocks":0,"Local Read Blocks":0,"Local Written Blocks":0,"Node Type":"Nested Loop","Parallel Aware":false,"Parent Relationship":"Outer","Plan Rows":12500,"Plan Width":152,"Plans":[{"Actual Loops":1,"Actual Rows":25000.0,"Actual Startup Time":20.43,"Actual Total Time":42.527,"Async Capable":false,"Disabled":false,"Inner Unique":true,"Join Type":"Left","Local Dirtied Blocks":0,"Local Hit Blocks":0,"Local Read Blocks":0,"Local Written Blocks":0,"Node Type":"Nested Loop","Parallel Aware":false,"Parent Relationship":"Outer","Plan Rows":12500,"Plan Width":152,"Plans":[{"Actual Loops":1,"Actual Rows":25000.0,"Actual Startup Time":20.42,"Actual Total Time":35.629,"Async Capable":false,"Disabled":false,"Inner Unique":true,"Join Type":"Inner","Local Dirtied Blocks":0,"Local Hit Blocks":0,"Local Read Blocks":0,"Local Written Blocks":0,"Node Type":"Nested Loop","Parallel Aware":false,"Parent Relationship":"Outer","Plan Rows":12500,"Plan Width":133,"Plans":[{"Actual Loops":1,"Actual Rows":25000.0,"Actual Startup Time":20.395,"Actual Total Time":28.686,"Alias":"p","Async Capable":false,"Disabled":false,"Filter":"((stage_id = ANY ('{75986d85-40b7-4a3c-bd0b-fa0b70f0e0f2}'::uuid[])) AND (organization_id = '96a418fd-9fe7-4af9-bd4a-8b46f7e9d6bc'::uuid) AND (ANY ((id = (hashed SubPlan 5).col1) AND (organization_id = (hashed SubPlan 5).col2))))","Local Dirtied Blocks":0,"Local Hit Blocks":0,"Local Read Blocks":0,"Local Written Blocks":0,"Node Type":"Seq Scan","Parallel Aware":false,"Parent Relationship":"Outer","Plan Rows":12500,"Plan Width":101,"Plans":[{"Actual Loops":1,"Actual Rows":50000.0,"Actual Startup Time":0.119,"Actual Total Time":9.619,"Alias":"cm3","Async Capable":false,"Disabled":false,"Filter":"(kind = 'phone'::text)","Local Dirtied Blocks":0,"Local Hit Blocks":0,"Local Read Blocks":0,"Local Written Blocks":0,"Node Type":"Seq Scan","Parallel Aware":false,"Parent Relationship":"SubPlan","Plan Rows":49930,"Plan Width":32,"Relation Name":"contact_method","Rows Removed by Filter":50000,"Shared Dirtied Blocks":0,"Shared Hit Blocks":1667,"Shared Read Blocks":0,"Shared Written Blocks":0,"Startup Cost":0.0,"Subplan Name":"SubPlan 5","Temp Read Blocks":0,"Temp Written Blocks":0,"Total Cost":2917.0}],"Relation Name":"person","Rows Removed by Filter":0,"Shared Dirtied Blocks":0,"Shared Hit Blocks":2099,"Shared Read Blocks":0,"Shared Written Blocks":0,"Startup Cost":0.0,"Temp Read Blocks":0,"Temp Written Blocks":0,"Total Cost":161775.09},{"Actual Loops":25000,"Actual Rows":1.0,"Actual Startup Time":0.0,"Actual Total Time":0.0,"Async Capable":false,"Cache Evictions":0,"Cache Hits":24999,"Cache Key":"p.stage_id","Cache Misses":1,"Cache Mode":"logical","Cache Overflows":0,"Disabled":false,"Local Dirtied Blocks":0,"Local Hit Blocks":0,"Local Read Blocks":0,"Local Written Blocks":0,"Node Type":"Memoize","Parallel Aware":false,"Parent Relationship":"Inner","Peak Memory Usage":1,"Plan Rows":1,"Plan Width":48,"Plans":[{"Actual Loops":1,"Actual Rows":1.0,"Actual Startup Time":0.014,"Actual Total Time":0.014,"Alias":"s","Async Capable":false,"Disabled":false,"Index Cond":"(id = p.stage_id)","Index Name":"stage_id_organization_id_key","Index Searches":1,"Local Dirtied Blocks":0,"Local Hit Blocks":0,"Local Read Blocks":0,"Local Written Blocks":0,"Node Type":"Index Scan","Parallel Aware":false,"Parent Relationship":"Outer","Plan Rows":1,"Plan Width":48,"Relation Name":"stage","Rows Removed by Index Recheck":0,"Scan Direction":"Forward","Shared Dirtied Blocks":0,"Shared Hit Blocks":2,"Shared Read Blocks":0,"Shared Written Blocks":0,"Startup Cost":0.15,"Temp Read Blocks":0,"Temp Written Blocks":0,"Total Cost":0.17}],"Shared Dirtied Blocks":0,"Shared Hit Blocks":2,"Shared Read Blocks":0,"Shared Written Blocks":0,"Startup Cost":0.16,"Temp Read Blocks":0,"Temp Written Blocks":0,"Total Cost":0.18}],"Shared Dirtied Blocks":0,"Shared Hit Blocks":2101,"Shared Read Blocks":0,"Shared Written Blocks":0,"Startup Cost":0.16,"Temp Read Blocks":0,"Temp Written Blocks":0,"Total Cost":162087.68},{"Actual Loops":25000,"Actual Rows":1.0,"Actual Startup Time":0.0,"Actual Total Time":0.0,"Async Capable":false,"Cache Evictions":0,"Cache Hits":24950,"Cache Key":"p.assigned_user_id","Cache Misses":50,"Cache Mode":"logical","Cache Overflows":0,"Disabled":false,"Local Dirtied Blocks":0,"Local Hit Blocks":0,"Local Read Blocks":0,"Local Written Blocks":0,"Node Type":"Memoize","Parallel Aware":false,"Parent Relationship":"Inner","Peak Memory Usage":8,"Plan Rows":1,"Plan Width":35,"Plans":[{"Actual Loops":50,"Actual Rows":1.0,"Actual Startup Time":0.001,"Actual Total Time":0.001,"Alias":"u","Async Capable":false,"Disabled":false,"Index Cond":"(id = p.assigned_user_id)","Index Name":"app_user_pkey","Index Searches":50,"Local Dirtied Blocks":0,"Local Hit Blocks":0,"Local Read Blocks":0,"Local Written Blocks":0,"Node Type":"Index Scan","Parallel Aware":false,"Parent Relationship":"Outer","Plan Rows":1,"Plan Width":35,"Relation Name":"app_user","Rows Removed by Index Recheck":0,"Scan Direction":"Forward","Shared Dirtied Blocks":0,"Shared Hit Blocks":100,"Shared Read Blocks":0,"Shared Written Blocks":0,"Startup Cost":0.14,"Temp Read Blocks":0,"Temp Written Blocks":0,"Total Cost":0.16}],"Shared Dirtied Blocks":0,"Shared Hit Blocks":100,"Shared Read Blocks":0,"Shared Written Blocks":0,"Startup Cost":0.15,"Temp Read Blocks":0,"Temp Written Blocks":0,"Total Cost":0.17}],"Shared Dirtied Blocks":0,"Shared Hit Blocks":2201,"Shared Read Blocks":0,"Shared Written Blocks":0,"Startup Cost":0.31,"Temp Read Blocks":0,"Temp Written Blocks":0,"Total Cost":162404.7},{"Actual Loops":25000,"Actual Rows":0.0,"Actual Startup Time":0.001,"Actual Total Time":0.001,"Async Capable":false,"Disabled":false,"Local Dirtied Blocks":0,"Local Hit Blocks":0,"Local Read Blocks":0,"Local Written Blocks":0,"Node Type":"Limit","Parallel Aware":false,"Parent Relationship":"Inner","Plan Rows":1,"Plan Width":56,"Plans":[{"Actual Loops":25000,"Actual Rows":0.0,"Actual Startup Time":0.0,"Actual Total Time":0.0,"Async Capable":false,"Disabled":false,"Full-sort Groups":{"Group Count":25000,"Sort Methods Used":["quicksort"],"Sort Space Memory":{"Average Sort Space Used":25,"Peak Sort Space Used":25}},"Local Dirtied Blocks":0,"Local Hit Blocks":0,"Local Read Blocks":0,"Local Written Blocks":0,"Node Type":"Incremental Sort","Parallel Aware":false,"Parent Relationship":"Outer","Plan Rows":2,"Plan Width":56,"Plans":[{"Actual Loops":25000,"Actual Rows":0.0,"Actual Startup Time":0.0,"Actual Total Time":0.0,"Alias":"i2","Async Capable":false,"Disabled":false,"Index Cond":"((organization_id = p.organization_id) AND (person_id = p.id))","Index Name":"inquiry_org_person_received_idx","Index Searches":25000,"Local Dirtied Blocks":0,"Local Hit Blocks":0,"Local Read Blocks":0,"Local Written Blocks":0,"Node Type":"Index Scan","Parallel Aware":false,"Parent Relationship":"Outer","Plan Rows":1,"Plan Width":56,"Relation Name":"inquiry","Rows Removed by Index Recheck":0,"Scan Direction":"Backward","Shared Dirtied Blocks":0,"Shared Hit Blocks":50000,"Shared Read Blocks":0,"Shared Written Blocks":0,"Startup Cost":0.15,"Temp Read Blocks":0,"Temp Written Blocks":0,"Total Cost":8.17}],"Presorted Key":["i2.received_at"],"Shared Dirtied Blocks":0,"Shared Hit Blocks":50000,"Shared Read Blocks":0,"Shared Written Blocks":0,"Sort Key":["i2.received_at DESC","i2.id DESC"],"Startup Cost":8.18,"Temp Read Blocks":0,"Temp Written Blocks":0,"Total Cost":8.22}],"Shared Dirtied Blocks":0,"Shared Hit Blocks":50000,"Shared Read Blocks":0,"Shared Written Blocks":0,"Startup Cost":8.18,"Temp Read Blocks":0,"Temp Written Blocks":0,"Total Cost":8.2}],"Shared Dirtied Blocks":0,"Shared Hit Blocks":52201,"Shared Read Blocks":0,"Shared Written Blocks":0,"Startup Cost":8.49,"Temp Read Blocks":0,"Temp Written Blocks":0,"Total Cost":265154.7}],"Shared Dirtied Blocks":0,"Shared Hit Blocks":52201,"Shared Read Blocks":0,"Shared Written Blocks":0,"Sort Key":["u.display_name","p.created_at DESC","p.id"],"Sort Method":"top-N heapsort","Sort Space Type":"Memory","Sort Space Used":244,"Startup Cost":265777.74,"Temp Read Blocks":0,"Temp Written Blocks":0,"Total Cost":265808.99},{"Actual Loops":501,"Actual Rows":1.0,"Actual Startup Time":0.005,"Actual Total Time":0.005,"Async Capable":false,"Disabled":false,"Local Dirtied Blocks":0,"Local Hit Blocks":0,"Local Read Blocks":0,"Local Written Blocks":0,"Node Type":"Limit","Parallel Aware":false,"Parent Relationship":"SubPlan","Plan Rows":1,"Plan Width":46,"Plans":[{"Actual Loops":501,"Actual Rows":1.0,"Actual Startup Time":0.005,"Actual Total Time":0.005,"Async Capable":false,"Disabled":false,"Local Dirtied Blocks":0,"Local Hit Blocks":0,"Local Read Blocks":0,"Local Written Blocks":0,"Node Type":"Sort","Parallel Aware":false,"Parent Relationship":"Outer","Plan Rows":2,"Plan Width":46,"Plans":[{"Actual Loops":501,"Actual Rows":2.0,"Actual Startup Time":0.004,"Actual Total Time":0.004,"Alias":"cm","Async Capable":false,"Disabled":false,"Exact Heap Blocks":501,"Filter":"(organization_id = p.organization_id)","Local Dirtied Blocks":0,"Local Hit Blocks":0,"Local Read Blocks":0,"Local Written Blocks":0,"Lossy Heap Blocks":0,"Node Type":"Bitmap Heap Scan","Parallel Aware":false,"Parent Relationship":"Outer","Plan Rows":2,"Plan Width":46,"Plans":[{"Actual Loops":501,"Actual Rows":2.0,"Actual Startup Time":0.003,"Actual Total Time":0.003,"Async Capable":false,"Disabled":false,"Index Cond":"((person_id = p.id) AND (kind = 'email'::text))","Index Name":"contact_method_person_id_kind_normalized_value_key","Index Searches":501,"Local Dirtied Blocks":0,"Local Hit Blocks":0,"Local Read Blocks":0,"Local Written Blocks":0,"Node Type":"Bitmap Index Scan","Parallel Aware":false,"Parent Relationship":"Outer","Plan Rows":2,"Plan Width":0,"Shared Dirtied Blocks":0,"Shared Hit Blocks":1365,"Shared Read Blocks":138,"Shared Written Blocks":0,"Startup Cost":0.0,"Temp Read Blocks":0,"Temp Written Blocks":0,"Total Cost":4.44}],"Recheck Cond":"((person_id = p.id) AND (kind = 'email'::text))","Relation Name":"contact_method","Rows Removed by Filter":0,"Rows Removed by Index Recheck":0,"Shared Dirtied Blocks":0,"Shared Hit Blocks":1866,"Shared Read Blocks":138,"Shared Written Blocks":0,"Startup Cost":4.44,"Temp Read Blocks":0,"Temp Written Blocks":0,"Total Cost":12.27}],"Shared Dirtied Blocks":0,"Shared Hit Blocks":1866,"Shared Read Blocks":138,"Shared Written Blocks":0,"Sort Key":["cm.import_order","cm.created_at","cm.id"],"Sort Method":"quicksort","Sort Space Type":"Memory","Sort Space Used":25,"Startup Cost":12.28,"Temp Read Blocks":0,"Temp Written Blocks":0,"Total Cost":12.28}],"Shared Dirtied Blocks":0,"Shared Hit Blocks":1866,"Shared Read Blocks":138,"Shared Written Blocks":0,"Startup Cost":12.28,"Subplan Name":"SubPlan 1","Temp Read Blocks":0,"Temp Written Blocks":0,"Total Cost":12.28},{"Actual Loops":501,"Actual Rows":1.0,"Actual Startup Time":0.003,"Actual Total Time":0.003,"Async Capable":false,"Disabled":false,"Local Dirtied Blocks":0,"Local Hit Blocks":0,"Local Read Blocks":0,"Local Written Blocks":0,"Node Type":"Limit","Parallel Aware":false,"Parent Relationship":"SubPlan","Plan Rows":1,"Plan Width":46,"Plans":[{"Actual Loops":501,"Actual Rows":1.0,"Actual Startup Time":0.002,"Actual Total Time":0.002,"Async Capable":false,"Disabled":false,"Local Dirtied Blocks":0,"Local Hit Blocks":0,"Local Read Blocks":0,"Local Written Blocks":0,"Node Type":"Sort","Parallel Aware":false,"Parent Relationship":"Outer","Plan Rows":2,"Plan Width":46,"Plans":[{"Actual Loops":501,"Actual Rows":2.0,"Actual Startup Time":0.001,"Actual Total Time":0.001,"Alias":"cm_1","Async Capable":false,"Disabled":false,"Exact Heap Blocks":501,"Filter":"(organization_id = p.organization_id)","Local Dirtied Blocks":0,"Local Hit Blocks":0,"Local Read Blocks":0,"Local Written Blocks":0,"Lossy Heap Blocks":0,"Node Type":"Bitmap Heap Scan","Parallel Aware":false,"Parent Relationship":"Outer","Plan Rows":2,"Plan Width":46,"Plans":[{"Actual Loops":501,"Actual Rows":2.0,"Actual Startup Time":0.001,"Actual Total Time":0.001,"Async Capable":false,"Disabled":false,"Index Cond":"((person_id = p.id) AND (kind = 'phone'::text))","Index Name":"contact_method_person_id_kind_normalized_value_key","Index Searches":501,"Local Dirtied Blocks":0,"Local Hit Blocks":0,"Local Read Blocks":0,"Local Written Blocks":0,"Node Type":"Bitmap Index Scan","Parallel Aware":false,"Parent Relationship":"Outer","Plan Rows":2,"Plan Width":0,"Shared Dirtied Blocks":0,"Shared Hit Blocks":1503,"Shared Read Blocks":0,"Shared Written Blocks":0,"Startup Cost":0.0,"Temp Read Blocks":0,"Temp Written Blocks":0,"Total Cost":4.44}],"Recheck Cond":"((person_id = p.id) AND (kind = 'phone'::text))","Relation Name":"contact_method","Rows Removed by Filter":0,"Rows Removed by Index Recheck":0,"Shared Dirtied Blocks":0,"Shared Hit Blocks":2004,"Shared Read Blocks":0,"Shared Written Blocks":0,"Startup Cost":4.44,"Temp Read Blocks":0,"Temp Written Blocks":0,"Total Cost":12.27}],"Shared Dirtied Blocks":0,"Shared Hit Blocks":2004,"Shared Read Blocks":0,"Shared Written Blocks":0,"Sort Key":["cm_1.import_order","cm_1.created_at","cm_1.id"],"Sort Method":"quicksort","Sort Space Type":"Memory","Sort Space Used":25,"Startup Cost":12.28,"Temp Read Blocks":0,"Temp Written Blocks":0,"Total Cost":12.28}],"Shared Dirtied Blocks":0,"Shared Hit Blocks":2004,"Shared Read Blocks":0,"Shared Written Blocks":0,"Startup Cost":12.28,"Subplan Name":"SubPlan 2","Temp Read Blocks":0,"Temp Written Blocks":0,"Total Cost":12.28},{"Actual Loops":501,"Actual Rows":1.0,"Actual Startup Time":0.0,"Actual Total Time":0.0,"Async Capable":false,"Disabled":false,"Local Dirtied Blocks":0,"Local Hit Blocks":0,"Local Read Blocks":0,"Local Written Blocks":0,"Node Type":"Aggregate","Parallel Aware":false,"Parent Relationship":"SubPlan","Partial Mode":"Simple","Plan Rows":1,"Plan Width":8,"Plans":[{"Actual Loops":501,"Actual Rows":0.0,"Actual Startup Time":0.0,"Actual Total Time":0.0,"Alias":"i","Async Capable":false,"Disabled":false,"Heap Fetches":0,"Index Cond":"((organization_id = p.organization_id) AND (person_id = p.id))","Index Name":"inquiry_org_person_received_idx","Index Searches":501,"Local Dirtied Blocks":0,"Local Hit Blocks":0,"Local Read Blocks":0,"Local Written Blocks":0,"Node Type":"Index Only Scan","Parallel Aware":false,"Parent Relationship":"Outer","Plan Rows":1,"Plan Width":0,"Relation Name":"inquiry","Rows Removed by Index Recheck":0,"Scan Direction":"Forward","Shared Dirtied Blocks":0,"Shared Hit Blocks":1002,"Shared Read Blocks":0,"Shared Written Blocks":0,"Startup Cost":0.15,"Temp Read Blocks":0,"Temp Written Blocks":0,"Total Cost":8.17}],"Shared Dirtied Blocks":0,"Shared Hit Blocks":1002,"Shared Read Blocks":0,"Shared Written Blocks":0,"Startup Cost":8.17,"Strategy":"Plain","Subplan Name":"SubPlan 3","Temp Read Blocks":0,"Temp Written Blocks":0,"Total Cost":8.18}],"Shared Dirtied Blocks":0,"Shared Hit Blocks":57073,"Shared Read Blocks":138,"Shared Written Blocks":0,"Startup Cost":265777.74,"Temp Read Blocks":0,"Temp Written Blocks":0,"Total Cost":675125.86}],"Shared Dirtied Blocks":0,"Shared Hit Blocks":57073,"Shared Read Blocks":138,"Shared Written Blocks":0,"Startup Cost":265777.74,"Temp Read Blocks":0,"Temp Written Blocks":0,"Total Cost":282184.42},"Planning":{"Local Dirtied Blocks":0,"Local Hit Blocks":0,"Local Read Blocks":0,"Local Written Blocks":0,"Shared Dirtied Blocks":0,"Shared Hit Blocks":10,"Shared Read Blocks":0,"Shared Written Blocks":0,"Temp Read Blocks":0,"Temp Written Blocks":0},"Planning Time":0.396,"Triggers":[]}],"sql_sha256":"63f37a19805c6ec956c1da4e2242d72cb55a5f14469bce324dd4ba9e1378e18d"}
CRM_010C_IMPORT_PLAN {"label":"filtered_people_assignee_desc","plan":[{"Execution Time":93.319,"JIT":{"Functions":70,"Options":{"Deforming":true,"Expressions":true,"Inlining":false,"Optimization":false},"Timing":{"Emission":16.465,"Generation":{"Deform":0.465,"Total":1.165},"Inlining":0.0,"Optimization":0.586,"Total":18.217}},"Plan":{"Actual Loops":1,"Actual Rows":501.0,"Actual Startup Time":87.654,"Actual Total Time":92.128,"Async Capable":false,"Disabled":false,"Local Dirtied Blocks":0,"Local Hit Blocks":0,"Local Read Blocks":0,"Local Written Blocks":0,"Node Type":"Limit","Parallel Aware":false,"Plan Rows":501,"Plan Width":208,"Plans":[{"Actual Loops":1,"Actual Rows":501.0,"Actual Startup Time":71.79,"Actual Total Time":76.236,"Async Capable":false,"Disabled":false,"Local Dirtied Blocks":0,"Local Hit Blocks":0,"Local Read Blocks":0,"Local Written Blocks":0,"Node Type":"Result","Parallel Aware":false,"Parent Relationship":"Outer","Plan Rows":12500,"Plan Width":208,"Plans":[{"Actual Loops":1,"Actual Rows":501.0,"Actual Startup Time":71.728,"Actual Total Time":71.757,"Async Capable":false,"Disabled":false,"Local Dirtied Blocks":0,"Local Hit Blocks":0,"Local Read Blocks":0,"Local Written Blocks":0,"Node Type":"Sort","Parallel Aware":false,"Parent Relationship":"Outer","Plan Rows":12500,"Plan Width":152,"Plans":[{"Actual Loops":1,"Actual Rows":25000.0,"Actual Startup Time":20.495,"Actual Total Time":59.111,"Async Capable":false,"Disabled":false,"Inner Unique":false,"Join Type":"Left","Local Dirtied Blocks":0,"Local Hit Blocks":0,"Local Read Blocks":0,"Local Written Blocks":0,"Node Type":"Nested Loop","Parallel Aware":false,"Parent Relationship":"Outer","Plan Rows":12500,"Plan Width":152,"Plans":[{"Actual Loops":1,"Actual Rows":25000.0,"Actual Startup Time":20.479,"Actual Total Time":42.132,"Async Capable":false,"Disabled":false,"Inner Unique":true,"Join Type":"Left","Local Dirtied Blocks":0,"Local Hit Blocks":0,"Local Read Blocks":0,"Local Written Blocks":0,"Node Type":"Nested Loop","Parallel Aware":false,"Parent Relationship":"Outer","Plan Rows":12500,"Plan Width":152,"Plans":[{"Actual Loops":1,"Actual Rows":25000.0,"Actual Startup Time":20.47,"Actual Total Time":35.315,"Async Capable":false,"Disabled":false,"Inner Unique":true,"Join Type":"Inner","Local Dirtied Blocks":0,"Local Hit Blocks":0,"Local Read Blocks":0,"Local Written Blocks":0,"Node Type":"Nested Loop","Parallel Aware":false,"Parent Relationship":"Outer","Plan Rows":12500,"Plan Width":133,"Plans":[{"Actual Loops":1,"Actual Rows":25000.0,"Actual Startup Time":20.445,"Actual Total Time":28.435,"Alias":"p","Async Capable":false,"Disabled":false,"Filter":"((stage_id = ANY ('{75986d85-40b7-4a3c-bd0b-fa0b70f0e0f2}'::uuid[])) AND (organization_id = '96a418fd-9fe7-4af9-bd4a-8b46f7e9d6bc'::uuid) AND (ANY ((id = (hashed SubPlan 5).col1) AND (organization_id = (hashed SubPlan 5).col2))))","Local Dirtied Blocks":0,"Local Hit Blocks":0,"Local Read Blocks":0,"Local Written Blocks":0,"Node Type":"Seq Scan","Parallel Aware":false,"Parent Relationship":"Outer","Plan Rows":12500,"Plan Width":101,"Plans":[{"Actual Loops":1,"Actual Rows":50000.0,"Actual Startup Time":0.099,"Actual Total Time":9.789,"Alias":"cm3","Async Capable":false,"Disabled":false,"Filter":"(kind = 'phone'::text)","Local Dirtied Blocks":0,"Local Hit Blocks":0,"Local Read Blocks":0,"Local Written Blocks":0,"Node Type":"Seq Scan","Parallel Aware":false,"Parent Relationship":"SubPlan","Plan Rows":49930,"Plan Width":32,"Relation Name":"contact_method","Rows Removed by Filter":50000,"Shared Dirtied Blocks":0,"Shared Hit Blocks":1667,"Shared Read Blocks":0,"Shared Written Blocks":0,"Startup Cost":0.0,"Subplan Name":"SubPlan 5","Temp Read Blocks":0,"Temp Written Blocks":0,"Total Cost":2917.0}],"Relation Name":"person","Rows Removed by Filter":0,"Shared Dirtied Blocks":0,"Shared Hit Blocks":2099,"Shared Read Blocks":0,"Shared Written Blocks":0,"Startup Cost":0.0,"Temp Read Blocks":0,"Temp Written Blocks":0,"Total Cost":161775.09},{"Actual Loops":25000,"Actual Rows":1.0,"Actual Startup Time":0.0,"Actual Total Time":0.0,"Async Capable":false,"Cache Evictions":0,"Cache Hits":24999,"Cache Key":"p.stage_id","Cache Misses":1,"Cache Mode":"logical","Cache Overflows":0,"Disabled":false,"Local Dirtied Blocks":0,"Local Hit Blocks":0,"Local Read Blocks":0,"Local Written Blocks":0,"Node Type":"Memoize","Parallel Aware":false,"Parent Relationship":"Inner","Peak Memory Usage":1,"Plan Rows":1,"Plan Width":48,"Plans":[{"Actual Loops":1,"Actual Rows":1.0,"Actual Startup Time":0.014,"Actual Total Time":0.014,"Alias":"s","Async Capable":false,"Disabled":false,"Index Cond":"(id = p.stage_id)","Index Name":"stage_id_organization_id_key","Index Searches":1,"Local Dirtied Blocks":0,"Local Hit Blocks":0,"Local Read Blocks":0,"Local Written Blocks":0,"Node Type":"Index Scan","Parallel Aware":false,"Parent Relationship":"Outer","Plan Rows":1,"Plan Width":48,"Relation Name":"stage","Rows Removed by Index Recheck":0,"Scan Direction":"Forward","Shared Dirtied Blocks":0,"Shared Hit Blocks":2,"Shared Read Blocks":0,"Shared Written Blocks":0,"Startup Cost":0.15,"Temp Read Blocks":0,"Temp Written Blocks":0,"Total Cost":0.17}],"Shared Dirtied Blocks":0,"Shared Hit Blocks":2,"Shared Read Blocks":0,"Shared Written Blocks":0,"Startup Cost":0.16,"Temp Read Blocks":0,"Temp Written Blocks":0,"Total Cost":0.18}],"Shared Dirtied Blocks":0,"Shared Hit Blocks":2101,"Shared Read Blocks":0,"Shared Written Blocks":0,"Startup Cost":0.16,"Temp Read Blocks":0,"Temp Written Blocks":0,"Total Cost":162087.68},{"Actual Loops":25000,"Actual Rows":1.0,"Actual Startup Time":0.0,"Actual Total Time":0.0,"Async Capable":false,"Cache Evictions":0,"Cache Hits":24950,"Cache Key":"p.assigned_user_id","Cache Misses":50,"Cache Mode":"logical","Cache Overflows":0,"Disabled":false,"Local Dirtied Blocks":0,"Local Hit Blocks":0,"Local Read Blocks":0,"Local Written Blocks":0,"Node Type":"Memoize","Parallel Aware":false,"Parent Relationship":"Inner","Peak Memory Usage":8,"Plan Rows":1,"Plan Width":35,"Plans":[{"Actual Loops":50,"Actual Rows":1.0,"Actual Startup Time":0.0,"Actual Total Time":0.0,"Alias":"u","Async Capable":false,"Disabled":false,"Index Cond":"(id = p.assigned_user_id)","Index Name":"app_user_pkey","Index Searches":50,"Local Dirtied Blocks":0,"Local Hit Blocks":0,"Local Read Blocks":0,"Local Written Blocks":0,"Node Type":"Index Scan","Parallel Aware":false,"Parent Relationship":"Outer","Plan Rows":1,"Plan Width":35,"Relation Name":"app_user","Rows Removed by Index Recheck":0,"Scan Direction":"Forward","Shared Dirtied Blocks":0,"Shared Hit Blocks":100,"Shared Read Blocks":0,"Shared Written Blocks":0,"Startup Cost":0.14,"Temp Read Blocks":0,"Temp Written Blocks":0,"Total Cost":0.16}],"Shared Dirtied Blocks":0,"Shared Hit Blocks":100,"Shared Read Blocks":0,"Shared Written Blocks":0,"Startup Cost":0.15,"Temp Read Blocks":0,"Temp Written Blocks":0,"Total Cost":0.17}],"Shared Dirtied Blocks":0,"Shared Hit Blocks":2201,"Shared Read Blocks":0,"Shared Written Blocks":0,"Startup Cost":0.31,"Temp Read Blocks":0,"Temp Written Blocks":0,"Total Cost":162404.7},{"Actual Loops":25000,"Actual Rows":0.0,"Actual Startup Time":0.001,"Actual Total Time":0.001,"Async Capable":false,"Disabled":false,"Local Dirtied Blocks":0,"Local Hit Blocks":0,"Local Read Blocks":0,"Local Written Blocks":0,"Node Type":"Limit","Parallel Aware":false,"Parent Relationship":"Inner","Plan Rows":1,"Plan Width":56,"Plans":[{"Actual Loops":25000,"Actual Rows":0.0,"Actual Startup Time":0.0,"Actual Total Time":0.0,"Async Capable":false,"Disabled":false,"Full-sort Groups":{"Group Count":25000,"Sort Methods Used":["quicksort"],"Sort Space Memory":{"Average Sort Space Used":25,"Peak Sort Space Used":25}},"Local Dirtied Blocks":0,"Local Hit Blocks":0,"Local Read Blocks":0,"Local Written Blocks":0,"Node Type":"Incremental Sort","Parallel Aware":false,"Parent Relationship":"Outer","Plan Rows":2,"Plan Width":56,"Plans":[{"Actual Loops":25000,"Actual Rows":0.0,"Actual Startup Time":0.0,"Actual Total Time":0.0,"Alias":"i2","Async Capable":false,"Disabled":false,"Index Cond":"((organization_id = p.organization_id) AND (person_id = p.id))","Index Name":"inquiry_org_person_received_idx","Index Searches":25000,"Local Dirtied Blocks":0,"Local Hit Blocks":0,"Local Read Blocks":0,"Local Written Blocks":0,"Node Type":"Index Scan","Parallel Aware":false,"Parent Relationship":"Outer","Plan Rows":1,"Plan Width":56,"Relation Name":"inquiry","Rows Removed by Index Recheck":0,"Scan Direction":"Backward","Shared Dirtied Blocks":0,"Shared Hit Blocks":50000,"Shared Read Blocks":0,"Shared Written Blocks":0,"Startup Cost":0.15,"Temp Read Blocks":0,"Temp Written Blocks":0,"Total Cost":8.17}],"Presorted Key":["i2.received_at"],"Shared Dirtied Blocks":0,"Shared Hit Blocks":50000,"Shared Read Blocks":0,"Shared Written Blocks":0,"Sort Key":["i2.received_at DESC","i2.id DESC"],"Startup Cost":8.18,"Temp Read Blocks":0,"Temp Written Blocks":0,"Total Cost":8.22}],"Shared Dirtied Blocks":0,"Shared Hit Blocks":50000,"Shared Read Blocks":0,"Shared Written Blocks":0,"Startup Cost":8.18,"Temp Read Blocks":0,"Temp Written Blocks":0,"Total Cost":8.2}],"Shared Dirtied Blocks":0,"Shared Hit Blocks":52201,"Shared Read Blocks":0,"Shared Written Blocks":0,"Startup Cost":8.49,"Temp Read Blocks":0,"Temp Written Blocks":0,"Total Cost":265154.7}],"Shared Dirtied Blocks":0,"Shared Hit Blocks":52201,"Shared Read Blocks":0,"Shared Written Blocks":0,"Sort Key":["u.display_name DESC NULLS LAST","p.created_at DESC","p.id"],"Sort Method":"top-N heapsort","Sort Space Type":"Memory","Sort Space Used":245,"Startup Cost":265777.74,"Temp Read Blocks":0,"Temp Written Blocks":0,"Total Cost":265808.99},{"Actual Loops":501,"Actual Rows":1.0,"Actual Startup Time":0.005,"Actual Total Time":0.005,"Async Capable":false,"Disabled":false,"Local Dirtied Blocks":0,"Local Hit Blocks":0,"Local Read Blocks":0,"Local Written Blocks":0,"Node Type":"Limit","Parallel Aware":false,"Parent Relationship":"SubPlan","Plan Rows":1,"Plan Width":46,"Plans":[{"Actual Loops":501,"Actual Rows":1.0,"Actual Startup Time":0.005,"Actual Total Time":0.005,"Async Capable":false,"Disabled":false,"Local Dirtied Blocks":0,"Local Hit Blocks":0,"Local Read Blocks":0,"Local Written Blocks":0,"Node Type":"Sort","Parallel Aware":false,"Parent Relationship":"Outer","Plan Rows":2,"Plan Width":46,"Plans":[{"Actual Loops":501,"Actual Rows":2.0,"Actual Startup Time":0.004,"Actual Total Time":0.004,"Alias":"cm","Async Capable":false,"Disabled":false,"Exact Heap Blocks":501,"Filter":"(organization_id = p.organization_id)","Local Dirtied Blocks":0,"Local Hit Blocks":0,"Local Read Blocks":0,"Local Written Blocks":0,"Lossy Heap Blocks":0,"Node Type":"Bitmap Heap Scan","Parallel Aware":false,"Parent Relationship":"Outer","Plan Rows":2,"Plan Width":46,"Plans":[{"Actual Loops":501,"Actual Rows":2.0,"Actual Startup Time":0.003,"Actual Total Time":0.003,"Async Capable":false,"Disabled":false,"Index Cond":"((person_id = p.id) AND (kind = 'email'::text))","Index Name":"contact_method_person_id_kind_normalized_value_key","Index Searches":501,"Local Dirtied Blocks":0,"Local Hit Blocks":0,"Local Read Blocks":0,"Local Written Blocks":0,"Node Type":"Bitmap Index Scan","Parallel Aware":false,"Parent Relationship":"Outer","Plan Rows":2,"Plan Width":0,"Shared Dirtied Blocks":0,"Shared Hit Blocks":1412,"Shared Read Blocks":91,"Shared Written Blocks":0,"Startup Cost":0.0,"Temp Read Blocks":0,"Temp Written Blocks":0,"Total Cost":4.44}],"Recheck Cond":"((person_id = p.id) AND (kind = 'email'::text))","Relation Name":"contact_method","Rows Removed by Filter":0,"Rows Removed by Index Recheck":0,"Shared Dirtied Blocks":0,"Shared Hit Blocks":1913,"Shared Read Blocks":91,"Shared Written Blocks":0,"Startup Cost":4.44,"Temp Read Blocks":0,"Temp Written Blocks":0,"Total Cost":12.27}],"Shared Dirtied Blocks":0,"Shared Hit Blocks":1913,"Shared Read Blocks":91,"Shared Written Blocks":0,"Sort Key":["cm.import_order","cm.created_at","cm.id"],"Sort Method":"quicksort","Sort Space Type":"Memory","Sort Space Used":25,"Startup Cost":12.28,"Temp Read Blocks":0,"Temp Written Blocks":0,"Total Cost":12.28}],"Shared Dirtied Blocks":0,"Shared Hit Blocks":1913,"Shared Read Blocks":91,"Shared Written Blocks":0,"Startup Cost":12.28,"Subplan Name":"SubPlan 1","Temp Read Blocks":0,"Temp Written Blocks":0,"Total Cost":12.28},{"Actual Loops":501,"Actual Rows":1.0,"Actual Startup Time":0.003,"Actual Total Time":0.003,"Async Capable":false,"Disabled":false,"Local Dirtied Blocks":0,"Local Hit Blocks":0,"Local Read Blocks":0,"Local Written Blocks":0,"Node Type":"Limit","Parallel Aware":false,"Parent Relationship":"SubPlan","Plan Rows":1,"Plan Width":46,"Plans":[{"Actual Loops":501,"Actual Rows":1.0,"Actual Startup Time":0.002,"Actual Total Time":0.002,"Async Capable":false,"Disabled":false,"Local Dirtied Blocks":0,"Local Hit Blocks":0,"Local Read Blocks":0,"Local Written Blocks":0,"Node Type":"Sort","Parallel Aware":false,"Parent Relationship":"Outer","Plan Rows":2,"Plan Width":46,"Plans":[{"Actual Loops":501,"Actual Rows":2.0,"Actual Startup Time":0.001,"Actual Total Time":0.002,"Alias":"cm_1","Async Capable":false,"Disabled":false,"Exact Heap Blocks":501,"Filter":"(organization_id = p.organization_id)","Local Dirtied Blocks":0,"Local Hit Blocks":0,"Local Read Blocks":0,"Local Written Blocks":0,"Lossy Heap Blocks":0,"Node Type":"Bitmap Heap Scan","Parallel Aware":false,"Parent Relationship":"Outer","Plan Rows":2,"Plan Width":46,"Plans":[{"Actual Loops":501,"Actual Rows":2.0,"Actual Startup Time":0.001,"Actual Total Time":0.001,"Async Capable":false,"Disabled":false,"Index Cond":"((person_id = p.id) AND (kind = 'phone'::text))","Index Name":"contact_method_person_id_kind_normalized_value_key","Index Searches":501,"Local Dirtied Blocks":0,"Local Hit Blocks":0,"Local Read Blocks":0,"Local Written Blocks":0,"Node Type":"Bitmap Index Scan","Parallel Aware":false,"Parent Relationship":"Outer","Plan Rows":2,"Plan Width":0,"Shared Dirtied Blocks":0,"Shared Hit Blocks":1503,"Shared Read Blocks":0,"Shared Written Blocks":0,"Startup Cost":0.0,"Temp Read Blocks":0,"Temp Written Blocks":0,"Total Cost":4.44}],"Recheck Cond":"((person_id = p.id) AND (kind = 'phone'::text))","Relation Name":"contact_method","Rows Removed by Filter":0,"Rows Removed by Index Recheck":0,"Shared Dirtied Blocks":0,"Shared Hit Blocks":2004,"Shared Read Blocks":0,"Shared Written Blocks":0,"Startup Cost":4.44,"Temp Read Blocks":0,"Temp Written Blocks":0,"Total Cost":12.27}],"Shared Dirtied Blocks":0,"Shared Hit Blocks":2004,"Shared Read Blocks":0,"Shared Written Blocks":0,"Sort Key":["cm_1.import_order","cm_1.created_at","cm_1.id"],"Sort Method":"quicksort","Sort Space Type":"Memory","Sort Space Used":25,"Startup Cost":12.28,"Temp Read Blocks":0,"Temp Written Blocks":0,"Total Cost":12.28}],"Shared Dirtied Blocks":0,"Shared Hit Blocks":2004,"Shared Read Blocks":0,"Shared Written Blocks":0,"Startup Cost":12.28,"Subplan Name":"SubPlan 2","Temp Read Blocks":0,"Temp Written Blocks":0,"Total Cost":12.28},{"Actual Loops":501,"Actual Rows":1.0,"Actual Startup Time":0.0,"Actual Total Time":0.0,"Async Capable":false,"Disabled":false,"Local Dirtied Blocks":0,"Local Hit Blocks":0,"Local Read Blocks":0,"Local Written Blocks":0,"Node Type":"Aggregate","Parallel Aware":false,"Parent Relationship":"SubPlan","Partial Mode":"Simple","Plan Rows":1,"Plan Width":8,"Plans":[{"Actual Loops":501,"Actual Rows":0.0,"Actual Startup Time":0.0,"Actual Total Time":0.0,"Alias":"i","Async Capable":false,"Disabled":false,"Heap Fetches":0,"Index Cond":"((organization_id = p.organization_id) AND (person_id = p.id))","Index Name":"inquiry_org_person_received_idx","Index Searches":501,"Local Dirtied Blocks":0,"Local Hit Blocks":0,"Local Read Blocks":0,"Local Written Blocks":0,"Node Type":"Index Only Scan","Parallel Aware":false,"Parent Relationship":"Outer","Plan Rows":1,"Plan Width":0,"Relation Name":"inquiry","Rows Removed by Index Recheck":0,"Scan Direction":"Forward","Shared Dirtied Blocks":0,"Shared Hit Blocks":1002,"Shared Read Blocks":0,"Shared Written Blocks":0,"Startup Cost":0.15,"Temp Read Blocks":0,"Temp Written Blocks":0,"Total Cost":8.17}],"Shared Dirtied Blocks":0,"Shared Hit Blocks":1002,"Shared Read Blocks":0,"Shared Written Blocks":0,"Startup Cost":8.17,"Strategy":"Plain","Subplan Name":"SubPlan 3","Temp Read Blocks":0,"Temp Written Blocks":0,"Total Cost":8.18}],"Shared Dirtied Blocks":0,"Shared Hit Blocks":57120,"Shared Read Blocks":91,"Shared Written Blocks":0,"Startup Cost":265777.74,"Temp Read Blocks":0,"Temp Written Blocks":0,"Total Cost":675125.86}],"Shared Dirtied Blocks":0,"Shared Hit Blocks":57120,"Shared Read Blocks":91,"Shared Written Blocks":0,"Startup Cost":265777.74,"Temp Read Blocks":0,"Temp Written Blocks":0,"Total Cost":282184.42},"Planning":{"Local Dirtied Blocks":0,"Local Hit Blocks":0,"Local Read Blocks":0,"Local Written Blocks":0,"Shared Dirtied Blocks":0,"Shared Hit Blocks":10,"Shared Read Blocks":0,"Shared Written Blocks":0,"Temp Read Blocks":0,"Temp Written Blocks":0},"Planning Time":0.392,"Triggers":[]}],"sql_sha256":"35100d9f49886a0439e7b9e01fdff4274bc60d39a2a0e8308e29cf75a003fd7c"}
CRM_010C_IMPORT_PLAN_CHECKS {"checks":258,"failures":0}
ok

test result: ok. 1 passed; 0 failed; 0 ignored; 0 measured; 957 filtered out; finished in 100.81s
