==> centrifugo: health endpoint (http://127.0.0.1:18081/health)
==> [0s]
==> cargo sqlx prepare --check --workspace
Applied 20260820000001/migrate initial identity schema (7.083791ms)
Applied 20260821000001/migrate stage (4.048625ms)
Applied 20260821000002/migrate person contact method (5.797667ms)
Applied 20260821000003/migrate raw payload (4.9365ms)
Applied 20260821000004/migrate inquiry and facts (12.026125ms)
Applied 20260822000001/migrate contact attempted (4.630375ms)
Applied 20260823000001/migrate administration (15.323917ms)
Applied 20260824000001/migrate operator ledger (5.7525ms)
Applied 20260825000001/migrate calls (6.892834ms)
Applied 20260826000001/migrate contact outcome correction (3.051625ms)
Applied 20260826000002/migrate call outcome indexes (2.38925ms)
Applied 20260827000001/migrate operator proposal (3.461209ms)
Applied 20260828000001/migrate organization intake address (2.971958ms)
Applied 20260829000001/migrate intake settings (3.396542ms)
Applied 20260830000001/migrate raw payload discard (2.946125ms)
Applied 20260901000001/migrate intake extraction (4.826417ms)
Applied 20260902000001/migrate intake token rotation (4.716917ms)
Applied 20260903000001/migrate intake routing mode (4.362042ms)
Applied 20260904000001/migrate correspondence capture (12.190209ms)
Applied 20260906000001/migrate saved list (4.821291ms)
Applied 20260906000002/migrate today work source (3.698542ms)
Applied 20260907000001/migrate saved list sort (3.082375ms)
Applied 20260908000001/migrate today system feed (6.615ms)
Applied 20260909000001/migrate tag (5.679167ms)
Applied 20260910000001/migrate person last activity (3.768292ms)
Applied 20260911000001/migrate inquiry append only (2.705542ms)
Applied 20260912000001/migrate note (4.904458ms)
Applied 20260913000001/migrate task (6.408917ms)
Applied 20260914000001/migrate operator task proposal (5.029125ms)
Applied 20260915000001/migrate custom field (8.3315ms)
Applied 20260916000001/migrate fub migration assessment (9.906791ms)
Applied 20260917000001/migrate fub core snapshot (16.941292ms)
Applied 20260918000001/migrate fub people import (27.050584ms)
Applied 20260919000001/migrate fub metadata import (23.875834ms)
    Checking crm-app v0.1.0 (/Users/karrad/projects/crm-010f1/backend/crates/crm-app)
    Checking crm-api v0.1.0 (/Users/karrad/projects/crm-010f1/backend/crates/crm-api)
    Finished `dev` profile [unoptimized + debuginfo] target(s) in 3.99s
warning: potentially unused queries found in .sqlx; you may want to re-run sqlx prepare
==> [5s]
==> cargo nextest run --run-ignored only
   Compiling crm-app v0.1.0 (/Users/karrad/projects/crm-010f1/backend/crates/crm-app)
   Compiling crm-api v0.1.0 (/Users/karrad/projects/crm-010f1/backend/crates/crm-api)
    Finished `test` profile [unoptimized + debuginfo] target(s) in 18.42s
────────────
 Nextest run ID d5c13142-00b3-42cd-9f17-b5c85442e835 with nextest profile: default
    Starting 881 tests across 7 binaries (900 tests skipped)
        PASS [   3.380s] (  1/881) crm-api::all db_admin::admin_facts_are_pii_free_and_carry_correct_origin
        PASS [   3.422s] (  2/881) crm-api::all db_admin::concurrent_issue_and_accept_never_leaves_a_dangling_invitation_or_bare_db_error
        PASS [   3.428s] (  3/881) crm-api::all db_admin::a_user_who_is_both_admin_and_platform_admin_reaches_both
        PASS [   3.440s] (  4/881) crm-api::all db_admin::admin_fact_tables_are_append_only_via_grant_and_trigger
        PASS [   3.448s] (  5/881) crm-api::all db_admin::a_request_log_captured_during_the_invitation_lifecycle_never_contains_the_token
        PASS [   3.459s] (  6/881) crm-api::all centrifugo_realtime::centrifugo_delivers_scoped_events_denies_cross_org_and_never_replays
        PASS [   3.462s] (  7/881) crm-api::all db_admin::deactivation_revokes_sessions_blocks_login_and_disconnects_realtime
        PASS [   3.476s] (  8/881) crm-api::all db_admin::concurrent_double_accept_of_the_same_token_exactly_one_succeeds
        PASS [   3.485s] (  9/881) crm-api::all db_admin::crm_app_cannot_mint_platform_admin_or_mutate_invitation_token_hash
        PASS [   3.487s] ( 10/881) crm-api::all db_admin::cross_organization_admin_routes_are_byte_identical_404s
        PASS [   2.980s] ( 11/881) crm-api::all db_admin::platform_admin_with_zero_memberships_has_null_organization_and_is_401_on_tenant_routes
        PASS [   3.078s] ( 12/881) crm-api::all db_admin::every_platform_route_is_403_for_an_organization_admin
        PASS [   3.014s] ( 13/881) crm-api::all db_admin::platform_role_route_rejects_member_with_400
        PASS [   3.091s] ( 14/881) crm-api::all db_admin::invitation_lifecycle_issue_preview_accept_reject_second_accept
        PASS [   3.072s] ( 15/881) crm-api::all db_admin::organization_state_covers_all_three_and_recovers_on_acceptance
        PASS [   3.109s] ( 16/881) crm-api::all db_admin::expired_invitation_returns_410_and_org_state_flips_to_needs_attention
        PASS [   3.109s] ( 17/881) crm-api::all db_admin::issuing_to_an_existing_member_is_already_member_and_to_an_outside_account_is_generic
        PASS [   3.074s] ( 18/881) crm-api::all db_admin::platform_promote_on_admin_less_organization_succeeds
        PASS [   3.183s] ( 19/881) crm-api::all db_admin::every_org_admin_route_is_403_for_a_member
        PASS [   3.104s] ( 20/881) crm-api::all db_admin::members_list_reports_role_status_and_assigned_people_count
        PASS [   3.945s] ( 21/881) crm-api::all db_admin::revoking_an_accepted_invitation_is_invitation_used
        PASS [   4.035s] ( 22/881) crm-api::all db_admin::two_admins_concurrently_demoting_each_other_leaves_at_least_one_active_admin
        PASS [   4.019s] ( 23/881) crm-api::all db_calls::answered_call_advances_a_non_caller_members_today
        PASS [   4.094s] ( 24/881) crm-api::all db_admin::revoked_invitation_preview_is_404_and_reissue_supersedes
        PASS [   4.035s] ( 25/881) crm-api::all db_calls::alice_cannot_see_dial_or_hang_up_bobs_call
        PASS [   4.040s] ( 26/881) crm-api::all db_calls::answer_then_immediate_remote_leave_is_absorbed_by_the_presence_recheck
        PASS [   4.075s] ( 27/881) crm-api::all db_admin::sole_admin_cannot_self_demote_or_self_deactivate
        PASS [   4.152s] ( 28/881) crm-api::all db_admin::read_committed_per_statement_snapshot_observes_a_commit_made_after_the_transaction_began
        PASS [   4.075s] ( 29/881) crm-api::all db_calls::a_real_concurrent_second_call_is_409_from_the_unique_index
        PASS [   8.122s] ( 30/881) crm-api::all db_calls::agent_not_joined_and_provider_error_write_no_attempt
        PASS [   4.153s] ( 31/881) crm-api::all db_calls::busy_declined_and_ring_timeout_each_write_one_no_answer_attempt
        PASS [   4.281s] ( 32/881) crm-api::all db_calls::answered_call_writes_exactly_one_reached_attempt_and_advances_today
        PASS [   4.132s] ( 33/881) crm-api::all db_calls::hangup_on_an_answered_call_ends_it_with_agent_hangup_and_talk_seconds
        PASS [   4.160s] ( 34/881) crm-api::all db_calls::crm_app_call_grants_are_exactly_section_2
        PASS [   4.165s] ( 35/881) crm-api::all db_calls::hangup_and_dial_are_caller_only_and_foreign_is_404
        PASS [   4.154s] ( 36/881) crm-api::all db_calls::out_of_order_sip_participant_left_in_ringing_is_a_noop_and_the_dial_failure_still_yields_one_attempt
        PASS [   4.173s] ( 37/881) crm-api::all db_calls::history_call_completed_sorts_after_a_same_instant_contact_attempted
        PASS [   4.176s] ( 38/881) crm-api::all db_calls::hangup_while_the_dial_is_in_flight_is_cancelled_with_one_attempt_and_the_late_result_is_a_noop
        PASS [   4.189s] ( 39/881) crm-api::all db_calls::hangup_before_ringing_is_cancelled_without_an_attempt
        PASS [   4.465s] ( 40/881) crm-api::all db_calls::start_returns_201_with_a_join_grant_whose_claims_are_exactly_section_3
        PASS [   4.457s] ( 41/881) crm-api::all db_calls::two_concurrent_dials_yield_one_202_and_one_recorded_dial
        PASS [   4.536s] ( 42/881) crm-api::all db_calls::start_on_a_foreign_or_nonexistent_person_is_a_byte_identical_404
        PASS [   4.483s] ( 43/881) crm-api::all db_calls::sweep_reconciles_a_backdated_answered_call_and_records_hangup_best_effort
        PASS [   4.553s] ( 44/881) crm-api::all db_calls::reads_work_and_writes_are_503_with_telephony_disabled
        PASS [   4.529s] ( 45/881) crm-api::all db_calls::sweep_expires_a_backdated_placing_call_without_an_attempt
        PASS [   4.619s] ( 46/881) crm-api::all db_calls::provider_create_room_failure_settles_provider_error_and_is_503
        PASS [   4.540s] ( 47/881) crm-api::all db_calls::sweep_expires_a_backdated_ringing_call_without_an_attempt
        PASS [   4.526s] ( 48/881) crm-api::all db_calls::the_fixture_number_never_appears_in_spans_or_log_lines
        PASS [   4.568s] ( 49/881) crm-api::all db_calls::start_with_an_invalid_contact_method_is_an_identical_422
        PASS [   4.457s] ( 50/881) crm-api::all db_calls::webhook_with_a_valid_signature_but_non_json_body_is_200_and_writes_nothing
        PASS [   4.510s] ( 51/881) crm-api::all db_calls::webhook_remote_hangup_ends_an_answered_call_and_duplicates_are_noops
        PASS [   4.544s] ( 52/881) crm-api::all db_calls::webhook_unknown_room_is_200_and_writes_nothing
        PASS [   4.501s] ( 53/881) crm-api::all db_calls_corrections::a_second_correction_chains_onto_the_first_with_strictly_increasing_recorded_at
        PASS [   4.575s] ( 54/881) crm-api::all db_calls::webhook_for_a_foreign_participant_identity_is_ignored
        PASS [   4.520s] ( 55/881) crm-api::all db_calls_corrections::a_non_caller_on_an_active_call_is_403_not_409
        PASS [   4.637s] ( 56/881) crm-api::all db_calls::webhook_agent_left_in_answered_is_agent_disconnected_and_in_ringing_is_cancelled
        PASS [   4.551s] ( 57/881) crm-api::all db_calls_corrections::a_correction_row_is_append_only_for_crm_app_and_the_owner
        PASS [   4.546s] ( 58/881) crm-api::all db_calls_corrections::a_manual_attempt_has_no_call_id_and_is_never_a_correction_head
        PASS [   4.583s] ( 59/881) crm-api::all db_calls::webhook_with_a_tampered_body_wrong_secret_or_expired_token_is_401
        PASS [   4.877s] ( 60/881) crm-api::all db_calls_corrections::concurrent_hangup_and_correction_yield_at_most_one_correction_of_the_reached_row
        PASS [   4.883s] ( 61/881) crm-api::all db_calls_corrections::same_outcome_is_unchanged_and_writes_and_publishes_nothing
        PASS [   4.912s] ( 62/881) crm-api::all db_calls_corrections::correction_is_caller_only_foreign_404_active_409_and_no_attempt_422
        PASS [   4.966s] ( 63/881) crm-api::all db_calls_corrections::choosing_the_observed_outcome_still_writes_the_agents_row_and_clears_the_nag
        PASS [   4.891s] ( 64/881) crm-api::all db_calls_outcome_today::a_call_with_no_attempt_creates_no_outcome_item
        PASS [   4.949s] ( 65/881) crm-api::all db_calls_corrections::correcting_an_answered_call_writes_one_correction_row_with_the_call_envelope
        PASS [   4.941s] ( 66/881) crm-api::all db_calls_corrections::the_outcome_route_works_with_telephony_disabled
        PASS [   4.927s] ( 67/881) crm-api::all db_calls_corrections::two_concurrent_corrections_serialize_on_the_call_lock_into_a_chain
        PASS [   5.037s] ( 68/881) crm-api::all db_calls_corrections::busy_call_correction_chains_onto_the_no_answer_row_and_cancelled_has_nothing_to_correct
        PASS [   4.936s] ( 69/881) crm-api::all db_calls_corrections::today_shows_the_effective_outcome_for_a_member_who_has_the_person_by_assignment
        PASS [   4.958s] ( 70/881) crm-api::all db_capture_address::backfill_mints_distinct_addresses_for_every_active_member_on_a_populated_fixture
        PASS [   5.087s] ( 71/881) crm-api::all db_capture_receive::capture_spans_and_logs_carry_no_content_or_tokens
        PASS [   5.097s] ( 72/881) crm-api::all db_capture_address::deactivated_member_token_stops_resolving_reactivation_restores_the_same_address
        PASS [   5.152s] ( 73/881) crm-api::all db_calls_outcome_today::two_callers_on_one_person_each_carry_their_own_outcome_nag
        PASS [   5.177s] ( 74/881) crm-api::all db_calls_outcome_today::an_ended_call_without_an_outcome_is_a_low_item_for_the_caller_only
        PASS [   5.230s] ( 75/881) crm-api::all db_calls_outcome_today::a_low_item_is_the_first_to_fall_off_the_cap
        PASS [   5.143s] ( 76/881) crm-api::all db_capture_address::get_self_heals_and_rotate_flips_live
        PASS [   5.220s] ( 77/881) crm-api::all db_calls_outcome_today::a_person_qualifying_both_ways_keeps_the_inquiry_tier_with_the_reason_appended
        PASS [   5.195s] ( 78/881) crm-api::all db_calls_outcome_today::low_items_sort_under_every_inquiry_item_by_ended_at
        PASS [   2.945s] ( 79/881) crm-api::all db_capture_receive::forged_token_is_rejected_and_nothing_stored
        PASS [   2.994s] ( 80/881) crm-api::all db_capture_receive::future_inner_date_is_clamped_on_the_forward_path_but_backdated_stays_true
        PASS [   3.051s] ( 81/881) crm-api::all db_capture_receive::concurrent_identical_deliveries_produce_exactly_one_of_everything
        PASS [   3.056s] ( 82/881) crm-api::all db_capture_receive::client_reply_all_creates_inbound_row_and_arms_client_replied
        PASS [   3.001s] ( 83/881) crm-api::all db_capture_receive::held_queue_flood_cap_admits_no_new_row_past_500
        PASS [   3.010s] ( 84/881) crm-api::all db_capture_receive::multi_recipient_outbound_creates_one_row_and_attempt_per_matched_person
        PASS [   3.036s] ( 85/881) crm-api::all db_capture_receive::future_header_date_is_clamped_on_the_cc_path
        PASS [   3.061s] ( 86/881) crm-api::all db_capture_receive::concurrent_identical_unmatched_deliveries_produce_exactly_one_held_row
        PASS [   3.249s] ( 87/881) crm-api::all db_capture_receive::cc_from_agent_login_creates_outbound_row_clears_today_and_shape_pins_history
        PASS [  11.442s] ( 88/881) crm-api::all db_capture_receive::a_20_mib_cc_delivery_stores_one_correspondence_raw_row_and_appears_in_history
        PASS [   3.434s] ( 89/881) crm-api::all db_capture_unmatched::counterparty_email_is_nulled_on_dismiss
        PASS [   3.413s] ( 90/881) crm-api::all db_capture_unmatched::held_row_is_visible_only_to_the_attributed_agent
        PASS [   3.396s] ( 91/881) crm-api::all db_capture_unmatched::link_optionally_adds_the_counterparty_as_a_contact_method
        PASS [   3.422s] ( 92/881) crm-api::all db_capture_unmatched::dismiss_is_idempotent_and_cross_terminal_transitions_conflict
        PASS [   3.440s] ( 93/881) crm-api::all db_capture_unmatched::cross_org_link_and_dismiss_are_404_and_write_nothing
        PASS [   3.448s] ( 94/881) crm-api::all db_capture_unmatched::concurrent_link_and_dismiss_on_the_same_row_exactly_one_wins
        PASS [   3.467s] ( 95/881) crm-api::all db_capture_receive::retroactive_forward_backdates_and_dedups_both_layers
        PASS [   3.540s] ( 96/881) crm-api::all db_capture_receive::org_a_token_never_matches_an_org_b_person_with_the_same_email
        PASS [   3.440s] ( 97/881) crm-api::all db_capture_unmatched::link_and_dismiss_are_404_for_non_attributed_agents_admins_included
        PASS [   3.265s] ( 98/881) crm-api::all db_contact_attempts::log_contact_attempt_writes_exactly_one_fact_with_full_envelope
        PASS [   3.309s] ( 99/881) crm-api::all db_contact_attempts::other_organization_person_returns_404_identical_to_nonexistent
        PASS [   3.338s] (100/881) crm-api::all db_contact_attempts::invalid_channel_or_non_json_body_returns_400_and_writes_no_fact
        PASS [   3.355s] (101/881) crm-api::all db_capture_unmatched::relink_same_person_is_a_noop_different_person_is_409
        PASS [   3.359s] (102/881) crm-api::all db_capture_unmatched::unmatched_list_caps_at_200_with_truncated_flag
        PASS [   3.507s] (103/881) crm-api::all db_capture_unmatched::link_writes_direction_from_the_stored_hint_and_outbound_writes_the_auto_attempt
        PASS [   3.376s] (104/881) crm-api::all db_contact_attempts::any_organization_member_may_log_a_contact_attempt
        PASS [   3.357s] (105/881) crm-api::all db_contact_attempts::manual_route_accepts_busy_and_wrong_number
        PASS [   3.346s] (106/881) crm-api::all db_custom_field_filters::custom_field_filter_reference_errors_are_non_leaking
        PASS [   3.386s] (107/881) crm-api::all db_contact_attempts::history_sorts_contact_attempted_last_on_identical_timestamps
        PASS [   2.601s] (108/881) crm-api::all db_custom_field_filters::custom_filter_reaches_every_statement_family_with_five_slots
        PASS [   2.586s] (109/881) crm-api::all db_custom_fields::archived_option_still_carries_its_label_on_the_detail_read
        PASS [   2.613s] (110/881) crm-api::all db_custom_field_filters::custom_ranges_survive_saved_lifecycle_and_field_archive_restore
        PASS [   2.614s] (111/881) crm-api::all db_custom_fields::create_custom_field_creates_every_type_choice_options_in_order
        PASS [   2.729s] (112/881) crm-api::all db_custom_field_filters::custom_field_filters_preserve_literals_bounds_absence_and_field_identity
        PASS [   2.663s] (113/881) crm-api::all db_custom_fields::admin_demoted_inside_the_transaction_gets_403_and_writes_nothing
        PASS [   2.637s] (114/881) crm-api::all db_custom_fields::create_custom_field_rejects_options_on_non_choice_and_requires_them_for_choice
        PASS [   2.688s] (115/881) crm-api::all db_custom_field_filters::custom_presence_tests_cover_all_types_and_zero
        PASS [   2.658s] (116/881) crm-api::all db_custom_fields::create_custom_field_enforces_case_insensitive_label_uniqueness_and_the_50_live_limit
        PASS [   2.681s] (117/881) crm-api::all db_custom_fields::archive_hides_the_field_from_the_detail_read_while_row_and_values_survive_and_unarchive_reverses
        PASS [   2.997s] (118/881) crm-api::all db_custom_fields::deleting_the_person_cascades_the_value
        PASS [   3.057s] (119/881) crm-api::all db_custom_fields::date_range_rejections
        PASS [   3.102s] (120/881) crm-api::all db_custom_fields::cross_organization_field_option_and_person_are_404
        PASS [   3.041s] (121/881) crm-api::all db_custom_fields::get_person_detail_includes_custom_fields_and_people_rows_are_byte_identical
        PASS [   3.067s] (122/881) crm-api::all db_custom_fields::field_label_uniqueness_is_case_insensitive_and_an_unarchive_clash_is_409
        PASS [   3.048s] (123/881) crm-api::all db_custom_fields::number_canonical_form_and_pattern_rejections
        PASS [   3.144s] (124/881) crm-api::all db_custom_fields::custom_field_changed_publishes_once_per_change_definition_writes_publish_nothing
        PASS [   3.073s] (125/881) crm-api::all db_custom_fields::non_admin_gets_403_on_every_definition_write_admin_succeeds
        PASS [   3.132s] (126/881) crm-api::all db_custom_fields::custom_field_route_error_precedence_and_wire_shapes
        PASS [   3.191s] (127/881) crm-api::all db_custom_fields::cross_organization_field_id_is_404_byte_identical_to_a_nonexistent_field_id
        PASS [   2.636s] (128/881) crm-api::all db_custom_fields::option_label_uniqueness_is_case_insensitive_and_an_unarchive_clash_is_409
        PASS [   2.597s] (129/881) crm-api::all db_custom_fields::set_and_clear_are_idempotent_with_no_publish_on_unchanged
        PASS [   2.657s] (130/881) crm-api::all db_custom_fields::option_limit_is_50_live_per_field
        PASS [   2.630s] (131/881) crm-api::all db_custom_fields::reorder_requires_exactly_the_live_set_no_more_no_fewer
        PASS [   2.600s] (132/881) crm-api::all db_custom_fields::text_value_rejects_a_control_character_before_reaching_postgres
        PASS [   2.605s] (133/881) crm-api::all db_custom_fields::value_body_rejects_two_zero_and_unknown_keys_with_400
        PASS [   2.671s] (134/881) crm-api::all db_custom_fields::order_route_reaches_the_reorder_handler_and_not_a_uuid_is_400
        PASS [   2.666s] (135/881) crm-api::all db_custom_fields::renaming_an_already_archived_field_or_option_does_not_re_stamp_archived_at
        PASS [   2.640s] (136/881) crm-api::all db_custom_fields::setting_a_value_on_an_archived_field_is_409
        PASS [   2.640s] (137/881) crm-api::all db_custom_fields::setting_an_archived_or_foreign_option_is_the_same_unknown_option
        PASS [   2.841s] (138/881) crm-api::all db_identity::current_user_matches_each_role
        PASS [   2.847s] (139/881) crm-api::all db_identity::membership_revoked_returns_401_on_next_request
        PASS [   2.859s] (140/881) crm-api::all db_identity::multi_membership_picks_earliest_and_scopes_members_to_it
        PASS [   2.991s] (141/881) crm-api::all db_custom_fields::value_type_mismatch_is_rejected_for_every_field_type
        PASS [   2.913s] (142/881) crm-api::all db_identity::logout_is_idempotent_against_an_already_revoked_session
        PASS [   2.931s] (143/881) crm-api::all db_identity::expired_session_returns_401
        PASS [   2.971s] (144/881) crm-api::all db_custom_fields::value_validation_runs_after_not_found_field_archived_and_type_mismatch
        PASS [   2.944s] (145/881) crm-api::all db_identity::crm_app_has_exactly_the_specified_grants
        PASS [   2.939s] (146/881) crm-api::all db_identity::full_lifecycle_login_me_members_logout_replay
        PASS [   2.956s] (147/881) crm-api::all db_identity::client_supplied_organization_id_is_ignored
        PASS [   4.021s] (148/881) crm-api::all db_identity::user_without_local_credential_gets_same_invalid_credentials_error
        PASS [   4.337s] (149/881) crm-api::all db_identity::platform_bootstrap_flow_rejects_repeat_creation
        PASS [   4.259s] (150/881) crm-api::all db_import_gate::import_gate_active_admission_and_claimed_proposals_block_but_expired_metadata_does_not
        PASS [   4.290s] (151/881) crm-api::all db_identity::two_organizations_are_isolated_in_both_directions
        PASS [   4.322s] (152/881) crm-api::all db_identity::tampered_token_returns_401
        PASS [   4.271s] (153/881) crm-api::all db_import_gate::import_gate_cancel_fences_persisted_lease_and_preserves_committed_subset
        PASS [   4.292s] (154/881) crm-api::all db_identity::wrong_password_and_unknown_user_return_identical_401
        PASS [   4.363s] (155/881) crm-api::all db_identity::relogin_mints_new_token_and_revokes_previous
        PASS [   4.305s] (156/881) crm-api::all db_identity::zero_membership_login_returns_403_and_creates_no_session
        PASS [  10.465s] (157/881) crm-api::all db_import_gate::import_gate_current_deployment_ceilings_clamp_stored_allowances_and_require_retry
        PASS [   6.418s] (158/881) crm-api::all db_import_gate::import_gate_expired_lease_revalidates_executor_and_explicit_retry_adopts_current_admin
        PASS [   6.401s] (159/881) crm-api::all db_import_gate::import_gate_shared_read_finishes_before_actual_exclusive_confirmation
        PASS [   6.430s] (160/881) crm-api::all db_import_gate::import_gate_ordinary_insert_commits_before_entry_and_emptiness_rejects
        PASS [   6.437s] (161/881) crm-api::all db_import_gate::import_gate_large_item_admission_pauses_before_writes_and_requires_explicit_retry
        PASS [   6.415s] (162/881) crm-api::all db_import_http::import_http_cancel_is_durable_and_does_not_release_review_or_replan
        PASS [   6.475s] (163/881) crm-api::all db_import_gate::import_gate_exact_inventory_matches_revisions_execution_and_receipt_replay
        PASS [   6.707s] (164/881) crm-api::all db_import_gate::import_gate_direct_reads_commands_and_forged_tokens_respect_review
        PASS [  13.293s] (165/881) crm-api::all db_import_http::import_http_confirmation_replays_after_release_report_expires_or_disappears
        PASS [   7.527s] (166/881) crm-api::all db_import_readers::imported_contact_order_is_consistent_for_direct_readers_and_task_only
        PASS [   7.529s] (167/881) crm-api::all db_import_source::import_source_accepted_semantic_duplicates_collapse_and_unknown_variants_hold
        PASS [   7.524s] (168/881) crm-api::all db_import_source::import_source_exact_ids_and_unknown_numeric_metadata_come_from_raw
        PASS [  13.972s] (169/881) crm-api::all db_import_gate::import_gate_shared_commands_and_initial_claim_bound_row_lock_waits
        PASS [   7.784s] (170/881) crm-api::all db_import_http::import_http_creation_is_strict_scoped_idempotent_and_source_free
        PASS [   7.567s] (171/881) crm-api::all db_import_http::import_http_partial_patches_are_frozen_and_confirmation_replays_without_duplicate_people
        PASS [   7.594s] (172/881) crm-api::all db_import_http::import_http_foreign_resources_and_invalid_mapping_choices_fail_closed
        PASS [  14.303s] (173/881) crm-api::all db_import_source::import_source_capture_and_observation_qualification_cannot_be_fixed_by_mappings
        PASS [   7.137s] (174/881) crm-api::all db_import_source::import_source_mapping_fields_are_exact_bounded_and_http_scoped
        PASS [   7.159s] (175/881) crm-api::all db_import_source::import_source_missing_observation_identity_is_counted_without_fabricating_person
        PASS [   7.151s] (176/881) crm-api::all db_import_source::import_source_nul_supporting_fields_skip_suggestions_and_allow_explicit_mapping
        PASS [   7.811s] (177/881) crm-api::all db_import_source::import_source_large_provenance_and_oversized_stage_remain_exact_and_mappable
        PASS [   7.139s] (178/881) crm-api::all db_import_source::import_source_supporting_stage_and_user_variants_hold_only_dependents
        PASS [   7.173s] (179/881) crm-api::all db_import_source::import_source_native_holds_primary_order_and_cross_person_overlap_survive_manifest
        PASS [   1.959s] (180/881) crm-api::all db_inbound_email::bad_or_missing_or_disabled_bearer_is_401_and_stores_nothing
        PASS [   1.670s] (181/881) crm-api::all db_inbound_email::first_storage_publishes_exactly_one_event
        PASS [   1.666s] (182/881) crm-api::all db_inbound_email::malformed_json_base64_and_empty_raw_are_400
        PASS [   1.681s] (183/881) crm-api::all db_inbound_email::legacy_hex_token_org_accepts_mail
        PASS [   1.696s] (184/881) crm-api::all db_inbound_email::every_rejection_shape_is_byte_identical_and_stores_nothing
        PASS [   1.726s] (185/881) crm-api::all db_inbound_email::byte_identical_redelivery_is_a_noop
        PASS [   1.707s] (186/881) crm-api::all db_inbound_email::concurrent_identical_posts_yield_one_row_and_one_publish
        PASS [  11.549s] (187/881) crm-api::all db_inbound_email::a_20_mib_multipart_message_stores_once_and_decrypts_to_the_exact_bytes
        PASS [   2.832s] (188/881) crm-api::all db_inbound_email::stuck_pending_row_is_rescued_and_published_once
        PASS [   2.839s] (189/881) crm-api::all db_inbound_email::valid_delivery_stores_one_row_that_decrypts_to_the_exact_bytes
        PASS [   2.853s] (190/881) crm-api::all db_inbound_email::valid_delivery_creates_nothing_beyond_the_raw_payload_row
        PASS [   2.986s] (191/881) crm-api::all db_inbound_email::no_span_or_log_line_ever_carries_secret_or_content
        PASS [   2.859s] (192/881) crm-api::all db_inbound_email_intake::byte_identical_redelivery_of_a_forwarded_mail_is_a_noop
        PASS [   2.890s] (193/881) crm-api::all db_inbound_email::same_bytes_to_two_orgs_store_one_row_each
        PASS [   2.898s] (194/881) crm-api::all db_inbound_email::stored_row_appears_in_unresolved_for_its_own_org_only
        PASS [   3.024s] (195/881) crm-api::all db_inbound_email_intake::byte_identical_redelivery_of_a_resolved_row_is_a_noop
        PASS [   2.981s] (196/881) crm-api::all db_inbound_email_intake::concurrent_identical_in_format_posts_yield_one_person_one_publish
        PASS [   3.012s] (197/881) crm-api::all db_inbound_email_intake::completed_path_leaks_no_content_into_spans_or_logs
        PASS [   3.003s] (198/881) crm-api::all db_inbound_email_intake::direct_mail_with_a_quoted_banner_keeps_its_deterministic_parse
        PASS [   3.021s] (199/881) crm-api::all db_inbound_email_intake::cypress_fixture_completes_intake_end_to_end
        PASS [   3.010s] (200/881) crm-api::all db_inbound_email_intake::fake_fwd_subject_is_a_noop_and_lands_unrecognized
        PASS [  14.734s] (201/881) crm-api::all db_import_source::import_source_rejected_equal_observation_never_wins_but_disagreement_holds
        PASS [   3.059s] (202/881) crm-api::all db_inbound_email_intake::concurrent_different_emails_sharing_a_contact_yield_one_person_two_inquiries
        PASS [   3.033s] (203/881) crm-api::all db_inbound_email_intake::email_intake_without_a_default_creates_an_unassigned_person
        PASS [  25.225s] (204/881) crm-api::all db_import_http::import_http_large_fields_are_bounded_exact_and_cursor_scoped
        PASS [   3.097s] (205/881) crm-api::all db_inbound_email_intake::forged_inner_forward_creates_the_d040_accepted_lead
        PASS [   2.975s] (206/881) crm-api::all db_inbound_email_intake::html_only_fixture_completes
        PASS [   3.047s] (207/881) crm-api::all db_inbound_email_intake::forged_sender_lands_unrecognized_and_creates_no_person
        PASS [   2.980s] (208/881) crm-api::all db_inbound_email_intake::html_only_forward_unwraps_and_completes
        PASS [   2.998s] (209/881) crm-api::all db_inbound_email_intake::gmail_forward_of_pinned_format_mail_completes_deterministically
        PASS [   3.023s] (210/881) crm-api::all db_inbound_email_intake::forwarded_unknown_lead_lands_unrecognized_for_extraction
        PASS [   3.028s] (211/881) crm-api::all db_inbound_email_intake::garbage_bytes_land_email_unparsed
        PASS [   3.090s] (212/881) crm-api::all db_inbound_email_intake::forward_banner_with_empty_inner_body_falls_back_whole_message
        PASS [   3.189s] (213/881) crm-api::all db_inbound_email_intake::forwarded_mail_writes_nothing_in_another_org
        PASS [   3.708s] (214/881) crm-api::all db_inbound_email_intake::in_format_email_without_contact_method_lands_no_contact_method
        PASS [   3.680s] (215/881) crm-api::all db_inbound_email_intake::second_in_format_email_dedups_onto_the_same_person
        PASS [   3.750s] (216/881) crm-api::all db_inbound_email_intake::inbound_email_in_a_round_robin_org_routes_via_rotation
        PASS [   3.718s] (217/881) crm-api::all db_inbound_email_intake::nul_bytes_in_an_in_format_email_complete_without_error_or_poison_row
        PASS [   3.699s] (218/881) crm-api::all db_inbound_email_intake::terminal_unresolved_row_is_never_reprocessed_by_redelivery
        PASS [   3.741s] (219/881) crm-api::all db_inbound_email_intake::nested_forward_unwraps_to_the_innermost_form_mail
        PASS [   3.716s] (220/881) crm-api::all db_inbound_email_intake::stuck_pending_in_format_row_resolves_end_to_end_on_redelivery
        PASS [   3.699s] (221/881) crm-api::all db_inbound_email_intake::two_forwarders_of_the_same_inner_lead_converge_on_one_person
        PASS [   6.376s] (222/881) crm-api::all db_inbound_email_intake::unknown_format_mail_completes_even_while_the_lock_is_held
        PASS [   3.041s] (223/881) crm-api::all db_inquiry_append_only::a_backdated_insert_still_works_and_last_inquiry_at_is_trigger_maintained
        PASS [   3.014s] (224/881) crm-api::all db_inquiry_append_only::person_delete_cascades_inquiry_and_person_tag_together
        PASS [   3.042s] (225/881) crm-api::all db_inquiry_append_only::direct_delete_of_inquiry_is_rejected
        PASS [   3.069s] (226/881) crm-api::all db_inquiry_append_only::deleting_a_person_still_cascades_its_inquiries
        PASS [   3.044s] (227/881) crm-api::all db_intake::bad_source_returns_400_and_writes_no_raw_payload_row
        PASS [   3.052s] (228/881) crm-api::all db_inquiry_append_only::direct_update_of_inquiry_is_rejected
        PASS [   3.838s] (229/881) crm-api::all db_inbound_email_intake::valid_format_mail_writes_nothing_in_another_org
        PASS [   2.574s] (230/881) crm-api::all db_intake::concurrent_identical_deliveries_yield_one_201_and_one_200
        PASS [   1.710s] (231/881) crm-api::all db_intake::malformed_json_body_returns_400
        PASS [   2.437s] (232/881) crm-api::all db_intake::email_wins_when_email_and_phone_match_different_persons
        PASS [   2.436s] (233/881) crm-api::all db_intake::explicit_assignee_on_already_assigned_person_is_ignored
        PASS [   2.421s] (234/881) crm-api::all db_intake::fixture_pending_row_resolves_on_repost_with_duplicate_false
        PASS [   2.423s] (235/881) crm-api::all db_intake::identical_payload_delivered_twice_is_idempotent
        PASS [   2.429s] (236/881) crm-api::all db_intake::invalid_assignee_returns_422_and_writes_no_raw_payload_row
        PASS [   9.228s] (237/881) crm-api::all db_inbound_email_intake::lock_held_past_budget_defers_the_row_pending_then_redelivery_completes
        PASS [   2.494s] (238/881) crm-api::all db_intake::concurrent_new_intakes_for_the_same_email_create_one_person
        PASS [   7.784s] (239/881) crm-api::all db_intake::advisory_lock_contention_fails_fast_without_starving_other_organizations
        PASS [   2.356s] (240/881) crm-api::all db_intake::repeat_inquiry_matching_unassigned_person_writes_one_assignment_fact
        PASS [   2.385s] (241/881) crm-api::all db_intake::non_json_content_type_returns_400
        PASS [   2.384s] (242/881) crm-api::all db_intake::tampered_ciphertext_returns_500_and_leaves_row_pending_and_queued
        PASS [   2.419s] (243/881) crm-api::all db_intake::oversized_body_returns_400
        PASS [   2.413s] (244/881) crm-api::all db_intake::repeat_inquiry_matching_assigned_person_by_phone_keeps_existing
        PASS [   2.504s] (245/881) crm-api::all db_intake::new_lead_intake_creates_person_and_four_linked_facts
        PASS [   2.443s] (246/881) crm-api::all db_intake::no_contact_method_payload_is_unresolved_and_ciphertext_hides_plaintext
        PASS [   2.408s] (247/881) crm-api::all db_intake_address::a_platform_only_session_is_401_on_the_intake_address
        PASS [   2.441s] (248/881) crm-api::all db_intake::repeat_inquiry_matching_assigned_person_by_email_keeps_existing
        PASS [   3.573s] (249/881) crm-api::all db_intake_address::the_backfill_expressions_satisfy_the_checks
        PASS [   3.671s] (250/881) crm-api::all db_intake_address::creation_mints_a_slug_from_the_name_and_an_eight_char_token
        PASS [   3.616s] (251/881) crm-api::all db_intake_extraction::confident_spam_lands_not_a_lead
        PASS [   3.648s] (252/881) crm-api::all db_intake_address::platform_detail_carries_the_address_top_level_and_members_cannot_use_it
        PASS [   3.638s] (253/881) crm-api::all db_intake_address::the_create_span_carries_the_slug_and_never_the_token
        PASS [   3.700s] (254/881) crm-api::all db_intake_address::intake_columns_have_their_checks_index_and_no_update_grant
        PASS [   3.672s] (255/881) crm-api::all db_intake_extraction::concurrent_passes_claim_disjoint_rows
        PASS [   3.705s] (256/881) crm-api::all db_intake_address::names_that_slugify_identically_get_a_suffix_and_never_a_name_clash
        PASS [   3.790s] (257/881) crm-api::all db_intake_address::admins_read_their_own_address_members_are_403_and_orgs_never_cross
        PASS [   6.917s] (258/881) crm-api::all db_intake_address::ten_orgs_whose_names_all_slugify_to_org_are_all_created
        PASS [   3.325s] (259/881) crm-api::all db_intake_extraction::only_eligible_rows_are_claimed
        PASS [   3.439s] (260/881) crm-api::all db_intake_extraction::deterministic_internal_errors_are_bounded_not_infinite
        PASS [   3.377s] (261/881) crm-api::all db_intake_extraction::forwarded_unknown_lead_extracts_from_the_inner_view
        PASS [   3.387s] (262/881) crm-api::all db_intake_extraction::extraction_pass_leaks_no_content
        PASS [   3.359s] (263/881) crm-api::all db_intake_extraction::quality_failures_back_off_then_terminal
        PASS [   3.416s] (264/881) crm-api::all db_intake_extraction::extraction_is_tenant_isolated
        PASS [   3.422s] (265/881) crm-api::all db_intake_extraction::duplicate_replay_of_not_a_lead_decodes_faithfully
        PASS [   3.444s] (266/881) crm-api::all db_intake_extraction::discard_mid_extraction_supersedes
        PASS [   3.445s] (267/881) crm-api::all db_intake_extraction::valid_lead_reply_resolves_end_to_end
        PASS [   3.462s] (268/881) crm-api::all db_intake_round_robin::a_newcomer_joins_at_the_end_of_the_cycle
        PASS [   3.498s] (269/881) crm-api::all db_intake_rotation::rotate_mints_audits_and_returns_the_new_address
        PASS [   3.519s] (270/881) crm-api::all db_intake_rotation::old_address_dies_and_new_address_flows_after_rotation
        PASS [   3.496s] (271/881) crm-api::all db_intake_rotation::rotation_spans_and_logs_carry_no_token_material
        PASS [   3.547s] (272/881) crm-api::all db_intake_extraction::unparsed_and_discarded_rows_are_never_claimed
        PASS [   3.530s] (273/881) crm-api::all db_intake_extraction::workbench_retry_rearms_extraction
        PASS [   3.647s] (274/881) crm-api::all db_intake_extraction::transport_failures_wait_forever_then_recover
        PASS [   3.522s] (275/881) crm-api::all db_intake_rotation::rotation_is_admin_only_and_tenant_isolated
        PASS [   3.741s] (276/881) crm-api::all db_intake_round_robin::empty_pool_routes_unassigned_with_no_pointer_write
        PASS [   3.828s] (277/881) crm-api::all db_intake_round_robin::migration_backfill_maps_assignee_set_orgs_to_default_assignee_mode
        PASS [   3.849s] (278/881) crm-api::all db_intake_round_robin::mid_rotation_deactivation_continues_without_resetting_pointer_or_non_pointer
        PASS [  10.732s] (279/881) crm-api::all db_intake_extraction::intake_busy_unresets_and_recovers
        PASS [   3.870s] (280/881) crm-api::all db_intake_round_robin::eight_way_concurrency_distributes_fairly_under_the_advisory_budget
        PASS [   3.882s] (281/881) crm-api::all db_intake_round_robin::duplicate_repost_of_a_round_robin_routed_payload_reports_its_strategy
        PASS [   3.892s] (282/881) crm-api::all db_intake_round_robin::fairness_rotates_a_b_c_a_b_c_with_full_fact_and_today_assertions
        PASS [   3.992s] (283/881) crm-api::all db_intake_round_robin::deactivating_the_mid_order_pointer_member_continues_to_the_next_slot
        PASS [   3.928s] (284/881) crm-api::all db_intake_round_robin::dual_org_member_rotates_independently_and_org_b_gets_zero_rotation_rows
        PASS [   3.449s] (285/881) crm-api::all db_intake_settings::crm_app_update_grant_is_scoped_to_the_new_column_and_updated_at
        PASS [   3.627s] (286/881) crm-api::all db_intake_round_robin::non_round_robin_strategies_never_advance_the_pointer
        PASS [   3.490s] (287/881) crm-api::all db_intake_settings::put_requires_both_keys_rejects_the_old_007c_body_and_get_survives_deactivation
        PASS [   3.517s] (288/881) crm-api::all db_intake_settings::put_non_default_modes_accept_null_active_or_stale_echo_reject_anything_else
        PASS [   3.536s] (289/881) crm-api::all db_intake_settings::crm_app_can_write_intake_routing_mode_and_the_rotation_table
        PASS [   3.503s] (290/881) crm-api::all db_intake_settings::routing_decision_strategy_check_accepts_round_robin
        PASS [   7.399s] (291/881) crm-api::all db_intake_round_robin::intake_busy_leaves_the_rotation_pointer_untouched
        PASS [   3.518s] (292/881) crm-api::all db_intake_settings::routing_decision_strategy_check_accepts_new_values_and_rejects_unknown
        PASS [   3.551s] (293/881) crm-api::all db_intake_settings::put_default_assignee_mode_rejects_nonexistent_foreign_inactive_and_null_identically
        PASS [   3.571s] (294/881) crm-api::all db_intake_settings::admins_manage_the_setting_members_are_403_and_orgs_never_cross
        PASS [   2.970s] (295/881) crm-api::all db_intake_system_routing::default_member_deactivated_routes_unassigned_and_setting_is_retained
        PASS [   2.954s] (296/881) crm-api::all db_intake_system_routing::default_set_and_active_routes_organization_default_and_lands_on_their_today
        PASS [   2.905s] (297/881) crm-api::all db_intake_workbench::concurrent_retries_yield_one_person_and_a_duplicate_loser
        PASS [   2.938s] (298/881) crm-api::all db_intake_system_routing::matching_already_assigned_person_keeps_existing
        PASS [   2.946s] (299/881) crm-api::all db_intake_system_routing::matching_existing_unassigned_person_applies_the_default
        PASS [   2.953s] (300/881) crm-api::all db_intake_system_routing::no_default_set_routes_unassigned_with_no_assignment_fact
        PASS [   2.944s] (301/881) crm-api::all db_intake_workbench::api_inquiries_replay_of_a_discarded_row_gets_the_duplicate_envelope
        PASS [   2.979s] (302/881) crm-api::all db_intake_system_routing::duplicate_repost_of_a_system_routed_payload_reports_its_strategy
        PASS [   2.982s] (303/881) crm-api::all db_intake_system_routing::system_actor_intake_into_org_a_writes_zero_rows_in_org_b
        PASS [   2.963s] (304/881) crm-api::all db_intake_workbench::corrupted_row_retry_500s_and_stays_discardable
        PASS [   4.707s] (305/881) crm-api::all db_intake_workbench::migration_check_and_grants_hold
        PASS [   4.727s] (306/881) crm-api::all db_intake_workbench::retry_in_a_round_robin_org_routes_via_rotation_and_consumes_a_turn
        PASS [   4.784s] (307/881) crm-api::all db_intake_workbench::generic_v1_retry_reruns_with_the_stored_source
        PASS [   4.780s] (308/881) crm-api::all db_intake_workbench::pending_rows_are_viewable_and_large_bodies_truncate
        PASS [   4.761s] (309/881) crm-api::all db_intake_workbench::retry_on_a_resolved_row_returns_the_stored_outcome_as_duplicate
        PASS [   4.831s] (310/881) crm-api::all db_intake_workbench::discard_attributes_removes_and_is_idempotent
        PASS [   4.839s] (311/881) crm-api::all db_intake_workbench::discarded_bytes_never_resurrect_on_redelivery_or_replay
        PASS [   4.902s] (312/881) crm-api::all db_intake_workbench::detail_content_authorization_and_404s
        PASS [   4.819s] (313/881) crm-api::all db_intake_workbench::queue_lists_pending_and_unresolved_never_discarded
        PASS [   5.004s] (314/881) crm-api::all db_intake_workbench::unretryable_format_fails_closed_without_destroying_the_reason
        PASS [   5.226s] (315/881) crm-api::all db_intake_workbench::retry_resolves_a_pre_existing_forwarded_row_through_the_unwrapper
        PASS [   5.307s] (316/881) crm-api::all db_intake_workbench::retry_on_still_unparseable_bytes_rerecords_the_reason
        PASS [   5.218s] (317/881) crm-api::all db_intake_workbench::workbench_spans_and_logs_carry_no_content
        PASS [   5.271s] (318/881) crm-api::all db_intake_workbench::retry_racing_redelivery_yields_one_person
        PASS [   5.267s] (319/881) crm-api::all db_intake_workbench::retry_rescues_stuck_pending_row_with_system_actor_on_behalf_of_admin
        PASS [  10.064s] (320/881) crm-api::all db_intake_workbench::failed_retry_publishes_a_queue_invalidation_for_the_reset
        PASS [   5.211s] (321/881) crm-api::all db_metadata_import_acceptance::metadata_acceptance_existing_different_fub_binding_cannot_be_reassigned
        PASS [  11.494s] (322/881) crm-api::all db_metadata_import_acceptance::metadata_acceptance_cancelled_and_running_parents_are_ineligible
        PASS [   7.040s] (323/881) crm-api::all db_metadata_import_concurrency::metadata_concurrency_cancel_waits_for_complete_inflight_person_unit
        PASS [   7.080s] (324/881) crm-api::all db_metadata_import_acceptance::metadata_acceptance_two_valid_fields_cannot_merge_into_one_native_target
        PASS [   7.305s] (325/881) crm-api::all db_metadata_import_acceptance::metadata_acceptance_expired_ten_minute_plan_requires_explicit_replan
        PASS [  12.329s] (326/881) crm-api::all db_intake_workbench::retry_surfaces_intake_busy_when_lock_held
        PASS [   7.091s] (327/881) crm-api::all db_metadata_import_concurrency::metadata_concurrency_person_failure_rolls_back_all_cells_result_cursor_and_bytes
        PASS [   7.103s] (328/881) crm-api::all db_metadata_import_concurrency::metadata_concurrency_confirm_cancel_race_has_one_terminal_receipt_outcome
        PASS [   7.126s] (329/881) crm-api::all db_metadata_import_acceptance::metadata_acceptance_tombstoned_parent_person_cannot_regain_metadata_or_history
        PASS [  14.790s] (330/881) crm-api::all db_metadata_import_gate::metadata_gate_current_ceiling_pause_explicit_retry_and_cancel_at_exhaustion
        PASS [   8.423s] (331/881) crm-api::all db_metadata_import_http::metadata_http_confirmation_replays_and_preserves_parent_and_review_hold
        PASS [   8.498s] (332/881) crm-api::all db_metadata_import_gate::metadata_gate_expired_lease_reclaim_and_partial_cancel_preserve_units
        PASS [   8.444s] (333/881) crm-api::all db_metadata_import_http::metadata_http_cancel_is_terminal_replayable_and_does_not_release_workspace
        PASS [   8.432s] (334/881) crm-api::all db_metadata_import_http::metadata_http_creation_is_admin_scoped_strict_and_exactly_idempotent
        PASS [   8.483s] (335/881) crm-api::all db_metadata_import_gate::metadata_gate_private_permit_has_no_unrelated_insert_update_delete_or_parent_bypass
        PASS [   8.474s] (336/881) crm-api::all db_metadata_import_gate::metadata_gate_result_failure_rolls_back_native_identity_cursor_and_bytes
        PASS [  15.308s] (337/881) crm-api::all db_metadata_import_gate::metadata_gate_exact_inventory_concurrent_workers_and_duplicate_recovery
        PASS [   6.415s] (338/881) crm-api::all db_metadata_import_r1::metadata_r1_native_choice_case_collision_holds_dependencies_before_ready
        PASS [   6.435s] (339/881) crm-api::all db_metadata_import_r1::metadata_r1_executor_demotion_requires_explicit_current_admin_adoption
        PASS [   6.445s] (340/881) crm-api::all db_metadata_import_r1::metadata_r1_malformed_tags_hold_person_without_fabricating_counted_operations
        PASS [   6.441s] (341/881) crm-api::all db_metadata_import_r1::metadata_r1_qualified_oversized_machine_key_does_not_offer_creation
        PASS [   7.196s] (342/881) crm-api::all db_metadata_import_http::metadata_http_frozen_choices_enforce_patch_bounds_and_cursor_scope
        PASS [   6.471s] (343/881) crm-api::all db_metadata_import_http::metadata_http_rejects_uncompleted_parent_and_incomplete_custom_fields
        PASS [  14.914s] (344/881) crm-api::all db_metadata_import_http::metadata_http_committed_receipt_survives_expired_and_missing_readiness
        PASS [   7.469s] (345/881) crm-api::all db_metadata_import_r1::metadata_r1_rapid_replans_preserve_unprepared_approval
        PASS [   7.245s] (346/881) crm-api::all db_metadata_import_r1::metadata_r1_undeclared_custom_value_is_held_with_exact_source_evidence
        PASS [   7.229s] (347/881) crm-api::all db_metadata_import_source::metadata_source_machine_key_collisions_hold_while_equal_labels_map_explicitly
        PASS [   7.286s] (348/881) crm-api::all db_metadata_import_r1::metadata_r1_result_counts_match_operations_including_held_null_and_absent
        PASS [   7.254s] (349/881) crm-api::all db_metadata_import_source::metadata_source_large_and_nul_keys_can_map_without_native_key_coercion
        PASS [   7.277s] (350/881) crm-api::all db_metadata_import_source::metadata_source_capacity_archival_and_local_conflicts_preserve_native_rows
        PASS [   7.290s] (351/881) crm-api::all db_metadata_import_source::metadata_source_all_variants_and_exact_raw_identity_override_preview
        PASS [  29.274s] (352/881) crm-api::all db_metadata_import_gate::metadata_gate_catalog_continues_in_fifty_descriptor_units
        PASS [   6.389s] (353/881) crm-api::all db_migration::concurrent_distinct_starts_and_in_flight_disconnect_are_atomic
        PASS [   8.100s] (354/881) crm-api::all db_migration::expired_lease_reclaims_and_db_failure_does_not_commit_partial_result
        PASS [   8.099s] (355/881) crm-api::all db_migration::in_flight_revocation_and_cancel_fence_all_evidence
        PASS [   8.148s] (356/881) crm-api::all db_migration::domain_authority_and_cross_tenant_locators_are_enforced
        PASS [   8.352s] (357/881) crm-api::all db_metadata_import_source::metadata_source_native_values_preserve_precision_absence_literals_and_recurrence_holds
        PASS [   8.166s] (358/881) crm-api::all db_migration::http_admin_body_precedence_contract_and_no_store
        PASS [  15.456s] (359/881) crm-api::all db_metadata_import_source::metadata_source_full_multimegabyte_evidence_survives_execution_without_truncation
        PASS [   8.927s] (360/881) crm-api::all db_metadata_import_source::metadata_source_shared_tags_do_not_merge_people_and_overflow_holds_the_whole_link_set
        PASS [   4.701s] (361/881) crm-api::all db_migration::malformed_bytes_encrypted_and_paused_disconnect_reconnect_retains_identity
        PASS [   3.872s] (362/881) crm-api::all db_migration::six_checks_report_honest_counts_and_preserve_last_report_without_business_writes
        PASS [   3.922s] (363/881) crm-api::all db_migration::receipts_concurrent_replay_conflict_and_immutable_after_progress
        PASS [   3.940s] (364/881) crm-api::all db_migration::migration_claim_and_report_plans_use_bounded_indexes
        PASS [   3.859s] (365/881) crm-api::all db_notes::add_note_over_128kib_is_400_not_413
        PASS [   3.904s] (366/881) crm-api::all db_migration::retry_budget_due_time_explicit_cycle_and_completed_checks_skip
        PASS [   3.872s] (367/881) crm-api::all db_migration::tracing_contains_safe_context_and_outcomes_without_credentials_or_raw_content
        PASS [   5.482s] (368/881) crm-api::all db_notes::add_note_shape_history_entry_and_foreign_person_404
        PASS [   3.068s] (369/881) crm-api::all db_notes::edit_note_deactivated_author_and_demoted_deactivated_admin_are_forbidden
        PASS [   3.069s] (370/881) crm-api::all db_notes::edit_note_for_share_reread_observes_a_committing_deactivation
        PASS [  15.170s] (371/881) crm-api::all db_metadata_import_source::metadata_source_requalifies_people_and_definitions_after_completed_parent
        PASS [   3.081s] (372/881) crm-api::all db_notes::edit_note_pure_demotion_is_forbidden_with_no_write_or_publish
        PASS [   4.061s] (373/881) crm-api::all db_notes::delete_note_author_and_admin_succeed_third_member_forbidden_and_tombstone_shape
        PASS [  28.876s] (374/881) crm-api::all db_metadata_import_http::metadata_http_full_evidence_segments_bind_person_field_and_revision
        PASS [   3.993s] (375/881) crm-api::all db_notes::edit_note_author_and_admin_succeed_third_member_forbidden
        PASS [   4.009s] (376/881) crm-api::all db_notes::delete_note_deactivated_author_and_pure_demoted_admin_are_forbidden
        PASS [   3.988s] (377/881) crm-api::all db_notes::edit_note_tombstone_cross_organization_and_cross_person_are_404
        PASS [   4.395s] (378/881) crm-api::all db_notes::edit_note_validation_precedes_the_not_found_lookup
        PASS [   3.706s] (379/881) crm-api::all db_notes::imported_note_renders_with_null_actor_admin_only_can_manage_and_member_edit_forbidden
        PASS [   2.801s] (380/881) crm-api::all db_notes::note_source_external_id_partial_unique_index_and_resurrection_guard
        PASS [   2.812s] (381/881) crm-api::all db_notes::note_route_error_precedence_wire_shapes_and_can_manage
        PASS [   3.744s] (382/881) crm-api::all db_notes::edit_racing_delete_never_503s_and_tombstone_wins
        PASS [   3.723s] (383/881) crm-api::all db_notes::note_check_constraints_matrix
        PASS [   3.750s] (384/881) crm-api::all db_notes::note_accepts_10_000_four_byte_code_points_and_cascades_with_person
        PASS [   2.845s] (385/881) crm-api::all db_notes::note_history_position_ties_with_correspondence_by_kind_rank_and_survives_an_edit
        PASS [   3.757s] (386/881) crm-api::all db_notes::note_composite_fk_rejections
        PASS [   3.772s] (387/881) crm-api::all db_notes::note_changed_publishes_exactly_once_per_changing_write
        PASS [   4.635s] (388/881) crm-api::all db_operator::completed_turn_has_the_documented_shape_and_ledger_rows
        PASS [   4.645s] (389/881) crm-api::all db_operator::get_person_history_marks_superseded_and_corrected_attempts
        PASS [   4.638s] (390/881) crm-api::all db_operator::get_person_returns_custom_fields_as_untrusted_text_and_a_foreign_person_is_still_refused
        PASS [   4.686s] (391/881) crm-api::all db_operator::custom_field_activity_never_leaks_a_value_into_traces_or_the_ledger
        PASS [   4.701s] (392/881) crm-api::all db_operator::context_person_id_is_untrusted_and_revalidated
        PASS [   4.741s] (393/881) crm-api::all db_operator::client_abort_mid_turn_releases_the_slot_and_still_writes_the_ledger
        PASS [   4.718s] (394/881) crm-api::all db_operator::explain_priority_position_matches_today_query_and_get_api_today
        PASS [   4.800s] (395/881) crm-api::all db_operator::capture_across_today_tasks_and_operator_tools_finds_a_task_title_only_in_untrusted_sites
        PASS [   4.691s] (396/881) crm-api::all db_operator::get_person_notes_are_latest_five_untrusted_and_excluded_from_history
        PASS [   4.717s] (397/881) crm-api::all db_operator::get_person_and_explain_with_a_foreign_id_are_not_found_without_leaking
        PASS [   4.771s] (398/881) crm-api::all db_operator::ledger_insert_failure_still_returns_the_reply
        PASS [   4.798s] (399/881) crm-api::all db_operator::ledger_tables_are_append_only_for_crm_app
        PASS [   4.812s] (400/881) crm-api::all db_operator::note_activity_and_operator_call_never_leak_a_body_into_traces_or_wrong_responses
        PASS [   4.878s] (401/881) crm-api::all db_operator::injected_inquiry_message_cannot_reach_a_foreign_person
        PASS [   4.903s] (402/881) crm-api::all db_operator::get_person_tasks_are_open_capped_at_ten_by_due_at_order
        PASS [   4.958s] (403/881) crm-api::all db_operator::get_person_returns_tags_as_untrusted_text_and_a_foreign_person_is_still_refused
        PASS [   4.848s] (404/881) crm-api::all db_operator::operator_disabled_without_a_provider
        PASS [   4.898s] (405/881) crm-api::all db_operator::get_today_is_viewer_specific_within_one_organization
        PASS [   4.862s] (406/881) crm-api::all db_operator::ledger_triggers_reject_the_owner_too
        PASS [   9.604s] (407/881) crm-api::all db_operator::ledger_records_every_outcome
        PASS [   4.778s] (408/881) crm-api::all db_operator::search_escapes_wildcards_matches_contacts_and_stays_in_organization
        PASS [   4.773s] (409/881) crm-api::all db_operator::search_people_returns_only_the_callers_organization
        PASS [   4.893s] (410/881) crm-api::all db_operator::operator_get_today_json_agrees_with_http_on_raised_and_task_only_items
        PASS [   4.782s] (411/881) crm-api::all db_operator::search_with_no_match_records_ok_with_zero_ids
        PASS [   4.782s] (412/881) crm-api::all db_operator::task_activity_and_operator_call_never_leak_a_title_into_traces_or_wrong_responses
        PASS [   4.799s] (413/881) crm-api::all db_operator::semaphore_full_is_429_for_a_different_user
        PASS [   4.870s] (414/881) crm-api::all db_operator::platform_only_session_is_401
        PASS [   4.897s] (415/881) crm-api::all db_operator::operator_today_tools_agree_with_http_on_a_task_item_and_the_fixed_line_has_no_title
        PASS [   4.854s] (416/881) crm-api::all db_operator::same_user_second_concurrent_turn_is_429
        PASS [   4.844s] (417/881) crm-api::all db_operator::tool_backend_failure_is_tool_error_with_a_ledger_row
        PASS [   4.887s] (418/881) crm-api::all db_operator_call::a_real_but_foreign_persons_phone_id_is_not_found_and_two_phones_need_a_choice
        PASS [   4.869s] (419/881) crm-api::all db_operator_call::confirm_with_telephony_disabled_is_503_and_fails_the_proposal
        PASS [   4.891s] (420/881) crm-api::all db_operator_call::confirm_while_already_on_a_call_fails_the_proposal_with_call_in_progress
        PASS [   4.935s] (421/881) crm-api::all db_operator::validation_rejects_bad_bodies_with_400
        PASS [   4.868s] (422/881) crm-api::all db_operator_call::contact_method_deleted_between_propose_and_confirm_is_422_and_fails_the_proposal
        PASS [   4.875s] (423/881) crm-api::all db_operator_call::consumed_beats_expired_and_stuck_claimed_reads_as_consumed
        PASS [   4.872s] (424/881) crm-api::all db_operator_call::double_confirm_yields_one_call_and_one_consumed
        PASS [   4.934s] (425/881) crm-api::all db_operator_call::app_role_cannot_delete_proposals_or_rewrite_their_identity
        PASS [   5.991s] (426/881) crm-api::all db_operator::validation_accepts_the_exact_boundaries
        PASS [   3.661s] (427/881) crm-api::all db_operator_filter::a_list_with_invalid_tag_is_list_invalid
        PASS [   4.760s] (428/881) crm-api::all db_operator_call::propose_then_confirm_places_the_call_with_operator_origin_and_turn_correlation
        PASS [   4.896s] (429/881) crm-api::all db_operator_call::email_only_person_yields_no_phone_and_no_row
        PASS [   4.818s] (430/881) crm-api::all db_operator_call::expired_confirm_is_409_and_executes_nothing
        PASS [   4.822s] (431/881) crm-api::all db_operator_call::foreign_org_other_user_and_nonexistent_confirms_are_byte_identical_404
        PASS [   4.788s] (432/881) crm-api::all db_operator_call::the_phone_number_never_appears_in_spans_or_logs_on_the_proposal_paths
        PASS [   4.792s] (433/881) crm-api::all db_operator_call::two_proposals_from_two_turns_yield_exactly_one_call
        PASS [   4.834s] (434/881) crm-api::all db_operator_call::invented_contact_method_id_is_not_found_and_inserts_no_row
        PASS [   4.816s] (435/881) crm-api::all db_operator_call::the_configured_ttl_reaches_the_row_and_the_wire
        PASS [   4.825s] (436/881) crm-api::all db_operator_call::room_failure_finalizes_failed_with_the_settled_call_id
        PASS [   4.014s] (437/881) crm-api::all db_operator_filter::composed_filter_matches_stage_tag_and_assignee_and_ledger_reflects_it
        PASS [   4.056s] (438/881) crm-api::all db_operator_filter::own_personal_list_and_shared_list_are_visible_to_member_and_admin
        PASS [   4.100s] (439/881) crm-api::all db_operator_filter::custom_saved_list_description_is_untrusted_and_read_only
        PASS [   4.096s] (440/881) crm-api::all db_operator_filter::last_contact_not_within_days_includes_never_contacted
        PASS [   4.127s] (441/881) crm-api::all db_operator_filter::duplicate_named_lists_report_candidates_then_list_id_resolves
        PASS [   4.168s] (442/881) crm-api::all db_operator_filter::another_members_personal_list_is_not_found_including_for_admin
        PASS [   4.223s] (443/881) crm-api::all db_operator_filter::ambiguous_assignee_reports_candidates_and_me_resolves_per_actor
        PASS [   4.138s] (444/881) crm-api::all db_operator_filter::full_turn_returns_200_with_references_and_no_proposal_row
        PASS [   4.192s] (445/881) crm-api::all db_operator_filter::caps_thirty_matches_with_limit_ten_and_five_hundred_one_matches
        PASS [   4.861s] (446/881) crm-api::all db_operator_filter::foreign_list_id_and_foreign_tag_name_are_byte_identical_to_nonexistent
        PASS [   4.612s] (447/881) crm-api::all db_operator_filter::run_saved_list_honours_the_stored_sort
        PASS [   4.533s] (448/881) crm-api::all db_operator_task::complete_task_forbidden_for_a_third_member_with_a_positive_control
        PASS [   4.513s] (449/881) crm-api::all db_operator_task::complete_task_permits_creator_and_admin
        PASS [   3.811s] (450/881) crm-api::all db_operator_task::create_task_actor_deactivated_401_at_the_door_forbidden_at_the_command
        PASS [   4.565s] (451/881) crm-api::all db_operator_filter::unknown_tag_name_is_needs_clarification_and_two_in_a_row_does_not_end_the_turn
        PASS [   4.552s] (452/881) crm-api::all db_operator_task::complete_task_leaves_origin_unchanged_and_the_ledger_carries_no_title
        PASS [   4.617s] (453/881) crm-api::all db_operator_filter::same_name_vocabulary_across_two_organizations_stays_isolated
        PASS [   4.565s] (454/881) crm-api::all db_operator_task::complete_task_not_found_is_byte_identical_across_causes
        PASS [   4.639s] (455/881) crm-api::all db_operator_filter::span_capture_contains_filter_kinds_and_no_names_ids_or_day_counts
        PASS [   4.609s] (456/881) crm-api::all db_operator_task::complete_task_already_completed_is_idempotent_and_does_not_republish
        PASS [   5.014s] (457/881) crm-api::all db_operator_task::create_task_check_matrix
        PASS [   5.041s] (458/881) crm-api::all db_operator_task::create_task_confirm_after_person_deleted_is_404
        PASS [   5.000s] (459/881) crm-api::all db_operator_task::create_task_proposal_inserts_parent_and_sidecar_rows
        PASS [   5.002s] (460/881) crm-api::all db_operator_task::create_task_with_due_date_and_named_assignee_composes_and_confirms
        PASS [   5.039s] (461/881) crm-api::all db_operator_task::create_task_expired_consumed_and_stuck_claimed
        PASS [   5.012s] (462/881) crm-api::all db_operator_task::create_task_race_assignee_deactivated_is_422
        PASS [   5.144s] (463/881) crm-api::all db_operator_task::create_task_assignee_resolution_matrix
        PASS [   5.073s] (464/881) crm-api::all db_operator_task::create_task_confirm_by_another_member_and_by_the_same_user_elsewhere_is_404
        PASS [   5.086s] (465/881) crm-api::all db_operator_task::create_task_confirm_without_operator_runtime_sets_origin_and_correlation
        PASS [   5.087s] (466/881) crm-api::all db_operator_task::create_task_double_confirm_race_yields_one_201
        PASS [   4.137s] (467/881) crm-api::all db_operator_task::operator_task_proposal_grants_admit_no_update_or_delete
        PASS [   4.228s] (468/881) crm-api::all db_operator_task::start_call_confirm_with_a_null_contact_method_id_is_503
        PASS [   4.183s] (469/881) crm-api::all db_people::organization_creation_seeds_nine_ordered_stages_and_two_members
        PASS [   4.216s] (470/881) crm-api::all db_people::assign_and_stage_commands_are_fact_precise_and_history_orders_stably
        PASS [   4.245s] (471/881) crm-api::all db_operator_task::operator_versus_panel_completion_gives_one_changed_true
        PASS [   4.227s] (472/881) crm-api::all db_people::notes_never_change_person_row_or_people_list_rows
        PASS [   4.234s] (473/881) crm-api::all db_people::cross_organization_people_stages_and_unresolved_are_isolated
        PASS [   4.211s] (474/881) crm-api::all db_people::people_list_reports_not_truncated_under_500_rows
        PASS [   4.257s] (475/881) crm-api::all db_operator_task::turn_rejects_invalid_utc_offset_minutes
        PASS [   4.876s] (476/881) crm-api::all db_operator_task::undo_through_reopen_changed_true_then_false_then_404_and_403
        PASS [   3.543s] (477/881) crm-api::all db_people::people_list_reports_truncated_past_500_rows
        PASS [   3.407s] (478/881) crm-api::all db_people_filter::and_composition_intersects_two_clauses
        PASS [   3.421s] (479/881) crm-api::all db_people_filter::a_filter_never_returns_another_organizations_rows
        PASS [   3.465s] (480/881) crm-api::all db_people::tasks_never_change_person_row_or_people_list_rows
        PASS [   2.808s] (481/881) crm-api::all db_people_filter::assigned_to_clause_users_unassigned_mixed_and_me_are_viewer_relative
        PASS [   3.492s] (482/881) crm-api::all db_people::set_assignment_with_malformed_json_returns_400
        PASS [   3.506s] (483/881) crm-api::all db_people::unresolved_queue_reports_not_truncated_under_500_rows
        PASS [   3.516s] (484/881) crm-api::all db_people::set_stage_with_malformed_json_returns_400
        PASS [   3.490s] (485/881) crm-api::all db_people::unresolved_queue_reports_truncated_past_500_rows
        PASS [   3.480s] (486/881) crm-api::all db_people_filter::all_ten_clause_kinds_at_once_and_a_fifty_value_array_are_both_accepted
        PASS [   2.587s] (487/881) crm-api::all db_people_filter::derived_axis_full_matrix_parity::client_replied_unanswered_present_true_false_and_absent
        PASS [   2.618s] (488/881) crm-api::all db_people_filter::derived_axis_full_matrix_parity::awaiting_call_outcome_present_true_false_and_absent
        PASS [   2.614s] (489/881) crm-api::all db_people_filter::empty_clauses_is_the_full_list_through_the_filtered_path
        PASS [   2.760s] (490/881) crm-api::all db_people_filter::cap_truncates_to_500_with_created_at_desc_id_asc_ordering_under_a_filter
        PASS [   2.711s] (491/881) crm-api::all db_people_filter::cross_org_and_nonexistent_stage_ids_produce_byte_identical_422s
        PASS [   2.717s] (492/881) crm-api::all db_people_filter::custom_field_filter_text_negative_includes_absent_and_archived_field_is_invalid
        PASS [   2.740s] (493/881) crm-api::all db_people_filter::cross_org_and_nonexistent_assignee_ids_produce_byte_identical_422s
        PASS [   2.714s] (494/881) crm-api::all db_people_filter::deactivated_member_is_a_valid_assignee_d027
        PASS [   2.692s] (495/881) crm-api::all db_people_filter::derived_axis_full_matrix_parity::awaiting_response_present_true_false_and_absent
        PASS [   2.763s] (496/881) crm-api::all db_people_filter::created_age_axis_within_not_within_are_exact_complements
        PASS [   2.839s] (497/881) crm-api::all db_people_filter::inquiry_sources_endpoint_requires_auth
        PASS [   2.842s] (498/881) crm-api::all db_people_filter::last_inbound_age_axis_and_a_backdated_capture_filters_by_its_own_inner_date
        PASS [   2.862s] (499/881) crm-api::all db_people_filter::last_contact_age_axis_and_a_correction_fixture_prove_plain_max_equals_effective_attempt
        PASS [   2.940s] (500/881) crm-api::all db_people_filter::has_replied_matches_a_person_whose_reply_was_already_answered
        PASS [   2.995s] (501/881) crm-api::all db_people_filter::first_failure_wins_by_clause_order
        PASS [   2.947s] (502/881) crm-api::all db_people_filter::inquiry_sources_endpoint_reports_truncated_past_500
        PASS [   2.937s] (503/881) crm-api::all db_people_filter::invalid_percent_encoding_in_an_unrelated_param_is_ignored
        PASS [   3.007s] (504/881) crm-api::all db_people_filter::has_phone_and_has_email_axes
        PASS [   2.944s] (505/881) crm-api::all db_people_filter::invalid_percent_encoding_in_filter_param_is_400
        PASS [   2.983s] (506/881) crm-api::all db_people_filter::inquiry_sources_endpoint_is_distinct_ascending_org_scoped_and_member_allowed
        PASS [   2.770s] (507/881) crm-api::all db_people_filter::repeated_filter_param_is_400
        PASS [   2.824s] (508/881) crm-api::all db_people_filter::tags_and_not_tags::identically_named_tag_in_another_organization_never_matches
        PASS [   2.844s] (509/881) crm-api::all db_people_filter::stage_clause_matches_only_the_named_stages
        PASS [   2.904s] (510/881) crm-api::all db_people_filter::people_filter_request_span_records_path_only_with_the_query_string_stripped
        PASS [   2.847s] (511/881) crm-api::all db_people_filter::source_clause_matches_the_latest_inquiry_with_a_tie_break_and_never_a_zero_inquiry_person
        PASS [   2.950s] (512/881) crm-api::all db_people_filter::last_inquiry_age_axis_within_not_within_and_never
        PASS [   2.839s] (513/881) crm-api::all db_people_filter::structural_violation_beats_a_422_triggering_clause_in_the_same_filter
        PASS [   2.903s] (514/881) crm-api::all db_people_filter::present_but_empty_filter_param_is_400
        PASS [   2.848s] (515/881) crm-api::all db_people_filter::tags_and_not_tags::cross_org_and_nonexistent_tag_ids_produce_byte_identical_422s
        PASS [   2.936s] (516/881) crm-api::all db_people_filter::ordering_ties_break_by_id_asc_under_a_filter
        PASS [   2.900s] (517/881) crm-api::all db_people_filter::tags_and_not_tags::not_tags_none_of_matches_an_untagged_person
        PASS [   2.854s] (518/881) crm-api::all db_people_filter::unknown_extra_query_param_is_ignored_exactly_as_today
        PASS [   2.863s] (519/881) crm-api::all db_people_filter::tags_and_not_tags::tags_any_of_one_and_several_ids_positive_and_negative
        PASS [   2.870s] (520/881) crm-api::all db_people_filter::tags_and_not_tags::tag_reference_probe_database_failure_is_503
        PASS [   2.857s] (521/881) crm-api::all db_people_sort::default_order_is_byte_identical_with_and_without_explicit_created_desc
        PASS [   2.886s] (522/881) crm-api::all db_people_filter::tags_and_not_tags::tags_and_not_tags_together_intersect
        PASS [   2.889s] (523/881) crm-api::all db_people_filter::undecodable_json_filter_is_400_in_the_envelope_shape
        PASS [   2.895s] (524/881) crm-api::all db_people_filter::unauthenticated_request_is_401_even_with_a_garbage_filter
        PASS [   2.904s] (525/881) crm-api::all db_people_sort::assignee_key_orders_both_directions_with_unassigned_last
        PASS [   2.902s] (526/881) crm-api::all db_people_sort::created_key_orders_both_directions
        PASS [   2.771s] (527/881) crm-api::all db_people_sort::empty_sort_param_is_400
        PASS [   2.755s] (528/881) crm-api::all db_people_sort::foreign_organization_stage_with_a_malformed_sort_is_400_not_422
        PASS [   2.751s] (529/881) crm-api::all db_people_sort::name_asc_collation_orders_amy_before_bob_not_by_byte_order
        PASS [   2.747s] (530/881) crm-api::all db_people_sort::non_created_keys_apply_created_at_desc_before_id_asc_for_name_and_stage
        PASS [   2.764s] (531/881) crm-api::all db_people_sort::name_key_orders_by_first_name_as_the_secondary_key_with_missing_first_name_last
        PASS [   2.785s] (532/881) crm-api::all db_people_sort::name_asc_never_returns_another_organizations_alphabetically_first_person
        PASS [   2.812s] (533/881) crm-api::all db_people_sort::malformed_sort_tokens_are_400_before_pool_acquisition
        PASS [   2.772s] (534/881) crm-api::all db_people_sort::non_created_keys_tie_break_by_created_at_desc_then_id_asc
        PASS [   2.765s] (535/881) crm-api::all db_people_sort::null_heavy_tail_respects_nulls_last_and_truncates_the_oldest_null_row
        PASS [   2.795s] (536/881) crm-api::all db_people_sort::name_key_orders_both_directions_with_missing_last_and_empty_string_pin
        PASS [   3.001s] (537/881) crm-api::all db_people_sort::repeated_sort_param_is_400
        PASS [   3.121s] (538/881) crm-api::all db_people_sort::sort_applies_before_truncation_so_the_alphabetical_500_differs_from_the_newest_500
        PASS [   3.087s] (539/881) crm-api::all db_people_sort::sort_without_filter_records_no_filter_kinds_on_the_span
        PASS [   3.098s] (540/881) crm-api::all db_people_sort::stage_key_orders_by_pipeline_position_both_directions
        PASS [   3.090s] (541/881) crm-api::all db_person_last_activity::backdated_forward_earlier_is_noop_later_advances
        PASS [   3.098s] (542/881) crm-api::all db_people_sort::unknown_extra_query_param_with_a_valid_sort_is_still_200
        PASS [   3.105s] (543/881) crm-api::all db_person_last_activity::call_settle_answered_advances_last_contact_at
        PASS [   3.169s] (544/881) crm-api::all db_people_sort::sort_composes_with_a_positive_clause_me_and_empty_clauses
        PASS [   3.152s] (545/881) crm-api::all db_people_sort::sort_composes_with_a_source_clause_binding_the_latest_source_probe
        PASS [   4.004s] (546/881) crm-api::all db_people_sort::ties_at_the_500_boundary_drop_the_expected_single_row
        PASS [   3.084s] (547/881) crm-api::all db_person_last_activity::deduplicated_outbound_capture_advances_nothing
        PASS [   3.144s] (548/881) crm-api::all db_person_last_activity::log_contact_attempt_advances_last_contact_at
        PASS [   3.136s] (549/881) crm-api::all db_person_last_activity::outbound_capture_advances_contact_and_outbound_not_inbound
        PASS [   3.160s] (550/881) crm-api::all db_person_last_activity::inbound_capture_advances_last_inbound_at_only
        PASS [   3.201s] (551/881) crm-api::all db_person_last_activity::first_and_repeat_inquiry_including_out_of_order_earlier_received_at
        PASS [   3.166s] (552/881) crm-api::all db_person_last_activity::migration_backfill_block_recomputes_every_column_as_max_of_history
        PASS [   3.166s] (553/881) crm-api::all db_person_last_activity::outcome_correction_does_not_change_last_contact_at
        PASS [   3.214s] (554/881) crm-api::all db_person_last_activity::history_row_with_mismatched_organization_id_updates_nothing
        PASS [   3.407s] (555/881) crm-api::all db_person_last_activity::concurrent_attempts_in_either_commit_order_leave_the_greater
        PASS [   2.977s] (556/881) crm-api::all db_realtime::assign_stage_and_contact_commands_publish_only_when_changed
        PASS [   3.573s] (557/881) crm-api::all db_realtime::note_changed_payload_carries_no_body_key
        PASS [   3.683s] (558/881) crm-api::all db_realtime::intake_unresolved_publishes_with_raw_payload_received_at
        PASS [   3.708s] (559/881) crm-api::all db_realtime::intake_new_person_publishes_exactly_one_event
        PASS [   3.833s] (560/881) crm-api::all db_realtime::duplicate_intake_publishes_nothing_additional
        PASS [   3.733s] (561/881) crm-api::all db_realtime::intake_matched_person_publishes_exactly_one_event_despite_two_facts
        PASS [   3.689s] (562/881) crm-api::all db_realtime::publish_failure_does_not_fail_the_command
        PASS [   3.727s] (563/881) crm-api::all db_realtime::log_contact_attempt_racing_assign_person_on_same_person_both_write_and_publish
        PASS [   3.023s] (564/881) crm-api::all db_realtime::task_changed_payload_carries_no_title_key_and_none_on_changed_false
        PASS [   3.709s] (565/881) crm-api::all db_realtime::rejected_commands_publish_nothing
        PASS [   3.616s] (566/881) crm-api::all db_saved_lists::concurrent_create_and_revision_races_preserve_one_winner
        PASS [   3.608s] (567/881) crm-api::all db_saved_lists::create_replay_edit_delete_and_direct_version_validation
        PASS [   3.708s] (568/881) crm-api::all db_saved_lists::create_retry_identity_is_scoped_to_actor_and_organization
        PASS [   3.677s] (569/881) crm-api::all db_saved_lists::saved_list_http_index_is_metadata_only_and_actor_visible
        PASS [   3.683s] (570/881) crm-api::all db_saved_lists::saved_count_uses_same_capped_semantics_and_resolves_me_per_viewer
        PASS [   3.709s] (571/881) crm-api::all db_saved_lists::membership_for_share_lock_rechecks_role_and_status_after_a_privilege_race
        PASS [   3.730s] (572/881) crm-api::all db_saved_lists::saved_count_matches_people_for_every_filter_axis_mixed_and_exact_caps
        PASS [   3.854s] (573/881) crm-api::all db_realtime::two_concurrent_log_contact_attempts_on_same_person_both_write_and_publish
        PASS [   7.467s] (574/881) crm-api::all db_realtime::intake_busy_publishes_nothing
        PASS [   6.477s] (575/881) crm-api::all db_saved_lists::saved_list_http_hides_foreign_and_private_ids_with_the_same_404
        PASS [   2.834s] (576/881) crm-api::all db_saved_lists::stored_v1_unknown_fields_and_bad_shapes_are_independently_unsupported
        PASS [   2.838s] (577/881) crm-api::all db_saved_lists::stored_unknown_and_stale_filters_fail_closed_but_typed_stale_rows_can_repair
        PASS [   2.980s] (578/881) crm-api::all db_saved_lists::saved_list_schema_enforces_live_tombstone_shape_and_app_grants
        PASS [   2.871s] (579/881) crm-api::all db_saved_lists::saved_list_spans_record_static_kinds_without_names_filters_or_retry_tokens
        PASS [   2.858s] (580/881) crm-api::all db_saved_lists::visibility_and_current_membership_permissions_do_not_leak_personal_lists
        PASS [   2.875s] (581/881) crm-api::all db_saved_lists_sort::owner_put_repairs_an_unreadable_stored_sort_with_a_valid_sort_or_null
        PASS [   2.881s] (582/881) crm-api::all db_saved_lists::unsupported_deep_stored_jsonb_keeps_metadata_retry_and_delete_safe
        PASS [   2.914s] (583/881) crm-api::all db_saved_lists::saved_list_scope_quotas_are_separate_and_deletion_frees_a_slot
        PASS [   3.032s] (584/881) crm-api::all db_saved_lists::saved_list_http_is_strict_and_preserves_error_precedence
        PASS [   3.092s] (585/881) crm-api::all db_saved_lists_sort::saved_list_create_retry_replays_identically_whether_sort_is_absent_or_created_desc
        PASS [   3.005s] (586/881) crm-api::all db_saved_lists_sort::saved_list_member_put_with_bad_sort_on_shared_list_is_400_not_403
        PASS [   3.096s] (587/881) crm-api::all db_saved_lists_sort::saved_list_delete_clears_sort_columns
        PASS [   3.034s] (588/881) crm-api::all db_saved_lists_sort::saved_list_sort_is_part_of_the_definition_and_bumps_revision_only_when_it_changes
        PASS [   3.050s] (589/881) crm-api::all db_saved_lists_sort::saved_list_member_sort_only_update_on_shared_list_is_forbidden
        PASS [   3.130s] (590/881) crm-api::all db_saved_lists_sort::saved_list_create_retry_replays_identically_with_the_same_explicit_sort
        PASS [   3.123s] (591/881) crm-api::all db_saved_lists_sort::saved_list_http_create_replay_with_absent_sort_matches_created_desc
        PASS [   3.103s] (592/881) crm-api::all db_saved_lists_sort::saved_list_http_sort_rejects_non_string_json_shapes_on_create_and_update
        PASS [   3.089s] (593/881) crm-api::all db_saved_lists_sort::saved_list_http_sort_round_trips_rejects_malformed_and_precedes_404
        PASS [   3.139s] (594/881) crm-api::all db_saved_lists_sort::saved_list_http_hides_a_foreign_sorted_list_with_the_same_404_as_hidden_personal
        PASS [   2.323s] (595/881) crm-api::all db_schema::crm_app_can_actually_write_the_granted_tables
        PASS [   2.370s] (596/881) crm-api::all db_schema::crm_app_has_exactly_the_slice_002_grants
        PASS [   2.424s] (597/881) crm-api::all db_saved_lists_tags::saved_list_detail_description_resolves_tag_names
        PASS [   2.488s] (598/881) crm-api::all db_saved_lists_sort::unrecognized_stored_sort_pair_fails_closed_on_detail_and_count
        PASS [   2.473s] (599/881) crm-api::all db_saved_lists_sort::update_saved_list_with_absent_sort_normalizes_to_the_default_null_pair
        PASS [   2.402s] (600/881) crm-api::all db_schema::custom_field_and_related_grants_are_exactly_slice_019_section_2_with_no_delete_on_definitions
        PASS [   2.431s] (601/881) crm-api::all db_schema::contact_attempted_outcome_check_and_corrects_once_index_are_section_2
        PASS [   2.458s] (602/881) crm-api::all db_saved_lists_tags::saved_list_write_time_foreign_or_deleted_tag_id_is_422_invalid_tag
        PASS [   2.484s] (603/881) crm-api::all db_saved_lists_tags::saved_list_detail_and_count_report_invalid_tag_and_writer_repairs
        PASS [   2.414s] (604/881) crm-api::all db_schema::custom_field_composite_fk_rejections
        PASS [   1.686s] (605/881) crm-api::all db_schema::custom_field_indexes_exist
        PASS [   1.642s] (606/881) crm-api::all db_schema::person_custom_field_value_check_constraints_matrix
        PASS [   1.624s] (607/881) crm-api::all db_schema::person_grant_is_unchanged_by_slice_012
        PASS [   1.620s] (608/881) crm-api::all db_schema::person_org_last_contact_idx_exists_with_the_declared_column_order
        PASS [   1.634s] (609/881) crm-api::all db_schema::person_last_activity_triggers_exist_as_after_insert_row_triggers
        PASS [   1.689s] (610/881) crm-api::all db_schema::fact_tables_reject_truncate_via_grant_and_trigger
        PASS [   1.720s] (611/881) crm-api::all db_schema::custom_field_type_change_is_refused_while_a_value_exists
        PASS [   1.688s] (612/881) crm-api::all db_schema::note_indexes_exist
        PASS [   1.720s] (613/881) crm-api::all db_schema::fact_tables_are_append_only_via_grant_and_trigger
        PASS [   1.717s] (614/881) crm-api::all db_schema::note_grants_are_exactly_slice_015_section_2_with_no_delete
        PASS [   2.464s] (615/881) crm-api::all db_schema::tag_and_person_tag_indexes_exist
        PASS [   2.555s] (616/881) crm-api::all db_schema::tag_and_person_tag_grants_are_exactly_slice_011e_section_2
        PASS [   2.519s] (617/881) crm-api::all db_schema::task_indexes_exist
        PASS [   2.533s] (618/881) crm-api::all db_schema::task_composite_fk_rejections
        PASS [   2.533s] (619/881) crm-api::all db_schema::task_grants_are_exactly_slice_016_section_2_with_no_delete
        PASS [   2.516s] (620/881) crm-api::all db_schema::task_source_external_id_partial_unique_index_and_resurrection_guard
        PASS [   2.561s] (621/881) crm-api::all db_schema::task_check_constraints_matrix
        PASS [   2.642s] (622/881) crm-api::all db_schema::saved_list_sort_columns_check_constraints_reject_bad_values_and_half_pairs
        PASS [   2.599s] (623/881) crm-api::all db_schema::tag_name_is_unique_case_insensitively_per_organization_and_person_tag_is_tenant_isolated
        PASS [   2.590s] (624/881) crm-api::all db_schema::task_accepts_500_four_byte_code_points_and_cascades_with_person
        PASS [   3.994s] (625/881) crm-api::all db_snapshot_worker::budget_receipt_records_previous_policy_and_actual_approver
        PASS [   4.030s] (626/881) crm-api::all db_snapshot_worker::preview_resume_uses_frozen_source_destination_and_gap_coverage
        PASS [   4.043s] (627/881) crm-api::all db_snapshot_worker::failed_gap_capture_commit_reclaims_lease_without_advancing_checkpoint
        PASS [   4.178s] (628/881) crm-api::all db_snapshot_http::budget_revision_receipts_preserve_original_limits_and_never_resume_work
        PASS [   4.091s] (629/881) crm-api::all db_snapshot_http::current_admin_keeps_retained_access_after_initiator_revocation_and_disconnect
        PASS [   4.089s] (630/881) crm-api::all db_snapshot_http::proposal_and_concurrent_confirmation_replay_without_source_or_business_writes
        PASS [   4.074s] (631/881) crm-api::all db_snapshot_worker::failed_preview_batch_rolls_back_issue_counts_and_fenced_admin_retry_adopts_work
        PASS [   4.101s] (632/881) crm-api::all db_snapshot_worker::core_capture_preserves_encrypted_bytes_gaps_variants_and_frozen_preview
        PASS [   4.118s] (633/881) crm-api::all db_snapshot_http::http_rejects_forged_scope_unknown_fields_and_invalid_page_inputs
        PASS [   3.375s] (634/881) crm-api::all db_statement_equivalence::person_state_pins_the_waiting_gate_tie_zero_inquiry_exclusion_and_repeat_reply_members
        PASS [   3.496s] (635/881) crm-api::all db_tags::add_person_tag_racing_an_admin_delete_never_503s
        PASS [   3.499s] (636/881) crm-api::all db_tags::admin_can_rename_any_tag_member_only_their_own_unused
        PASS [   3.575s] (637/881) crm-api::all db_snapshot_worker::revoked_inflight_source_cannot_commit_and_another_admin_cannot_takeover
        PASS [   3.670s] (638/881) crm-api::all db_snapshot_worker::reservations_pause_without_advancing_and_preview_survives_disconnection
        PASS [   3.618s] (639/881) crm-api::all db_snapshot_worker::retained_ledger_matches_all_counted_payloads_after_capture_preview_and_cancel
        PASS [   3.577s] (640/881) crm-api::all db_tags::add_and_remove_person_tag_is_target_state_idempotent
        PASS [   3.591s] (641/881) crm-api::all db_tags::add_and_remove_on_a_foreign_or_nonexistent_person_or_tag_are_identical_404s
        PASS [   6.460s] (642/881) crm-api::all db_statement_equivalence::all_fourteen_statements_agree_between_frozen_and_live_text
        PASS [   3.174s] (643/881) crm-api::all db_tags::admin_delete_removes_and_counts_person_tag_rows
        PASS [   3.011s] (644/881) crm-api::all db_tags::create_tag_is_create_or_get_by_case_insensitive_name
        PASS [   2.962s] (645/881) crm-api::all db_tags::creator_loses_rename_permission_once_a_person_carries_the_tag
        PASS [   3.046s] (646/881) crm-api::all db_tags::admin_demoted_inside_the_transaction_gets_403_and_writes_nothing
        PASS [   2.987s] (647/881) crm-api::all db_tags::create_tag_validates_trim_length_and_control_characters
        PASS [   2.986s] (648/881) crm-api::all db_tags::creator_deletes_own_unused_tag_but_not_once_in_use_or_someone_elses
        PASS [   3.028s] (649/881) crm-api::all db_tags::create_tag_the_201st_tag_is_409_tag_limit_reached
        PASS [   2.993s] (650/881) crm-api::all db_tags::deactivated_admin_gets_403_and_rename_of_another_organizations_tag_is_404
        PASS [   3.597s] (651/881) crm-api::all db_tags::rename_same_name_is_unchanged_case_only_rename_is_changed_and_collision_is_409
        PASS [   3.680s] (652/881) crm-api::all db_tags::tag_route_error_precedence_and_wire_shapes
        PASS [   3.675s] (653/881) crm-api::all db_tags::tags_changed_publishes_exactly_once_per_changing_add_or_remove
        PASS [   3.735s] (654/881) crm-api::all db_tags::get_person_detail_includes_ordered_tags_and_people_rows_are_unchanged
        PASS [   3.689s] (655/881) crm-api::all db_tags::two_concurrent_identical_creates_yield_exactly_one_row_and_two_successes
        PASS [   3.837s] (656/881) crm-api::all db_tags::delete_does_not_touch_another_organizations_people_or_tags
        PASS [   3.734s] (657/881) crm-api::all db_tags::non_creator_member_cannot_rename_an_unused_tag
        PASS [   3.727s] (658/881) crm-api::all db_tags::person_tag_limit_is_20_and_reapplying_at_the_cap_still_succeeds
        PASS [   5.355s] (659/881) crm-api::all db_tags::get_tags_lists_only_the_organizations_tags_with_correct_can_manage
        PASS [   3.682s] (660/881) crm-api::all db_tasks::complete_task_changed_false_and_true_with_positive_control
        PASS [   3.810s] (661/881) crm-api::all db_tasks::create_task_actor_deactivated_is_forbidden_out_of_band_and_in_flight
        PASS [   3.806s] (662/881) crm-api::all db_tasks::create_task_shape_default_assignee_and_explicit_active_member
        PASS [   3.848s] (663/881) crm-api::all db_tasks::create_task_foreign_or_nonexistent_person_is_byte_identical_404
        PASS [   2.238s] (664/881) crm-api::all db_tasks::delete_task_tombstone_byte_identical_except_three_columns
        PASS [   3.865s] (665/881) crm-api::all db_tasks::create_task_assignee_deactivated_in_flight_is_422_after_commit_with_no_row
        PASS [   3.978s] (666/881) crm-api::all db_tasks::complete_task_blocked_by_in_flight_delete_then_join_race_never_503
        PASS [   3.860s] (667/881) crm-api::all db_tasks::create_task_vs_deactivate_join_race_never_503
        PASS [   3.875s] (668/881) crm-api::all db_tasks::create_task_invalid_assignee_variants_are_byte_identical_with_no_row
        PASS [   3.451s] (669/881) crm-api::all db_tasks::list_my_tasks_query_shape_fails_closed
        PASS [   3.549s] (670/881) crm-api::all db_tasks::list_my_tasks_same_assignee_id_in_two_organizations_never_leaks
        PASS [   3.613s] (671/881) crm-api::all db_tasks::list_my_tasks_201_is_truncated_to_200
        PASS [   3.585s] (672/881) crm-api::all db_tasks::list_my_tasks_excludes_another_members_and_another_organizations_tasks
        PASS [   3.653s] (673/881) crm-api::all db_tasks::http_precedence_malformed_uuid_json_and_unknown_fields
        PASS [   3.784s] (674/881) crm-api::all db_tasks::detail_tasks_can_manage_per_viewer
        PASS [   3.573s] (675/881) crm-api::all db_tasks::list_my_tasks_set_based_parity_with_the_today_axis
        PASS [   3.596s] (676/881) crm-api::all db_tasks::list_my_tasks_membership_boundary_and_order
        PASS [   3.613s] (677/881) crm-api::all db_tasks::list_my_tasks_exactly_200_is_not_truncated
        PASS [   3.970s] (678/881) crm-api::all db_tasks::snooze_task_rule_3_completed_and_same_instant_are_changed_false
        PASS [   4.067s] (679/881) crm-api::all db_tasks::task_completed_history_rank8_tie_break_and_reopen_readd
        PASS [   4.081s] (680/881) crm-api::all db_tasks::task_completed_history_can_manage_with_plain_member_assignee
        PASS [   4.071s] (681/881) crm-api::all db_tasks::update_task_403_precedes_422_over_http
        PASS [   4.087s] (682/881) crm-api::all db_tasks::task_completed_history_can_manage_overwrite_and_imported_shape
        PASS [   4.228s] (683/881) crm-api::all db_tasks::mutations_404_for_wrong_paths_other_organization_and_multi_membership
        PASS [   4.122s] (684/881) crm-api::all db_tasks::mutations_forbidden_for_actor_deactivated_or_admin_demoted_in_transaction
        PASS [   4.126s] (685/881) crm-api::all db_tasks::reopen_task_changed_false_and_true_with_positive_control
        PASS [   4.104s] (686/881) crm-api::all db_tasks::third_member_forbidden_on_complete_reopen_snooze_delete
        PASS [   3.429s] (687/881) crm-api::all db_tasks::update_task_changed_false_and_true_with_positive_control
        PASS [   3.524s] (688/881) crm-api::all db_tasks::update_task_reassign_away_loses_can_manage_and_next_put_is_forbidden
        PASS [   3.513s] (689/881) crm-api::all db_today::contact_attempt_by_anyone_removes_the_row
        PASS [   3.561s] (690/881) crm-api::all db_tasks::update_task_assignee_revalidated_only_when_it_changes
        PASS [   3.546s] (691/881) crm-api::all db_tasks::update_task_reassign_to_inactive_or_other_organization_member_is_422
        PASS [   3.556s] (692/881) crm-api::all db_tasks::wire_cases_due_at_offset_and_kind_validation
        PASS [   3.551s] (693/881) crm-api::all db_today::client_supplied_viewer_or_organization_is_ignored
        PASS [   3.704s] (694/881) crm-api::all db_tasks::update_task_assignee_creator_admin_succeed_third_member_forbidden
        PASS [   3.592s] (695/881) crm-api::all db_tasks::update_task_on_completed_task_leaves_completion_columns_and_updates_history
        PASS [   5.113s] (696/881) crm-api::all db_today::stale_inquiry_has_normal_priority_and_sorts_after_fresh
        PASS [   5.287s] (697/881) crm-api::all db_today::repeat_inquiry_after_an_answered_one_resets_waiting_since_to_the_repeat
        PASS [   5.257s] (698/881) crm-api::all db_today::today_is_scoped_to_viewer_and_organization
        PASS [   5.292s] (699/881) crm-api::all db_today::tie_breaks_are_person_id_then_inquiry_id
        PASS [   5.282s] (700/881) crm-api::all db_today::unassigned_person_is_on_nobodys_today
        PASS [   5.276s] (701/881) crm-api::all db_today::waiting_since_is_the_earliest_unanswered_inquiry_not_the_latest
        PASS [   5.440s] (702/881) crm-api::all db_today::fresh_person_survives_the_cap_behind_many_stale_candidates
        PASS [   5.342s] (703/881) crm-api::all db_today::last_contact_attempt_is_the_effective_row_never_a_superseded_one
        PASS [   2.916s] (704/881) crm-api::all db_today_builtin_parity::today_zero_sources_preserves_frozen_full_builtin_payload_and_order
        PASS [   2.989s] (705/881) crm-api::all db_today_client_replied::a_person_with_no_inquiry_never_qualifies_even_with_a_reply
        PASS [   3.010s] (706/881) crm-api::all db_today_client_replied::client_replied_wins_precedence_over_the_unanswered_inquiry_arm
        PASS [   3.030s] (707/881) crm-api::all db_today_client_replied::a_later_outbound_correspondence_clears_client_replied_without_a_contact_attempt
        PASS [   3.019s] (708/881) crm-api::all db_today_client_replied::client_replied_requires_assignment_to_the_viewer
        PASS [   3.055s] (709/881) crm-api::all db_today_builtin_parity::today_zero_sources_preserves_frozen_reply_inquiry_outcome_precedence_across_viewers_and_tenants
        PASS [   3.033s] (710/881) crm-api::all db_today_client_replied::an_old_backdated_inbound_row_still_arms_today_if_genuinely_unanswered
        PASS [   3.237s] (711/881) crm-api::all db_today_builtin_parity::today_zero_sources_preserves_frozen_builtin_cap_and_retained_ids
        PASS [  11.485s] (712/881) crm-api::all db_today_builtin_parity::today_zero_sources_preserves_frozen_199_200_201_boundary_and_low_cutoff
        PASS [   3.331s] (713/881) crm-api::all db_today_feed_equivalence::a_disabled_feed_with_an_invalid_stored_definition_reports_no_issue
        PASS [   3.444s] (714/881) crm-api::all db_today_client_replied::inbound_correspondence_arms_client_replied_and_a_later_attempt_clears_it
        PASS [   3.321s] (715/881) crm-api::all db_today_feed_equivalence::caller_not_equal_to_assignee_across_two_viewers
        PASS [   3.342s] (716/881) crm-api::all db_today_feed_equivalence::a_stored_feed_referencing_a_deleted_tag_reports_invalid_definition_fallback
        PASS [   3.329s] (717/881) crm-api::all db_today_feed_equivalence::feeds_call_feed_disabled_omits_call_items_and_reasons_re_enabling_restores_them
        PASS [   3.338s] (718/881) crm-api::all db_today_feed_equivalence::dual_qualifying_people_beyond_the_201_cap_truncate_identically
        PASS [   3.326s] (719/881) crm-api::all db_today_feed_equivalence::feeds_equals_legacy_across_two_tenants
        PASS [   3.346s] (720/881) crm-api::all db_today_feed_equivalence::call_feed_with_a_tags_clause_admits_and_excludes
        PASS [   3.372s] (721/881) crm-api::all db_today_feed_equivalence::fresh_boundary_at_exactly_a_customized_1_hour_window_is_normal_one_second_later_is_high
        PASS [   3.516s] (722/881) crm-api::all db_today_feed_equivalence::person_state_feed_with_a_tags_clause_admits_and_excludes
        PASS [   3.681s] (723/881) crm-api::all db_today_feed_equivalence::feeds_equals_legacy_for_a_rich_mixed_fixture_with_zero_sources
        PASS [   3.538s] (724/881) crm-api::all db_today_feed_equivalence::person_state_feed_client_replied_with_a_tags_clause_admits_and_excludes
        PASS [   3.578s] (725/881) crm-api::all db_today_feed_equivalence::feeds_equals_legacy_with_a_deactivated_caller
        PASS [   3.568s] (726/881) crm-api::all db_today_feed_equivalence::feeds_equals_legacy_with_a_list_source_enabled
        PASS [   3.561s] (727/881) crm-api::all db_today_feed_equivalence::fresh_boundary_at_exactly_24_hours_is_normal_one_second_later_is_high
        PASS [   3.607s] (728/881) crm-api::all db_today_feed_equivalence::feeds_equals_legacy_for_the_call_feed_matrix_statements_with_no_extra_clauses
        PASS [   3.483s] (729/881) crm-api::all db_today_feed_equivalence::reply_equal_to_the_latest_outbound_is_excluded
        PASS [   3.637s] (730/881) crm-api::all db_today_feeds_http::a_body_over_128_kib_matches_the_existing_payload_too_large_mapping
        PASS [   3.623s] (731/881) crm-api::all db_today_feeds_http::feed_rule_violations_are_422_invalid_feed_rule
        PASS [   3.641s] (732/881) crm-api::all db_today_feeds_http::admin_get_returns_all_feed_keys_in_fixed_order
        PASS [   3.634s] (733/881) crm-api::all db_today_feeds_http::filter_version_2_is_400
        PASS [   3.645s] (734/881) crm-api::all db_today_feeds_http::expected_revision_wire_type_and_range_violations_are_400
        PASS [   3.633s] (735/881) crm-api::all db_today_feeds_http::invalid_stage_reference_is_422_invalid_stage
        PASS [   4.447s] (736/881) crm-api::all db_today_feed_equivalence::preview_of_the_call_feed_caps_at_200_with_truncated
        PASS [   2.860s] (737/881) crm-api::all db_today_feeds_http::put_on_an_unknown_feed_key_with_a_valid_body_is_404
        PASS [   2.958s] (738/881) crm-api::all db_today_feeds_http::member_get_returns_member_feed_shape
        PASS [   2.336s] (739/881) crm-api::all db_today_feeds_http::the_mutation_envelope_is_feed_and_changed
        PASS [   2.974s] (740/881) crm-api::all db_today_feeds_http::put_with_an_unknown_body_field_is_400
        PASS [   2.976s] (741/881) crm-api::all db_today_feeds_http::stale_revision_is_409_today_feed_conflict
        PASS [   2.980s] (742/881) crm-api::all db_today_feeds_http::stale_revision_plus_invalid_stage_is_409_not_422
        PASS [   3.175s] (743/881) crm-api::all db_today_feeds_http::invalid_tag_reference_is_422_on_write_and_falls_back_on_read
        PASS [   3.009s] (744/881) crm-api::all db_today_feeds_http::preview_with_an_unknown_subject_is_404
        PASS [   3.151s] (745/881) crm-api::all db_today_source_acceptance::today_source_evaluates_a_match_beyond_the_people_500_display_cap
        PASS [   3.279s] (746/881) crm-api::all db_today_source_acceptance::today_source_orders_list_only_people_by_never_contacted_last_contact_and_uuid
        PASS [   3.431s] (747/881) crm-api::all db_today_feeds_http::the_preview_envelope_is_subject_items_truncated_description
        PASS [   3.312s] (748/881) crm-api::all db_today_source_acceptance::today_source_reserves_builtin_capacity_at_199_200_and_201
        PASS [   3.337s] (749/881) crm-api::all db_today_source_acceptance::today_source_deduplicates_overlap_and_keeps_builtin_reasons_beyond_prefix
        PASS [   3.326s] (750/881) crm-api::all db_today_source_acceptance::today_source_resolves_me_per_viewer_and_matches_other_and_unassigned_people
        PASS [   3.356s] (751/881) crm-api::all db_today_feeds_http::unknown_clause_kind_is_400
        PASS [   3.393s] (752/881) crm-api::all db_today_feeds_http::twenty_one_clauses_is_400
        PASS [   3.265s] (753/881) crm-api::all db_today_source_contracts::today_source_path_precedence_is_malformed_before_authentication
        PASS [   3.663s] (754/881) crm-api::all db_today_source_contracts::five_rollback_tombstones_are_invisible_and_leave_all_five_source_slots_available
        PASS [   3.490s] (755/881) crm-api::all db_today_source_contracts::today_source_membership_deactivation_retains_preferences_and_reactivation_restores_them
        PASS [   3.479s] (756/881) crm-api::all db_today_source_contracts::today_source_schema_enforces_composite_tenants_and_app_role_grants
        PASS [   3.531s] (757/881) crm-api::all db_today_source_contracts::today_source_enable_http_rejects_a_foreign_tag_id_with_422_invalid_tag
        PASS [   3.515s] (758/881) crm-api::all db_today_source_contracts::today_source_enable_http_rejects_noncanonical_or_non_strict_bodies_before_mutation
        PASS [   3.554s] (759/881) crm-api::all db_today_source_contracts::today_source_enable_http_rejects_a_deleted_tag_with_422_invalid_tag
        SLOW [> 60.000s] (───────) crm-api::all db_snapshot_scale::shared_phone_25000_people_has_bounded_frozen_groups_and_indexed_queries
        PASS [   5.924s] (760/881) crm-api::all db_today_source_contracts::today_source_private_foreign_and_missing_ids_are_indistinguishable_to_members_and_admins
        PASS [   2.748s] (761/881) crm-api::all db_today_source_deadlines::today_source_recovery_deadline_survives_a_malformed_tail_until_final_commit
        PASS [   2.566s] (762/881) crm-api::all db_today_source_failures::today_source_membership_lock_timeout_keeps_completed_source_and_reuses_owned_connection
        PASS [   2.556s] (763/881) crm-api::all db_today_source_filter_parity::tags_and_not_tags_source_parity
        PASS [   2.587s] (764/881) crm-api::all db_today_source_deadlines::today_source_uses_one_absolute_deadline_through_savepoint_membership_and_release
        PASS [   2.566s] (765/881) crm-api::all db_today_source_failures::today_source_metadata_permission_failure_is_unavailable_and_owned_pool_recovers
        PASS [   2.571s] (766/881) crm-api::all db_today_source_filter_parity::derived_axis_parity_awaiting_response_client_replied_and_call_outcome
        PASS [   2.576s] (767/881) crm-api::all db_today_source_filter_parity::tags_source_admits_and_drops_on_tag_removal
        PASS [  19.586s] (768/881) crm-api::all db_today_feed_equivalence::person_state_and_call_only_counts_near_the_boundary_match_legacy
        PASS [   2.848s] (769/881) crm-api::all db_today_source_filter_parity::today_source_fixed_clock_age_boundaries_are_strict_and_not_within_is_inclusive
        PASS [   2.805s] (770/881) crm-api::all db_today_source_hooks::today_source_after_builtins_gate_keeps_one_snapshot_across_list_and_contact_mutations
        PASS [   2.814s] (771/881) crm-api::all db_today_source_filter_parity::today_source_parity_uses_latest_source_ties_and_excludes_stale_or_absent_sources
        PASS [   2.825s] (772/881) crm-api::all db_today_source_filter_parity::today_source_parity_resolves_shared_me_and_unassigned_for_each_viewer
        PASS [   2.852s] (773/881) crm-api::all db_today_source_filter_parity::today_source_parity_covers_null_ages_corrections_and_captured_facts
        PASS [   2.824s] (774/881) crm-api::all db_today_source_hooks::today_source_recovery_checkpoint_exhaustion_uses_cleanup_grace_and_discards_connection
        PASS [   2.850s] (775/881) crm-api::all db_today_source_hooks::today_source_membership_checkpoint_sql_failure_discards_only_that_source
        PASS [   2.913s] (776/881) crm-api::all db_today_source_filter_parity::today_source_parity_covers_every_v1_clause_kind_and_built_in_and_prefix_paths
        PASS [   2.861s] (777/881) crm-api::all db_today_source_hooks::today_source_backend_termination_marks_current_and_remaining_sources_unavailable
        PASS [   4.070s] (778/881) crm-api::all db_today_source_hooks::today_source_tag_deleted_before_enumeration_is_invalid_tag_issue
        PASS [   4.173s] (779/881) crm-api::all db_today_source_operator::operator_parity_under_a_fallback_feed
        PASS [   4.159s] (780/881) crm-api::all db_today_source_races::today_source_enable_checks_revision_before_idempotence_and_cap
        PASS [   4.214s] (781/881) crm-api::all db_today_source_operator::operator_parity_under_a_disabled_feed
        PASS [   4.201s] (782/881) crm-api::all db_today_source_operator::today_source_operator_and_http_share_order_positions_and_list_only_card
        PASS [   4.242s] (783/881) crm-api::all db_today_source_operator::operator_parity_under_a_customized_feed_a
        PASS [   4.255s] (784/881) crm-api::all db_today_source_hooks::today_source_tag_deleted_concurrently_is_invisible_under_repeatable_read
        PASS [   4.191s] (785/881) crm-api::all db_today_source_operator::today_source_operator_reports_bounded_absence_after_source_cap
        PASS [   4.197s] (786/881) crm-api::all db_today_source_operator::today_source_operator_exposes_partial_empty_metadata_and_wraps_issue_name
        PASS [   2.884s] (787/881) crm-api::all db_today_source_races::today_source_enable_delete_race_leaves_no_preference_or_discoverable_configuration
        PASS [   2.700s] (788/881) crm-api::all db_today_sources::sorted_list_and_its_unsorted_duplicate_produce_identical_today_bodies
        PASS [   2.730s] (789/881) crm-api::all db_today_source_settings::today_owned_query_restores_pool_settings_after_normal_partial_and_recovered_source_error
        PASS [   2.727s] (790/881) crm-api::all db_today_source_telemetry::today_source_spans_record_safe_structured_fields_without_private_content
        PASS [   2.760s] (791/881) crm-api::all db_today_source_races::today_source_opposing_enable_disable_race_has_a_serialized_final_state
        PASS [   2.731s] (792/881) crm-api::all db_today_sources::deleting_saved_list_removes_all_today_source_preferences
        PASS [   2.736s] (793/881) crm-api::all db_today_sources::today_source_cap_excludes_stale_tombstones
        PASS [   2.805s] (794/881) crm-api::all db_today_source_races::today_source_http_mutations_and_list_delete_publish_no_organization_event
        PASS [   2.795s] (795/881) crm-api::all db_today_source_settings::operator_turn_timeout_cancels_owned_today_query_and_replaces_its_connection
        PASS [   2.916s] (796/881) crm-api::all db_today_sources::today_source_commands_are_idempotent_and_disable_stored_invalid_source
        PASS [   2.921s] (797/881) crm-api::all db_today_sources::today_source_reports_invalid_tag_for_a_deleted_tag
        PASS [   2.917s] (798/881) crm-api::all db_today_system_feed_call_failures::call_feed_unrecoverable_failure_marks_the_response_unavailable_and_discards_the_connection
        PASS [   2.902s] (799/881) crm-api::all db_today_system_feed_call_failures::call_membership_failure_is_partial_with_intact_person_state_and_list_sources
        PASS [   2.934s] (800/881) crm-api::all db_today_system_feed_call_failures::call_feed_failure_and_list_source_enumeration_failure_yields_unavailable_with_the_system_feed_issue_present
        PASS [   2.897s] (801/881) crm-api::all db_today_system_feed_call_failures::call_only_failure_is_partial_with_intact_person_state_and_list_sources
        PASS [   2.956s] (802/881) crm-api::all db_today_sources::today_source_only_person_keeps_nullable_fields_and_review_action
        PASS [   2.976s] (803/881) crm-api::all db_today_sources::today_source_five_live_source_cap_holds_under_concurrent_enables
        PASS [   3.014s] (804/881) crm-api::all db_today_sources::today_sources_are_private_and_organization_scoped
        PASS [  76.458s] (805/881) crm-api::all db_snapshot_scale::shared_phone_25000_people_has_bounded_frozen_groups_and_indexed_queries
        PASS [   3.006s] (806/881) crm-api::all db_today_system_feed_commands::feed_rule_violations_are_rejected_before_any_write
        PASS [   3.083s] (807/881) crm-api::all db_today_system_feed_commands::a_deterministic_update_revert_disable_sequence_writes_exactly_three_ordered_facts
        PASS [   3.114s] (808/881) crm-api::all db_today_system_feed_call_failures::set_local_settings_restore_after_call_only_failure
        PASS [   3.105s] (809/881) crm-api::all db_today_system_feed_commands::demoted_admin_loses_access_inside_the_command_transaction
        PASS [   3.135s] (810/881) crm-api::all db_today_system_feed_call_failures::set_local_settings_restore_after_a_preview_timeout
        PASS [   3.282s] (811/881) crm-api::all db_today_system_feed_call_failures::preview_statement_timeout_is_unavailable_and_never_partial
        PASS [   3.167s] (812/881) crm-api::all db_today_system_feed_call_failures::set_local_settings_restore_after_a_successful_preview
        PASS [   3.157s] (813/881) crm-api::all db_today_system_feed_commands::admin_of_organization_b_cannot_read_edit_preview_or_affect_organization_a
        PASS [   3.192s] (814/881) crm-api::all db_today_system_feed_call_failures::set_local_settings_are_default_on_the_replacement_after_an_unrecoverable_failure
        PASS [   2.050s] (815/881) crm-api::all db_today_system_feed_commands::member_is_forbidden_on_every_direct_command
        PASS [   2.015s] (816/881) crm-api::all db_today_system_feed_commands::update_and_revert_racing_the_same_expected_revision_exactly_one_wins
        PASS [   1.994s] (817/881) crm-api::all db_today_system_feed_evaluation::a_person_in_both_feeds_shifts_to_inquiry_reasons_when_feed_b_is_disabled
        PASS [   2.085s] (818/881) crm-api::all db_today_system_feed_commands::preview_subject_inactive_is_not_found
        PASS [   2.052s] (819/881) crm-api::all db_today_system_feed_commands::update_no_op_detection_canonical_collapse_and_one_fact_per_real_change
        PASS [   2.070s] (820/881) crm-api::all db_today_system_feed_commands::revert_and_enabled_no_op_detection_and_facts
        PASS [   2.043s] (821/881) crm-api::all db_today_system_feed_commands::update_returns_conflict_before_invalid_feed_rule_on_a_stale_revision
        PASS [   2.027s] (822/881) crm-api::all db_today_system_feed_evaluation::a_stored_feed_with_unsupported_json_falls_back_to_canonical_in_evaluation
        PASS [   2.045s] (823/881) crm-api::all db_today_system_feed_evaluation::a_stored_feed_referencing_a_deleted_stage_falls_back_to_canonical_in_evaluation
        PASS [   2.126s] (824/881) crm-api::all db_today_system_feed_commands::preview_returns_not_found_before_invalid_stage_on_an_inactive_subject
        PASS [   2.172s] (825/881) crm-api::all db_today_system_feed_evaluation::an_unassigned_person_matching_only_the_customized_feed_does_not_503_feed_b
        PASS [   2.143s] (826/881) crm-api::all db_today_system_feed_preview::feed_b_narrowed_by_a_stage_clause_shifts_a_dual_person_to_inquiry_reasons
        PASS [   2.190s] (827/881) crm-api::all db_today_system_feed_evaluation::revoking_select_on_today_system_feed_is_a_query_error_and_a_503
        PASS [   2.178s] (828/881) crm-api::all db_today_system_feed_preview::dual_membership_admin_of_b_cannot_reach_organization_a_through_preview
        PASS [   2.235s] (829/881) crm-api::all db_today_system_feed_evaluation::call_feed_customized_last_contact_window_honors_the_bound_clock_not_real_now
        PASS [   2.210s] (830/881) crm-api::all db_today_system_feed_evaluation::customized_freshness_windows_1_hour_and_8760_hours_change_the_fresh_boundary
        PASS [   2.233s] (831/881) crm-api::all db_today_system_feed_evaluation::call_feed_customized_with_assigned_to_me_narrows_evaluation_to_assigned_persons
        PASS [   2.314s] (832/881) crm-api::all db_today_system_feed_evaluation::an_unassigned_person_matching_only_the_customized_feed_does_not_503_feed_a
        PASS [   2.244s] (833/881) crm-api::all db_today_system_feed_evaluation::call_feed_customized_with_a_stage_clause_narrows_evaluation_to_that_stage
        PASS [   2.235s] (834/881) crm-api::all db_today_system_feed_evaluation::customized_feed_a_with_a_stage_clause_and_extra_assignee_matches_the_narrower_set
        PASS [   2.132s] (835/881) crm-api::all db_today_system_feeds::backfill_statement_inserts_three_null_rows_per_organization_and_is_idempotent
        PASS [   2.163s] (836/881) crm-api::all db_today_system_feeds::invalid_stage_reference_falls_back_to_canonical
        PASS [   2.298s] (837/881) crm-api::all db_today_system_feed_preview::preview_caps_at_200_with_truncated
        PASS [   2.221s] (838/881) crm-api::all db_today_system_feed_preview::preview_of_a_call_feed_customized_with_a_stage_clause_narrows_the_candidates
        PASS [   2.234s] (839/881) crm-api::all db_today_system_feed_preview::preview_missing_subject_precedes_invalid_custom_reference
        PASS [   2.240s] (840/881) crm-api::all db_today_system_feed_preview::preview_resolves_custom_field_labels
        PASS [   2.251s] (841/881) crm-api::all db_today_system_feed_preview::preview_of_a_call_feed_customized_with_assigned_to_me_narrows_the_candidates
        PASS [   2.256s] (842/881) crm-api::all db_today_system_feed_preview::stale_resend_is_conflict_and_deleted_feed_rows_resolve_as_defaults
        PASS [   2.315s] (843/881) crm-api::all db_today_system_feed_preview::preview_equals_todays_contribution_for_the_subject_with_the_other_feed_disabled
        PASS [   2.257s] (844/881) crm-api::all db_today_system_feed_preview::today_feed_command_and_preview_spans_never_carry_the_definition_or_subject_items
        PASS [   2.843s] (845/881) crm-api::all db_today_system_feeds::missing_row_resolves_as_canonical_enabled
        PASS [   2.866s] (846/881) crm-api::all db_today_task_axis::boundary_instants_classify_due_overdue_and_admit_within_24h_window
        PASS [   2.878s] (847/881) crm-api::all db_today_system_feeds::today_system_feed_check_constraints
        PASS [   2.825s] (848/881) crm-api::all db_today_task_axis::low_outcome_needed_item_is_never_raised_by_an_overdue_task
        PASS [   2.874s] (849/881) crm-api::all db_today_task_axis::completed_tombstoned_other_member_and_other_org_tasks_are_excluded_with_positive_controls
        PASS [   2.847s] (850/881) crm-api::all db_today_task_axis::retained_normal_item_with_overdue_task_is_raised_and_ordered_after_fresh_high_before_task_only
        PASS [   2.924s] (851/881) crm-api::all db_today_system_feeds::seed_on_create_inserts_exactly_three_default_enabled_rows
        PASS [   2.992s] (852/881) crm-api::all db_today_system_feeds::is_default_true_for_seeded_rows_false_for_a_valid_custom_definition
        PASS [   2.874s] (853/881) crm-api::all db_today_task_axis::exactly_200_builtins_admits_no_task_only_row_but_reports_truncated
        PASS [   2.902s] (854/881) crm-api::all db_today_task_axis::earliest_task_is_chosen_per_viewer_among_their_own_tasks_only
        PASS [   3.644s] (855/881) crm-api::all db_today_task_axis::task_only_item_on_a_person_with_an_answered_inquiry_carries_the_real_inquiry_ref
        PASS [   3.726s] (856/881) crm-api::all db_today_task_axis::task_only_item_exactly_fills_the_cap_without_truncation
        PASS [   3.727s] (857/881) crm-api::all db_today_task_axis::task_only_item_has_null_latest_inquiry_and_waiting_since_and_action_follows_kind
        PASS [   3.723s] (858/881) crm-api::all db_today_task_axis::task_only_items_sharing_due_at_are_ordered_by_ascending_person_id
        PASS [   3.818s] (859/881) crm-api::all db_today_task_axis::same_user_assignee_in_two_organizations_never_leaks_across_the_boundary
        PASS [   3.701s] (860/881) crm-api::all db_today_task_axis_failures::axis_completes_within_its_own_budget_after_a_slow_call_feed
        PASS [   3.706s] (861/881) crm-api::all db_today_task_axis::zero_task_organization_today_is_unaffected_for_admin_and_member
        PASS [   3.726s] (862/881) crm-api::all db_today_task_axis::task_only_prefix_admits_up_to_k_and_sets_truncated_on_the_extra_row
        PASS [   3.767s] (863/881) crm-api::all db_today_task_axis::task_only_item_matching_a_list_source_reads_list_member_then_task_reason
        PASS [   3.725s] (864/881) crm-api::all db_today_task_axis::truncated_person_state_statement_skips_the_task_only_prefix_entirely
        PASS [   3.198s] (865/881) crm-api::all db_today_task_axis_failures::call_feed_and_axis_both_failing_yield_two_issues_and_recover
        PASS [   3.160s] (866/881) crm-api::all db_today_task_axis_failures::failure_before_release_is_all_or_nothing_partial
        PASS [   3.180s] (867/881) crm-api::all db_today_task_axis_failures::task_axis_real_statement_timeout_cancellation_is_partial_and_recovers
        PASS [   3.208s] (868/881) crm-api::all db_today_task_axis_failures::failure_after_savepoint_is_all_or_nothing_partial
        PASS [   3.201s] (869/881) crm-api::all db_today_task_axis_failures::unrecoverable_call_feed_returns_before_the_axis_runs
        PASS [   3.210s] (870/881) crm-api::all db_today_task_axis_failures::set_local_settings_restore_after_a_recovered_task_axis_failure
        PASS [   3.246s] (871/881) crm-api::all db_today_task_axis_failures::failure_after_membership_is_all_or_nothing_partial
        PASS [   3.201s] (872/881) crm-api::all db_workspace_background::workspace_inbound_retries_before_raw_storage_and_extraction_skips_held_without_attempts
        PASS [   3.256s] (873/881) crm-api::all db_today_task_axis_failures::exhausted_recovery_budget_marks_the_whole_response_unavailable
        PASS [   6.876s] (874/881) crm-api::all db_workspace_background::workspace_held_calls_allow_signed_terminal_and_owned_hangup_but_not_dial_or_correction
        PASS [   3.752s] (875/881) crm-api::all db_workspace_http::workspace_http_blocks_alternate_person_note_task_and_tag_mutations
        PASS [   3.846s] (876/881) crm-api::all db_workspace_background::workspace_operator_admission_wait_consumes_absolute_deadline_before_provider_start
        PASS [   3.739s] (877/881) crm-api::all db_workspace_http::workspace_http_today_operator_realtime_cannot_escape_review
        PASS [   3.757s] (878/881) crm-api::all db_workspace_http::workspace_http_holds_existing_intake_retry_discard_and_today_configuration
        PASS [   3.764s] (879/881) crm-api::all db_workspace_http::workspace_http_review_reads_require_current_admin_and_clear_session_status
        PASS [   3.762s] (880/881) crm-api::all db_workspace_http::workspace_http_settings_provisioning_and_governance_remain_distinct
        PASS [   3.821s] (881/881) crm-api::all db_workspace_background::workspace_operator_disconnect_keeps_admission_until_deadline_and_blocks_held_inference
────────────
     Summary [ 364.314s] 881 tests run: 881 passed (1 slow), 900 skipped
==> [383s]
==> all checks passed [total 388s]
