   Compiling crm-api v0.1.0 (/Users/karrad/projects/crm-010f1/backend/crates/crm-api)
warning: constant `WARMUP_WAVES` is never used
  --> crates/crm-api/tests/fixtures/today_http_perf_driver.rs:26:11
   |
26 | pub const WARMUP_WAVES: usize = 6;
   |           ^^^^^^^^^^^^
   |
   = note: `#[warn(dead_code)]` (part of `#[warn(unused)]`) on by default

warning: constant `WARMUP_CONCURRENCY` is never used
  --> crates/crm-api/tests/fixtures/today_http_perf_driver.rs:27:11
   |
27 | pub const WARMUP_CONCURRENCY: usize = 10;
   |           ^^^^^^^^^^^^^^^^^^

warning: constant `WARMUP_ATTEMPTS_PER_CASE` is never used
  --> crates/crm-api/tests/fixtures/today_http_perf_driver.rs:28:11
   |
28 | pub const WARMUP_ATTEMPTS_PER_CASE: usize = WARMUP_WAVES * WARMUP_CONCURRENCY;
   |           ^^^^^^^^^^^^^^^^^^^^^^^^

warning: constant `CRITICAL_CASES` is never used
  --> crates/crm-api/tests/fixtures/today_http_perf_driver.rs:33:11
   |
33 | pub const CRITICAL_CASES: usize = 4;
   |           ^^^^^^^^^^^^^^

warning: constant `CRITICAL_SAMPLE_SHAPE` is never used
  --> crates/crm-api/tests/fixtures/today_http_perf_driver.rs:34:11
   |
34 | pub const CRITICAL_SAMPLE_SHAPE: SampleShape = SampleShape::new(8, 2, 2);
   |           ^^^^^^^^^^^^^^^^^^^^^

warning: constant `CRITICAL_MEASURED_ATTEMPTS` is never used
  --> crates/crm-api/tests/fixtures/today_http_perf_driver.rs:35:11
   |
35 | pub const CRITICAL_MEASURED_ATTEMPTS: usize = CRITICAL_CASES * CRITICAL_SAMPLE_SHAPE.attempts();
   |           ^^^^^^^^^^^^^^^^^^^^^^^^^^

warning: constant `SUPPLEMENTAL_CASES` is never used
  --> crates/crm-api/tests/fixtures/today_http_perf_driver.rs:40:11
   |
40 | pub const SUPPLEMENTAL_CASES: usize = 6;
   |           ^^^^^^^^^^^^^^^^^^

warning: constant `SUPPLEMENTAL_SAMPLE_SHAPE` is never used
  --> crates/crm-api/tests/fixtures/today_http_perf_driver.rs:41:11
   |
41 | pub const SUPPLEMENTAL_SAMPLE_SHAPE: SampleShape = SampleShape::new(5, 1, 1);
   |           ^^^^^^^^^^^^^^^^^^^^^^^^^

warning: constant `SUPPLEMENTAL_MEASURED_ATTEMPTS` is never used
  --> crates/crm-api/tests/fixtures/today_http_perf_driver.rs:42:11
   |
42 | pub const SUPPLEMENTAL_MEASURED_ATTEMPTS: usize =
   |           ^^^^^^^^^^^^^^^^^^^^^^^^^^^^^^

warning: constant `INDEPENDENT_REPEAT_WAVES` is never used
  --> crates/crm-api/tests/fixtures/today_http_perf_driver.rs:47:11
   |
47 | pub const INDEPENDENT_REPEAT_WAVES: usize = 2;
   |           ^^^^^^^^^^^^^^^^^^^^^^^^

warning: constant `INDEPENDENT_REPEAT_CONCURRENCY` is never used
  --> crates/crm-api/tests/fixtures/today_http_perf_driver.rs:48:11
   |
48 | pub const INDEPENDENT_REPEAT_CONCURRENCY: usize = 20;
   |           ^^^^^^^^^^^^^^^^^^^^^^^^^^^^^^

warning: constant `INDEPENDENT_REPEAT_ATTEMPTS` is never used
  --> crates/crm-api/tests/fixtures/today_http_perf_driver.rs:49:11
   |
49 | pub const INDEPENDENT_REPEAT_ATTEMPTS: usize =
   |           ^^^^^^^^^^^^^^^^^^^^^^^^^^^

warning: constant `FINAL_ARM_MEASURED_ATTEMPTS` is never used
  --> crates/crm-api/tests/fixtures/today_http_perf_driver.rs:55:11
   |
55 | pub const FINAL_ARM_MEASURED_ATTEMPTS: usize =
   |           ^^^^^^^^^^^^^^^^^^^^^^^^^^^

warning: constant `PAIRED_ORIGINAL_MEASURED_ATTEMPTS` is never used
  --> crates/crm-api/tests/fixtures/today_http_perf_driver.rs:62:11
   |
62 | pub const PAIRED_ORIGINAL_MEASURED_ATTEMPTS: usize =
   |           ^^^^^^^^^^^^^^^^^^^^^^^^^^^^^^^^^

warning: constant `HTTP_OK` is never used
  --> crates/crm-api/tests/fixtures/today_http_perf_driver.rs:66:11
   |
66 | pub const HTTP_OK: u16 = 200;
   |           ^^^^^^^

warning: constant `REQUEST_P95_CONCURRENCY_1` is never used
  --> crates/crm-api/tests/fixtures/today_http_perf_driver.rs:67:11
   |
67 | pub const REQUEST_P95_CONCURRENCY_1: Duration = Duration::from_millis(1_250);
   |           ^^^^^^^^^^^^^^^^^^^^^^^^^

warning: constant `REQUEST_P95_CONCURRENCY_10` is never used
  --> crates/crm-api/tests/fixtures/today_http_perf_driver.rs:68:11
   |
68 | pub const REQUEST_P95_CONCURRENCY_10: Duration = Duration::from_millis(2_500);
   |           ^^^^^^^^^^^^^^^^^^^^^^^^^^

warning: constant `REQUEST_P95_CONCURRENCY_20` is never used
  --> crates/crm-api/tests/fixtures/today_http_perf_driver.rs:69:11
   |
69 | pub const REQUEST_P95_CONCURRENCY_20: Duration = Duration::from_millis(4_500);
   |           ^^^^^^^^^^^^^^^^^^^^^^^^^^

warning: constant `WHOLE_SOURCE_P95_LIMIT` is never used
  --> crates/crm-api/tests/fixtures/today_http_perf_driver.rs:70:11
   |
70 | pub const WHOLE_SOURCE_P95_LIMIT: Duration = Duration::from_millis(450);
   |           ^^^^^^^^^^^^^^^^^^^^^^

warning: constant `SOURCE_ENUMERATION_BUDGET` is never used
  --> crates/crm-api/tests/fixtures/today_http_perf_driver.rs:71:11
   |
71 | pub const SOURCE_ENUMERATION_BUDGET: Duration = Duration::from_millis(250);
   |           ^^^^^^^^^^^^^^^^^^^^^^^^^

warning: constant `WHOLE_SOURCE_BUDGET` is never used
  --> crates/crm-api/tests/fixtures/today_http_perf_driver.rs:72:11
   |
72 | pub const WHOLE_SOURCE_BUDGET: Duration = Duration::from_millis(500);
   |           ^^^^^^^^^^^^^^^^^^^

warning: constant `ACQUISITION_BUDGET` is never used
  --> crates/crm-api/tests/fixtures/today_http_perf_driver.rs:73:11
   |
73 | pub const ACQUISITION_BUDGET: Duration = Duration::from_secs(2);
   |           ^^^^^^^^^^^^^^^^^^

warning: struct `SampleShape` is never constructed
  --> crates/crm-api/tests/fixtures/today_http_perf_driver.rs:79:12
   |
79 | pub struct SampleShape {
   |            ^^^^^^^^^^^

warning: associated items `new` and `attempts` are never used
  --> crates/crm-api/tests/fixtures/today_http_perf_driver.rs:86:18
   |
85 | impl SampleShape {
   | ---------------- associated items in this implementation
86 |     pub const fn new(serial_attempts: usize, waves_at_10: usize, waves_at_20: usize) -> Self {
   |                  ^^^
...
94 |     pub const fn attempts(self) -> usize {
   |                  ^^^^^^^^

warning: enum `FinalMatrixCase` is never used
   --> crates/crm-api/tests/fixtures/today_http_perf_driver.rs:104:10
    |
104 | pub enum FinalMatrixCase {
    |          ^^^^^^^^^^^^^^^

warning: associated items `CRITICAL`, `SUPPLEMENTAL`, `sample_shape`, and `expected_sources_per_attempt` are never used
   --> crates/crm-api/tests/fixtures/today_http_perf_driver.rs:118:15
    |
117 | impl FinalMatrixCase {
    | -------------------- associated items in this implementation
118 |     pub const CRITICAL: [Self; CRITICAL_CASES] = [
    |               ^^^^^^^^
...
125 |     pub const SUPPLEMENTAL: [Self; SUPPLEMENTAL_CASES] = [
    |               ^^^^^^^^^^^^
...
134 |     pub const fn sample_shape(self) -> SampleShape {
    |                  ^^^^^^^^^^^^
...
149 |     pub const fn expected_sources_per_attempt(self) -> usize {
    |                  ^^^^^^^^^^^^^^^^^^^^^^^^^^^^

warning: variant `RequestTimeout` is never constructed
   --> crates/crm-api/tests/fixtures/today_http_perf_driver.rs:278:5
    |
276 | pub enum ClientFailureKind {
    |          ----------------- variant in this enum
277 |     Transport,
278 |     RequestTimeout,
    |     ^^^^^^^^^^^^^^
    |
    = note: `ClientFailureKind` has derived impls for the traits `Clone` and `Debug`, but these are intentionally ignored during dead code analysis

warning: method `metadata` is never used
   --> crates/crm-api/tests/fixtures/today_http_perf_driver.rs:300:12
    |
299 | impl<M> AttemptOutcome<M> {
    | ------------------------- method in this implementation
300 |     pub fn metadata(&self) -> Option<&M> {
    |            ^^^^^^^^

warning: struct `TimingSummary` is never constructed
   --> crates/crm-api/tests/fixtures/today_http_perf_driver.rs:501:12
    |
501 | pub struct TimingSummary {
    |            ^^^^^^^^^^^^^

warning: function `summarize_timings` is never used
   --> crates/crm-api/tests/fixtures/today_http_perf_driver.rs:511:8
    |
511 | pub fn summarize_timings<I>(timings: I) -> TimingSummary
    |        ^^^^^^^^^^^^^^^^^

warning: struct `AttemptAggregate` is never constructed
   --> crates/crm-api/tests/fixtures/today_http_perf_driver.rs:553:12
    |
553 | pub struct AttemptAggregate {
    |            ^^^^^^^^^^^^^^^^

warning: function `aggregate_attempts` is never used
   --> crates/crm-api/tests/fixtures/today_http_perf_driver.rs:567:8
    |
567 | pub fn aggregate_attempts<M, F, I>(
    |        ^^^^^^^^^^^^^^^^^^

warning: struct `NormalCompletionGate` is never constructed
   --> crates/crm-api/tests/fixtures/today_http_perf_driver.rs:628:12
    |
628 | pub struct NormalCompletionGate {
    |            ^^^^^^^^^^^^^^^^^^^^

warning: struct `NormalCompletionReport` is never constructed
   --> crates/crm-api/tests/fixtures/today_http_perf_driver.rs:637:12
    |
637 | pub struct NormalCompletionReport {
    |            ^^^^^^^^^^^^^^^^^^^^^^

warning: enum `NormalCompletionViolation` is never used
   --> crates/crm-api/tests/fixtures/today_http_perf_driver.rs:648:10
    |
648 | pub enum NormalCompletionViolation {
    |          ^^^^^^^^^^^^^^^^^^^^^^^^^

warning: function `check_normal_completion` is never used
   --> crates/crm-api/tests/fixtures/today_http_perf_driver.rs:659:8
    |
659 | pub fn check_normal_completion<M>(
    |        ^^^^^^^^^^^^^^^^^^^^^^^

warning: function `request_p95_limit` is never used
   --> crates/crm-api/tests/fixtures/today_http_perf_driver.rs:715:14
    |
715 | pub const fn request_p95_limit(concurrency: usize) -> Option<Duration> {
    |              ^^^^^^^^^^^^^^^^^

warning: constant `WARMUP_WAVES` is never used
  --> crates/crm-api/tests/fixtures/today_http_perf_driver.rs:26:11
   |
26 | pub const WARMUP_WAVES: usize = 6;
   |           ^^^^^^^^^^^^

warning: `crm-api` (test "all") generated 74 warnings (36 duplicates)
    Finished `test` profile [unoptimized + debuginfo] target(s) in 1m 12s
     Running tests/all.rs (target/debug/deps/all-1e584fd860a17517)

running 1 test
test db_metadata_import_plans::metadata_hot_queries_at_d050 ... CRM_010F1_METADATA_EXECUTABLE_FIXTURE_STORAGE {"child_id":"67658043-e9c4-443e-ad79-672e8508c075","classification":"real_ready_child_before_inert_seed","latest_plan_counts":{"fields":{"already_present":"0","applied":"0","created":"0","eligible":"1","held":"0","not_supplied":"0","pending":"1","planned":"1","source_null":"0"},"held_count":"0","invalid_source_ids":"0","issues":[],"options":{"already_present":"0","applied":"0","created":"0","eligible":"0","held":"0","not_supplied":"0","pending":"0","planned":"0","source_null":"0"},"people":{"eligible":"1","excluded":"0","settled":"0","source":"1"},"tag_links":{"already_present":"0","applied":"0","created":"0","eligible":"1","held":"0","not_supplied":"0","pending":"1","planned":"1","source_null":"0"},"tags":{"already_present":"0","applied":"0","created":"0","eligible":"1","held":"0","not_supplied":"0","pending":"1","planned":"1","source_null":"0"},"values":{"already_present":"0","applied":"0","created":"0","eligible":"1","held":"0","not_supplied":"0","pending":"1","planned":"1","source_null":"0"}},"plan_id":"2dd510d2-581f-4a28-a478-04c4c39ee326","reserved_bytes":65536,"retained_bytes":13351,"state":"proposed"}
CRM_010F1_METADATA_RELATION_STORAGE {"classification":"synthetic_inert_query_plan_only","metrics":{"pg_column_size_row_bytes":{"max":144,"mean":140.8,"min":136,"sum":3520008},"pg_indexes_size_bytes":4022272,"pg_table_size_bytes":3694592,"pg_total_relation_size_bytes":7716864,"row_count":25000},"scope":"whole_relation_in_isolated_database","table":"person"}
CRM_010F1_METADATA_RELATION_STORAGE {"classification":"synthetic_inert_query_plan_only","metrics":{"pg_column_size_row_bytes":{"max":88,"mean":87.94,"min":85,"sum":4397},"pg_indexes_size_bytes":16384,"pg_table_size_bytes":16384,"pg_total_relation_size_bytes":32768,"row_count":50},"scope":"whole_relation_in_isolated_database","table":"organization_membership"}
CRM_010F1_METADATA_RELATION_STORAGE {"classification":"synthetic_inert_query_plan_only","metrics":{"pg_column_size_row_bytes":{"max":112,"mean":111.7,"min":109,"sum":1117},"pg_indexes_size_bytes":49152,"pg_table_size_bytes":16384,"pg_total_relation_size_bytes":65536,"row_count":10},"scope":"whole_relation_in_isolated_database","table":"tag"}
CRM_010F1_METADATA_RELATION_STORAGE {"classification":"synthetic_inert_query_plan_only","metrics":{"pg_column_size_row_bytes":{"max":96,"mean":96.0,"min":93,"sum":23999991},"pg_indexes_size_bytes":46612480,"pg_table_size_bytes":25321472,"pg_total_relation_size_bytes":71933952,"row_count":250000},"scope":"whole_relation_in_isolated_database","table":"person_tag"}
CRM_010F1_METADATA_RELATION_STORAGE {"classification":"synthetic_inert_query_plan_only","metrics":{"pg_column_size_row_bytes":{"max":152,"mean":144.8,"min":144,"sum":1448},"pg_indexes_size_bytes":81920,"pg_table_size_bytes":16384,"pg_total_relation_size_bytes":98304,"row_count":10},"scope":"whole_relation_in_isolated_database","table":"custom_field"}
CRM_010F1_METADATA_RELATION_STORAGE {"classification":"synthetic_inert_query_plan_only","metrics":{"pg_column_size_row_bytes":{"max":112,"mean":111.94,"min":109,"sum":5597},"pg_indexes_size_bytes":49152,"pg_table_size_bytes":16384,"pg_total_relation_size_bytes":65536,"row_count":50},"scope":"whole_relation_in_isolated_database","table":"custom_field_option"}
CRM_010F1_METADATA_RELATION_STORAGE {"classification":"synthetic_inert_query_plan_only","metrics":{"pg_column_size_row_bytes":{"max":640,"mean":462.51,"min":144,"sum":46250824},"pg_indexes_size_bytes":7569408,"pg_table_size_bytes":47603712,"pg_total_relation_size_bytes":55173120,"row_count":100000},"scope":"whole_relation_in_isolated_database","table":"person_custom_field_value"}
CRM_010F1_METADATA_RELATION_STORAGE {"classification":"synthetic_inert_query_plan_only","metrics":{"pg_column_size_row_bytes":{"max":272,"mean":256.06,"min":256,"sum":65808},"pg_indexes_size_bytes":196608,"pg_table_size_bytes":163840,"pg_total_relation_size_bytes":360448,"row_count":257},"scope":"whole_relation_in_isolated_database","table":"migration_import"}
CRM_010F1_METADATA_RELATION_STORAGE {"classification":"synthetic_inert_query_plan_only","metrics":{"pg_column_size_row_bytes":{"max":568,"mean":511.66,"min":368,"sum":132008},"pg_indexes_size_bytes":98304,"pg_table_size_bytes":180224,"pg_total_relation_size_bytes":278528,"row_count":258},"scope":"whole_relation_in_isolated_database","table":"migration_import_plan"}
CRM_010F1_METADATA_RELATION_STORAGE {"classification":"synthetic_inert_query_plan_only","metrics":{"pg_column_size_row_bytes":{"max":648,"mean":647.98,"min":453,"sum":16203324},"pg_indexes_size_bytes":4685824,"pg_table_size_bytes":17113088,"pg_total_relation_size_bytes":21798912,"row_count":25006},"scope":"whole_relation_in_isolated_database","table":"migration_import_source"}
CRM_010F1_METADATA_RELATION_STORAGE {"classification":"synthetic_inert_query_plan_only","metrics":{"pg_column_size_row_bytes":{"max":354,"mean":288.0,"min":288,"sum":7200658},"pg_indexes_size_bytes":6602752,"pg_table_size_bytes":7626752,"pg_total_relation_size_bytes":14229504,"row_count":25002},"scope":"whole_relation_in_isolated_database","table":"migration_import_manifest"}
CRM_010F1_METADATA_RELATION_STORAGE {"classification":"synthetic_inert_query_plan_only","metrics":{"pg_column_size_row_bytes":{"max":576,"mean":576.0,"min":568,"sum":14400568},"pg_indexes_size_bytes":8019968,"pg_table_size_bytes":14671872,"pg_total_relation_size_bytes":22691840,"row_count":25001},"scope":"whole_relation_in_isolated_database","table":"migration_import_result"}
CRM_010F1_METADATA_RELATION_STORAGE {"classification":"synthetic_inert_query_plan_only","metrics":{"pg_column_size_row_bytes":{"max":144,"mean":144.0,"min":144,"sum":3600144},"pg_indexes_size_bytes":2998272,"pg_table_size_bytes":3768320,"pg_total_relation_size_bytes":6766592,"row_count":25001},"scope":"whole_relation_in_isolated_database","table":"migration_import_identity"}
CRM_010F1_METADATA_RELATION_STORAGE {"classification":"synthetic_inert_query_plan_only","metrics":{"pg_column_size_row_bytes":{"max":480,"mean":468.85,"min":280,"sum":121432},"pg_indexes_size_bytes":188416,"pg_table_size_bytes":163840,"pg_total_relation_size_bytes":352256,"row_count":259},"scope":"whole_relation_in_isolated_database","table":"migration_snapshot_capture"}
CRM_010F1_METADATA_RELATION_STORAGE {"classification":"synthetic_inert_query_plan_only","metrics":{"pg_column_size_row_bytes":{"max":452,"mean":451.98,"min":346,"sum":11305726},"pg_indexes_size_bytes":6086656,"pg_table_size_bytes":12099584,"pg_total_relation_size_bytes":18186240,"row_count":25014},"scope":"whole_relation_in_isolated_database","table":"migration_snapshot_record"}
CRM_010F1_METADATA_RELATION_STORAGE {"classification":"synthetic_inert_query_plan_only","metrics":{"pg_column_size_row_bytes":{"max":1656,"mean":269.42,"min":264,"sum":69240},"pg_indexes_size_bytes":278528,"pg_table_size_bytes":180224,"pg_total_relation_size_bytes":458752,"row_count":257},"scope":"whole_relation_in_isolated_database","table":"migration_metadata_import"}
CRM_010F1_METADATA_RELATION_STORAGE {"classification":"synthetic_inert_query_plan_only","metrics":{"pg_column_size_row_bytes":{"max":1728,"mean":645.83,"min":640,"sum":166624},"pg_indexes_size_bytes":98304,"pg_table_size_bytes":229376,"pg_total_relation_size_bytes":327680,"row_count":258},"scope":"whole_relation_in_isolated_database","table":"migration_metadata_plan"}
CRM_010F1_METADATA_RELATION_STORAGE {"classification":"synthetic_inert_query_plan_only","metrics":{"pg_column_size_row_bytes":{"max":650,"mean":649.99,"min":635,"sum":16425320},"pg_indexes_size_bytes":7249920,"pg_table_size_bytes":17293312,"pg_total_relation_size_bytes":24543232,"row_count":25270},"scope":"whole_relation_in_isolated_database","table":"migration_metadata_source"}
CRM_010F1_METADATA_RELATION_STORAGE {"classification":"synthetic_inert_query_plan_only","metrics":{"pg_column_size_row_bytes":{"max":1008,"mean":853.18,"min":487,"sum":15789005},"pg_indexes_size_bytes":16244736,"pg_table_size_bytes":16867328,"pg_total_relation_size_bytes":33112064,"row_count":18506},"scope":"whole_relation_in_isolated_database","table":"migration_metadata_mapping"}
CRM_010F1_METADATA_RELATION_STORAGE {"classification":"synthetic_inert_query_plan_only","metrics":{"pg_column_size_row_bytes":{"max":196,"mean":195.39,"min":193,"sum":3615476},"pg_indexes_size_bytes":3317760,"pg_table_size_bytes":3825664,"pg_total_relation_size_bytes":7143424,"row_count":18504},"scope":"whole_relation_in_isolated_database","table":"migration_metadata_choice"}
CRM_010F1_METADATA_RELATION_STORAGE {"classification":"synthetic_inert_query_plan_only","metrics":{"pg_column_size_row_bytes":{"max":157,"mean":157.0,"min":157,"sum":39250314},"pg_indexes_size_bytes":105431040,"pg_table_size_bytes":41844736,"pg_total_relation_size_bytes":147275776,"row_count":250002},"scope":"whole_relation_in_isolated_database","table":"migration_metadata_alias"}
CRM_010F1_METADATA_RELATION_STORAGE {"classification":"synthetic_inert_query_plan_only","metrics":{"pg_column_size_row_bytes":{"max":1052,"mean":1051.91,"min":1017,"sum":26569125},"pg_indexes_size_bytes":11616256,"pg_table_size_bytes":29597696,"pg_total_relation_size_bytes":41213952,"row_count":25258},"scope":"whole_relation_in_isolated_database","table":"migration_metadata_manifest"}
CRM_010F1_METADATA_RELATION_STORAGE {"classification":"synthetic_inert_query_plan_only","metrics":{"pg_column_size_row_bytes":{"max":187,"mean":186.14,"min":172,"sum":65149318},"pg_indexes_size_bytes":81100800,"pg_table_size_bytes":68321280,"pg_total_relation_size_bytes":149422080,"row_count":350004},"scope":"whole_relation_in_isolated_database","table":"migration_metadata_operation"}
CRM_010F1_METADATA_RELATION_STORAGE {"classification":"synthetic_inert_query_plan_only","metrics":{"pg_column_size_row_bytes":{"max":160,"mean":160.0,"min":160,"sum":11200},"pg_indexes_size_bytes":16384,"pg_table_size_bytes":49152,"pg_total_relation_size_bytes":65536,"row_count":70},"scope":"whole_relation_in_isolated_database","table":"migration_metadata_identity"}
CRM_010F1_METADATA_RELATION_STORAGE {"classification":"synthetic_inert_query_plan_only","metrics":{"pg_column_size_row_bytes":{"max":1128,"mean":1126.98,"min":800,"sum":28502432},"pg_indexes_size_bytes":10887168,"pg_table_size_bytes":29622272,"pg_total_relation_size_bytes":40509440,"row_count":25291},"scope":"whole_relation_in_isolated_database","table":"migration_metadata_result"}
CRM_010F1_METADATA_RELATION_STORAGE {"classification":"synthetic_inert_query_plan_only","metrics":{"pg_column_size_row_bytes":{"max":104,"mean":103.82,"min":96,"sum":6437},"pg_indexes_size_bytes":16384,"pg_table_size_bytes":16384,"pg_total_relation_size_bytes":32768,"row_count":62},"scope":"whole_relation_in_isolated_database","table":"migration_metadata_issue"}
CRM_010F1_METADATA_RELATION_STORAGE {"classification":"synthetic_inert_query_plan_only","metrics":{"pg_column_size_row_bytes":{"max":3456,"mean":3452.0,"min":3448,"sum":6904},"pg_indexes_size_bytes":16384,"pg_table_size_bytes":32768,"pg_total_relation_size_bytes":49152,"row_count":2},"scope":"whole_relation_in_isolated_database","table":"migration_metadata_receipt"}
CRM_010F1_METADATA_NATIVE_WIDTHS {"classification":"deterministic_moderate_dense_ascii_width_spread_not_maximum_capacity","metrics":{"exact_probe_rows":1,"pg_column_size_text_bytes":{"max":504,"mean":329.01,"min":16,"sum":32901262},"row_count":100000,"spread":{"max_characters":500,"mean_characters":325.02,"min_characters":150,"row_count":99999},"text_characters":{"max":500,"mean":325.01,"min":15},"text_octets":{"max":500,"mean":325.01,"min":15,"sum":32501265}}}
CRM_010F1_METADATA_FIXTURE {"classification":"synthetic_inert_query_plan_only","counts":{"aliases":250001,"child_history":257,"manifests":25001,"mappings":72,"members":50,"operations":350002,"people":25000,"results":25035,"sources":25012,"tag_links":250000,"values":100000},"elapsed_ms":82266}
CRM_010F1_METADATA_PLAN {"bindings":[],"label":"claim_among_terminal_history","plan":[{"Execution Time":0.057,"Plan":{"Actual Loops":1,"Actual Rows":1.0,"Actual Startup Time":0.043,"Actual Total Time":0.043,"Async Capable":false,"Disabled":false,"Local Dirtied Blocks":0,"Local Hit Blocks":0,"Local Read Blocks":0,"Local Written Blocks":0,"Node Type":"Limit","Parallel Aware":false,"Plan Rows":1,"Plan Width":56,"Plans":[{"Actual Loops":1,"Actual Rows":1.0,"Actual Startup Time":0.042,"Actual Total Time":0.042,"Async Capable":false,"Disabled":false,"Local Dirtied Blocks":0,"Local Hit Blocks":0,"Local Read Blocks":0,"Local Written Blocks":0,"Node Type":"Sort","Parallel Aware":false,"Parent Relationship":"Outer","Plan Rows":1,"Plan Width":56,"Plans":[{"Actual Loops":1,"Actual Rows":1.0,"Actual Startup Time":0.037,"Actual Total Time":0.038,"Async Capable":false,"Disabled":false,"Inner Unique":true,"Join Type":"Inner","Local Dirtied Blocks":0,"Local Hit Blocks":0,"Local Read Blocks":0,"Local Written Blocks":0,"Node Type":"Nested Loop","Parallel Aware":false,"Parent Relationship":"Outer","Plan Rows":1,"Plan Width":56,"Plans":[{"Actual Loops":1,"Actual Rows":1.0,"Actual Startup Time":0.028,"Actual Total Time":0.028,"Alias":"i","Async Capable":false,"Disabled":false,"Exact Heap Blocks":13,"Filter":"((lease_expires_at IS NULL) OR (lease_expires_at <= now()))","Local Dirtied Blocks":0,"Local Hit Blocks":0,"Local Read Blocks":0,"Local Written Blocks":0,"Lossy Heap Blocks":0,"Node Type":"Bitmap Heap Scan","Parallel Aware":false,"Parent Relationship":"Outer","Plan Rows":1,"Plan Width":81,"Plans":[{"Actual Loops":1,"Actual Rows":41.0,"Actual Startup Time":0.011,"Actual Total Time":0.011,"Async Capable":false,"Disabled":false,"Index Name":"migration_metadata_import_claim","Index Searches":1,"Local Dirtied Blocks":0,"Local Hit Blocks":0,"Local Read Blocks":0,"Local Written Blocks":0,"Node Type":"Bitmap Index Scan","Parallel Aware":false,"Parent Relationship":"Outer","Plan Rows":3,"Plan Width":0,"Shared Dirtied Blocks":0,"Shared Hit Blocks":0,"Shared Read Blocks":1,"Shared Written Blocks":1,"Startup Cost":0.0,"Temp Read Blocks":0,"Temp Written Blocks":0,"Total Cost":4.13}],"Recheck Cond":"(state = ANY ('{proposed,queued,running}'::text[]))","Relation Name":"migration_metadata_import","Rows Removed by Filter":0,"Rows Removed by Index Recheck":0,"Shared Dirtied Blocks":0,"Shared Hit Blocks":13,"Shared Read Blocks":1,"Shared Written Blocks":1,"Startup Cost":4.13,"Temp Read Blocks":0,"Temp Written Blocks":0,"Total Cost":12.53},{"Actual Loops":1,"Actual Rows":1.0,"Actual Startup Time":0.008,"Actual Total Time":0.008,"Alias":"p","Async Capable":false,"Disabled":false,"Filter":"((organization_id = i.organization_id) AND (((i.state = 'proposed'::text) AND (state = 'building'::text)) OR (i.state = ANY ('{queued,running}'::text[]))))","Index Cond":"(id = i.latest_plan_id)","Index Name":"migration_metadata_plan_pkey","Index Searches":1,"Local Dirtied Blocks":0,"Local Hit Blocks":0,"Local Read Blocks":0,"Local Written Blocks":0,"Node Type":"Index Scan","Parallel Aware":false,"Parent Relationship":"Inner","Plan Rows":1,"Plan Width":38,"Relation Name":"migration_metadata_plan","Rows Removed by Filter":0,"Rows Removed by Index Recheck":0,"Scan Direction":"Forward","Shared Dirtied Blocks":0,"Shared Hit Blocks":2,"Shared Read Blocks":0,"Shared Written Blocks":0,"Startup Cost":0.15,"Temp Read Blocks":0,"Temp Written Blocks":0,"Total Cost":8.18}],"Shared Dirtied Blocks":0,"Shared Hit Blocks":15,"Shared Read Blocks":1,"Shared Written Blocks":1,"Startup Cost":4.28,"Temp Read Blocks":0,"Temp Written Blocks":0,"Total Cost":20.71}],"Shared Dirtied Blocks":0,"Shared Hit Blocks":15,"Shared Read Blocks":1,"Shared Written Blocks":1,"Sort Key":["i.created_at","i.id"],"Sort Method":"quicksort","Sort Space Type":"Memory","Sort Space Used":25,"Startup Cost":20.72,"Temp Read Blocks":0,"Temp Written Blocks":0,"Total Cost":20.73}],"Shared Dirtied Blocks":0,"Shared Hit Blocks":15,"Shared Read Blocks":1,"Shared Written Blocks":1,"Startup Cost":20.72,"Temp Read Blocks":0,"Temp Written Blocks":0,"Total Cost":20.73},"Planning":{"Local Dirtied Blocks":0,"Local Hit Blocks":0,"Local Read Blocks":0,"Local Written Blocks":0,"Shared Dirtied Blocks":0,"Shared Hit Blocks":152,"Shared Read Blocks":15,"Shared Written Blocks":3,"Temp Read Blocks":0,"Temp Written Blocks":0},"Planning Time":0.457,"Triggers":[]}],"sql":"SELECT i.id,i.organization_id,i.executor_user_id FROM migration_metadata_import i JOIN migration_metadata_plan p ON p.id=i.latest_plan_id AND p.organization_id=i.organization_id WHERE i.state IN ('proposed','queued','running') AND ((i.state='proposed' AND p.state='building') OR i.state IN ('queued','running')) AND (i.lease_expires_at IS NULL OR i.lease_expires_at<=now()) ORDER BY i.created_at,i.id LIMIT 1","sql_sha256":"49bf97f1a474335f2f3f3c1f732b1d4954f7b8c0c96d8196e10c9aac6d19e5e2"}
CRM_010F1_METADATA_BOUND {"examined":1.0,"indexed_required":true,"label":"claim_among_terminal_history","maximum":1.0,"relation":"migration_metadata_import"}

thread 'db_metadata_import_plans::metadata_hot_queries_at_d050' (12592249) panicked at crates/crm-api/tests/db_metadata_import_plans.rs:154:24:
assertion `left == right` failed
  left: None
 right: Some(1)
note: run with `RUST_BACKTRACE=1` environment variable to display a backtrace
CRM_010F1_METADATA_PLAN {"bindings":["67658043-e9c4-443e-ad79-672e8508c075","39d8ec29-60a2-4f98-95dc-5030c3f0445d"],"label":"current_run_lock","plan":[{"Execution Time":0.076,"Plan":{"Actual Loops":1,"Actual Rows":1.0,"Actual Startup Time":0.043,"Actual Total Time":0.049,"Async Capable":false,"Disabled":false,"Local Dirtied Blocks":0,"Local Hit Blocks":0,"Local Read Blocks":0,"Local Written Blocks":0,"Node Type":"LockRows","Parallel Aware":false,"Plan Rows":1,"Plan Width":338,"Plans":[{"Actual Loops":1,"Actual Rows":1.0,"Actual Startup Time":0.032,"Actual Total Time":0.037,"Alias":"migration_metadata_import","Async Capable":false,"Disabled":false,"Index Cond":"((organization_id = '39d8ec29-60a2-4f98-95dc-5030c3f0445d'::uuid) AND (id = '67658043-e9c4-443e-ad79-672e8508c075'::uuid))","Index Name":"migration_metadata_import_page","Index Searches":1,"Local Dirtied Blocks":0,"Local Hit Blocks":0,"Local Read Blocks":0,"Local Written Blocks":0,"Node Type":"Index Scan","Parallel Aware":false,"Parent Relationship":"Outer","Plan Rows":1,"Plan Width":338,"Relation Name":"migration_metadata_import","Rows Removed by Index Recheck":0,"Scan Direction":"Forward","Shared Dirtied Blocks":1,"Shared Hit Blocks":8,"Shared Read Blocks":2,"Shared Written Blocks":1,"Startup Cost":0.27,"Temp Read Blocks":0,"Temp Written Blocks":0,"Total Cost":8.29}],"Shared Dirtied Blocks":2,"Shared Hit Blocks":9,"Shared Read Blocks":2,"Shared Written Blocks":1,"Startup Cost":0.27,"Temp Read Blocks":0,"Temp Written Blocks":0,"Total Cost":8.3},"Planning":{"Local Dirtied Blocks":0,"Local Hit Blocks":0,"Local Read Blocks":0,"Local Written Blocks":0,"Shared Dirtied Blocks":0,"Shared Hit Blocks":54,"Shared Read Blocks":0,"Shared Written Blocks":0,"Temp Read Blocks":0,"Temp Written Blocks":0},"Planning Time":0.086,"Triggers":[]}],"sql":"SELECT * FROM migration_metadata_import WHERE id=$1 AND organization_id=$2 FOR UPDATE","sql_sha256":"86e586081d0b1eb1d393dd1781d947017b98f95f7c9d33210fe595a66af2d69a"}
CRM_010F1_METADATA_BOUND {"examined":1.0,"indexed_required":true,"label":"current_run_lock","maximum":1.0,"relation":"migration_metadata_import"}
CRM_010F1_METADATA_PLAN {"bindings":["2dd510d2-581f-4a28-a478-04c4c39ee326","67658043-e9c4-443e-ad79-672e8508c075","39d8ec29-60a2-4f98-95dc-5030c3f0445d"],"label":"current_plan_lock","plan":[{"Execution Time":0.025,"Plan":{"Actual Loops":1,"Actual Rows":1.0,"Actual Startup Time":0.012,"Actual Total Time":0.013,"Async Capable":false,"Disabled":false,"Local Dirtied Blocks":0,"Local Hit Blocks":0,"Local Read Blocks":0,"Local Written Blocks":0,"Node Type":"LockRows","Parallel Aware":false,"Plan Rows":1,"Plan Width":772,"Plans":[{"Actual Loops":1,"Actual Rows":1.0,"Actual Startup Time":0.004,"Actual Total Time":0.004,"Alias":"migration_metadata_plan","Async Capable":false,"Disabled":false,"Filter":"((import_id = '67658043-e9c4-443e-ad79-672e8508c075'::uuid) AND (organization_id = '39d8ec29-60a2-4f98-95dc-5030c3f0445d'::uuid))","Index Cond":"(id = '2dd510d2-581f-4a28-a478-04c4c39ee326'::uuid)","Index Name":"migration_metadata_plan_pkey","Index Searches":1,"Local Dirtied Blocks":0,"Local Hit Blocks":0,"Local Read Blocks":0,"Local Written Blocks":0,"Node Type":"Index Scan","Parallel Aware":false,"Parent Relationship":"Outer","Plan Rows":1,"Plan Width":772,"Relation Name":"migration_metadata_plan","Rows Removed by Filter":0,"Rows Removed by Index Recheck":0,"Scan Direction":"Forward","Shared Dirtied Blocks":0,"Shared Hit Blocks":2,"Shared Read Blocks":0,"Shared Written Blocks":0,"Startup Cost":0.15,"Temp Read Blocks":0,"Temp Written Blocks":0,"Total Cost":8.17}],"Shared Dirtied Blocks":1,"Shared Hit Blocks":3,"Shared Read Blocks":0,"Shared Written Blocks":0,"Startup Cost":0.15,"Temp Read Blocks":0,"Temp Written Blocks":0,"Total Cost":8.18},"Planning":{"Local Dirtied Blocks":0,"Local Hit Blocks":0,"Local Read Blocks":0,"Local Written Blocks":0,"Shared Dirtied Blocks":0,"Shared Hit Blocks":63,"Shared Read Blocks":0,"Shared Written Blocks":0,"Temp Read Blocks":0,"Temp Written Blocks":0},"Planning Time":0.089,"Triggers":[]}],"sql":"SELECT * FROM migration_metadata_plan WHERE id=$1 AND import_id=$2 AND organization_id=$3 FOR UPDATE","sql_sha256":"f7a3867a335c1605d8d740dcd1c7769ffa3686f41045cade9fdaaa426de8a641"}
CRM_010F1_METADATA_BOUND {"examined":1.0,"indexed_required":true,"label":"current_plan_lock","maximum":1.0,"relation":"migration_metadata_plan"}
CRM_010F1_METADATA_PLAN {"bindings":["e346c681-392e-4bae-84ef-bb29a6d56cb7","67658043-e9c4-443e-ad79-672e8508c075","39d8ec29-60a2-4f98-95dc-5030c3f0445d"],"label":"superseded_plan_lock","plan":[{"Execution Time":0.026,"Plan":{"Actual Loops":1,"Actual Rows":1.0,"Actual Startup Time":0.012,"Actual Total Time":0.017,"Async Capable":false,"Disabled":false,"Local Dirtied Blocks":0,"Local Hit Blocks":0,"Local Read Blocks":0,"Local Written Blocks":0,"Node Type":"LockRows","Parallel Aware":false,"Plan Rows":1,"Plan Width":772,"Plans":[{"Actual Loops":1,"Actual Rows":1.0,"Actual Startup Time":0.009,"Actual Total Time":0.014,"Alias":"migration_metadata_plan","Async Capable":false,"Disabled":false,"Filter":"((import_id = '67658043-e9c4-443e-ad79-672e8508c075'::uuid) AND (organization_id = '39d8ec29-60a2-4f98-95dc-5030c3f0445d'::uuid))","Index Cond":"(id = 'e346c681-392e-4bae-84ef-bb29a6d56cb7'::uuid)","Index Name":"migration_metadata_plan_pkey","Index Searches":1,"Local Dirtied Blocks":0,"Local Hit Blocks":0,"Local Read Blocks":0,"Local Written Blocks":0,"Node Type":"Index Scan","Parallel Aware":false,"Parent Relationship":"Outer","Plan Rows":1,"Plan Width":772,"Relation Name":"migration_metadata_plan","Rows Removed by Filter":0,"Rows Removed by Index Recheck":0,"Scan Direction":"Forward","Shared Dirtied Blocks":1,"Shared Hit Blocks":4,"Shared Read Blocks":0,"Shared Written Blocks":0,"Startup Cost":0.15,"Temp Read Blocks":0,"Temp Written Blocks":0,"Total Cost":8.17}],"Shared Dirtied Blocks":1,"Shared Hit Blocks":5,"Shared Read Blocks":0,"Shared Written Blocks":0,"Startup Cost":0.15,"Temp Read Blocks":0,"Temp Written Blocks":0,"Total Cost":8.18},"Planning":{"Local Dirtied Blocks":0,"Local Hit Blocks":0,"Local Read Blocks":0,"Local Written Blocks":0,"Shared Dirtied Blocks":0,"Shared Hit Blocks":0,"Shared Read Blocks":0,"Shared Written Blocks":0,"Temp Read Blocks":0,"Temp Written Blocks":0},"Planning Time":0.029,"Triggers":[]}],"sql":"SELECT * FROM migration_metadata_plan WHERE id=$1 AND import_id=$2 AND organization_id=$3 FOR UPDATE","sql_sha256":"f7a3867a335c1605d8d740dcd1c7769ffa3686f41045cade9fdaaa426de8a641"}
CRM_010F1_METADATA_BOUND {"examined":1.0,"indexed_required":true,"label":"superseded_plan_lock","maximum":1.0,"relation":"migration_metadata_plan"}

thread 'db_metadata_import_plans::metadata_hot_queries_at_d050' (12592249) panicked at crates/crm-api/tests/db_metadata_import_plans.rs:154:24:
assertion `left == right` failed
  left: None
 right: Some(1)
CRM_010F1_METADATA_PLAN {"bindings":["39d8ec29-60a2-4f98-95dc-5030c3f0445d","2d3a557e-fbbb-4ac9-87cf-7dcfd7bda3c5","plan","be76639d-8492-48b4-b776-caf4b5175f19"],"label":"idempotency_receipt_point","plan":[{"Execution Time":0.01,"Plan":{"Actual Loops":1,"Actual Rows":1.0,"Actual Startup Time":0.005,"Actual Total Time":0.005,"Alias":"migration_metadata_receipt","Async Capable":false,"Disabled":false,"Filter":"((organization_id = '39d8ec29-60a2-4f98-95dc-5030c3f0445d'::uuid) AND (actor_user_id = '2d3a557e-fbbb-4ac9-87cf-7dcfd7bda3c5'::uuid) AND (action = 'plan'::text) AND (request_id = 'be76639d-8492-48b4-b776-caf4b5175f19'::uuid))","Local Dirtied Blocks":0,"Local Hit Blocks":0,"Local Read Blocks":0,"Local Written Blocks":0,"Node Type":"Seq Scan","Parallel Aware":false,"Plan Rows":1,"Plan Width":154,"Relation Name":"migration_metadata_receipt","Rows Removed by Filter":1,"Shared Dirtied Blocks":0,"Shared Hit Blocks":1,"Shared Read Blocks":0,"Shared Written Blocks":0,"Startup Cost":0.0,"Temp Read Blocks":0,"Temp Written Blocks":0,"Total Cost":1.04},"Planning":{"Local Dirtied Blocks":0,"Local Hit Blocks":0,"Local Read Blocks":0,"Local Written Blocks":0,"Shared Dirtied Blocks":0,"Shared Hit Blocks":54,"Shared Read Blocks":0,"Shared Written Blocks":0,"Temp Read Blocks":0,"Temp Written Blocks":0},"Planning Time":0.088,"Triggers":[]}],"sql":"SELECT * FROM migration_metadata_receipt WHERE organization_id=$1 AND actor_user_id=$2 AND action=$3 AND request_id=$4","sql_sha256":"43fa2c5783cb88d011865de0ae087cf03f79c718193e5a914b22b486199a88a5"}
CRM_010F1_METADATA_BOUND {"examined":2.0,"indexed_required":false,"label":"idempotency_receipt_point","maximum":3.0,"relation":"migration_metadata_receipt"}

thread 'db_metadata_import_plans::metadata_hot_queries_at_d050' (12592249) panicked at crates/crm-api/tests/db_metadata_import_plans.rs:154:24:
assertion `left == right` failed
  left: None
 right: Some(1)
CRM_010F1_METADATA_PLAN {"bindings":["e44b1420-3f86-4e66-9456-c53831aaf475","39d8ec29-60a2-4f98-95dc-5030c3f0445d"],"label":"snapshot_storage_lock","plan":[{"Execution Time":0.105,"Plan":{"Actual Loops":1,"Actual Rows":1.0,"Actual Startup Time":0.096,"Actual Total Time":0.097,"Async Capable":false,"Disabled":false,"Local Dirtied Blocks":0,"Local Hit Blocks":0,"Local Read Blocks":0,"Local Written Blocks":0,"Node Type":"LockRows","Parallel Aware":false,"Plan Rows":1,"Plan Width":60,"Plans":[{"Actual Loops":1,"Actual Rows":1.0,"Actual Startup Time":0.074,"Actual Total Time":0.074,"Async Capable":false,"Disabled":false,"Inner Unique":false,"Join Type":"Inner","Local Dirtied Blocks":0,"Local Hit Blocks":0,"Local Read Blocks":0,"Local Written Blocks":0,"Node Type":"Nested Loop","Parallel Aware":false,"Parent Relationship":"Outer","Plan Rows":1,"Plan Width":60,"Plans":[{"Actual Loops":1,"Actual Rows":1.0,"Actual Startup Time":0.059,"Actual Total Time":0.059,"Alias":"s","Async Capable":false,"Disabled":false,"Filter":"((organization_id = '39d8ec29-60a2-4f98-95dc-5030c3f0445d'::uuid) AND (id = 'e44b1420-3f86-4e66-9456-c53831aaf475'::uuid))","Local Dirtied Blocks":0,"Local Hit Blocks":0,"Local Read Blocks":0,"Local Written Blocks":0,"Node Type":"Seq Scan","Parallel Aware":false,"Parent Relationship":"Outer","Plan Rows":1,"Plan Width":46,"Relation Name":"migration_snapshot","Rows Removed by Filter":0,"Shared Dirtied Blocks":0,"Shared Hit Blocks":0,"Shared Read Blocks":1,"Shared Written Blocks":0,"Startup Cost":0.0,"Temp Read Blocks":0,"Temp Written Blocks":0,"Total Cost":1.01},{"Actual Loops":1,"Actual Rows":1.0,"Actual Startup Time":0.014,"Actual Total Time":0.014,"Alias":"l","Async Capable":false,"Disabled":false,"Filter":"(organization_id = '39d8ec29-60a2-4f98-95dc-5030c3f0445d'::uuid)","Local Dirtied Blocks":0,"Local Hit Blocks":0,"Local Read Blocks":0,"Local Written Blocks":0,"Node Type":"Seq Scan","Parallel Aware":false,"Parent Relationship":"Inner","Plan Rows":1,"Plan Width":46,"Relation Name":"migration_snapshot_storage","Rows Removed by Filter":0,"Shared Dirtied Blocks":0,"Shared Hit Blocks":0,"Shared Read Blocks":1,"Shared Written Blocks":0,"Startup Cost":0.0,"Temp Read Blocks":0,"Temp Written Blocks":0,"Total Cost":1.01}],"Shared Dirtied Blocks":0,"Shared Hit Blocks":0,"Shared Read Blocks":2,"Shared Written Blocks":0,"Startup Cost":0.0,"Temp Read Blocks":0,"Temp Written Blocks":0,"Total Cost":2.04}],"Shared Dirtied Blocks":3,"Shared Hit Blocks":2,"Shared Read Blocks":3,"Shared Written Blocks":0,"Startup Cost":0.0,"Temp Read Blocks":0,"Temp Written Blocks":0,"Total Cost":2.05},"Planning":{"Local Dirtied Blocks":0,"Local Hit Blocks":0,"Local Read Blocks":0,"Local Written Blocks":0,"Shared Dirtied Blocks":0,"Shared Hit Blocks":99,"Shared Read Blocks":8,"Shared Written Blocks":3,"Temp Read Blocks":0,"Temp Written Blocks":0},"Planning Time":0.241,"Triggers":[]}],"sql":"SELECT s.run_byte_limit,s.retained_bytes,s.reserved_bytes,l.byte_limit,l.retained_bytes AS org_retained,l.reserved_bytes AS org_reserved FROM migration_snapshot s JOIN migration_snapshot_storage l ON l.organization_id=s.organization_id WHERE s.id=$1 AND s.organization_id=$2 FOR UPDATE OF s,l","sql_sha256":"18fc6c9f61565dde7cba67149a76eb0f16362fc1308f8ea2d95b3356de48aef2"}
CRM_010F1_METADATA_BOUND {"examined":1.0,"indexed_required":false,"label":"snapshot_storage_lock","maximum":1.0,"relation":"migration_snapshot"}
CRM_010F1_METADATA_BOUND {"examined":1.0,"indexed_required":false,"label":"snapshot_storage_lock","maximum":1.0,"relation":"migration_snapshot_storage"}
CRM_010F1_METADATA_PLAN {"bindings":["c9745066-f542-439f-8925-1ba41582f95f","39d8ec29-60a2-4f98-95dc-5030c3f0445d"],"label":"completed_parent_eligibility","plan":[{"Execution Time":0.193,"Plan":{"Actual Loops":1,"Actual Rows":1.0,"Actual Startup Time":0.153,"Actual Total Time":0.155,"Async Capable":false,"Disabled":false,"Inner Unique":true,"Join Filter":"(v.id = p.preview_id)","Join Type":"Inner","Local Dirtied Blocks":0,"Local Hit Blocks":0,"Local Read Blocks":0,"Local Written Blocks":0,"Node Type":"Nested Loop","Parallel Aware":false,"Plan Rows":1,"Plan Width":315,"Plans":[{"Actual Loops":1,"Actual Rows":1.0,"Actual Startup Time":0.134,"Actual Total Time":0.136,"Async Capable":false,"Disabled":false,"Inner Unique":true,"Join Filter":"((s.id = p.snapshot_id) AND (s.capture_sequence = p.capture_sequence) AND (s.source_account_id = p.source_account_id))","Join Type":"Inner","Local Dirtied Blocks":0,"Local Hit Blocks":0,"Local Read Blocks":0,"Local Written Blocks":0,"Node Type":"Nested Loop","Parallel Aware":false,"Parent Relationship":"Outer","Plan Rows":1,"Plan Width":339,"Plans":[{"Actual Loops":1,"Actual Rows":1.0,"Actual Startup Time":0.088,"Actual Total Time":0.089,"Async Capable":false,"Disabled":false,"Inner Unique":false,"Join Type":"Inner","Local Dirtied Blocks":0,"Local Hit Blocks":0,"Local Read Blocks":0,"Local Written Blocks":0,"Node Type":"Nested Loop","Parallel Aware":false,"Parent Relationship":"Outer","Plan Rows":1,"Plan Width":315,"Plans":[{"Actual Loops":1,"Actual Rows":1.0,"Actual Startup Time":0.076,"Actual Total Time":0.077,"Async Capable":false,"Disabled":false,"Inner Unique":true,"Join Filter":"(w.plan_id = p.confirmed_plan_id)","Join Type":"Inner","Local Dirtied Blocks":0,"Local Hit Blocks":0,"Local Read Blocks":0,"Local Written Blocks":0,"Node Type":"Nested Loop","Parallel Aware":false,"Parent Relationship":"Outer","Plan Rows":1,"Plan Width":307,"Plans":[{"Actual Loops":1,"Actual Rows":1.0,"Actual Startup Time":0.022,"Actual Total Time":0.023,"Alias":"p","Async Capable":false,"Disabled":false,"Filter":"(state = 'completed'::text)","Index Cond":"((id = 'c9745066-f542-439f-8925-1ba41582f95f'::uuid) AND (organization_id = '39d8ec29-60a2-4f98-95dc-5030c3f0445d'::uuid))","Index Name":"migration_import_id_organization_id_key","Index Searches":1,"Local Dirtied Blocks":0,"Local Hit Blocks":0,"Local Read Blocks":0,"Local Written Blocks":0,"Node Type":"Index Scan","Parallel Aware":false,"Parent Relationship":"Outer","Plan Rows":1,"Plan Width":307,"Relation Name":"migration_import","Rows Removed by Filter":0,"Rows Removed by Index Recheck":0,"Scan Direction":"Forward","Shared Dirtied Blocks":0,"Shared Hit Blocks":0,"Shared Read Blocks":3,"Shared Written Blocks":1,"Startup Cost":0.27,"Temp Read Blocks":0,"Temp Written Blocks":0,"Total Cost":8.29},{"Actual Loops":1,"Actual Rows":1.0,"Actual Startup Time":0.052,"Actual Total Time":0.052,"Alias":"w","Async Capable":false,"Disabled":false,"Filter":"(import_id = 'c9745066-f542-439f-8925-1ba41582f95f'::uuid)","Index Cond":"(organization_id = '39d8ec29-60a2-4f98-95dc-5030c3f0445d'::uuid)","Index Name":"migration_workspace_pkey","Index Searches":1,"Local Dirtied Blocks":0,"Local Hit Blocks":0,"Local Read Blocks":0,"Local Written Blocks":0,"Node Type":"Index Scan","Parallel Aware":false,"Parent Relationship":"Inner","Plan Rows":1,"Plan Width":48,"Relation Name":"migration_workspace","Rows Removed by Filter":0,"Rows Removed by Index Recheck":0,"Scan Direction":"Forward","Shared Dirtied Blocks":0,"Shared Hit Blocks":0,"Shared Read Blocks":2,"Shared Written Blocks":1,"Startup Cost":0.15,"Temp Read Blocks":0,"Temp Written Blocks":0,"Total Cost":8.17}],"Rows Removed by Join Filter":0,"Shared Dirtied Blocks":0,"Shared Hit Blocks":0,"Shared Read Blocks":5,"Shared Written Blocks":2,"Startup Cost":0.42,"Temp Read Blocks":0,"Temp Written Blocks":0,"Total Cost":16.48},{"Actual Loops":1,"Actual Rows":1.0,"Actual Startup Time":0.011,"Actual Total Time":0.011,"Alias":"o","Async Capable":false,"Disabled":false,"Filter":"(workspace_mode = 'migration_review'::text)","Index Cond":"(id = '39d8ec29-60a2-4f98-95dc-5030c3f0445d'::uuid)","Index Name":"organization_pkey","Index Searches":1,"Local Dirtied Blocks":0,"Local Hit Blocks":0,"Local Read Blocks":0,"Local Written Blocks":0,"Node Type":"Index Scan","Parallel Aware":false,"Parent Relationship":"Inner","Plan Rows":1,"Plan Width":24,"Relation Name":"organization","Rows Removed by Filter":0,"Rows Removed by Index Recheck":0,"Scan Direction":"Forward","Shared Dirtied Blocks":0,"Shared Hit Blocks":0,"Shared Read Blocks":2,"Shared Written Blocks":0,"Startup Cost":0.15,"Temp Read Blocks":0,"Temp Written Blocks":0,"Total Cost":8.17}],"Shared Dirtied Blocks":0,"Shared Hit Blocks":0,"Shared Read Blocks":7,"Shared Written Blocks":2,"Startup Cost":0.57,"Temp Read Blocks":0,"Temp Written Blocks":0,"Total Cost":24.65},{"Actual Loops":1,"Actual Rows":1.0,"Actual Startup Time":0.045,"Actual Total Time":0.046,"Alias":"s","Async Capable":false,"Disabled":false,"Filter":"((state = ANY ('{completed,completed_with_gaps}'::text[])) AND (organization_id = '39d8ec29-60a2-4f98-95dc-5030c3f0445d'::uuid) AND (profile_version = 'fub-core-v1'::text) AND ((SubPlan 1) = 4))","Local Dirtied Blocks":0,"Local Hit Blocks":0,"Local Read Blocks":0,"Local Written Blocks":0,"Node Type":"Seq Scan","Parallel Aware":false,"Parent Relationship":"Inner","Plan Rows":1,"Plan Width":48,"Plans":[{"Actual Loops":1,"Actual Rows":1.0,"Actual Startup Time":0.038,"Actual Total Time":0.038,"Async Capable":false,"Disabled":false,"Local Dirtied Blocks":0,"Local Hit Blocks":0,"Local Read Blocks":0,"Local Written Blocks":0,"Node Type":"Aggregate","Parallel Aware":false,"Parent Relationship":"SubPlan","Partial Mode":"Simple","Plan Rows":1,"Plan Width":8,"Plans":[{"Actual Loops":1,"Actual Rows":4.0,"Actual Startup Time":0.034,"Actual Total Time":0.035,"Alias":"t","Async Capable":false,"Disabled":false,"Filter":"(state = 'completed'::text)","Index Cond":"((snapshot_id = s.id) AND (organization_id = s.organization_id) AND (stream = ANY ('{people,users,stages,custom_fields}'::text[])))","Index Name":"migration_snapshot_stream_pkey","Index Searches":1,"Local Dirtied Blocks":0,"Local Hit Blocks":0,"Local Read Blocks":0,"Local Written Blocks":0,"Node Type":"Index Scan","Parallel Aware":false,"Parent Relationship":"Outer","Plan Rows":1,"Plan Width":0,"Relation Name":"migration_snapshot_stream","Rows Removed by Filter":0,"Rows Removed by Index Recheck":0,"Scan Direction":"Forward","Shared Dirtied Blocks":0,"Shared Hit Blocks":0,"Shared Read Blocks":2,"Shared Written Blocks":1,"Startup Cost":0.14,"Temp Read Blocks":0,"Temp Written Blocks":0,"Total Cost":8.17}],"Shared Dirtied Blocks":0,"Shared Hit Blocks":0,"Shared Read Blocks":2,"Shared Written Blocks":1,"Startup Cost":8.17,"Strategy":"Plain","Subplan Name":"SubPlan 1","Temp Read Blocks":0,"Temp Written Blocks":0,"Total Cost":8.18}],"Relation Name":"migration_snapshot","Rows Removed by Filter":0,"Shared Dirtied Blocks":0,"Shared Hit Blocks":1,"Shared Read Blocks":2,"Shared Written Blocks":1,"Startup Cost":0.0,"Temp Read Blocks":0,"Temp Written Blocks":0,"Total Cost":9.2}],"Rows Removed by Join Filter":0,"Shared Dirtied Blocks":0,"Shared Hit Blocks":1,"Shared Read Blocks":9,"Shared Written Blocks":3,"Startup Cost":0.57,"Temp Read Blocks":0,"Temp Written Blocks":0,"Total Cost":33.87},{"Actual Loops":1,"Actual Rows":1.0,"Actual Startup Time":0.018,"Actual Total Time":0.018,"Alias":"v","Async Capable":false,"Disabled":false,"Filter":"((state = 'completed'::text) AND (s.capture_sequence = capture_sequence))","Index Cond":"((snapshot_id = s.id) AND (organization_id = '39d8ec29-60a2-4f98-95dc-5030c3f0445d'::uuid))","Index Name":"migration_snapshot_preview_latest","Index Searches":1,"Local Dirtied Blocks":0,"Local Hit Blocks":0,"Local Read Blocks":0,"Local Written Blocks":0,"Node Type":"Index Scan","Parallel Aware":false,"Parent Relationship":"Inner","Plan Rows":1,"Plan Width":56,"Relation Name":"migration_snapshot_preview","Rows Removed by Filter":0,"Rows Removed by Index Recheck":0,"Scan Direction":"Forward","Shared Dirtied Blocks":0,"Shared Hit Blocks":0,"Shared Read Blocks":2,"Shared Written Blocks":1,"Startup Cost":0.14,"Temp Read Blocks":0,"Temp Written Blocks":0,"Total Cost":8.17}],"Rows Removed by Join Filter":0,"Shared Dirtied Blocks":0,"Shared Hit Blocks":1,"Shared Read Blocks":11,"Shared Written Blocks":4,"Startup Cost":0.71,"Temp Read Blocks":0,"Temp Written Blocks":0,"Total Cost":42.06},"Planning":{"Local Dirtied Blocks":0,"Local Hit Blocks":0,"Local Read Blocks":0,"Local Written Blocks":0,"Shared Dirtied Blocks":0,"Shared Hit Blocks":150,"Shared Read Blocks":6,"Shared Written Blocks":2,"Temp Read Blocks":0,"Temp Written Blocks":0},"Planning Time":0.855,"Triggers":[]}],"sql":"SELECT p.*,o.workspace_revision AS current_workspace_revision FROM migration_import p JOIN migration_workspace w ON w.organization_id=p.organization_id AND w.import_id=p.id AND w.plan_id=p.confirmed_plan_id JOIN organization o ON o.id=p.organization_id JOIN migration_snapshot s ON s.id=p.snapshot_id AND s.organization_id=p.organization_id JOIN migration_snapshot_preview v ON v.id=p.preview_id AND v.snapshot_id=s.id AND v.organization_id=p.organization_id WHERE p.id=$1 AND p.organization_id=$2 AND p.state='completed' AND o.workspace_mode='migration_review' AND s.profile_version='fub-core-v1' AND s.state IN ('completed','completed_with_gaps') AND s.capture_sequence=p.capture_sequence AND s.source_account_id=p.source_account_id AND v.state='completed' AND v.capture_sequence=p.capture_sequence AND (SELECT count(*) FROM migration_snapshot_stream t WHERE t.snapshot_id=s.id AND t.organization_id=s.organization_id AND t.stream IN ('people','users','stages','custom_fields') AND t.state='completed')=4","sql_sha256":"c72063d270a00f65ead660a67fcc5f9d75290152e6c564e8d8985550560a0b19"}
CRM_010F1_METADATA_BOUND {"examined":1.0,"indexed_required":true,"label":"completed_parent_eligibility","maximum":1.0,"relation":"migration_import"}

thread 'db_metadata_import_plans::metadata_hot_queries_at_d050' (12592249) panicked at crates/crm-api/tests/db_metadata_import_plans.rs:154:24:
assertion `left == right` failed
  left: None
 right: Some(1)
CRM_010F1_METADATA_PLAN {"bindings":["39d8ec29-60a2-4f98-95dc-5030c3f0445d","00000000-0000-0000-0000-000000000000",null,51],"label":"child_history_first","plan":[{"Execution Time":0.077,"Plan":{"Actual Loops":1,"Actual Rows":51.0,"Actual Startup Time":0.009,"Actual Total Time":0.05,"Async Capable":false,"Disabled":false,"Local Dirtied Blocks":0,"Local Hit Blocks":0,"Local Read Blocks":0,"Local Written Blocks":0,"Node Type":"Limit","Parallel Aware":false,"Plan Rows":51,"Plan Width":16,"Plans":[{"Actual Loops":1,"Actual Rows":51.0,"Actual Startup Time":0.008,"Actual Total Time":0.042,"Alias":"migration_metadata_import","Async Capable":false,"Disabled":false,"Heap Fetches":97,"Index Cond":"((organization_id = '39d8ec29-60a2-4f98-95dc-5030c3f0445d'::uuid) AND (id > '00000000-0000-0000-0000-000000000000'::uuid))","Index Name":"migration_metadata_import_page","Index Searches":1,"Local Dirtied Blocks":0,"Local Hit Blocks":0,"Local Read Blocks":0,"Local Written Blocks":0,"Node Type":"Index Only Scan","Parallel Aware":false,"Parent Relationship":"Outer","Plan Rows":257,"Plan Width":16,"Relation Name":"migration_metadata_import","Rows Removed by Index Recheck":0,"Scan Direction":"Forward","Shared Dirtied Blocks":0,"Shared Hit Blocks":98,"Shared Read Blocks":0,"Shared Written Blocks":0,"Startup Cost":0.27,"Temp Read Blocks":0,"Temp Written Blocks":0,"Total Cost":68.72}],"Shared Dirtied Blocks":0,"Shared Hit Blocks":98,"Shared Read Blocks":0,"Shared Written Blocks":0,"Startup Cost":0.27,"Temp Read Blocks":0,"Temp Written Blocks":0,"Total Cost":13.86},"Planning":{"Local Dirtied Blocks":0,"Local Hit Blocks":0,"Local Read Blocks":0,"Local Written Blocks":0,"Shared Dirtied Blocks":0,"Shared Hit Blocks":1,"Shared Read Blocks":2,"Shared Written Blocks":0,"Temp Read Blocks":0,"Temp Written Blocks":0},"Planning Time":0.112,"Triggers":[]}],"sql":"SELECT id FROM migration_metadata_import WHERE organization_id=$1 AND id>$2 AND ($3::uuid IS NULL OR parent_import_id=$3) ORDER BY id LIMIT $4","sql_sha256":"a328298c60a051cfdd2a3ea57f9275b4448481b4a0297ecfafe093fbe7d1c364"}
CRM_010F1_METADATA_BOUND {"examined":51.0,"indexed_required":false,"label":"child_history_first","maximum":257.0,"relation":"migration_metadata_import"}

thread 'db_metadata_import_plans::metadata_hot_queries_at_d050' (12592249) panicked at crates/crm-api/tests/db_metadata_import_plans.rs:154:24:
assertion `left == right` failed
  left: None
 right: Some(51)
CRM_010F1_METADATA_PLAN {"bindings":["39d8ec29-60a2-4f98-95dc-5030c3f0445d","00000000-0000-0000-0000-000000000000","c9745066-f542-439f-8925-1ba41582f95f",51],"label":"child_history_parent","plan":[{"Execution Time":0.044,"Plan":{"Actual Loops":1,"Actual Rows":1.0,"Actual Startup Time":0.038,"Actual Total Time":0.039,"Async Capable":false,"Disabled":false,"Local Dirtied Blocks":0,"Local Hit Blocks":0,"Local Read Blocks":0,"Local Written Blocks":0,"Node Type":"Limit","Parallel Aware":false,"Plan Rows":1,"Plan Width":16,"Plans":[{"Actual Loops":1,"Actual Rows":1.0,"Actual Startup Time":0.038,"Actual Total Time":0.038,"Async Capable":false,"Disabled":false,"Local Dirtied Blocks":0,"Local Hit Blocks":0,"Local Read Blocks":0,"Local Written Blocks":0,"Node Type":"Sort","Parallel Aware":false,"Parent Relationship":"Outer","Plan Rows":1,"Plan Width":16,"Plans":[{"Actual Loops":1,"Actual Rows":1.0,"Actual Startup Time":0.027,"Actual Total Time":0.035,"Alias":"migration_metadata_import","Async Capable":false,"Disabled":false,"Filter":"(id > '00000000-0000-0000-0000-000000000000'::uuid)","Index Cond":"((parent_import_id = 'c9745066-f542-439f-8925-1ba41582f95f'::uuid) AND (organization_id = '39d8ec29-60a2-4f98-95dc-5030c3f0445d'::uuid))","Index Name":"migration_metadata_import_parent_import_id_organization_id_key","Index Searches":1,"Local Dirtied Blocks":0,"Local Hit Blocks":0,"Local Read Blocks":0,"Local Written Blocks":0,"Node Type":"Index Scan","Parallel Aware":false,"Parent Relationship":"Outer","Plan Rows":1,"Plan Width":16,"Relation Name":"migration_metadata_import","Rows Removed by Filter":0,"Rows Removed by Index Recheck":0,"Scan Direction":"Forward","Shared Dirtied Blocks":1,"Shared Hit Blocks":2,"Shared Read Blocks":2,"Shared Written Blocks":1,"Startup Cost":0.27,"Temp Read Blocks":0,"Temp Written Blocks":0,"Total Cost":8.29}],"Shared Dirtied Blocks":1,"Shared Hit Blocks":2,"Shared Read Blocks":2,"Shared Written Blocks":1,"Sort Key":["id"],"Sort Method":"quicksort","Sort Space Type":"Memory","Sort Space Used":25,"Startup Cost":8.3,"Temp Read Blocks":0,"Temp Written Blocks":0,"Total Cost":8.31}],"Shared Dirtied Blocks":1,"Shared Hit Blocks":2,"Shared Read Blocks":2,"Shared Written Blocks":1,"Startup Cost":8.3,"Temp Read Blocks":0,"Temp Written Blocks":0,"Total Cost":8.31},"Planning":{"Local Dirtied Blocks":0,"Local Hit Blocks":0,"Local Read Blocks":0,"Local Written Blocks":0,"Shared Dirtied Blocks":0,"Shared Hit Blocks":3,"Shared Read Blocks":0,"Shared Written Blocks":0,"Temp Read Blocks":0,"Temp Written Blocks":0},"Planning Time":0.042,"Triggers":[]}],"sql":"SELECT id FROM migration_metadata_import WHERE organization_id=$1 AND id>$2 AND ($3::uuid IS NULL OR parent_import_id=$3) ORDER BY id LIMIT $4","sql_sha256":"a328298c60a051cfdd2a3ea57f9275b4448481b4a0297ecfafe093fbe7d1c364"}
CRM_010F1_METADATA_BOUND {"examined":1.0,"indexed_required":false,"label":"child_history_parent","maximum":257.0,"relation":"migration_metadata_import"}

thread 'db_metadata_import_plans::metadata_hot_queries_at_d050' (12592249) panicked at crates/crm-api/tests/db_metadata_import_plans.rs:154:24:
assertion `left == right` failed
  left: None
 right: Some(1)
CRM_010F1_METADATA_PLAN {"bindings":["39d8ec29-60a2-4f98-95dc-5030c3f0445d","00000000-0000-0000-0000-000000000000","00000000-0000-0000-0000-000000000000",51],"label":"child_history_absent_parent","plan":[{"Execution Time":0.012,"Plan":{"Actual Loops":1,"Actual Rows":0.0,"Actual Startup Time":0.008,"Actual Total Time":0.008,"Async Capable":false,"Disabled":false,"Local Dirtied Blocks":0,"Local Hit Blocks":0,"Local Read Blocks":0,"Local Written Blocks":0,"Node Type":"Limit","Parallel Aware":false,"Plan Rows":1,"Plan Width":16,"Plans":[{"Actual Loops":1,"Actual Rows":0.0,"Actual Startup Time":0.008,"Actual Total Time":0.008,"Async Capable":false,"Disabled":false,"Local Dirtied Blocks":0,"Local Hit Blocks":0,"Local Read Blocks":0,"Local Written Blocks":0,"Node Type":"Sort","Parallel Aware":false,"Parent Relationship":"Outer","Plan Rows":1,"Plan Width":16,"Plans":[{"Actual Loops":1,"Actual Rows":0.0,"Actual Startup Time":0.007,"Actual Total Time":0.007,"Alias":"migration_metadata_import","Async Capable":false,"Disabled":false,"Filter":"(id > '00000000-0000-0000-0000-000000000000'::uuid)","Index Cond":"((parent_import_id = '00000000-0000-0000-0000-000000000000'::uuid) AND (organization_id = '39d8ec29-60a2-4f98-95dc-5030c3f0445d'::uuid))","Index Name":"migration_metadata_import_parent_import_id_organization_id_key","Index Searches":1,"Local Dirtied Blocks":0,"Local Hit Blocks":0,"Local Read Blocks":0,"Local Written Blocks":0,"Node Type":"Index Scan","Parallel Aware":false,"Parent Relationship":"Outer","Plan Rows":1,"Plan Width":16,"Relation Name":"migration_metadata_import","Rows Removed by Filter":0,"Rows Removed by Index Recheck":0,"Scan Direction":"Forward","Shared Dirtied Blocks":0,"Shared Hit Blocks":1,"Shared Read Blocks":1,"Shared Written Blocks":0,"Startup Cost":0.27,"Temp Read Blocks":0,"Temp Written Blocks":0,"Total Cost":8.29}],"Shared Dirtied Blocks":0,"Shared Hit Blocks":1,"Shared Read Blocks":1,"Shared Written Blocks":0,"Sort Key":["id"],"Sort Method":"quicksort","Sort Space Type":"Memory","Sort Space Used":25,"Startup Cost":8.3,"Temp Read Blocks":0,"Temp Written Blocks":0,"Total Cost":8.31}],"Shared Dirtied Blocks":0,"Shared Hit Blocks":1,"Shared Read Blocks":1,"Shared Written Blocks":0,"Startup Cost":8.3,"Temp Read Blocks":0,"Temp Written Blocks":0,"Total Cost":8.31},"Planning":{"Local Dirtied Blocks":0,"Local Hit Blocks":0,"Local Read Blocks":0,"Local Written Blocks":0,"Shared Dirtied Blocks":0,"Shared Hit Blocks":3,"Shared Read Blocks":0,"Shared Written Blocks":0,"Temp Read Blocks":0,"Temp Written Blocks":0},"Planning Time":0.035,"Triggers":[]}],"sql":"SELECT id FROM migration_metadata_import WHERE organization_id=$1 AND id>$2 AND ($3::uuid IS NULL OR parent_import_id=$3) ORDER BY id LIMIT $4","sql_sha256":"a328298c60a051cfdd2a3ea57f9275b4448481b4a0297ecfafe093fbe7d1c364"}
CRM_010F1_METADATA_BOUND {"examined":0.0,"indexed_required":false,"label":"child_history_absent_parent","maximum":257.0,"relation":"migration_metadata_import"}

thread 'db_metadata_import_plans::metadata_hot_queries_at_d050' (12592249) panicked at crates/crm-api/tests/db_metadata_import_plans.rs:154:24:
assertion `left == right` failed
  left: None
 right: Some(0)
CRM_010F1_METADATA_PLAN {"bindings":["39d8ec29-60a2-4f98-95dc-5030c3f0445d","c6ff2bdd-c856-4ce4-8f67-bb352dde19cd",null,51],"label":"child_history_deep","plan":[{"Execution Time":0.04,"Plan":{"Actual Loops":1,"Actual Rows":51.0,"Actual Startup Time":0.03,"Actual Total Time":0.035,"Async Capable":false,"Disabled":false,"Local Dirtied Blocks":0,"Local Hit Blocks":0,"Local Read Blocks":0,"Local Written Blocks":0,"Node Type":"Limit","Parallel Aware":false,"Plan Rows":51,"Plan Width":16,"Plans":[{"Actual Loops":1,"Actual Rows":51.0,"Actual Startup Time":0.03,"Actual Total Time":0.032,"Async Capable":false,"Disabled":false,"Local Dirtied Blocks":0,"Local Hit Blocks":0,"Local Read Blocks":0,"Local Written Blocks":0,"Node Type":"Sort","Parallel Aware":false,"Parent Relationship":"Outer","Plan Rows":55,"Plan Width":16,"Plans":[{"Actual Loops":1,"Actual Rows":56.0,"Actual Startup Time":0.006,"Actual Total Time":0.023,"Alias":"migration_metadata_import","Async Capable":false,"Disabled":false,"Filter":"((id > 'c6ff2bdd-c856-4ce4-8f67-bb352dde19cd'::uuid) AND (organization_id = '39d8ec29-60a2-4f98-95dc-5030c3f0445d'::uuid))","Local Dirtied Blocks":0,"Local Hit Blocks":0,"Local Read Blocks":0,"Local Written Blocks":0,"Node Type":"Seq Scan","Parallel Aware":false,"Parent Relationship":"Outer","Plan Rows":55,"Plan Width":16,"Relation Name":"migration_metadata_import","Rows Removed by Filter":201,"Shared Dirtied Blocks":0,"Shared Hit Blocks":18,"Shared Read Blocks":0,"Shared Written Blocks":0,"Startup Cost":0.0,"Temp Read Blocks":0,"Temp Written Blocks":0,"Total Cost":21.86}],"Shared Dirtied Blocks":0,"Shared Hit Blocks":18,"Shared Read Blocks":0,"Shared Written Blocks":0,"Sort Key":["id"],"Sort Method":"quicksort","Sort Space Type":"Memory","Sort Space Used":25,"Startup Cost":23.44,"Temp Read Blocks":0,"Temp Written Blocks":0,"Total Cost":23.58}],"Shared Dirtied Blocks":0,"Shared Hit Blocks":18,"Shared Read Blocks":0,"Shared Written Blocks":0,"Startup Cost":23.44,"Temp Read Blocks":0,"Temp Written Blocks":0,"Total Cost":23.57},"Planning":{"Local Dirtied Blocks":0,"Local Hit Blocks":0,"Local Read Blocks":0,"Local Written Blocks":0,"Shared Dirtied Blocks":0,"Shared Hit Blocks":0,"Shared Read Blocks":0,"Shared Written Blocks":0,"Temp Read Blocks":0,"Temp Written Blocks":0},"Planning Time":0.036,"Triggers":[]}],"sql":"SELECT id FROM migration_metadata_import WHERE organization_id=$1 AND id>$2 AND ($3::uuid IS NULL OR parent_import_id=$3) ORDER BY id LIMIT $4","sql_sha256":"a328298c60a051cfdd2a3ea57f9275b4448481b4a0297ecfafe093fbe7d1c364"}
CRM_010F1_METADATA_BOUND {"examined":257.0,"indexed_required":false,"label":"child_history_deep","maximum":257.0,"relation":"migration_metadata_import"}

thread 'db_metadata_import_plans::metadata_hot_queries_at_d050' (12592249) panicked at crates/crm-api/tests/db_metadata_import_plans.rs:154:24:
assertion `left == right` failed
  left: None
 right: Some(51)
CRM_010F1_METADATA_PLAN {"bindings":["2dd510d2-581f-4a28-a478-04c4c39ee326","39d8ec29-60a2-4f98-95dc-5030c3f0445d","",[]],"label":"choice_copy_first","plan":[{"Execution Time":0.048,"Plan":{"Actual Loops":1,"Actual Rows":50.0,"Actual Startup Time":0.017,"Actual Total Time":0.033,"Async Capable":false,"Disabled":false,"Local Dirtied Blocks":0,"Local Hit Blocks":0,"Local Read Blocks":0,"Local Written Blocks":0,"Node Type":"Limit","Parallel Aware":false,"Plan Rows":50,"Plan Width":123,"Plans":[{"Actual Loops":1,"Actual Rows":50.0,"Actual Startup Time":0.017,"Actual Total Time":0.03,"Alias":"migration_metadata_choice","Async Capable":false,"Disabled":false,"Index Cond":"((plan_id = '2dd510d2-581f-4a28-a478-04c4c39ee326'::uuid) AND (organization_id = '39d8ec29-60a2-4f98-95dc-5030c3f0445d'::uuid) AND (ROW(kind, source_key) > ROW(''::text, '\\x'::bytea)))","Index Name":"migration_metadata_choice_plan_id_organization_id_kind_sour_key","Index Searches":1,"Local Dirtied Blocks":0,"Local Hit Blocks":0,"Local Read Blocks":0,"Local Written Blocks":0,"Node Type":"Index Scan","Parallel Aware":false,"Parent Relationship":"Outer","Plan Rows":72,"Plan Width":123,"Relation Name":"migration_metadata_choice","Rows Removed by Index Recheck":0,"Scan Direction":"Forward","Shared Dirtied Blocks":0,"Shared Hit Blocks":22,"Shared Read Blocks":0,"Shared Written Blocks":0,"Startup Cost":0.41,"Temp Read Blocks":0,"Temp Written Blocks":0,"Total Cost":275.74}],"Shared Dirtied Blocks":0,"Shared Hit Blocks":22,"Shared Read Blocks":0,"Shared Written Blocks":0,"Startup Cost":0.41,"Temp Read Blocks":0,"Temp Written Blocks":0,"Total Cost":191.62},"Planning":{"Local Dirtied Blocks":0,"Local Hit Blocks":0,"Local Read Blocks":0,"Local Written Blocks":0,"Shared Dirtied Blocks":0,"Shared Hit Blocks":41,"Shared Read Blocks":1,"Shared Written Blocks":0,"Temp Read Blocks":0,"Temp Written Blocks":0},"Planning Time":0.115,"Triggers":[]}],"sql":"SELECT id,kind,source_key,nonce,ciphertext FROM migration_metadata_choice WHERE plan_id=$1 AND organization_id=$2 AND (kind,source_key)>($3,$4) ORDER BY kind,source_key LIMIT 50","sql_sha256":"03baca3c4b5c44bc77345dc962bf3df62c61a6e1060245ddbd686857ffe18a97"}
CRM_010F1_METADATA_BOUND {"examined":50.0,"indexed_required":true,"label":"choice_copy_first","maximum":72.0,"relation":"migration_metadata_choice"}

thread 'db_metadata_import_plans::metadata_hot_queries_at_d050' (12592249) panicked at crates/crm-api/tests/db_metadata_import_plans.rs:154:24:
assertion `left == right` failed
  left: None
 right: Some(50)
CRM_010F1_METADATA_PLAN {"bindings":["2dd510d2-581f-4a28-a478-04c4c39ee326","39d8ec29-60a2-4f98-95dc-5030c3f0445d","option",[54,61,88,163,107,4,62,194,117,214,24,2,70,79,233,217,54,61,88,163,107,4,62,194,117,214,24,2,70,79,233,217]],"label":"choice_copy_deep","plan":[{"Execution Time":0.053,"Plan":{"Actual Loops":1,"Actual Rows":50.0,"Actual Startup Time":0.04,"Actual Total Time":0.044,"Async Capable":false,"Disabled":false,"Local Dirtied Blocks":0,"Local Hit Blocks":0,"Local Read Blocks":0,"Local Written Blocks":0,"Node Type":"Limit","Parallel Aware":false,"Plan Rows":11,"Plan Width":123,"Plans":[{"Actual Loops":1,"Actual Rows":50.0,"Actual Startup Time":0.04,"Actual Total Time":0.041,"Async Capable":false,"Disabled":false,"Local Dirtied Blocks":0,"Local Hit Blocks":0,"Local Read Blocks":0,"Local Written Blocks":0,"Node Type":"Sort","Parallel Aware":false,"Parent Relationship":"Outer","Plan Rows":11,"Plan Width":123,"Plans":[{"Actual Loops":1,"Actual Rows":50.0,"Actual Startup Time":0.015,"Actual Total Time":0.019,"Alias":"migration_metadata_choice","Async Capable":false,"Disabled":false,"Exact Heap Blocks":2,"Local Dirtied Blocks":0,"Local Hit Blocks":0,"Local Read Blocks":0,"Local Written Blocks":0,"Lossy Heap Blocks":0,"Node Type":"Bitmap Heap Scan","Parallel Aware":false,"Parent Relationship":"Outer","Plan Rows":11,"Plan Width":123,"Plans":[{"Actual Loops":1,"Actual Rows":50.0,"Actual Startup Time":0.009,"Actual Total Time":0.009,"Async Capable":false,"Disabled":false,"Index Cond":"((plan_id = '2dd510d2-581f-4a28-a478-04c4c39ee326'::uuid) AND (organization_id = '39d8ec29-60a2-4f98-95dc-5030c3f0445d'::uuid) AND (ROW(kind, source_key) > ROW('option'::text, '\\x363d58a36b043ec275d61802464fe9d9363d58a36b043ec275d61802464fe9d9'::bytea)))","Index Name":"migration_metadata_choice_plan_id_organization_id_kind_sour_key","Index Searches":1,"Local Dirtied Blocks":0,"Local Hit Blocks":0,"Local Read Blocks":0,"Local Written Blocks":0,"Node Type":"Bitmap Index Scan","Parallel Aware":false,"Parent Relationship":"Outer","Plan Rows":11,"Plan Width":0,"Shared Dirtied Blocks":0,"Shared Hit Blocks":4,"Shared Read Blocks":0,"Shared Written Blocks":0,"Startup Cost":0.0,"Temp Read Blocks":0,"Temp Written Blocks":0,"Total Cost":4.55}],"Recheck Cond":"((plan_id = '2dd510d2-581f-4a28-a478-04c4c39ee326'::uuid) AND (organization_id = '39d8ec29-60a2-4f98-95dc-5030c3f0445d'::uuid) AND (ROW(kind, source_key) > ROW('option'::text, '\\x363d58a36b043ec275d61802464fe9d9363d58a36b043ec275d61802464fe9d9'::bytea)))","Relation Name":"migration_metadata_choice","Rows Removed by Index Recheck":0,"Shared Dirtied Blocks":0,"Shared Hit Blocks":6,"Shared Read Blocks":0,"Shared Written Blocks":0,"Startup Cost":4.55,"Temp Read Blocks":0,"Temp Written Blocks":0,"Total Cost":43.69}],"Shared Dirtied Blocks":0,"Shared Hit Blocks":6,"Shared Read Blocks":0,"Shared Written Blocks":0,"Sort Key":["kind","source_key"],"Sort Method":"quicksort","Sort Space Type":"Memory","Sort Space Used":37,"Startup Cost":43.88,"Temp Read Blocks":0,"Temp Written Blocks":0,"Total Cost":43.9}],"Shared Dirtied Blocks":0,"Shared Hit Blocks":6,"Shared Read Blocks":0,"Shared Written Blocks":0,"Startup Cost":43.88,"Temp Read Blocks":0,"Temp Written Blocks":0,"Total Cost":43.9},"Planning":{"Local Dirtied Blocks":0,"Local Hit Blocks":0,"Local Read Blocks":0,"Local Written Blocks":0,"Shared Dirtied Blocks":0,"Shared Hit Blocks":0,"Shared Read Blocks":0,"Shared Written Blocks":0,"Temp Read Blocks":0,"Temp Written Blocks":0},"Planning Time":0.041,"Triggers":[]}],"sql":"SELECT id,kind,source_key,nonce,ciphertext FROM migration_metadata_choice WHERE plan_id=$1 AND organization_id=$2 AND (kind,source_key)>($3,$4) ORDER BY kind,source_key LIMIT 50","sql_sha256":"03baca3c4b5c44bc77345dc962bf3df62c61a6e1060245ddbd686857ffe18a97"}
CRM_010F1_METADATA_BOUND {"examined":50.0,"indexed_required":true,"label":"choice_copy_deep","maximum":72.0,"relation":"migration_metadata_choice"}
CRM_010F1_METADATA_PLAN {"bindings":["2dd510d2-581f-4a28-a478-04c4c39ee326","39d8ec29-60a2-4f98-95dc-5030c3f0445d","tag",[39,221,153,13,76,49,105,78,235,145,86,22,173,64,44,26,39,221,153,13,76,49,105,78,235,145,86,22,173,64,44,26]],"label":"choice_point","plan":[{"Execution Time":0.009,"Plan":{"Actual Loops":1,"Actual Rows":1.0,"Actual Startup Time":0.005,"Actual Total Time":0.005,"Alias":"migration_metadata_choice","Async Capable":false,"Disabled":false,"Index Cond":"((plan_id = '2dd510d2-581f-4a28-a478-04c4c39ee326'::uuid) AND (organization_id = '39d8ec29-60a2-4f98-95dc-5030c3f0445d'::uuid) AND (kind = 'tag'::text) AND (source_key = '\\x27dd990d4c31694eeb915616ad402c1a27dd990d4c31694eeb915616ad402c1a'::bytea))","Index Name":"migration_metadata_choice_plan_id_organization_id_kind_sour_key","Index Searches":1,"Local Dirtied Blocks":0,"Local Hit Blocks":0,"Local Read Blocks":0,"Local Written Blocks":0,"Node Type":"Index Scan","Parallel Aware":false,"Plan Rows":1,"Plan Width":84,"Relation Name":"migration_metadata_choice","Rows Removed by Index Recheck":0,"Scan Direction":"Forward","Shared Dirtied Blocks":0,"Shared Hit Blocks":4,"Shared Read Blocks":0,"Shared Written Blocks":0,"Startup Cost":0.41,"Temp Read Blocks":0,"Temp Written Blocks":0,"Total Cost":8.44},"Planning":{"Local Dirtied Blocks":0,"Local Hit Blocks":0,"Local Read Blocks":0,"Local Written Blocks":0,"Shared Dirtied Blocks":0,"Shared Hit Blocks":0,"Shared Read Blocks":0,"Shared Written Blocks":0,"Temp Read Blocks":0,"Temp Written Blocks":0},"Planning Time":0.026,"Triggers":[]}],"sql":"SELECT id,nonce,ciphertext FROM migration_metadata_choice WHERE plan_id=$1 AND organization_id=$2 AND kind=$3 AND source_key=$4","sql_sha256":"ff1d53f22ac612c857d96252a70d6d254aa2ce836a936ea6cccb5c42c7c5b3e8"}
CRM_010F1_METADATA_BOUND {"examined":1.0,"indexed_required":true,"label":"choice_point","maximum":1.0,"relation":"migration_metadata_choice"}

thread 'db_metadata_import_plans::metadata_hot_queries_at_d050' (12592249) panicked at crates/crm-api/tests/db_metadata_import_plans.rs:154:24:
assertion `left == right` failed
  left: None
 right: Some(1)
CRM_010F1_METADATA_PLAN {"bindings":["e44b1420-3f86-4e66-9456-c53831aaf475","39d8ec29-60a2-4f98-95dc-5030c3f0445d",1239,1251],"label":"capture_checkpoint_deep","plan":[{"Execution Time":0.034,"Plan":{"Actual Loops":1,"Actual Rows":1.0,"Actual Startup Time":0.028,"Actual Total Time":0.028,"Async Capable":false,"Disabled":false,"Local Dirtied Blocks":0,"Local Hit Blocks":0,"Local Read Blocks":0,"Local Written Blocks":0,"Node Type":"Limit","Parallel Aware":false,"Plan Rows":1,"Plan Width":24,"Plans":[{"Actual Loops":1,"Actual Rows":1.0,"Actual Startup Time":0.027,"Actual Total Time":0.027,"Alias":"migration_snapshot_capture","Async Capable":false,"Disabled":false,"Filter":"(stream = ANY ('{people,custom_fields}'::text[]))","Index Cond":"((snapshot_id = 'e44b1420-3f86-4e66-9456-c53831aaf475'::uuid) AND (organization_id = '39d8ec29-60a2-4f98-95dc-5030c3f0445d'::uuid) AND (sequence > '1239'::bigint) AND (sequence <= '1251'::bigint))","Index Name":"migration_snapshot_capture_snapshot_id_organization_id_sequ_key","Index Searches":1,"Local Dirtied Blocks":0,"Local Hit Blocks":0,"Local Read Blocks":0,"Local Written Blocks":0,"Node Type":"Index Scan","Parallel Aware":false,"Parent Relationship":"Outer","Plan Rows":11,"Plan Width":24,"Relation Name":"migration_snapshot_capture","Rows Removed by Filter":0,"Rows Removed by Index Recheck":0,"Scan Direction":"Forward","Shared Dirtied Blocks":0,"Shared Hit Blocks":1,"Shared Read Blocks":2,"Shared Written Blocks":1,"Startup Cost":0.27,"Temp Read Blocks":0,"Temp Written Blocks":0,"Total Cost":22.6}],"Shared Dirtied Blocks":0,"Shared Hit Blocks":1,"Shared Read Blocks":2,"Shared Written Blocks":1,"Startup Cost":0.27,"Temp Read Blocks":0,"Temp Written Blocks":0,"Total Cost":2.3},"Planning":{"Local Dirtied Blocks":0,"Local Hit Blocks":0,"Local Read Blocks":0,"Local Written Blocks":0,"Shared Dirtied Blocks":0,"Shared Hit Blocks":51,"Shared Read Blocks":5,"Shared Written Blocks":1,"Temp Read Blocks":0,"Temp Written Blocks":0},"Planning Time":0.2,"Triggers":[]}],"sql":"SELECT id FROM migration_snapshot_capture WHERE snapshot_id=$1 AND organization_id=$2 AND sequence>$3 AND sequence<=$4 AND stream IN ('people','custom_fields') ORDER BY sequence LIMIT 1","sql_sha256":"741ce173769b02020670892432aa571b469da0398aa0f20a74efac94387bf552"}
CRM_010F1_METADATA_BOUND {"examined":1.0,"indexed_required":true,"label":"capture_checkpoint_deep","maximum":1.0,"relation":"migration_snapshot_capture"}

thread 'db_metadata_import_plans::metadata_hot_queries_at_d050' (12592249) panicked at crates/crm-api/tests/db_metadata_import_plans.rs:154:24:
assertion `left == right` failed
  left: None
 right: Some(1)
CRM_010F1_METADATA_PLAN {"bindings":["eb4051b9-af02-47cf-82aa-fd3ae053c415","e44b1420-3f86-4e66-9456-c53831aaf475","39d8ec29-60a2-4f98-95dc-5030c3f0445d"],"label":"capture_payload_point","plan":[{"Execution Time":0.01,"Plan":{"Actual Loops":1,"Actual Rows":1.0,"Actual Startup Time":0.003,"Actual Total Time":0.004,"Alias":"migration_snapshot_capture","Async Capable":false,"Disabled":false,"Filter":"((snapshot_id = 'e44b1420-3f86-4e66-9456-c53831aaf475'::uuid) AND (organization_id = '39d8ec29-60a2-4f98-95dc-5030c3f0445d'::uuid))","Index Cond":"(id = 'eb4051b9-af02-47cf-82aa-fd3ae053c415'::uuid)","Index Name":"migration_snapshot_capture_pkey","Index Searches":1,"Local Dirtied Blocks":0,"Local Hit Blocks":0,"Local Read Blocks":0,"Local Written Blocks":0,"Node Type":"Index Scan","Parallel Aware":false,"Plan Rows":1,"Plan Width":431,"Relation Name":"migration_snapshot_capture","Rows Removed by Filter":0,"Rows Removed by Index Recheck":0,"Scan Direction":"Forward","Shared Dirtied Blocks":0,"Shared Hit Blocks":2,"Shared Read Blocks":0,"Shared Written Blocks":0,"Startup Cost":0.15,"Temp Read Blocks":0,"Temp Written Blocks":0,"Total Cost":8.17},"Planning":{"Local Dirtied Blocks":0,"Local Hit Blocks":0,"Local Read Blocks":0,"Local Written Blocks":0,"Shared Dirtied Blocks":0,"Shared Hit Blocks":38,"Shared Read Blocks":0,"Shared Written Blocks":0,"Temp Read Blocks":0,"Temp Written Blocks":0},"Planning Time":0.091,"Triggers":[]}],"sql":"SELECT * FROM migration_snapshot_capture WHERE id=$1 AND snapshot_id=$2 AND organization_id=$3","sql_sha256":"5109d6fc39fe357f49fd0456e557d1aa3b11577a408b4a887a0dcbf1aed4f94b"}
CRM_010F1_METADATA_BOUND {"examined":1.0,"indexed_required":true,"label":"capture_payload_point","maximum":1.0,"relation":"migration_snapshot_capture"}
CRM_010F1_METADATA_PLAN {"bindings":["eb4051b9-af02-47cf-82aa-fd3ae053c415","e44b1420-3f86-4e66-9456-c53831aaf475","39d8ec29-60a2-4f98-95dc-5030c3f0445d"],"label":"capture_record_page","plan":[{"Execution Time":0.075,"Plan":{"Actual Loops":1,"Actual Rows":100.0,"Actual Startup Time":0.058,"Actual Total Time":0.066,"Async Capable":false,"Disabled":false,"Local Dirtied Blocks":0,"Local Hit Blocks":0,"Local Read Blocks":0,"Local Written Blocks":0,"Node Type":"Limit","Parallel Aware":false,"Plan Rows":97,"Plan Width":96,"Plans":[{"Actual Loops":1,"Actual Rows":100.0,"Actual Startup Time":0.057,"Actual Total Time":0.061,"Async Capable":false,"Disabled":false,"Local Dirtied Blocks":0,"Local Hit Blocks":0,"Local Read Blocks":0,"Local Written Blocks":0,"Node Type":"Sort","Parallel Aware":false,"Parent Relationship":"Outer","Plan Rows":97,"Plan Width":96,"Plans":[{"Actual Loops":1,"Actual Rows":100.0,"Actual Startup Time":0.021,"Actual Total Time":0.043,"Alias":"migration_snapshot_record","Async Capable":false,"Disabled":false,"Exact Heap Blocks":7,"Filter":"((snapshot_id = 'e44b1420-3f86-4e66-9456-c53831aaf475'::uuid) AND (organization_id = '39d8ec29-60a2-4f98-95dc-5030c3f0445d'::uuid))","Local Dirtied Blocks":0,"Local Hit Blocks":0,"Local Read Blocks":0,"Local Written Blocks":0,"Lossy Heap Blocks":0,"Node Type":"Bitmap Heap Scan","Parallel Aware":false,"Parent Relationship":"Outer","Plan Rows":97,"Plan Width":96,"Plans":[{"Actual Loops":1,"Actual Rows":100.0,"Actual Startup Time":0.014,"Actual Total Time":0.014,"Async Capable":false,"Disabled":false,"Index Cond":"(capture_id = 'eb4051b9-af02-47cf-82aa-fd3ae053c415'::uuid)","Index Name":"migration_snapshot_record_capture_id_ordinal_key","Index Searches":1,"Local Dirtied Blocks":0,"Local Hit Blocks":0,"Local Read Blocks":0,"Local Written Blocks":0,"Node Type":"Bitmap Index Scan","Parallel Aware":false,"Parent Relationship":"Outer","Plan Rows":97,"Plan Width":0,"Shared Dirtied Blocks":0,"Shared Hit Blocks":0,"Shared Read Blocks":2,"Shared Written Blocks":0,"Startup Cost":0.0,"Temp Read Blocks":0,"Temp Written Blocks":0,"Total Cost":5.01}],"Recheck Cond":"(capture_id = 'eb4051b9-af02-47cf-82aa-fd3ae053c415'::uuid)","Relation Name":"migration_snapshot_record","Rows Removed by Filter":0,"Rows Removed by Index Recheck":0,"Shared Dirtied Blocks":0,"Shared Hit Blocks":7,"Shared Read Blocks":2,"Shared Written Blocks":0,"Startup Cost":5.04,"Temp Read Blocks":0,"Temp Written Blocks":0,"Total Cost":311.47}],"Shared Dirtied Blocks":0,"Shared Hit Blocks":7,"Shared Read Blocks":2,"Shared Written Blocks":0,"Sort Key":["ordinal"],"Sort Method":"quicksort","Sort Space Type":"Memory","Sort Space Used":38,"Startup Cost":314.68,"Temp Read Blocks":0,"Temp Written Blocks":0,"Total Cost":314.92}],"Shared Dirtied Blocks":0,"Shared Hit Blocks":7,"Shared Read Blocks":2,"Shared Written Blocks":0,"Startup Cost":314.68,"Temp Read Blocks":0,"Temp Written Blocks":0,"Total Cost":314.92},"Planning":{"Local Dirtied Blocks":0,"Local Hit Blocks":0,"Local Read Blocks":0,"Local Written Blocks":0,"Shared Dirtied Blocks":0,"Shared Hit Blocks":66,"Shared Read Blocks":5,"Shared Written Blocks":1,"Temp Read Blocks":0,"Temp Written Blocks":0},"Planning Time":0.168,"Triggers":[]}],"sql":"SELECT id,source_id,ordinal,family,representation,semantic_hmac FROM migration_snapshot_record WHERE capture_id=$1 AND snapshot_id=$2 AND organization_id=$3 ORDER BY ordinal LIMIT 101","sql_sha256":"0cd403f0829841157162dd5d194735737e377c10895e1011dd30c8214d27529a"}
CRM_010F1_METADATA_BOUND {"examined":100.0,"indexed_required":true,"label":"capture_record_page","maximum":100.0,"relation":"migration_snapshot_record"}

thread 'db_metadata_import_plans::metadata_hot_queries_at_d050' (12592249) panicked at crates/crm-api/tests/db_metadata_import_plans.rs:154:24:
assertion `left == right` failed
  left: None
 right: Some(100)
CRM_010F1_METADATA_PLAN {"bindings":["2dd510d2-581f-4a28-a478-04c4c39ee326","39d8ec29-60a2-4f98-95dc-5030c3f0445d","people","1024001"],"label":"source_qualifier_point","plan":[{"Execution Time":0.049,"Plan":{"Actual Loops":1,"Actual Rows":1.0,"Actual Startup Time":0.041,"Actual Total Time":0.041,"Async Capable":false,"Disabled":false,"Local Dirtied Blocks":0,"Local Hit Blocks":0,"Local Read Blocks":0,"Local Written Blocks":0,"Node Type":"LockRows","Parallel Aware":false,"Plan Rows":254,"Plan Width":463,"Plans":[{"Actual Loops":1,"Actual Rows":1.0,"Actual Startup Time":0.017,"Actual Total Time":0.017,"Alias":"migration_metadata_source","Async Capable":false,"Disabled":false,"Index Cond":"((plan_id = '2dd510d2-581f-4a28-a478-04c4c39ee326'::uuid) AND (organization_id = '39d8ec29-60a2-4f98-95dc-5030c3f0445d'::uuid) AND (family = 'people'::text) AND (source_id = '1024001'::text))","Index Name":"migration_metadata_source_plan_id_organization_id_family_so_key","Index Searches":1,"Local Dirtied Blocks":0,"Local Hit Blocks":0,"Local Read Blocks":0,"Local Written Blocks":0,"Node Type":"Index Scan","Parallel Aware":false,"Parent Relationship":"Outer","Plan Rows":254,"Plan Width":463,"Relation Name":"migration_metadata_source","Rows Removed by Index Recheck":0,"Scan Direction":"Forward","Shared Dirtied Blocks":0,"Shared Hit Blocks":4,"Shared Read Blocks":0,"Shared Written Blocks":0,"Startup Cost":0.41,"Temp Read Blocks":0,"Temp Written Blocks":0,"Total Cost":450.38}],"Shared Dirtied Blocks":1,"Shared Hit Blocks":6,"Shared Read Blocks":0,"Shared Written Blocks":0,"Startup Cost":0.41,"Temp Read Blocks":0,"Temp Written Blocks":0,"Total Cost":452.92},"Planning":{"Local Dirtied Blocks":0,"Local Hit Blocks":0,"Local Read Blocks":0,"Local Written Blocks":0,"Shared Dirtied Blocks":0,"Shared Hit Blocks":23,"Shared Read Blocks":0,"Shared Written Blocks":0,"Temp Read Blocks":0,"Temp Written Blocks":0},"Planning Time":0.068,"Triggers":[]}],"sql":"SELECT id,qualified,conflict,semantic_hmac,nonce,ciphertext FROM migration_metadata_source WHERE plan_id=$1 AND organization_id=$2 AND family=$3 AND source_id=$4 FOR UPDATE","sql_sha256":"11af06b927c620332bf4321dd3c685bf27e0a39867546936ed05e710831da6fe"}
CRM_010F1_METADATA_BOUND {"examined":1.0,"indexed_required":true,"label":"source_qualifier_point","maximum":1.0,"relation":"migration_metadata_source"}

thread 'db_metadata_import_plans::metadata_hot_queries_at_d050' (12592249) panicked at crates/crm-api/tests/db_metadata_import_plans.rs:154:24:
assertion `left == right` failed
  left: None
 right: Some(1)
CRM_010F1_METADATA_PLAN {"bindings":["2dd510d2-581f-4a28-a478-04c4c39ee326","39d8ec29-60a2-4f98-95dc-5030c3f0445d","people",0,-1,"00000000-0000-0000-0000-000000000000"],"label":"people_source_first","plan":[{"Execution Time":0.042,"Plan":{"Actual Loops":1,"Actual Rows":1.0,"Actual Startup Time":0.025,"Actual Total Time":0.025,"Async Capable":false,"Disabled":false,"Local Dirtied Blocks":0,"Local Hit Blocks":0,"Local Read Blocks":0,"Local Written Blocks":0,"Node Type":"Limit","Parallel Aware":false,"Plan Rows":1,"Plan Width":616,"Plans":[{"Actual Loops":1,"Actual Rows":1.0,"Actual Startup Time":0.025,"Actual Total Time":0.025,"Alias":"migration_metadata_source","Async Capable":false,"Disabled":false,"Index Cond":"((plan_id = '2dd510d2-581f-4a28-a478-04c4c39ee326'::uuid) AND (organization_id = '39d8ec29-60a2-4f98-95dc-5030c3f0445d'::uuid) AND (family = 'people'::text) AND (ROW(capture_sequence, ordinal, id) > ROW('0'::bigint, '-1'::integer, '00000000-0000-0000-0000-000000000000'::uuid)))","Index Name":"migration_metadata_source_page","Index Searches":1,"Local Dirtied Blocks":0,"Local Hit Blocks":0,"Local Read Blocks":0,"Local Written Blocks":0,"Node Type":"Index Scan","Parallel Aware":false,"Parent Relationship":"Outer","Plan Rows":24999,"Plan Width":616,"Relation Name":"migration_metadata_source","Rows Removed by Index Recheck":0,"Scan Direction":"Forward","Shared Dirtied Blocks":0,"Shared Hit Blocks":3,"Shared Read Blocks":1,"Shared Written Blocks":0,"Startup Cost":0.41,"Temp Read Blocks":0,"Temp Written Blocks":0,"Total Cost":6744.16}],"Shared Dirtied Blocks":0,"Shared Hit Blocks":3,"Shared Read Blocks":1,"Shared Written Blocks":0,"Startup Cost":0.41,"Temp Read Blocks":0,"Temp Written Blocks":0,"Total Cost":0.68},"Planning":{"Local Dirtied Blocks":0,"Local Hit Blocks":0,"Local Read Blocks":0,"Local Written Blocks":0,"Shared Dirtied Blocks":0,"Shared Hit Blocks":21,"Shared Read Blocks":0,"Shared Written Blocks":0,"Temp Read Blocks":0,"Temp Written Blocks":0},"Planning Time":0.073,"Triggers":[]}],"sql":"SELECT * FROM migration_metadata_source WHERE plan_id=$1 AND organization_id=$2 AND family=$3 AND (capture_sequence,ordinal,id)>($4,$5,$6) ORDER BY capture_sequence,ordinal,id LIMIT 1","sql_sha256":"2a6e345e8de98cfd8ad2a1d3501270968ee63d9cca81ac8e8e264f21a7db3b24"}
CRM_010F1_METADATA_BOUND {"examined":1.0,"indexed_required":true,"label":"people_source_first","maximum":1.0,"relation":"migration_metadata_source"}

thread 'db_metadata_import_plans::metadata_hot_queries_at_d050' (12592249) panicked at crates/crm-api/tests/db_metadata_import_plans.rs:154:24:
assertion `left == right` failed
  left: None
 right: Some(1)
CRM_010F1_METADATA_PLAN {"bindings":["2dd510d2-581f-4a28-a478-04c4c39ee326","39d8ec29-60a2-4f98-95dc-5030c3f0445d","people",1240,99,"30000000-0000-0000-0000-000000005dc0"],"label":"people_source_deep","plan":[{"Execution Time":0.037,"Plan":{"Actual Loops":1,"Actual Rows":1.0,"Actual Startup Time":0.029,"Actual Total Time":0.029,"Async Capable":false,"Disabled":false,"Local Dirtied Blocks":0,"Local Hit Blocks":0,"Local Read Blocks":0,"Local Written Blocks":0,"Node Type":"Limit","Parallel Aware":false,"Plan Rows":1,"Plan Width":616,"Plans":[{"Actual Loops":1,"Actual Rows":1.0,"Actual Startup Time":0.029,"Actual Total Time":0.029,"Alias":"migration_metadata_source","Async Capable":false,"Disabled":false,"Index Cond":"((plan_id = '2dd510d2-581f-4a28-a478-04c4c39ee326'::uuid) AND (organization_id = '39d8ec29-60a2-4f98-95dc-5030c3f0445d'::uuid) AND (family = 'people'::text) AND (ROW(capture_sequence, ordinal, id) > ROW('1240'::bigint, 99, '30000000-0000-0000-0000-000000005dc0'::uuid)))","Index Name":"migration_metadata_source_page","Index Searches":1,"Local Dirtied Blocks":0,"Local Hit Blocks":0,"Local Read Blocks":0,"Local Written Blocks":0,"Node Type":"Index Scan","Parallel Aware":false,"Parent Relationship":"Outer","Plan Rows":1342,"Plan Width":616,"Relation Name":"migration_metadata_source","Rows Removed by Index Recheck":0,"Scan Direction":"Forward","Shared Dirtied Blocks":0,"Shared Hit Blocks":3,"Shared Read Blocks":2,"Shared Written Blocks":0,"Startup Cost":0.41,"Temp Read Blocks":0,"Temp Written Blocks":0,"Total Cost":1987.7}],"Shared Dirtied Blocks":0,"Shared Hit Blocks":3,"Shared Read Blocks":2,"Shared Written Blocks":0,"Startup Cost":0.41,"Temp Read Blocks":0,"Temp Written Blocks":0,"Total Cost":1.89},"Planning":{"Local Dirtied Blocks":0,"Local Hit Blocks":0,"Local Read Blocks":0,"Local Written Blocks":0,"Shared Dirtied Blocks":0,"Shared Hit Blocks":0,"Shared Read Blocks":0,"Shared Written Blocks":0,"Temp Read Blocks":0,"Temp Written Blocks":0},"Planning Time":0.055,"Triggers":[]}],"sql":"SELECT * FROM migration_metadata_source WHERE plan_id=$1 AND organization_id=$2 AND family=$3 AND (capture_sequence,ordinal,id)>($4,$5,$6) ORDER BY capture_sequence,ordinal,id LIMIT 1","sql_sha256":"2a6e345e8de98cfd8ad2a1d3501270968ee63d9cca81ac8e8e264f21a7db3b24"}
CRM_010F1_METADATA_BOUND {"examined":1.0,"indexed_required":true,"label":"people_source_deep","maximum":1.0,"relation":"migration_metadata_source"}

thread 'db_metadata_import_plans::metadata_hot_queries_at_d050' (12592249) panicked at crates/crm-api/tests/db_metadata_import_plans.rs:154:24:
assertion `left == right` failed
  left: None
 right: Some(1)
CRM_010F1_METADATA_PLAN {"bindings":["2dd510d2-581f-4a28-a478-04c4c39ee326","39d8ec29-60a2-4f98-95dc-5030c3f0445d","custom_fields",1251,8,"00000000-0000-0000-0000-000000000000"],"label":"field_source_deep","plan":[{"Execution Time":0.02,"Plan":{"Actual Loops":1,"Actual Rows":1.0,"Actual Startup Time":0.013,"Actual Total Time":0.014,"Async Capable":false,"Disabled":false,"Local Dirtied Blocks":0,"Local Hit Blocks":0,"Local Read Blocks":0,"Local Written Blocks":0,"Node Type":"Limit","Parallel Aware":false,"Plan Rows":1,"Plan Width":616,"Plans":[{"Actual Loops":1,"Actual Rows":1.0,"Actual Startup Time":0.013,"Actual Total Time":0.013,"Alias":"migration_metadata_source","Async Capable":false,"Disabled":false,"Index Cond":"((plan_id = '2dd510d2-581f-4a28-a478-04c4c39ee326'::uuid) AND (organization_id = '39d8ec29-60a2-4f98-95dc-5030c3f0445d'::uuid) AND (family = 'custom_fields'::text) AND (ROW(capture_sequence, ordinal, id) > ROW('1251'::bigint, 8, '00000000-0000-0000-0000-000000000000'::uuid)))","Index Name":"migration_metadata_source_page","Index Searches":1,"Local Dirtied Blocks":0,"Local Hit Blocks":0,"Local Read Blocks":0,"Local Written Blocks":0,"Node Type":"Index Scan","Parallel Aware":false,"Parent Relationship":"Outer","Plan Rows":1,"Plan Width":616,"Relation Name":"migration_metadata_source","Rows Removed by Index Recheck":0,"Scan Direction":"Forward","Shared Dirtied Blocks":0,"Shared Hit Blocks":4,"Shared Read Blocks":0,"Shared Written Blocks":0,"Startup Cost":0.41,"Temp Read Blocks":0,"Temp Written Blocks":0,"Total Cost":8.44}],"Shared Dirtied Blocks":0,"Shared Hit Blocks":4,"Shared Read Blocks":0,"Shared Written Blocks":0,"Startup Cost":0.41,"Temp Read Blocks":0,"Temp Written Blocks":0,"Total Cost":8.44},"Planning":{"Local Dirtied Blocks":0,"Local Hit Blocks":0,"Local Read Blocks":0,"Local Written Blocks":0,"Shared Dirtied Blocks":0,"Shared Hit Blocks":0,"Shared Read Blocks":0,"Shared Written Blocks":0,"Temp Read Blocks":0,"Temp Written Blocks":0},"Planning Time":0.045,"Triggers":[]}],"sql":"SELECT * FROM migration_metadata_source WHERE plan_id=$1 AND organization_id=$2 AND family=$3 AND (capture_sequence,ordinal,id)>($4,$5,$6) ORDER BY capture_sequence,ordinal,id LIMIT 1","sql_sha256":"2a6e345e8de98cfd8ad2a1d3501270968ee63d9cca81ac8e8e264f21a7db3b24"}
CRM_010F1_METADATA_BOUND {"examined":1.0,"indexed_required":true,"label":"field_source_deep","maximum":1.0,"relation":"migration_metadata_source"}

thread 'db_metadata_import_plans::metadata_hot_queries_at_d050' (12592249) panicked at crates/crm-api/tests/db_metadata_import_plans.rs:154:24:
assertion `left == right` failed
  left: None
 right: Some(1)
CRM_010F1_METADATA_PLAN {"bindings":["30000000-0000-0000-0000-000000005dc1","2dd510d2-581f-4a28-a478-04c4c39ee326","39d8ec29-60a2-4f98-95dc-5030c3f0445d"],"label":"source_cursor_point","plan":[{"Execution Time":0.033,"Plan":{"Actual Loops":1,"Actual Rows":1.0,"Actual Startup Time":0.028,"Actual Total Time":0.029,"Alias":"migration_metadata_source","Async Capable":false,"Disabled":false,"Filter":"((plan_id = '2dd510d2-581f-4a28-a478-04c4c39ee326'::uuid) AND (organization_id = '39d8ec29-60a2-4f98-95dc-5030c3f0445d'::uuid))","Index Cond":"(id = '30000000-0000-0000-0000-000000005dc1'::uuid)","Index Name":"migration_metadata_source_pkey","Index Searches":1,"Local Dirtied Blocks":0,"Local Hit Blocks":0,"Local Read Blocks":0,"Local Written Blocks":0,"Node Type":"Index Scan","Parallel Aware":false,"Plan Rows":1,"Plan Width":12,"Relation Name":"migration_metadata_source","Rows Removed by Filter":0,"Rows Removed by Index Recheck":0,"Scan Direction":"Forward","Shared Dirtied Blocks":0,"Shared Hit Blocks":2,"Shared Read Blocks":1,"Shared Written Blocks":1,"Startup Cost":0.29,"Temp Read Blocks":0,"Temp Written Blocks":0,"Total Cost":8.31},"Planning":{"Local Dirtied Blocks":0,"Local Hit Blocks":0,"Local Read Blocks":0,"Local Written Blocks":0,"Shared Dirtied Blocks":0,"Shared Hit Blocks":0,"Shared Read Blocks":0,"Shared Written Blocks":0,"Temp Read Blocks":0,"Temp Written Blocks":0},"Planning Time":0.028,"Triggers":[]}],"sql":"SELECT capture_sequence,ordinal FROM migration_metadata_source WHERE id=$1 AND plan_id=$2 AND organization_id=$3","sql_sha256":"9fb227247989c890a98f8a532680db4286f3af288090583bd56df5b215924303"}
CRM_010F1_METADATA_BOUND {"examined":1.0,"indexed_required":true,"label":"source_cursor_point","maximum":1.0,"relation":"migration_metadata_source"}
CRM_010F1_METADATA_PLAN {"bindings":["2dd510d2-581f-4a28-a478-04c4c39ee326","39d8ec29-60a2-4f98-95dc-5030c3f0445d","18fd356b-bab3-4cf6-b8df-de34c8827190"],"label":"field_catalog_source_resume","plan":[{"Execution Time":0.016,"Plan":{"Actual Loops":1,"Actual Rows":1.0,"Actual Startup Time":0.012,"Actual Total Time":0.012,"Alias":"migration_metadata_mapping","Async Capable":false,"Disabled":false,"Index Cond":"((plan_id = '2dd510d2-581f-4a28-a478-04c4c39ee326'::uuid) AND (organization_id = '39d8ec29-60a2-4f98-95dc-5030c3f0445d'::uuid) AND (kind = 'field'::text) AND (source_row_id = '18fd356b-bab3-4cf6-b8df-de34c8827190'::uuid))","Index Name":"migration_metadata_mapping_source","Index Searches":1,"Local Dirtied Blocks":0,"Local Hit Blocks":0,"Local Read Blocks":0,"Local Written Blocks":0,"Node Type":"Index Scan","Parallel Aware":false,"Plan Rows":1,"Plan Width":16,"Relation Name":"migration_metadata_mapping","Rows Removed by Index Recheck":0,"Scan Direction":"Forward","Shared Dirtied Blocks":0,"Shared Hit Blocks":3,"Shared Read Blocks":0,"Shared Written Blocks":0,"Startup Cost":0.29,"Temp Read Blocks":0,"Temp Written Blocks":0,"Total Cost":8.31},"Planning":{"Local Dirtied Blocks":0,"Local Hit Blocks":0,"Local Read Blocks":0,"Local Written Blocks":0,"Shared Dirtied Blocks":0,"Shared Hit Blocks":3,"Shared Read Blocks":0,"Shared Written Blocks":0,"Temp Read Blocks":0,"Temp Written Blocks":0},"Planning Time":0.065,"Triggers":[]}],"sql":"SELECT id FROM migration_metadata_mapping WHERE plan_id=$1 AND organization_id=$2 AND kind='field' AND source_row_id=$3","sql_sha256":"43e2c1eaec7cc122b88692b444f7a2362706c354b4d5c6d678ee0d35a8ebba5e"}
CRM_010F1_METADATA_BOUND {"examined":1.0,"indexed_required":true,"label":"field_catalog_source_resume","maximum":1.0,"relation":"migration_metadata_mapping"}
CRM_010F1_METADATA_PLAN {"bindings":["39d8ec29-60a2-4f98-95dc-5030c3f0445d",17,"1024001","c9745066-f542-439f-8925-1ba41582f95f","574c0733-15ef-4dc3-8a6e-4024fc668daf"],"label":"parent_result_identity_person","plan":[{"Execution Time":0.079,"Plan":{"Actual Loops":1,"Actual Rows":1.0,"Actual Startup Time":0.061,"Actual Total Time":0.062,"Async Capable":false,"Disabled":false,"Inner Unique":true,"Join Filter":"(i.target_id = r.person_id)","Join Type":"Inner","Local Dirtied Blocks":0,"Local Hit Blocks":0,"Local Read Blocks":0,"Local Written Blocks":0,"Node Type":"Nested Loop","Parallel Aware":false,"Plan Rows":1,"Plan Width":32,"Plans":[{"Actual Loops":1,"Actual Rows":1.0,"Actual Startup Time":0.038,"Actual Total Time":0.039,"Async Capable":false,"Disabled":false,"Inner Unique":true,"Join Type":"Inner","Local Dirtied Blocks":0,"Local Hit Blocks":0,"Local Read Blocks":0,"Local Written Blocks":0,"Node Type":"Nested Loop","Parallel Aware":false,"Parent Relationship":"Outer","Plan Rows":1,"Plan Width":103,"Plans":[{"Actual Loops":1,"Actual Rows":1.0,"Actual Startup Time":0.027,"Actual Total Time":0.027,"Alias":"i","Async Capable":false,"Disabled":false,"Filter":"((import_id = 'c9745066-f542-439f-8925-1ba41582f95f'::uuid) AND (plan_id = '574c0733-15ef-4dc3-8a6e-4024fc668daf'::uuid))","Index Cond":"((organization_id = '39d8ec29-60a2-4f98-95dc-5030c3f0445d'::uuid) AND (source_account_id = '17'::bigint) AND (family = 'people'::text) AND (source_id = '1024001'::text))","Index Name":"migration_import_identity_pkey","Index Searches":1,"Local Dirtied Blocks":0,"Local Hit Blocks":0,"Local Read Blocks":0,"Local Written Blocks":0,"Node Type":"Index Scan","Parallel Aware":false,"Parent Relationship":"Outer","Plan Rows":1,"Plan Width":71,"Relation Name":"migration_import_identity","Rows Removed by Filter":0,"Rows Removed by Index Recheck":0,"Scan Direction":"Forward","Shared Dirtied Blocks":0,"Shared Hit Blocks":0,"Shared Read Blocks":4,"Shared Written Blocks":1,"Startup Cost":0.41,"Temp Read Blocks":0,"Temp Written Blocks":0,"Total Cost":8.44},{"Actual Loops":1,"Actual Rows":1.0,"Actual Startup Time":0.01,"Actual Total Time":0.01,"Alias":"p","Async Capable":false,"Disabled":false,"Heap Fetches":0,"Index Cond":"((id = i.target_id) AND (organization_id = '39d8ec29-60a2-4f98-95dc-5030c3f0445d'::uuid))","Index Name":"person_id_organization_id_key","Index Searches":1,"Local Dirtied Blocks":0,"Local Hit Blocks":0,"Local Read Blocks":0,"Local Written Blocks":0,"Node Type":"Index Only Scan","Parallel Aware":false,"Parent Relationship":"Inner","Plan Rows":1,"Plan Width":32,"Relation Name":"person","Rows Removed by Index Recheck":0,"Scan Direction":"Forward","Shared Dirtied Blocks":0,"Shared Hit Blocks":2,"Shared Read Blocks":1,"Shared Written Blocks":0,"Startup Cost":0.29,"Temp Read Blocks":0,"Temp Written Blocks":0,"Total Cost":4.31}],"Shared Dirtied Blocks":0,"Shared Hit Blocks":2,"Shared Read Blocks":5,"Shared Written Blocks":1,"Startup Cost":0.7,"Temp Read Blocks":0,"Temp Written Blocks":0,"Total Cost":12.75},{"Actual Loops":1,"Actual Rows":1.0,"Actual Startup Time":0.022,"Actual Total Time":0.022,"Alias":"r","Async Capable":false,"Disabled":false,"Filter":"((disposition = ANY ('{imported,already_imported}'::text[])) AND (import_id = 'c9745066-f542-439f-8925-1ba41582f95f'::uuid) AND (plan_id = '574c0733-15ef-4dc3-8a6e-4024fc668daf'::uuid) AND (source_id = '1024001'::text))","Index Cond":"((organization_id = '39d8ec29-60a2-4f98-95dc-5030c3f0445d'::uuid) AND (person_id = p.id))","Index Name":"migration_import_result_person","Index Searches":1,"Local Dirtied Blocks":0,"Local Hit Blocks":0,"Local Read Blocks":0,"Local Written Blocks":0,"Node Type":"Index Scan","Parallel Aware":false,"Parent Relationship":"Inner","Plan Rows":1,"Plan Width":87,"Relation Name":"migration_import_result","Rows Removed by Filter":0,"Rows Removed by Index Recheck":0,"Scan Direction":"Forward","Shared Dirtied Blocks":0,"Shared Hit Blocks":0,"Shared Read Blocks":3,"Shared Written Blocks":1,"Startup Cost":0.29,"Temp Read Blocks":0,"Temp Written Blocks":0,"Total Cost":0.63}],"Rows Removed by Join Filter":0,"Shared Dirtied Blocks":0,"Shared Hit Blocks":2,"Shared Read Blocks":8,"Shared Written Blocks":2,"Startup Cost":0.99,"Temp Read Blocks":0,"Temp Written Blocks":0,"Total Cost":13.39},"Planning":{"Local Dirtied Blocks":0,"Local Hit Blocks":0,"Local Read Blocks":0,"Local Written Blocks":0,"Shared Dirtied Blocks":0,"Shared Hit Blocks":173,"Shared Read Blocks":17,"Shared Written Blocks":2,"Temp Read Blocks":0,"Temp Written Blocks":0},"Planning Time":0.555,"Triggers":[]}],"sql":"SELECT r.id,r.person_id FROM migration_import_identity i JOIN migration_import_result r ON r.import_id=i.import_id AND r.plan_id=i.plan_id AND r.organization_id=i.organization_id AND r.source_id=i.source_id AND r.person_id=i.target_id JOIN person p ON p.id=r.person_id AND p.organization_id=r.organization_id WHERE i.organization_id=$1 AND i.source_account_id=$2 AND i.family='people' AND i.source_id=$3 AND i.import_id=$4 AND i.plan_id=$5 AND r.disposition IN ('imported','already_imported')","sql_sha256":"3045c2e3a1dec84a8a2c34195698775e7612eeb83688604a319002f63d6c060d"}
CRM_010F1_METADATA_BOUND {"examined":1.0,"indexed_required":true,"label":"parent_result_identity_person","maximum":1.0,"relation":"migration_import_identity"}
CRM_010F1_METADATA_BOUND {"examined":1.0,"indexed_required":true,"label":"parent_result_identity_person","maximum":1.0,"relation":"migration_import_result"}
CRM_010F1_METADATA_BOUND {"examined":1.0,"indexed_required":true,"label":"parent_result_identity_person","maximum":1.0,"relation":"person"}

thread 'db_metadata_import_plans::metadata_hot_queries_at_d050' (12592249) panicked at crates/crm-api/tests/db_metadata_import_plans.rs:154:24:
assertion `left == right` failed
  left: None
 right: Some(1)
CRM_010F1_METADATA_PLAN {"bindings":["2dd510d2-581f-4a28-a478-04c4c39ee326","67658043-e9c4-443e-ad79-672e8508c075","39d8ec29-60a2-4f98-95dc-5030c3f0445d","00000000-0000-0000-0000-000000000000",null,51],"label":"mapping_first","plan":[{"Execution Time":0.064,"Plan":{"Actual Loops":1,"Actual Rows":51.0,"Actual Startup Time":0.05,"Actual Total Time":0.055,"Async Capable":false,"Disabled":false,"Local Dirtied Blocks":0,"Local Hit Blocks":0,"Local Read Blocks":0,"Local Written Blocks":0,"Node Type":"Limit","Parallel Aware":false,"Plan Rows":1,"Plan Width":16,"Plans":[{"Actual Loops":1,"Actual Rows":51.0,"Actual Startup Time":0.05,"Actual Total Time":0.052,"Async Capable":false,"Disabled":false,"Local Dirtied Blocks":0,"Local Hit Blocks":0,"Local Read Blocks":0,"Local Written Blocks":0,"Node Type":"Sort","Parallel Aware":false,"Parent Relationship":"Outer","Plan Rows":1,"Plan Width":16,"Plans":[{"Actual Loops":1,"Actual Rows":72.0,"Actual Startup Time":0.012,"Actual Total Time":0.024,"Alias":"migration_metadata_mapping","Async Capable":false,"Disabled":false,"Exact Heap Blocks":16,"Filter":"((id > '00000000-0000-0000-0000-000000000000'::uuid) AND (import_id = '67658043-e9c4-443e-ad79-672e8508c075'::uuid))","Local Dirtied Blocks":0,"Local Hit Blocks":0,"Local Read Blocks":0,"Local Written Blocks":0,"Lossy Heap Blocks":0,"Node Type":"Bitmap Heap Scan","Parallel Aware":false,"Parent Relationship":"Outer","Plan Rows":1,"Plan Width":16,"Plans":[{"Actual Loops":1,"Actual Rows":122.0,"Actual Startup Time":0.006,"Actual Total Time":0.006,"Async Capable":false,"Disabled":false,"Index Cond":"((plan_id = '2dd510d2-581f-4a28-a478-04c4c39ee326'::uuid) AND (organization_id = '39d8ec29-60a2-4f98-95dc-5030c3f0445d'::uuid))","Index Name":"migration_metadata_mapping_source","Index Searches":1,"Local Dirtied Blocks":0,"Local Hit Blocks":0,"Local Read Blocks":0,"Local Written Blocks":0,"Node Type":"Bitmap Index Scan","Parallel Aware":false,"Parent Relationship":"Outer","Plan Rows":72,"Plan Width":0,"Shared Dirtied Blocks":0,"Shared Hit Blocks":3,"Shared Read Blocks":0,"Shared Written Blocks":0,"Startup Cost":0.0,"Temp Read Blocks":0,"Temp Written Blocks":0,"Total Cost":5.01}],"Recheck Cond":"((plan_id = '2dd510d2-581f-4a28-a478-04c4c39ee326'::uuid) AND (organization_id = '39d8ec29-60a2-4f98-95dc-5030c3f0445d'::uuid))","Relation Name":"migration_metadata_mapping","Rows Removed by Filter":0,"Rows Removed by Index Recheck":0,"Shared Dirtied Blocks":0,"Shared Hit Blocks":19,"Shared Read Blocks":0,"Shared Written Blocks":0,"Startup Cost":5.01,"Temp Read Blocks":0,"Temp Written Blocks":0,"Total Cost":250.86}],"Shared Dirtied Blocks":0,"Shared Hit Blocks":19,"Shared Read Blocks":0,"Shared Written Blocks":0,"Sort Key":["id"],"Sort Method":"quicksort","Sort Space Type":"Memory","Sort Space Used":25,"Startup Cost":250.87,"Temp Read Blocks":0,"Temp Written Blocks":0,"Total Cost":250.87}],"Shared Dirtied Blocks":0,"Shared Hit Blocks":19,"Shared Read Blocks":0,"Shared Written Blocks":0,"Startup Cost":250.87,"Temp Read Blocks":0,"Temp Written Blocks":0,"Total Cost":250.87},"Planning":{"Local Dirtied Blocks":0,"Local Hit Blocks":0,"Local Read Blocks":0,"Local Written Blocks":0,"Shared Dirtied Blocks":0,"Shared Hit Blocks":8,"Shared Read Blocks":0,"Shared Written Blocks":0,"Temp Read Blocks":0,"Temp Written Blocks":0},"Planning Time":0.113,"Triggers":[]}],"sql":"SELECT id FROM migration_metadata_mapping WHERE plan_id=$1 AND import_id=$2 AND organization_id=$3 AND id>$4 AND ($5::text IS NULL OR kind=$5) ORDER BY id LIMIT $6","sql_sha256":"c49875c3f604d6f82b542d281ff4e454ceebd22898542746ed6684d4a98727d1"}
CRM_010F1_METADATA_BOUND {"examined":72.0,"indexed_required":true,"label":"mapping_first","maximum":72.0,"relation":"migration_metadata_mapping"}

thread 'db_metadata_import_plans::metadata_hot_queries_at_d050' (12592249) panicked at crates/crm-api/tests/db_metadata_import_plans.rs:154:24:
assertion `left == right` failed
  left: None
 right: Some(51)
CRM_010F1_METADATA_PLAN {"bindings":["2dd510d2-581f-4a28-a478-04c4c39ee326","67658043-e9c4-443e-ad79-672e8508c075","39d8ec29-60a2-4f98-95dc-5030c3f0445d","90000000-0000-0000-0000-000000000032",null,51],"label":"mapping_deep","plan":[{"Execution Time":0.042,"Plan":{"Actual Loops":1,"Actual Rows":21.0,"Actual Startup Time":0.033,"Actual Total Time":0.035,"Async Capable":false,"Disabled":false,"Local Dirtied Blocks":0,"Local Hit Blocks":0,"Local Read Blocks":0,"Local Written Blocks":0,"Node Type":"Limit","Parallel Aware":false,"Plan Rows":1,"Plan Width":16,"Plans":[{"Actual Loops":1,"Actual Rows":21.0,"Actual Startup Time":0.033,"Actual Total Time":0.034,"Async Capable":false,"Disabled":false,"Local Dirtied Blocks":0,"Local Hit Blocks":0,"Local Read Blocks":0,"Local Written Blocks":0,"Node Type":"Sort","Parallel Aware":false,"Parent Relationship":"Outer","Plan Rows":1,"Plan Width":16,"Plans":[{"Actual Loops":1,"Actual Rows":21.0,"Actual Startup Time":0.024,"Actual Total Time":0.029,"Alias":"migration_metadata_mapping","Async Capable":false,"Disabled":false,"Exact Heap Blocks":8,"Filter":"(import_id = '67658043-e9c4-443e-ad79-672e8508c075'::uuid)","Local Dirtied Blocks":0,"Local Hit Blocks":0,"Local Read Blocks":0,"Local Written Blocks":0,"Lossy Heap Blocks":0,"Node Type":"Bitmap Heap Scan","Parallel Aware":false,"Parent Relationship":"Outer","Plan Rows":1,"Plan Width":16,"Plans":[{"Actual Loops":1,"Actual Rows":41.0,"Actual Startup Time":0.021,"Actual Total Time":0.022,"Async Capable":false,"Disabled":false,"Index Cond":"((plan_id = '2dd510d2-581f-4a28-a478-04c4c39ee326'::uuid) AND (organization_id = '39d8ec29-60a2-4f98-95dc-5030c3f0445d'::uuid) AND (id > '90000000-0000-0000-0000-000000000032'::uuid))","Index Name":"migration_metadata_mapping_unfiltered","Index Searches":1,"Local Dirtied Blocks":0,"Local Hit Blocks":0,"Local Read Blocks":0,"Local Written Blocks":0,"Node Type":"Bitmap Index Scan","Parallel Aware":false,"Parent Relationship":"Outer","Plan Rows":31,"Plan Width":0,"Shared Dirtied Blocks":0,"Shared Hit Blocks":0,"Shared Read Blocks":3,"Shared Written Blocks":0,"Startup Cost":0.0,"Temp Read Blocks":0,"Temp Written Blocks":0,"Total Cost":4.8}],"Recheck Cond":"((plan_id = '2dd510d2-581f-4a28-a478-04c4c39ee326'::uuid) AND (organization_id = '39d8ec29-60a2-4f98-95dc-5030c3f0445d'::uuid) AND (id > '90000000-0000-0000-0000-000000000032'::uuid))","Relation Name":"migration_metadata_mapping","Rows Removed by Filter":0,"Rows Removed by Index Recheck":0,"Shared Dirtied Blocks":0,"Shared Hit Blocks":8,"Shared Read Blocks":3,"Shared Written Blocks":0,"Startup Cost":4.8,"Temp Read Blocks":0,"Temp Written Blocks":0,"Total Cost":118.0}],"Shared Dirtied Blocks":0,"Shared Hit Blocks":8,"Shared Read Blocks":3,"Shared Written Blocks":0,"Sort Key":["id"],"Sort Method":"quicksort","Sort Space Type":"Memory","Sort Space Used":25,"Startup Cost":118.01,"Temp Read Blocks":0,"Temp Written Blocks":0,"Total Cost":118.01}],"Shared Dirtied Blocks":0,"Shared Hit Blocks":8,"Shared Read Blocks":3,"Shared Written Blocks":0,"Startup Cost":118.01,"Temp Read Blocks":0,"Temp Written Blocks":0,"Total Cost":118.01},"Planning":{"Local Dirtied Blocks":0,"Local Hit Blocks":0,"Local Read Blocks":0,"Local Written Blocks":0,"Shared Dirtied Blocks":0,"Shared Hit Blocks":0,"Shared Read Blocks":0,"Shared Written Blocks":0,"Temp Read Blocks":0,"Temp Written Blocks":0},"Planning Time":0.059,"Triggers":[]}],"sql":"SELECT id FROM migration_metadata_mapping WHERE plan_id=$1 AND import_id=$2 AND organization_id=$3 AND id>$4 AND ($5::text IS NULL OR kind=$5) ORDER BY id LIMIT $6","sql_sha256":"c49875c3f604d6f82b542d281ff4e454ceebd22898542746ed6684d4a98727d1"}
CRM_010F1_METADATA_BOUND {"examined":21.0,"indexed_required":true,"label":"mapping_deep","maximum":21.0,"relation":"migration_metadata_mapping"}

thread 'db_metadata_import_plans::metadata_hot_queries_at_d050' (12592249) panicked at crates/crm-api/tests/db_metadata_import_plans.rs:154:24:
assertion `left == right` failed
  left: None
 right: Some(21)
CRM_010F1_METADATA_PLAN {"bindings":["2dd510d2-581f-4a28-a478-04c4c39ee326","67658043-e9c4-443e-ad79-672e8508c075","39d8ec29-60a2-4f98-95dc-5030c3f0445d","00000000-0000-0000-0000-000000000000","option",51],"label":"mapping_option_first","plan":[{"Execution Time":0.028,"Plan":{"Actual Loops":1,"Actual Rows":50.0,"Actual Startup Time":0.018,"Actual Total Time":0.022,"Async Capable":false,"Disabled":false,"Local Dirtied Blocks":0,"Local Hit Blocks":0,"Local Read Blocks":0,"Local Written Blocks":0,"Node Type":"Limit","Parallel Aware":false,"Plan Rows":1,"Plan Width":16,"Plans":[{"Actual Loops":1,"Actual Rows":50.0,"Actual Startup Time":0.017,"Actual Total Time":0.019,"Async Capable":false,"Disabled":false,"Local Dirtied Blocks":0,"Local Hit Blocks":0,"Local Read Blocks":0,"Local Written Blocks":0,"Node Type":"Sort","Parallel Aware":false,"Parent Relationship":"Outer","Plan Rows":1,"Plan Width":16,"Plans":[{"Actual Loops":1,"Actual Rows":50.0,"Actual Startup Time":0.008,"Actual Total Time":0.014,"Alias":"migration_metadata_mapping","Async Capable":false,"Disabled":false,"Exact Heap Blocks":13,"Filter":"((id > '00000000-0000-0000-0000-000000000000'::uuid) AND (import_id = '67658043-e9c4-443e-ad79-672e8508c075'::uuid))","Local Dirtied Blocks":0,"Local Hit Blocks":0,"Local Read Blocks":0,"Local Written Blocks":0,"Lossy Heap Blocks":0,"Node Type":"Bitmap Heap Scan","Parallel Aware":false,"Parent Relationship":"Outer","Plan Rows":1,"Plan Width":16,"Plans":[{"Actual Loops":1,"Actual Rows":100.0,"Actual Startup Time":0.004,"Actual Total Time":0.004,"Async Capable":false,"Disabled":false,"Index Cond":"((plan_id = '2dd510d2-581f-4a28-a478-04c4c39ee326'::uuid) AND (organization_id = '39d8ec29-60a2-4f98-95dc-5030c3f0445d'::uuid) AND (kind = 'option'::text))","Index Name":"migration_metadata_mapping_source","Index Searches":1,"Local Dirtied Blocks":0,"Local Hit Blocks":0,"Local Read Blocks":0,"Local Written Blocks":0,"Node Type":"Bitmap Index Scan","Parallel Aware":false,"Parent Relationship":"Outer","Plan Rows":50,"Plan Width":0,"Shared Dirtied Blocks":0,"Shared Hit Blocks":2,"Shared Read Blocks":0,"Shared Written Blocks":0,"Startup Cost":0.0,"Temp Read Blocks":0,"Temp Written Blocks":0,"Total Cost":4.91}],"Recheck Cond":"((plan_id = '2dd510d2-581f-4a28-a478-04c4c39ee326'::uuid) AND (organization_id = '39d8ec29-60a2-4f98-95dc-5030c3f0445d'::uuid) AND (kind = 'option'::text))","Relation Name":"migration_metadata_mapping","Rows Removed by Filter":0,"Rows Removed by Index Recheck":0,"Shared Dirtied Blocks":0,"Shared Hit Blocks":15,"Shared Read Blocks":0,"Shared Written Blocks":0,"Startup Cost":4.91,"Temp Read Blocks":0,"Temp Written Blocks":0,"Total Cost":182.64}],"Shared Dirtied Blocks":0,"Shared Hit Blocks":15,"Shared Read Blocks":0,"Shared Written Blocks":0,"Sort Key":["id"],"Sort Method":"quicksort","Sort Space Type":"Memory","Sort Space Used":25,"Startup Cost":182.65,"Temp Read Blocks":0,"Temp Written Blocks":0,"Total Cost":182.66}],"Shared Dirtied Blocks":0,"Shared Hit Blocks":15,"Shared Read Blocks":0,"Shared Written Blocks":0,"Startup Cost":182.65,"Temp Read Blocks":0,"Temp Written Blocks":0,"Total Cost":182.66},"Planning":{"Local Dirtied Blocks":0,"Local Hit Blocks":0,"Local Read Blocks":0,"Local Written Blocks":0,"Shared Dirtied Blocks":0,"Shared Hit Blocks":3,"Shared Read Blocks":0,"Shared Written Blocks":0,"Temp Read Blocks":0,"Temp Written Blocks":0},"Planning Time":0.069,"Triggers":[]}],"sql":"SELECT id FROM migration_metadata_mapping WHERE plan_id=$1 AND import_id=$2 AND organization_id=$3 AND id>$4 AND ($5::text IS NULL OR kind=$5) ORDER BY id LIMIT $6","sql_sha256":"c49875c3f604d6f82b542d281ff4e454ceebd22898542746ed6684d4a98727d1"}
CRM_010F1_METADATA_BOUND {"examined":50.0,"indexed_required":true,"label":"mapping_option_first","maximum":72.0,"relation":"migration_metadata_mapping"}

thread 'db_metadata_import_plans::metadata_hot_queries_at_d050' (12592249) panicked at crates/crm-api/tests/db_metadata_import_plans.rs:154:24:
assertion `left == right` failed
  left: None
 right: Some(50)
CRM_010F1_METADATA_PLAN {"bindings":["2dd510d2-581f-4a28-a478-04c4c39ee326","67658043-e9c4-443e-ad79-672e8508c075","39d8ec29-60a2-4f98-95dc-5030c3f0445d","90000000-0000-0000-0000-000000000032","option",51],"label":"mapping_option_deep","plan":[{"Execution Time":0.019,"Plan":{"Actual Loops":1,"Actual Rows":20.0,"Actual Startup Time":0.012,"Actual Total Time":0.014,"Async Capable":false,"Disabled":false,"Local Dirtied Blocks":0,"Local Hit Blocks":0,"Local Read Blocks":0,"Local Written Blocks":0,"Node Type":"Limit","Parallel Aware":false,"Plan Rows":1,"Plan Width":16,"Plans":[{"Actual Loops":1,"Actual Rows":20.0,"Actual Startup Time":0.012,"Actual Total Time":0.013,"Async Capable":false,"Disabled":false,"Local Dirtied Blocks":0,"Local Hit Blocks":0,"Local Read Blocks":0,"Local Written Blocks":0,"Node Type":"Sort","Parallel Aware":false,"Parent Relationship":"Outer","Plan Rows":1,"Plan Width":16,"Plans":[{"Actual Loops":1,"Actual Rows":20.0,"Actual Startup Time":0.008,"Actual Total Time":0.01,"Alias":"migration_metadata_mapping","Async Capable":false,"Disabled":false,"Exact Heap Blocks":7,"Filter":"(import_id = '67658043-e9c4-443e-ad79-672e8508c075'::uuid)","Local Dirtied Blocks":0,"Local Hit Blocks":0,"Local Read Blocks":0,"Local Written Blocks":0,"Lossy Heap Blocks":0,"Node Type":"Bitmap Heap Scan","Parallel Aware":false,"Parent Relationship":"Outer","Plan Rows":1,"Plan Width":16,"Plans":[{"Actual Loops":1,"Actual Rows":40.0,"Actual Startup Time":0.005,"Actual Total Time":0.005,"Async Capable":false,"Disabled":false,"Index Cond":"((plan_id = '2dd510d2-581f-4a28-a478-04c4c39ee326'::uuid) AND (organization_id = '39d8ec29-60a2-4f98-95dc-5030c3f0445d'::uuid) AND (kind = 'option'::text) AND (id > '90000000-0000-0000-0000-000000000032'::uuid))","Index Name":"migration_metadata_mapping_page","Index Searches":1,"Local Dirtied Blocks":0,"Local Hit Blocks":0,"Local Read Blocks":0,"Local Written Blocks":0,"Node Type":"Bitmap Index Scan","Parallel Aware":false,"Parent Relationship":"Outer","Plan Rows":22,"Plan Width":0,"Shared Dirtied Blocks":0,"Shared Hit Blocks":4,"Shared Read Blocks":0,"Shared Written Blocks":0,"Startup Cost":0.0,"Temp Read Blocks":0,"Temp Written Blocks":0,"Total Cost":4.74}],"Recheck Cond":"((plan_id = '2dd510d2-581f-4a28-a478-04c4c39ee326'::uuid) AND (organization_id = '39d8ec29-60a2-4f98-95dc-5030c3f0445d'::uuid) AND (kind = 'option'::text) AND (id > '90000000-0000-0000-0000-000000000032'::uuid))","Relation Name":"migration_metadata_mapping","Rows Removed by Filter":0,"Rows Removed by Index Recheck":0,"Shared Dirtied Blocks":0,"Shared Hit Blocks":11,"Shared Read Blocks":0,"Shared Written Blocks":0,"Startup Cost":4.74,"Temp Read Blocks":0,"Temp Written Blocks":0,"Total Cost":86.41}],"Shared Dirtied Blocks":0,"Shared Hit Blocks":11,"Shared Read Blocks":0,"Shared Written Blocks":0,"Sort Key":["id"],"Sort Method":"quicksort","Sort Space Type":"Memory","Sort Space Used":25,"Startup Cost":86.42,"Temp Read Blocks":0,"Temp Written Blocks":0,"Total Cost":86.42}],"Shared Dirtied Blocks":0,"Shared Hit Blocks":11,"Shared Read Blocks":0,"Shared Written Blocks":0,"Startup Cost":86.42,"Temp Read Blocks":0,"Temp Written Blocks":0,"Total Cost":86.42},"Planning":{"Local Dirtied Blocks":0,"Local Hit Blocks":0,"Local Read Blocks":0,"Local Written Blocks":0,"Shared Dirtied Blocks":0,"Shared Hit Blocks":0,"Shared Read Blocks":0,"Shared Written Blocks":0,"Temp Read Blocks":0,"Temp Written Blocks":0},"Planning Time":0.062,"Triggers":[]}],"sql":"SELECT id FROM migration_metadata_mapping WHERE plan_id=$1 AND import_id=$2 AND organization_id=$3 AND id>$4 AND ($5::text IS NULL OR kind=$5) ORDER BY id LIMIT $6","sql_sha256":"c49875c3f604d6f82b542d281ff4e454ceebd22898542746ed6684d4a98727d1"}
CRM_010F1_METADATA_BOUND {"examined":20.0,"indexed_required":true,"label":"mapping_option_deep","maximum":21.0,"relation":"migration_metadata_mapping"}

thread 'db_metadata_import_plans::metadata_hot_queries_at_d050' (12592249) panicked at crates/crm-api/tests/db_metadata_import_plans.rs:154:24:
assertion `left == right` failed
  left: None
 right: Some(20)
CRM_010F1_METADATA_PLAN {"bindings":["2dd510d2-581f-4a28-a478-04c4c39ee326","67658043-e9c4-443e-ad79-672e8508c075","39d8ec29-60a2-4f98-95dc-5030c3f0445d","90000000-0000-0000-0000-000000000014","field",51],"label":"mapping_field_tail","plan":[{"Execution Time":0.01,"Plan":{"Actual Loops":1,"Actual Rows":0.0,"Actual Startup Time":0.005,"Actual Total Time":0.006,"Async Capable":false,"Disabled":false,"Local Dirtied Blocks":0,"Local Hit Blocks":0,"Local Read Blocks":0,"Local Written Blocks":0,"Node Type":"Limit","Parallel Aware":false,"Plan Rows":1,"Plan Width":16,"Plans":[{"Actual Loops":1,"Actual Rows":0.0,"Actual Startup Time":0.005,"Actual Total Time":0.005,"Async Capable":false,"Disabled":false,"Local Dirtied Blocks":0,"Local Hit Blocks":0,"Local Read Blocks":0,"Local Written Blocks":0,"Node Type":"Sort","Parallel Aware":false,"Parent Relationship":"Outer","Plan Rows":1,"Plan Width":16,"Plans":[{"Actual Loops":1,"Actual Rows":0.0,"Actual Startup Time":0.004,"Actual Total Time":0.004,"Alias":"migration_metadata_mapping","Async Capable":false,"Disabled":false,"Exact Heap Blocks":0,"Filter":"(import_id = '67658043-e9c4-443e-ad79-672e8508c075'::uuid)","Local Dirtied Blocks":0,"Local Hit Blocks":0,"Local Read Blocks":0,"Local Written Blocks":0,"Lossy Heap Blocks":0,"Node Type":"Bitmap Heap Scan","Parallel Aware":false,"Parent Relationship":"Outer","Plan Rows":1,"Plan Width":16,"Plans":[{"Actual Loops":1,"Actual Rows":0.0,"Actual Startup Time":0.003,"Actual Total Time":0.003,"Async Capable":false,"Disabled":false,"Index Cond":"((plan_id = '2dd510d2-581f-4a28-a478-04c4c39ee326'::uuid) AND (organization_id = '39d8ec29-60a2-4f98-95dc-5030c3f0445d'::uuid) AND (kind = 'field'::text) AND (id > '90000000-0000-0000-0000-000000000014'::uuid))","Index Name":"migration_metadata_mapping_page","Index Searches":1,"Local Dirtied Blocks":0,"Local Hit Blocks":0,"Local Read Blocks":0,"Local Written Blocks":0,"Node Type":"Bitmap Index Scan","Parallel Aware":false,"Parent Relationship":"Outer","Plan Rows":5,"Plan Width":0,"Shared Dirtied Blocks":0,"Shared Hit Blocks":3,"Shared Read Blocks":0,"Shared Written Blocks":0,"Startup Cost":0.0,"Temp Read Blocks":0,"Temp Written Blocks":0,"Total Cost":4.49}],"Recheck Cond":"((plan_id = '2dd510d2-581f-4a28-a478-04c4c39ee326'::uuid) AND (organization_id = '39d8ec29-60a2-4f98-95dc-5030c3f0445d'::uuid) AND (kind = 'field'::text) AND (id > '90000000-0000-0000-0000-000000000014'::uuid))","Relation Name":"migration_metadata_mapping","Rows Removed by Filter":0,"Rows Removed by Index Recheck":0,"Shared Dirtied Blocks":0,"Shared Hit Blocks":3,"Shared Read Blocks":0,"Shared Written Blocks":0,"Startup Cost":4.49,"Temp Read Blocks":0,"Temp Written Blocks":0,"Total Cost":23.86}],"Shared Dirtied Blocks":0,"Shared Hit Blocks":3,"Shared Read Blocks":0,"Shared Written Blocks":0,"Sort Key":["id"],"Sort Method":"quicksort","Sort Space Type":"Memory","Sort Space Used":25,"Startup Cost":23.87,"Temp Read Blocks":0,"Temp Written Blocks":0,"Total Cost":23.88}],"Shared Dirtied Blocks":0,"Shared Hit Blocks":3,"Shared Read Blocks":0,"Shared Written Blocks":0,"Startup Cost":23.87,"Temp Read Blocks":0,"Temp Written Blocks":0,"Total Cost":23.88},"Planning":{"Local Dirtied Blocks":0,"Local Hit Blocks":0,"Local Read Blocks":0,"Local Written Blocks":0,"Shared Dirtied Blocks":0,"Shared Hit Blocks":0,"Shared Read Blocks":0,"Shared Written Blocks":0,"Temp Read Blocks":0,"Temp Written Blocks":0},"Planning Time":0.06,"Triggers":[]}],"sql":"SELECT id FROM migration_metadata_mapping WHERE plan_id=$1 AND import_id=$2 AND organization_id=$3 AND id>$4 AND ($5::text IS NULL OR kind=$5) ORDER BY id LIMIT $6","sql_sha256":"c49875c3f604d6f82b542d281ff4e454ceebd22898542746ed6684d4a98727d1"}
CRM_010F1_METADATA_BOUND {"examined":0.0,"indexed_required":true,"label":"mapping_field_tail","maximum":51.0,"relation":"migration_metadata_mapping"}

thread 'db_metadata_import_plans::metadata_hot_queries_at_d050' (12592249) panicked at crates/crm-api/tests/db_metadata_import_plans.rs:154:24:
assertion `left == right` failed
  left: None
 right: Some(0)
CRM_010F1_METADATA_PLAN {"bindings":["90000000-0000-0000-0000-000000000001","2dd510d2-581f-4a28-a478-04c4c39ee326","67658043-e9c4-443e-ad79-672e8508c075","39d8ec29-60a2-4f98-95dc-5030c3f0445d"],"label":"mapping_field_payload_point","plan":[{"Execution Time":0.009,"Plan":{"Actual Loops":1,"Actual Rows":1.0,"Actual Startup Time":0.004,"Actual Total Time":0.004,"Alias":"migration_metadata_mapping","Async Capable":false,"Disabled":false,"Index Cond":"((id = '90000000-0000-0000-0000-000000000001'::uuid) AND (plan_id = '2dd510d2-581f-4a28-a478-04c4c39ee326'::uuid) AND (import_id = '67658043-e9c4-443e-ad79-672e8508c075'::uuid) AND (organization_id = '39d8ec29-60a2-4f98-95dc-5030c3f0445d'::uuid))","Index Name":"migration_metadata_mapping_id_plan_id_import_id_organizatio_key","Index Searches":1,"Local Dirtied Blocks":0,"Local Hit Blocks":0,"Local Read Blocks":0,"Local Written Blocks":0,"Node Type":"Index Scan","Parallel Aware":false,"Plan Rows":1,"Plan Width":960,"Relation Name":"migration_metadata_mapping","Rows Removed by Index Recheck":0,"Scan Direction":"Forward","Shared Dirtied Blocks":0,"Shared Hit Blocks":3,"Shared Read Blocks":0,"Shared Written Blocks":0,"Startup Cost":0.29,"Temp Read Blocks":0,"Temp Written Blocks":0,"Total Cost":8.31},"Planning":{"Local Dirtied Blocks":0,"Local Hit Blocks":0,"Local Read Blocks":0,"Local Written Blocks":0,"Shared Dirtied Blocks":0,"Shared Hit Blocks":33,"Shared Read Blocks":0,"Shared Written Blocks":0,"Temp Read Blocks":0,"Temp Written Blocks":0},"Planning Time":0.081,"Triggers":[]}],"sql":"SELECT * FROM migration_metadata_mapping WHERE id=$1 AND plan_id=$2 AND import_id=$3 AND organization_id=$4","sql_sha256":"45edf8563492f479c28516f20e0002c942bcc3569cd2f34a7e68b68fab5b114d"}
CRM_010F1_METADATA_BOUND {"examined":1.0,"indexed_required":true,"label":"mapping_field_payload_point","maximum":1.0,"relation":"migration_metadata_mapping"}
CRM_010F1_METADATA_PLAN {"bindings":["30000000-0000-0000-0000-000000005dc1","2dd510d2-581f-4a28-a478-04c4c39ee326","67658043-e9c4-443e-ad79-672e8508c075","e44b1420-3f86-4e66-9456-c53831aaf475","39d8ec29-60a2-4f98-95dc-5030c3f0445d"],"label":"source_field_payload_point","plan":[{"Execution Time":0.01,"Plan":{"Actual Loops":1,"Actual Rows":1.0,"Actual Startup Time":0.006,"Actual Total Time":0.006,"Alias":"migration_metadata_source","Async Capable":false,"Disabled":false,"Filter":"(snapshot_id = 'e44b1420-3f86-4e66-9456-c53831aaf475'::uuid)","Index Cond":"((id = '30000000-0000-0000-0000-000000005dc1'::uuid) AND (plan_id = '2dd510d2-581f-4a28-a478-04c4c39ee326'::uuid) AND (import_id = '67658043-e9c4-443e-ad79-672e8508c075'::uuid) AND (organization_id = '39d8ec29-60a2-4f98-95dc-5030c3f0445d'::uuid))","Index Name":"migration_metadata_source_id_plan_id_import_id_organization_key","Index Searches":1,"Local Dirtied Blocks":0,"Local Hit Blocks":0,"Local Read Blocks":0,"Local Written Blocks":0,"Node Type":"Index Scan","Parallel Aware":false,"Plan Rows":1,"Plan Width":616,"Relation Name":"migration_metadata_source","Rows Removed by Filter":0,"Rows Removed by Index Recheck":0,"Scan Direction":"Forward","Shared Dirtied Blocks":0,"Shared Hit Blocks":3,"Shared Read Blocks":0,"Shared Written Blocks":0,"Startup Cost":0.29,"Temp Read Blocks":0,"Temp Written Blocks":0,"Total Cost":8.31},"Planning":{"Local Dirtied Blocks":0,"Local Hit Blocks":0,"Local Read Blocks":0,"Local Written Blocks":0,"Shared Dirtied Blocks":0,"Shared Hit Blocks":0,"Shared Read Blocks":0,"Shared Written Blocks":0,"Temp Read Blocks":0,"Temp Written Blocks":0},"Planning Time":0.034,"Triggers":[]}],"sql":"SELECT * FROM migration_metadata_source WHERE id=$1 AND plan_id=$2 AND import_id=$3 AND snapshot_id=$4 AND organization_id=$5","sql_sha256":"0446d62871d11c9a0ecc3ec37c057ec911c3b367a33ebd5b170c417219c599ae"}
CRM_010F1_METADATA_BOUND {"examined":1.0,"indexed_required":true,"label":"source_field_payload_point","maximum":1.0,"relation":"migration_metadata_source"}
CRM_010F1_METADATA_PLAN {"bindings":["2dd510d2-581f-4a28-a478-04c4c39ee326","39d8ec29-60a2-4f98-95dc-5030c3f0445d",[64,14,170,124,181,11,233,145,121,3,171,217,191,34,151,127,64,14,170,124,181,11,233,145,121,3,171,217,191,34,151,127]],"label":"field_name_collision_bound","plan":[{"Execution Time":0.032,"Plan":{"Actual Loops":1,"Actual Rows":1.0,"Actual Startup Time":0.023,"Actual Total Time":0.024,"Async Capable":false,"Disabled":false,"Local Dirtied Blocks":0,"Local Hit Blocks":0,"Local Read Blocks":0,"Local Written Blocks":0,"Node Type":"Aggregate","Parallel Aware":false,"Partial Mode":"Simple","Plan Rows":1,"Plan Width":8,"Plans":[{"Actual Loops":1,"Actual Rows":1.0,"Actual Startup Time":0.022,"Actual Total Time":0.022,"Async Capable":false,"Disabled":false,"Local Dirtied Blocks":0,"Local Hit Blocks":0,"Local Read Blocks":0,"Local Written Blocks":0,"Node Type":"Limit","Parallel Aware":false,"Parent Relationship":"Outer","Plan Rows":1,"Plan Width":4,"Plans":[{"Actual Loops":1,"Actual Rows":1.0,"Actual Startup Time":0.021,"Actual Total Time":0.022,"Alias":"migration_metadata_mapping","Async Capable":false,"Disabled":false,"Heap Fetches":1,"Index Cond":"((plan_id = '2dd510d2-581f-4a28-a478-04c4c39ee326'::uuid) AND (organization_id = '39d8ec29-60a2-4f98-95dc-5030c3f0445d'::uuid) AND (kind = 'field'::text) AND (name_hmac = '\\x400eaa7cb50be9917903abd9bf22977f400eaa7cb50be9917903abd9bf22977f'::bytea))","Index Name":"migration_metadata_mapping_name","Index Searches":1,"Local Dirtied Blocks":0,"Local Hit Blocks":0,"Local Read Blocks":0,"Local Written Blocks":0,"Node Type":"Index Only Scan","Parallel Aware":false,"Parent Relationship":"Outer","Plan Rows":1,"Plan Width":4,"Relation Name":"migration_metadata_mapping","Rows Removed by Index Recheck":0,"Scan Direction":"Forward","Shared Dirtied Blocks":0,"Shared Hit Blocks":1,"Shared Read Blocks":3,"Shared Written Blocks":0,"Startup Cost":0.41,"Temp Read Blocks":0,"Temp Written Blocks":0,"Total Cost":8.44}],"Shared Dirtied Blocks":0,"Shared Hit Blocks":1,"Shared Read Blocks":3,"Shared Written Blocks":0,"Startup Cost":0.41,"Temp Read Blocks":0,"Temp Written Blocks":0,"Total Cost":8.44}],"Shared Dirtied Blocks":0,"Shared Hit Blocks":1,"Shared Read Blocks":3,"Shared Written Blocks":0,"Startup Cost":8.45,"Strategy":"Plain","Temp Read Blocks":0,"Temp Written Blocks":0,"Total Cost":8.46},"Planning":{"Local Dirtied Blocks":0,"Local Hit Blocks":0,"Local Read Blocks":0,"Local Written Blocks":0,"Shared Dirtied Blocks":0,"Shared Hit Blocks":0,"Shared Read Blocks":0,"Shared Written Blocks":0,"Temp Read Blocks":0,"Temp Written Blocks":0},"Planning Time":0.07,"Triggers":[]}],"sql":"SELECT count(*) FROM (SELECT 1 FROM migration_metadata_mapping WHERE plan_id=$1 AND organization_id=$2 AND kind='field' AND name_hmac=$3 LIMIT 2) bounded","sql_sha256":"4d91d5506048612c26803876be0f6ce783b205368e2755b39e53ab84bae4d146"}
CRM_010F1_METADATA_BOUND {"examined":1.0,"indexed_required":true,"label":"field_name_collision_bound","maximum":2.0,"relation":"migration_metadata_mapping"}
CRM_010F1_METADATA_PLAN {"bindings":["2dd510d2-581f-4a28-a478-04c4c39ee326","39d8ec29-60a2-4f98-95dc-5030c3f0445d","tag","1332cd19-65d9-4677-94dd-384502c4f724"],"label":"candidate_target_collision_bound","plan":[{"Execution Time":0.023,"Plan":{"Actual Loops":1,"Actual Rows":1.0,"Actual Startup Time":0.016,"Actual Total Time":0.017,"Async Capable":false,"Disabled":false,"Local Dirtied Blocks":0,"Local Hit Blocks":0,"Local Read Blocks":0,"Local Written Blocks":0,"Node Type":"Aggregate","Parallel Aware":false,"Partial Mode":"Simple","Plan Rows":1,"Plan Width":8,"Plans":[{"Actual Loops":1,"Actual Rows":1.0,"Actual Startup Time":0.015,"Actual Total Time":0.016,"Async Capable":false,"Disabled":false,"Local Dirtied Blocks":0,"Local Hit Blocks":0,"Local Read Blocks":0,"Local Written Blocks":0,"Node Type":"Limit","Parallel Aware":false,"Parent Relationship":"Outer","Plan Rows":1,"Plan Width":4,"Plans":[{"Actual Loops":1,"Actual Rows":1.0,"Actual Startup Time":0.015,"Actual Total Time":0.015,"Alias":"migration_metadata_mapping","Async Capable":false,"Disabled":false,"Filter":"(candidate_disposition <> 'hold'::text)","Heap Fetches":1,"Index Cond":"((plan_id = '2dd510d2-581f-4a28-a478-04c4c39ee326'::uuid) AND (organization_id = '39d8ec29-60a2-4f98-95dc-5030c3f0445d'::uuid) AND (kind = 'tag'::text) AND (candidate_target_id = '1332cd19-65d9-4677-94dd-384502c4f724'::uuid))","Index Name":"migration_metadata_mapping_candidate","Index Searches":1,"Local Dirtied Blocks":0,"Local Hit Blocks":0,"Local Read Blocks":0,"Local Written Blocks":0,"Node Type":"Index Only Scan","Parallel Aware":false,"Parent Relationship":"Outer","Plan Rows":1,"Plan Width":4,"Relation Name":"migration_metadata_mapping","Rows Removed by Filter":0,"Rows Removed by Index Recheck":0,"Scan Direction":"Forward","Shared Dirtied Blocks":0,"Shared Hit Blocks":1,"Shared Read Blocks":2,"Shared Written Blocks":0,"Startup Cost":0.29,"Temp Read Blocks":0,"Temp Written Blocks":0,"Total Cost":16.92}],"Shared Dirtied Blocks":0,"Shared Hit Blocks":1,"Shared Read Blocks":2,"Shared Written Blocks":0,"Startup Cost":0.29,"Temp Read Blocks":0,"Temp Written Blocks":0,"Total Cost":16.92}],"Shared Dirtied Blocks":0,"Shared Hit Blocks":1,"Shared Read Blocks":2,"Shared Written Blocks":0,"Startup Cost":16.93,"Strategy":"Plain","Temp Read Blocks":0,"Temp Written Blocks":0,"Total Cost":16.94},"Planning":{"Local Dirtied Blocks":0,"Local Hit Blocks":0,"Local Read Blocks":0,"Local Written Blocks":0,"Shared Dirtied Blocks":0,"Shared Hit Blocks":0,"Shared Read Blocks":0,"Shared Written Blocks":0,"Temp Read Blocks":0,"Temp Written Blocks":0},"Planning Time":0.056,"Triggers":[]}],"sql":"SELECT count(*) FROM (SELECT 1 FROM migration_metadata_mapping WHERE plan_id=$1 AND organization_id=$2 AND kind=$3 AND candidate_target_id=$4 AND candidate_disposition<>'hold' LIMIT 2) bounded","sql_sha256":"3dbbca86ab93ae6c90e78c630cd167644a3f294d5f2351146e37835c66bc788c"}
CRM_010F1_METADATA_BOUND {"examined":1.0,"indexed_required":true,"label":"candidate_target_collision_bound","maximum":2.0,"relation":"migration_metadata_mapping"}
CRM_010F1_METADATA_PLAN {"bindings":["2dd510d2-581f-4a28-a478-04c4c39ee326","39d8ec29-60a2-4f98-95dc-5030c3f0445d","tag",[39,221,153,13,76,49,105,78,235,145,86,22,173,64,44,26,39,221,153,13,76,49,105,78,235,145,86,22,173,64,44,26],null],"label":"candidate_label_collision_bound","plan":[{"Execution Time":0.022,"Plan":{"Actual Loops":1,"Actual Rows":1.0,"Actual Startup Time":0.014,"Actual Total Time":0.014,"Async Capable":false,"Disabled":false,"Local Dirtied Blocks":0,"Local Hit Blocks":0,"Local Read Blocks":0,"Local Written Blocks":0,"Node Type":"Aggregate","Parallel Aware":false,"Partial Mode":"Simple","Plan Rows":1,"Plan Width":8,"Plans":[{"Actual Loops":1,"Actual Rows":1.0,"Actual Startup Time":0.013,"Actual Total Time":0.013,"Async Capable":false,"Disabled":false,"Local Dirtied Blocks":0,"Local Hit Blocks":0,"Local Read Blocks":0,"Local Written Blocks":0,"Node Type":"Limit","Parallel Aware":false,"Parent Relationship":"Outer","Plan Rows":1,"Plan Width":4,"Plans":[{"Actual Loops":1,"Actual Rows":1.0,"Actual Startup Time":0.013,"Actual Total Time":0.013,"Alias":"migration_metadata_mapping","Async Capable":false,"Disabled":false,"Filter":"((NOT (candidate_field_id IS DISTINCT FROM NULL::uuid)) AND (candidate_disposition = 'create_matching'::text))","Index Cond":"((plan_id = '2dd510d2-581f-4a28-a478-04c4c39ee326'::uuid) AND (organization_id = '39d8ec29-60a2-4f98-95dc-5030c3f0445d'::uuid) AND (kind = 'tag'::text) AND (target_label_hmac = '\\x27dd990d4c31694eeb915616ad402c1a27dd990d4c31694eeb915616ad402c1a'::bytea))","Index Name":"migration_metadata_mapping_label","Index Searches":1,"Local Dirtied Blocks":0,"Local Hit Blocks":0,"Local Read Blocks":0,"Local Written Blocks":0,"Node Type":"Index Scan","Parallel Aware":false,"Parent Relationship":"Outer","Plan Rows":1,"Plan Width":4,"Relation Name":"migration_metadata_mapping","Rows Removed by Filter":0,"Rows Removed by Index Recheck":0,"Scan Direction":"Forward","Shared Dirtied Blocks":0,"Shared Hit Blocks":1,"Shared Read Blocks":2,"Shared Written Blocks":0,"Startup Cost":0.29,"Temp Read Blocks":0,"Temp Written Blocks":0,"Total Cost":8.32}],"Shared Dirtied Blocks":0,"Shared Hit Blocks":1,"Shared Read Blocks":2,"Shared Written Blocks":0,"Startup Cost":0.29,"Temp Read Blocks":0,"Temp Written Blocks":0,"Total Cost":8.32}],"Shared Dirtied Blocks":0,"Shared Hit Blocks":1,"Shared Read Blocks":2,"Shared Written Blocks":0,"Startup Cost":8.33,"Strategy":"Plain","Temp Read Blocks":0,"Temp Written Blocks":0,"Total Cost":8.34},"Planning":{"Local Dirtied Blocks":0,"Local Hit Blocks":0,"Local Read Blocks":0,"Local Written Blocks":0,"Shared Dirtied Blocks":0,"Shared Hit Blocks":0,"Shared Read Blocks":0,"Shared Written Blocks":0,"Temp Read Blocks":0,"Temp Written Blocks":0},"Planning Time":0.052,"Triggers":[]}],"sql":"SELECT count(*) FROM (SELECT 1 FROM migration_metadata_mapping WHERE plan_id=$1 AND organization_id=$2 AND kind=$3 AND candidate_disposition='create_matching' AND target_label_hmac=$4 AND candidate_field_id IS NOT DISTINCT FROM $5 LIMIT 2) bounded","sql_sha256":"a7edf04dc4c615045d65fcccfc71edb307bc297610aa1c0cb3d697a31c7c2ea6"}
CRM_010F1_METADATA_BOUND {"examined":1.0,"indexed_required":true,"label":"candidate_label_collision_bound","maximum":2.0,"relation":"migration_metadata_mapping"}
CRM_010F1_METADATA_PLAN {"bindings":["2dd510d2-581f-4a28-a478-04c4c39ee326","39d8ec29-60a2-4f98-95dc-5030c3f0445d","6087b4c5-e7c7-4bbb-9010-17ab55de9fac"],"label":"candidate_option_capacity_bound","plan":[{"Execution Time":0.059,"Plan":{"Actual Loops":1,"Actual Rows":1.0,"Actual Startup Time":0.052,"Actual Total Time":0.053,"Async Capable":false,"Disabled":false,"Local Dirtied Blocks":0,"Local Hit Blocks":0,"Local Read Blocks":0,"Local Written Blocks":0,"Node Type":"Aggregate","Parallel Aware":false,"Partial Mode":"Simple","Plan Rows":1,"Plan Width":8,"Plans":[{"Actual Loops":1,"Actual Rows":50.0,"Actual Startup Time":0.015,"Actual Total Time":0.049,"Async Capable":false,"Disabled":false,"Local Dirtied Blocks":0,"Local Hit Blocks":0,"Local Read Blocks":0,"Local Written Blocks":0,"Node Type":"Limit","Parallel Aware":false,"Parent Relationship":"Outer","Plan Rows":1,"Plan Width":4,"Plans":[{"Actual Loops":1,"Actual Rows":50.0,"Actual Startup Time":0.014,"Actual Total Time":0.046,"Alias":"migration_metadata_mapping","Async Capable":false,"Disabled":false,"Heap Fetches":100,"Index Cond":"((plan_id = '2dd510d2-581f-4a28-a478-04c4c39ee326'::uuid) AND (organization_id = '39d8ec29-60a2-4f98-95dc-5030c3f0445d'::uuid) AND (kind = 'option'::text) AND (candidate_disposition = 'create_matching'::text) AND (candidate_field_id = '6087b4c5-e7c7-4bbb-9010-17ab55de9fac'::uuid))","Index Name":"migration_metadata_mapping_candidate","Index Searches":1,"Local Dirtied Blocks":0,"Local Hit Blocks":0,"Local Read Blocks":0,"Local Written Blocks":0,"Node Type":"Index Only Scan","Parallel Aware":false,"Parent Relationship":"Outer","Plan Rows":1,"Plan Width":4,"Relation Name":"migration_metadata_mapping","Rows Removed by Index Recheck":0,"Scan Direction":"Forward","Shared Dirtied Blocks":0,"Shared Hit Blocks":101,"Shared Read Blocks":2,"Shared Written Blocks":0,"Startup Cost":0.29,"Temp Read Blocks":0,"Temp Written Blocks":0,"Total Cost":8.31}],"Shared Dirtied Blocks":0,"Shared Hit Blocks":101,"Shared Read Blocks":2,"Shared Written Blocks":0,"Startup Cost":0.29,"Temp Read Blocks":0,"Temp Written Blocks":0,"Total Cost":8.31}],"Shared Dirtied Blocks":0,"Shared Hit Blocks":101,"Shared Read Blocks":2,"Shared Written Blocks":0,"Startup Cost":8.33,"Strategy":"Plain","Temp Read Blocks":0,"Temp Written Blocks":0,"Total Cost":8.34},"Planning":{"Local Dirtied Blocks":0,"Local Hit Blocks":0,"Local Read Blocks":0,"Local Written Blocks":0,"Shared Dirtied Blocks":0,"Shared Hit Blocks":0,"Shared Read Blocks":0,"Shared Written Blocks":0,"Temp Read Blocks":0,"Temp Written Blocks":0},"Planning Time":0.051,"Triggers":[]}],"sql":"SELECT count(*) FROM (SELECT 1 FROM migration_metadata_mapping WHERE plan_id=$1 AND organization_id=$2 AND kind='option' AND candidate_field_id=$3 AND candidate_disposition='create_matching' LIMIT 51) bounded","sql_sha256":"138faed6061cc74e88cdeebcab5afffac06d71756b39713fd2c46d42d511fc4c"}
CRM_010F1_METADATA_BOUND {"examined":50.0,"indexed_required":true,"label":"candidate_option_capacity_bound","maximum":51.0,"relation":"migration_metadata_mapping"}
CRM_010F1_METADATA_PLAN {"bindings":["2dd510d2-581f-4a28-a478-04c4c39ee326","39d8ec29-60a2-4f98-95dc-5030c3f0445d","tag"],"label":"candidate_tag_capacity_bound","plan":[{"Execution Time":0.014,"Plan":{"Actual Loops":1,"Actual Rows":1.0,"Actual Startup Time":0.009,"Actual Total Time":0.009,"Async Capable":false,"Disabled":false,"Local Dirtied Blocks":0,"Local Hit Blocks":0,"Local Read Blocks":0,"Local Written Blocks":0,"Node Type":"Aggregate","Parallel Aware":false,"Partial Mode":"Simple","Plan Rows":1,"Plan Width":8,"Plans":[{"Actual Loops":1,"Actual Rows":11.0,"Actual Startup Time":0.004,"Actual Total Time":0.008,"Async Capable":false,"Disabled":false,"Local Dirtied Blocks":0,"Local Hit Blocks":0,"Local Read Blocks":0,"Local Written Blocks":0,"Node Type":"Limit","Parallel Aware":false,"Parent Relationship":"Outer","Plan Rows":1,"Plan Width":4,"Plans":[{"Actual Loops":1,"Actual Rows":11.0,"Actual Startup Time":0.004,"Actual Total Time":0.007,"Alias":"migration_metadata_mapping","Async Capable":false,"Disabled":false,"Heap Fetches":11,"Index Cond":"((plan_id = '2dd510d2-581f-4a28-a478-04c4c39ee326'::uuid) AND (organization_id = '39d8ec29-60a2-4f98-95dc-5030c3f0445d'::uuid) AND (kind = 'tag'::text) AND (candidate_disposition = 'create_matching'::text))","Index Name":"migration_metadata_mapping_candidate","Index Searches":1,"Local Dirtied Blocks":0,"Local Hit Blocks":0,"Local Read Blocks":0,"Local Written Blocks":0,"Node Type":"Index Only Scan","Parallel Aware":false,"Parent Relationship":"Outer","Plan Rows":1,"Plan Width":4,"Relation Name":"migration_metadata_mapping","Rows Removed by Index Recheck":0,"Scan Direction":"Forward","Shared Dirtied Blocks":0,"Shared Hit Blocks":8,"Shared Read Blocks":0,"Shared Written Blocks":0,"Startup Cost":0.29,"Temp Read Blocks":0,"Temp Written Blocks":0,"Total Cost":8.31}],"Shared Dirtied Blocks":0,"Shared Hit Blocks":8,"Shared Read Blocks":0,"Shared Written Blocks":0,"Startup Cost":0.29,"Temp Read Blocks":0,"Temp Written Blocks":0,"Total Cost":8.31}],"Shared Dirtied Blocks":0,"Shared Hit Blocks":8,"Shared Read Blocks":0,"Shared Written Blocks":0,"Startup Cost":8.32,"Strategy":"Plain","Temp Read Blocks":0,"Temp Written Blocks":0,"Total Cost":8.33},"Planning":{"Local Dirtied Blocks":0,"Local Hit Blocks":0,"Local Read Blocks":0,"Local Written Blocks":0,"Shared Dirtied Blocks":0,"Shared Hit Blocks":0,"Shared Read Blocks":0,"Shared Written Blocks":0,"Temp Read Blocks":0,"Temp Written Blocks":0},"Planning Time":0.047,"Triggers":[]}],"sql":"SELECT count(*) FROM (SELECT 1 FROM migration_metadata_mapping WHERE plan_id=$1 AND organization_id=$2 AND kind=$3 AND candidate_disposition='create_matching' LIMIT 201) bounded","sql_sha256":"8afa7249cc74824059a68c75d0529759386be85894f0215853f6149a5d2cbefc"}
CRM_010F1_METADATA_BOUND {"examined":11.0,"indexed_required":true,"label":"candidate_tag_capacity_bound","maximum":201.0,"relation":"migration_metadata_mapping"}
CRM_010F1_METADATA_PLAN {"bindings":["90000000-0000-0000-0000-00000000000a","39d8ec29-60a2-4f98-95dc-5030c3f0445d"],"label":"option_parent_count","plan":[{"Execution Time":0.039,"Plan":{"Actual Loops":1,"Actual Rows":1.0,"Actual Startup Time":0.032,"Actual Total Time":0.033,"Async Capable":false,"Disabled":false,"Local Dirtied Blocks":0,"Local Hit Blocks":0,"Local Read Blocks":0,"Local Written Blocks":0,"Node Type":"Aggregate","Parallel Aware":false,"Partial Mode":"Simple","Plan Rows":1,"Plan Width":8,"Plans":[{"Actual Loops":1,"Actual Rows":50.0,"Actual Startup Time":0.017,"Actual Total Time":0.029,"Alias":"migration_metadata_mapping","Async Capable":false,"Disabled":false,"Filter":"(candidate_disposition = 'create_matching'::text)","Index Cond":"((parent_mapping_id = '90000000-0000-0000-0000-00000000000a'::uuid) AND (organization_id = '39d8ec29-60a2-4f98-95dc-5030c3f0445d'::uuid))","Index Name":"migration_metadata_mapping_parent","Index Searches":1,"Local Dirtied Blocks":0,"Local Hit Blocks":0,"Local Read Blocks":0,"Local Written Blocks":0,"Node Type":"Index Scan","Parallel Aware":false,"Parent Relationship":"Outer","Plan Rows":1,"Plan Width":0,"Relation Name":"migration_metadata_mapping","Rows Removed by Filter":0,"Rows Removed by Index Recheck":0,"Scan Direction":"Forward","Shared Dirtied Blocks":0,"Shared Hit Blocks":7,"Shared Read Blocks":3,"Shared Written Blocks":0,"Startup Cost":0.41,"Temp Read Blocks":0,"Temp Written Blocks":0,"Total Cost":98.1}],"Shared Dirtied Blocks":0,"Shared Hit Blocks":7,"Shared Read Blocks":3,"Shared Written Blocks":0,"Startup Cost":98.1,"Strategy":"Plain","Temp Read Blocks":0,"Temp Written Blocks":0,"Total Cost":98.11},"Planning":{"Local Dirtied Blocks":0,"Local Hit Blocks":0,"Local Read Blocks":0,"Local Written Blocks":0,"Shared Dirtied Blocks":0,"Shared Hit Blocks":0,"Shared Read Blocks":0,"Shared Written Blocks":0,"Temp Read Blocks":0,"Temp Written Blocks":0},"Planning Time":0.037,"Triggers":[]}],"sql":"SELECT count(*) FROM migration_metadata_mapping WHERE parent_mapping_id=$1 AND organization_id=$2 AND candidate_disposition='create_matching'","sql_sha256":"e4f71feddf8ce153934c3e5fb35cec88c38640b8197825aefa6c0e1b72541d8b"}
CRM_010F1_METADATA_BOUND {"examined":50.0,"indexed_required":true,"label":"option_parent_count","maximum":50.0,"relation":"migration_metadata_mapping"}
CRM_010F1_METADATA_PLAN {"bindings":["90000000-0000-0000-0000-00000000000a","39d8ec29-60a2-4f98-95dc-5030c3f0445d"],"label":"option_parent_byte_bound","plan":[{"Execution Time":0.029,"Plan":{"Actual Loops":1,"Actual Rows":1.0,"Actual Startup Time":0.021,"Actual Total Time":0.021,"Async Capable":false,"Disabled":false,"Local Dirtied Blocks":0,"Local Hit Blocks":0,"Local Read Blocks":0,"Local Written Blocks":0,"Node Type":"Aggregate","Parallel Aware":false,"Partial Mode":"Simple","Plan Rows":1,"Plan Width":8,"Plans":[{"Actual Loops":1,"Actual Rows":50.0,"Actual Startup Time":0.004,"Actual Total Time":0.009,"Alias":"migration_metadata_mapping","Async Capable":false,"Disabled":false,"Index Cond":"((parent_mapping_id = '90000000-0000-0000-0000-00000000000a'::uuid) AND (organization_id = '39d8ec29-60a2-4f98-95dc-5030c3f0445d'::uuid))","Index Name":"migration_metadata_mapping_parent","Index Searches":1,"Local Dirtied Blocks":0,"Local Hit Blocks":0,"Local Read Blocks":0,"Local Written Blocks":0,"Node Type":"Index Scan","Parallel Aware":false,"Parent Relationship":"Outer","Plan Rows":50,"Plan Width":8,"Relation Name":"migration_metadata_mapping","Rows Removed by Index Recheck":0,"Scan Direction":"Forward","Shared Dirtied Blocks":0,"Shared Hit Blocks":10,"Shared Read Blocks":0,"Shared Written Blocks":0,"Startup Cost":0.41,"Temp Read Blocks":0,"Temp Written Blocks":0,"Total Cost":97.97}],"Shared Dirtied Blocks":0,"Shared Hit Blocks":10,"Shared Read Blocks":0,"Shared Written Blocks":0,"Startup Cost":98.1,"Strategy":"Plain","Temp Read Blocks":0,"Temp Written Blocks":0,"Total Cost":98.11},"Planning":{"Local Dirtied Blocks":0,"Local Hit Blocks":0,"Local Read Blocks":0,"Local Written Blocks":0,"Shared Dirtied Blocks":0,"Shared Hit Blocks":13,"Shared Read Blocks":2,"Shared Written Blocks":0,"Temp Read Blocks":0,"Temp Written Blocks":0},"Planning Time":0.087,"Triggers":[]}],"sql":"SELECT COALESCE(sum(added_byte_bound),0)::bigint FROM migration_metadata_mapping WHERE parent_mapping_id=$1 AND organization_id=$2","sql_sha256":"b9bf5ea8915c2033c747899314ece4732983326d81d7e3a753b10f09d924ef40"}
CRM_010F1_METADATA_BOUND {"examined":50.0,"indexed_required":true,"label":"option_parent_byte_bound","maximum":50.0,"relation":"migration_metadata_mapping"}
CRM_010F1_METADATA_PLAN {"bindings":["39d8ec29-60a2-4f98-95dc-5030c3f0445d",17,"tag",[39,221,153,13,76,49,105,78,235,145,86,22,173,64,44,26,39,221,153,13,76,49,105,78,235,145,86,22,173,64,44,26]],"label":"catalog_identity_point","plan":[{"Execution Time":0.019,"Plan":{"Actual Loops":1,"Actual Rows":1.0,"Actual Startup Time":0.012,"Actual Total Time":0.016,"Alias":"migration_metadata_identity","Async Capable":false,"Disabled":false,"Filter":"((organization_id = '39d8ec29-60a2-4f98-95dc-5030c3f0445d'::uuid) AND (source_account_id = '17'::bigint) AND (kind = 'tag'::text) AND (source_key = '\\x27dd990d4c31694eeb915616ad402c1a27dd990d4c31694eeb915616ad402c1a'::bytea))","Local Dirtied Blocks":0,"Local Hit Blocks":0,"Local Read Blocks":0,"Local Written Blocks":0,"Node Type":"Seq Scan","Parallel Aware":false,"Plan Rows":1,"Plan Width":16,"Relation Name":"migration_metadata_identity","Rows Removed by Filter":69,"Shared Dirtied Blocks":0,"Shared Hit Blocks":2,"Shared Read Blocks":0,"Shared Written Blocks":0,"Startup Cost":0.0,"Temp Read Blocks":0,"Temp Written Blocks":0,"Total Cost":3.4},"Planning":{"Local Dirtied Blocks":0,"Local Hit Blocks":0,"Local Read Blocks":0,"Local Written Blocks":0,"Shared Dirtied Blocks":0,"Shared Hit Blocks":27,"Shared Read Blocks":0,"Shared Written Blocks":0,"Temp Read Blocks":0,"Temp Written Blocks":0},"Planning Time":0.058,"Triggers":[]}],"sql":"SELECT target_id FROM migration_metadata_identity WHERE organization_id=$1 AND source_account_id=$2 AND kind=$3 AND source_key=$4","sql_sha256":"b4d07971f4f7fcbd19b10a8ee05f12e464be58a0acb13f6d40a5dcf05bab8252"}
CRM_010F1_METADATA_BOUND {"examined":70.0,"indexed_required":false,"label":"catalog_identity_point","maximum":70.0,"relation":"migration_metadata_identity"}
CRM_010F1_METADATA_PLAN {"bindings":["2dd510d2-581f-4a28-a478-04c4c39ee326","39d8ec29-60a2-4f98-95dc-5030c3f0445d",[54,61,88,163,107,4,62,194,117,214,24,2,70,79,233,217,54,61,88,163,107,4,62,194,117,214,24,2,70,79,233,217],"90000000-0000-0000-0000-00000000000a"],"label":"option_exact_source_key","plan":[{"Execution Time":0.032,"Plan":{"Actual Loops":1,"Actual Rows":1.0,"Actual Startup Time":0.028,"Actual Total Time":0.028,"Alias":"migration_metadata_mapping","Async Capable":false,"Disabled":false,"Filter":"(parent_mapping_id = '90000000-0000-0000-0000-00000000000a'::uuid)","Index Cond":"((plan_id = '2dd510d2-581f-4a28-a478-04c4c39ee326'::uuid) AND (organization_id = '39d8ec29-60a2-4f98-95dc-5030c3f0445d'::uuid) AND (kind = 'option'::text) AND (source_key = '\\x363d58a36b043ec275d61802464fe9d9363d58a36b043ec275d61802464fe9d9'::bytea))","Index Name":"migration_metadata_mapping_plan_id_organization_id_kind_sou_key","Index Searches":1,"Local Dirtied Blocks":0,"Local Hit Blocks":0,"Local Read Blocks":0,"Local Written Blocks":0,"Node Type":"Index Scan","Parallel Aware":false,"Plan Rows":1,"Plan Width":37,"Relation Name":"migration_metadata_mapping","Rows Removed by Filter":0,"Rows Removed by Index Recheck":0,"Scan Direction":"Forward","Shared Dirtied Blocks":0,"Shared Hit Blocks":3,"Shared Read Blocks":3,"Shared Written Blocks":0,"Startup Cost":0.41,"Temp Read Blocks":0,"Temp Written Blocks":0,"Total Cost":8.44},"Planning":{"Local Dirtied Blocks":0,"Local Hit Blocks":0,"Local Read Blocks":0,"Local Written Blocks":0,"Shared Dirtied Blocks":0,"Shared Hit Blocks":0,"Shared Read Blocks":0,"Shared Written Blocks":0,"Temp Read Blocks":0,"Temp Written Blocks":0},"Planning Time":0.049,"Triggers":[]}],"sql":"SELECT target_id,disposition,target_field_id FROM migration_metadata_mapping WHERE plan_id=$1 AND organization_id=$2 AND kind='option' AND source_key=$3 AND parent_mapping_id=$4","sql_sha256":"c74919e50c93c6d588206113efc4a46ddbfa04346dad2c63cc6c840a84f18917"}
CRM_010F1_METADATA_BOUND {"examined":1.0,"indexed_required":true,"label":"option_exact_source_key","maximum":1.0,"relation":"migration_metadata_mapping"}
CRM_010F1_METADATA_PLAN {"bindings":["2dd510d2-581f-4a28-a478-04c4c39ee326","39d8ec29-60a2-4f98-95dc-5030c3f0445d","00000000-0000-0000-0000-000000000000"],"label":"person_field_catalog_page","plan":[{"Execution Time":0.022,"Plan":{"Actual Loops":1,"Actual Rows":11.0,"Actual Startup Time":0.013,"Actual Total Time":0.015,"Async Capable":false,"Disabled":false,"Local Dirtied Blocks":0,"Local Hit Blocks":0,"Local Read Blocks":0,"Local Written Blocks":0,"Node Type":"Limit","Parallel Aware":false,"Plan Rows":11,"Plan Width":960,"Plans":[{"Actual Loops":1,"Actual Rows":11.0,"Actual Startup Time":0.013,"Actual Total Time":0.014,"Async Capable":false,"Disabled":false,"Local Dirtied Blocks":0,"Local Hit Blocks":0,"Local Read Blocks":0,"Local Written Blocks":0,"Node Type":"Sort","Parallel Aware":false,"Parent Relationship":"Outer","Plan Rows":11,"Plan Width":960,"Plans":[{"Actual Loops":1,"Actual Rows":11.0,"Actual Startup Time":0.007,"Actual Total Time":0.009,"Alias":"migration_metadata_mapping","Async Capable":false,"Disabled":false,"Exact Heap Blocks":2,"Filter":"(id > '00000000-0000-0000-0000-000000000000'::uuid)","Local Dirtied Blocks":0,"Local Hit Blocks":0,"Local Read Blocks":0,"Local Written Blocks":0,"Lossy Heap Blocks":0,"Node Type":"Bitmap Heap Scan","Parallel Aware":false,"Parent Relationship":"Outer","Plan Rows":11,"Plan Width":960,"Plans":[{"Actual Loops":1,"Actual Rows":11.0,"Actual Startup Time":0.004,"Actual Total Time":0.004,"Async Capable":false,"Disabled":false,"Index Cond":"((plan_id = '2dd510d2-581f-4a28-a478-04c4c39ee326'::uuid) AND (organization_id = '39d8ec29-60a2-4f98-95dc-5030c3f0445d'::uuid) AND (kind = 'field'::text))","Index Name":"migration_metadata_mapping_source","Index Searches":1,"Local Dirtied Blocks":0,"Local Hit Blocks":0,"Local Read Blocks":0,"Local Written Blocks":0,"Node Type":"Bitmap Index Scan","Parallel Aware":false,"Parent Relationship":"Outer","Plan Rows":11,"Plan Width":0,"Shared Dirtied Blocks":0,"Shared Hit Blocks":2,"Shared Read Blocks":0,"Shared Written Blocks":0,"Startup Cost":0.0,"Temp Read Blocks":0,"Temp Written Blocks":0,"Total Cost":4.42}],"Recheck Cond":"((plan_id = '2dd510d2-581f-4a28-a478-04c4c39ee326'::uuid) AND (organization_id = '39d8ec29-60a2-4f98-95dc-5030c3f0445d'::uuid) AND (kind = 'field'::text))","Relation Name":"migration_metadata_mapping","Rows Removed by Filter":0,"Rows Removed by Index Recheck":0,"Shared Dirtied Blocks":0,"Shared Hit Blocks":4,"Shared Read Blocks":0,"Shared Written Blocks":0,"Startup Cost":4.43,"Temp Read Blocks":0,"Temp Written Blocks":0,"Total Cost":46.23}],"Shared Dirtied Blocks":0,"Shared Hit Blocks":4,"Shared Read Blocks":0,"Shared Written Blocks":0,"Sort Key":["id"],"Sort Method":"quicksort","Sort Space Type":"Memory","Sort Space Used":36,"Startup Cost":46.42,"Temp Read Blocks":0,"Temp Written Blocks":0,"Total Cost":46.45}],"Shared Dirtied Blocks":0,"Shared Hit Blocks":4,"Shared Read Blocks":0,"Shared Written Blocks":0,"Startup Cost":46.42,"Temp Read Blocks":0,"Temp Written Blocks":0,"Total Cost":46.45},"Planning":{"Local Dirtied Blocks":0,"Local Hit Blocks":0,"Local Read Blocks":0,"Local Written Blocks":0,"Shared Dirtied Blocks":0,"Shared Hit Blocks":3,"Shared Read Blocks":0,"Shared Written Blocks":0,"Temp Read Blocks":0,"Temp Written Blocks":0},"Planning Time":0.077,"Triggers":[]}],"sql":"SELECT * FROM migration_metadata_mapping WHERE plan_id=$1 AND organization_id=$2 AND kind='field' AND id>$3 ORDER BY id LIMIT 50","sql_sha256":"f2dd32577512ff774f83e01b46a5a0abad12e7a980a70aa3182cf2108c58f9ba"}
CRM_010F1_METADATA_BOUND {"examined":11.0,"indexed_required":true,"label":"person_field_catalog_page","maximum":11.0,"relation":"migration_metadata_mapping"}
CRM_010F1_METADATA_PLAN {"bindings":["2dd510d2-581f-4a28-a478-04c4c39ee326","39d8ec29-60a2-4f98-95dc-5030c3f0445d","30000000-0000-0000-0000-000000005dc1",0],"label":"alias_person_element_point","plan":[{"Execution Time":0.04,"Plan":{"Actual Loops":1,"Actual Rows":1.0,"Actual Startup Time":0.03,"Actual Total Time":0.031,"Async Capable":false,"Disabled":false,"Inner Unique":true,"Join Type":"Inner","Local Dirtied Blocks":0,"Local Hit Blocks":0,"Local Read Blocks":0,"Local Written Blocks":0,"Node Type":"Nested Loop","Parallel Aware":false,"Plan Rows":1,"Plan Width":960,"Plans":[{"Actual Loops":1,"Actual Rows":1.0,"Actual Startup Time":0.024,"Actual Total Time":0.024,"Alias":"a","Async Capable":false,"Disabled":false,"Index Cond":"((plan_id = '2dd510d2-581f-4a28-a478-04c4c39ee326'::uuid) AND (organization_id = '39d8ec29-60a2-4f98-95dc-5030c3f0445d'::uuid) AND (source_row_id = '30000000-0000-0000-0000-000000005dc1'::uuid) AND (element_ordinal = 0))","Index Name":"migration_metadata_alias_plan_id_organization_id_source_row_key","Index Searches":1,"Local Dirtied Blocks":0,"Local Hit Blocks":0,"Local Read Blocks":0,"Local Written Blocks":0,"Node Type":"Index Scan","Parallel Aware":false,"Parent Relationship":"Outer","Plan Rows":1,"Plan Width":48,"Relation Name":"migration_metadata_alias","Rows Removed by Index Recheck":0,"Scan Direction":"Forward","Shared Dirtied Blocks":0,"Shared Hit Blocks":1,"Shared Read Blocks":3,"Shared Written Blocks":0,"Startup Cost":0.42,"Temp Read Blocks":0,"Temp Written Blocks":0,"Total Cost":8.45},{"Actual Loops":1,"Actual Rows":1.0,"Actual Startup Time":0.004,"Actual Total Time":0.004,"Alias":"m","Async Capable":false,"Disabled":false,"Index Cond":"((id = a.mapping_id) AND (plan_id = '2dd510d2-581f-4a28-a478-04c4c39ee326'::uuid) AND (organization_id = '39d8ec29-60a2-4f98-95dc-5030c3f0445d'::uuid))","Index Name":"migration_metadata_mapping_id_plan_id_import_id_organizatio_key","Index Searches":1,"Local Dirtied Blocks":0,"Local Hit Blocks":0,"Local Read Blocks":0,"Local Written Blocks":0,"Node Type":"Index Scan","Parallel Aware":false,"Parent Relationship":"Inner","Plan Rows":1,"Plan Width":960,"Relation Name":"migration_metadata_mapping","Rows Removed by Index Recheck":0,"Scan Direction":"Forward","Shared Dirtied Blocks":0,"Shared Hit Blocks":3,"Shared Read Blocks":0,"Shared Written Blocks":0,"Startup Cost":0.29,"Temp Read Blocks":0,"Temp Written Blocks":0,"Total Cost":8.31}],"Shared Dirtied Blocks":0,"Shared Hit Blocks":4,"Shared Read Blocks":3,"Shared Written Blocks":0,"Startup Cost":0.71,"Temp Read Blocks":0,"Temp Written Blocks":0,"Total Cost":16.97},"Planning":{"Local Dirtied Blocks":0,"Local Hit Blocks":0,"Local Read Blocks":0,"Local Written Blocks":0,"Shared Dirtied Blocks":0,"Shared Hit Blocks":65,"Shared Read Blocks":0,"Shared Written Blocks":0,"Temp Read Blocks":0,"Temp Written Blocks":0},"Planning Time":0.198,"Triggers":[]}],"sql":"SELECT m.* FROM migration_metadata_alias a JOIN migration_metadata_mapping m ON m.id=a.mapping_id AND m.plan_id=a.plan_id AND m.organization_id=a.organization_id WHERE a.plan_id=$1 AND a.organization_id=$2 AND a.source_row_id=$3 AND a.element_ordinal=$4","sql_sha256":"09422b7dc9822e46a2dfb6ed2c2e28aad55ef221f1cf8cf83524a84a433c3ab6"}
CRM_010F1_METADATA_BOUND {"examined":1.0,"indexed_required":true,"label":"alias_person_element_point","maximum":1.0,"relation":"migration_metadata_alias"}
CRM_010F1_METADATA_BOUND {"examined":1.0,"indexed_required":true,"label":"alias_person_element_point","maximum":1.0,"relation":"migration_metadata_mapping"}

thread 'db_metadata_import_plans::metadata_hot_queries_at_d050' (12592249) panicked at crates/crm-api/tests/db_metadata_import_plans.rs:154:24:
assertion `left == right` failed
  left: None
 right: Some(1)
CRM_010F1_METADATA_PLAN {"bindings":["90000000-0000-0000-0000-00000000000b","39d8ec29-60a2-4f98-95dc-5030c3f0445d",[39,221,153,13,76,49,105,78,235,145,86,22,173,64,44,26,39,221,153,13,76,49,105,78,235,145,86,22,173,64,44,26]],"label":"alias_exact_raw_shared_tag","plan":[{"Execution Time":0.061,"Plan":{"Actual Loops":1,"Actual Rows":1.0,"Actual Startup Time":0.048,"Actual Total Time":0.048,"Async Capable":false,"Disabled":false,"Local Dirtied Blocks":0,"Local Hit Blocks":0,"Local Read Blocks":0,"Local Written Blocks":0,"Node Type":"Limit","Parallel Aware":false,"Plan Rows":1,"Plan Width":636,"Plans":[{"Actual Loops":1,"Actual Rows":1.0,"Actual Startup Time":0.048,"Actual Total Time":0.048,"Async Capable":false,"Disabled":false,"Inner Unique":true,"Join Type":"Inner","Local Dirtied Blocks":0,"Local Hit Blocks":0,"Local Read Blocks":0,"Local Written Blocks":0,"Node Type":"Nested Loop","Parallel Aware":false,"Parent Relationship":"Outer","Plan Rows":2492,"Plan Width":636,"Plans":[{"Actual Loops":1,"Actual Rows":1.0,"Actual Startup Time":0.037,"Actual Total Time":0.037,"Alias":"a","Async Capable":false,"Disabled":false,"Index Cond":"((mapping_id = '90000000-0000-0000-0000-00000000000b'::uuid) AND (organization_id = '39d8ec29-60a2-4f98-95dc-5030c3f0445d'::uuid) AND (alias_key = '\\x27dd990d4c31694eeb915616ad402c1a27dd990d4c31694eeb915616ad402c1a'::bytea))","Index Name":"migration_metadata_alias_exact","Index Searches":1,"Local Dirtied Blocks":0,"Local Hit Blocks":0,"Local Read Blocks":0,"Local Written Blocks":0,"Node Type":"Index Scan","Parallel Aware":false,"Parent Relationship":"Outer","Plan Rows":2492,"Plan Width":52,"Relation Name":"migration_metadata_alias","Rows Removed by Index Recheck":0,"Scan Direction":"Forward","Shared Dirtied Blocks":0,"Shared Hit Blocks":0,"Shared Read Blocks":5,"Shared Written Blocks":0,"Startup Cost":0.55,"Temp Read Blocks":0,"Temp Written Blocks":0,"Total Cost":8268.44},{"Actual Loops":1,"Actual Rows":1.0,"Actual Startup Time":0.009,"Actual Total Time":0.009,"Async Capable":false,"Cache Evictions":0,"Cache Hits":0,"Cache Key":"a.source_row_id","Cache Misses":1,"Cache Mode":"logical","Cache Overflows":0,"Disabled":false,"Local Dirtied Blocks":0,"Local Hit Blocks":0,"Local Read Blocks":0,"Local Written Blocks":0,"Node Type":"Memoize","Parallel Aware":false,"Parent Relationship":"Inner","Peak Memory Usage":1,"Plan Rows":1,"Plan Width":616,"Plans":[{"Actual Loops":1,"Actual Rows":1.0,"Actual Startup Time":0.006,"Actual Total Time":0.006,"Alias":"s","Async Capable":false,"Disabled":false,"Filter":"(organization_id = '39d8ec29-60a2-4f98-95dc-5030c3f0445d'::uuid)","Index Cond":"(id = a.source_row_id)","Index Name":"migration_metadata_source_pkey","Index Searches":1,"Local Dirtied Blocks":0,"Local Hit Blocks":0,"Local Read Blocks":0,"Local Written Blocks":0,"Node Type":"Index Scan","Parallel Aware":false,"Parent Relationship":"Outer","Plan Rows":1,"Plan Width":616,"Relation Name":"migration_metadata_source","Rows Removed by Filter":0,"Rows Removed by Index Recheck":0,"Scan Direction":"Forward","Shared Dirtied Blocks":0,"Shared Hit Blocks":3,"Shared Read Blocks":0,"Shared Written Blocks":0,"Startup Cost":0.29,"Temp Read Blocks":0,"Temp Written Blocks":0,"Total Cost":2.98}],"Shared Dirtied Blocks":0,"Shared Hit Blocks":3,"Shared Read Blocks":0,"Shared Written Blocks":0,"Startup Cost":0.3,"Temp Read Blocks":0,"Temp Written Blocks":0,"Total Cost":2.99}],"Shared Dirtied Blocks":0,"Shared Hit Blocks":3,"Shared Read Blocks":5,"Shared Written Blocks":0,"Startup Cost":0.84,"Temp Read Blocks":0,"Temp Written Blocks":0,"Total Cost":15439.98}],"Shared Dirtied Blocks":0,"Shared Hit Blocks":3,"Shared Read Blocks":5,"Shared Written Blocks":0,"Startup Cost":0.84,"Temp Read Blocks":0,"Temp Written Blocks":0,"Total Cost":7.04},"Planning":{"Local Dirtied Blocks":0,"Local Hit Blocks":0,"Local Read Blocks":0,"Local Written Blocks":0,"Shared Dirtied Blocks":0,"Shared Hit Blocks":17,"Shared Read Blocks":0,"Shared Written Blocks":0,"Temp Read Blocks":0,"Temp Written Blocks":0},"Planning Time":0.139,"Triggers":[]}],"sql":"SELECT a.element_ordinal,s.* FROM migration_metadata_alias a JOIN migration_metadata_source s ON s.id=a.source_row_id AND s.organization_id=a.organization_id WHERE a.mapping_id=$1 AND a.organization_id=$2 AND a.alias_key=$3 ORDER BY a.id LIMIT 1","sql_sha256":"1d4b8422828a6de4ef1e14faed47a3e2d4150ea7148e929998935ecf1d74b985"}
CRM_010F1_METADATA_BOUND {"examined":1.0,"indexed_required":true,"label":"alias_exact_raw_shared_tag","maximum":1.0,"relation":"migration_metadata_alias"}
CRM_010F1_METADATA_BOUND {"examined":1.0,"indexed_required":true,"label":"alias_exact_raw_shared_tag","maximum":1.0,"relation":"migration_metadata_source"}

thread 'db_metadata_import_plans::metadata_hot_queries_at_d050' (12592249) panicked at crates/crm-api/tests/db_metadata_import_plans.rs:154:24:
assertion `left == right` failed
  left: None
 right: Some(1)
CRM_010F1_METADATA_PLAN {"bindings":["90000000-0000-0000-0000-00000000000b","2dd510d2-581f-4a28-a478-04c4c39ee326","67658043-e9c4-443e-ad79-672e8508c075","39d8ec29-60a2-4f98-95dc-5030c3f0445d","00000000-0000-0000-0000-000000000000",51],"label":"alias_first","plan":[{"Execution Time":0.098,"Plan":{"Actual Loops":1,"Actual Rows":51.0,"Actual Startup Time":0.006,"Actual Total Time":0.092,"Async Capable":false,"Disabled":false,"Local Dirtied Blocks":0,"Local Hit Blocks":0,"Local Read Blocks":0,"Local Written Blocks":0,"Node Type":"Limit","Parallel Aware":false,"Plan Rows":51,"Plan Width":36,"Plans":[{"Actual Loops":1,"Actual Rows":51.0,"Actual Startup Time":0.006,"Actual Total Time":0.089,"Alias":"migration_metadata_alias","Async Capable":false,"Disabled":false,"Filter":"((mapping_id = '90000000-0000-0000-0000-00000000000b'::uuid) AND (plan_id = '2dd510d2-581f-4a28-a478-04c4c39ee326'::uuid) AND (import_id = '67658043-e9c4-443e-ad79-672e8508c075'::uuid) AND (organization_id = '39d8ec29-60a2-4f98-95dc-5030c3f0445d'::uuid))","Index Cond":"(id > '00000000-0000-0000-0000-000000000000'::uuid)","Index Name":"migration_metadata_alias_pkey","Index Searches":1,"Local Dirtied Blocks":0,"Local Hit Blocks":0,"Local Read Blocks":0,"Local Written Blocks":0,"Node Type":"Index Scan","Parallel Aware":false,"Parent Relationship":"Outer","Plan Rows":24959,"Plan Width":36,"Relation Name":"migration_metadata_alias","Rows Removed by Filter":452,"Rows Removed by Index Recheck":0,"Scan Direction":"Forward","Shared Dirtied Blocks":0,"Shared Hit Blocks":4,"Shared Read Blocks":11,"Shared Written Blocks":0,"Startup Cost":0.42,"Temp Read Blocks":0,"Temp Written Blocks":0,"Total Cost":15841.48}],"Shared Dirtied Blocks":0,"Shared Hit Blocks":4,"Shared Read Blocks":11,"Shared Written Blocks":0,"Startup Cost":0.42,"Temp Read Blocks":0,"Temp Written Blocks":0,"Total Cost":32.79},"Planning":{"Local Dirtied Blocks":0,"Local Hit Blocks":0,"Local Read Blocks":0,"Local Written Blocks":0,"Shared Dirtied Blocks":0,"Shared Hit Blocks":4,"Shared Read Blocks":3,"Shared Written Blocks":0,"Temp Read Blocks":0,"Temp Written Blocks":0},"Planning Time":0.066,"Triggers":[]}],"sql":"SELECT id,source_row_id,element_ordinal FROM migration_metadata_alias WHERE mapping_id=$1 AND plan_id=$2 AND import_id=$3 AND organization_id=$4 AND id>$5 ORDER BY id LIMIT $6","sql_sha256":"2ab41449c78f693a6fa03663ae1cde2cbb7a211521d50ee2b8d838adf1d8a574"}
CRM_010F1_METADATA_BOUND {"examined":503.0,"indexed_required":true,"label":"alias_first","maximum":51.0,"relation":"migration_metadata_alias"}

thread 'db_metadata_import_plans::metadata_hot_queries_at_d050' (12592249) panicked at crates/crm-api/tests/db_metadata_import_plans.rs:141:13:
migration_metadata_alias examined 503, bound 51

thread 'db_metadata_import_plans::metadata_hot_queries_at_d050' (12592249) panicked at crates/crm-api/tests/db_metadata_import_plans.rs:154:24:
assertion `left == right` failed
  left: None
 right: Some(51)
CRM_010F1_METADATA_PLAN {"bindings":["90000000-0000-0000-0000-00000000000b","2dd510d2-581f-4a28-a478-04c4c39ee326","67658043-e9c4-443e-ad79-672e8508c075","39d8ec29-60a2-4f98-95dc-5030c3f0445d","a0000000-0000-0000-0000-00000003a980",51],"label":"alias_deep","plan":[{"Execution Time":0.088,"Plan":{"Actual Loops":1,"Actual Rows":51.0,"Actual Startup Time":0.019,"Actual Total Time":0.082,"Async Capable":false,"Disabled":false,"Local Dirtied Blocks":0,"Local Hit Blocks":0,"Local Read Blocks":0,"Local Written Blocks":0,"Node Type":"Limit","Parallel Aware":false,"Plan Rows":51,"Plan Width":36,"Plans":[{"Actual Loops":1,"Actual Rows":51.0,"Actual Startup Time":0.019,"Actual Total Time":0.079,"Alias":"migration_metadata_alias","Async Capable":false,"Disabled":false,"Filter":"((mapping_id = '90000000-0000-0000-0000-00000000000b'::uuid) AND (plan_id = '2dd510d2-581f-4a28-a478-04c4c39ee326'::uuid) AND (import_id = '67658043-e9c4-443e-ad79-672e8508c075'::uuid) AND (organization_id = '39d8ec29-60a2-4f98-95dc-5030c3f0445d'::uuid))","Index Cond":"(id > 'a0000000-0000-0000-0000-00000003a980'::uuid)","Index Name":"migration_metadata_alias_pkey","Index Searches":1,"Local Dirtied Blocks":0,"Local Hit Blocks":0,"Local Read Blocks":0,"Local Written Blocks":0,"Node Type":"Index Scan","Parallel Aware":false,"Parent Relationship":"Outer","Plan Rows":874,"Plan Width":36,"Relation Name":"migration_metadata_alias","Rows Removed by Filter":450,"Rows Removed by Index Recheck":0,"Scan Direction":"Forward","Shared Dirtied Blocks":0,"Shared Hit Blocks":12,"Shared Read Blocks":4,"Shared Written Blocks":0,"Startup Cost":0.42,"Temp Read Blocks":0,"Temp Written Blocks":0,"Total Cost":559.04}],"Shared Dirtied Blocks":0,"Shared Hit Blocks":12,"Shared Read Blocks":4,"Shared Written Blocks":0,"Startup Cost":0.42,"Temp Read Blocks":0,"Temp Written Blocks":0,"Total Cost":33.02},"Planning":{"Local Dirtied Blocks":0,"Local Hit Blocks":0,"Local Read Blocks":0,"Local Written Blocks":0,"Shared Dirtied Blocks":0,"Shared Hit Blocks":0,"Shared Read Blocks":0,"Shared Written Blocks":0,"Temp Read Blocks":0,"Temp Written Blocks":0},"Planning Time":0.037,"Triggers":[]}],"sql":"SELECT id,source_row_id,element_ordinal FROM migration_metadata_alias WHERE mapping_id=$1 AND plan_id=$2 AND import_id=$3 AND organization_id=$4 AND id>$5 ORDER BY id LIMIT $6","sql_sha256":"2ab41449c78f693a6fa03663ae1cde2cbb7a211521d50ee2b8d838adf1d8a574"}
CRM_010F1_METADATA_BOUND {"examined":501.0,"indexed_required":true,"label":"alias_deep","maximum":51.0,"relation":"migration_metadata_alias"}

thread 'db_metadata_import_plans::metadata_hot_queries_at_d050' (12592249) panicked at crates/crm-api/tests/db_metadata_import_plans.rs:141:13:
migration_metadata_alias examined 501, bound 51

thread 'db_metadata_import_plans::metadata_hot_queries_at_d050' (12592249) panicked at crates/crm-api/tests/db_metadata_import_plans.rs:154:24:
assertion `left == right` failed
  left: None
 right: Some(51)
CRM_010F1_METADATA_PLAN {"bindings":["90000000-0000-0000-0000-00000000000b","2dd510d2-581f-4a28-a478-04c4c39ee326","67658043-e9c4-443e-ad79-672e8508c075","39d8ec29-60a2-4f98-95dc-5030c3f0445d"],"label":"alias_total_shared_tag","plan":[{"Execution Time":24.4,"Plan":{"Actual Loops":1,"Actual Rows":1.0,"Actual Startup Time":24.384,"Actual Total Time":24.385,"Async Capable":false,"Disabled":false,"Local Dirtied Blocks":0,"Local Hit Blocks":0,"Local Read Blocks":0,"Local Written Blocks":0,"Node Type":"Aggregate","Parallel Aware":false,"Partial Mode":"Simple","Plan Rows":1,"Plan Width":8,"Plans":[{"Actual Loops":1,"Actual Rows":25000.0,"Actual Startup Time":2.808,"Actual Total Time":23.094,"Alias":"migration_metadata_alias","Async Capable":false,"Disabled":false,"Exact Heap Blocks":5102,"Filter":"((plan_id = '2dd510d2-581f-4a28-a478-04c4c39ee326'::uuid) AND (import_id = '67658043-e9c4-443e-ad79-672e8508c075'::uuid))","Local Dirtied Blocks":0,"Local Hit Blocks":0,"Local Read Blocks":0,"Local Written Blocks":0,"Lossy Heap Blocks":0,"Node Type":"Bitmap Heap Scan","Parallel Aware":false,"Parent Relationship":"Outer","Plan Rows":24959,"Plan Width":0,"Plans":[{"Actual Loops":1,"Actual Rows":25000.0,"Actual Startup Time":2.354,"Actual Total Time":2.354,"Async Capable":false,"Disabled":false,"Index Cond":"((mapping_id = '90000000-0000-0000-0000-00000000000b'::uuid) AND (organization_id = '39d8ec29-60a2-4f98-95dc-5030c3f0445d'::uuid))","Index Name":"migration_metadata_alias_mapping","Index Searches":1,"Local Dirtied Blocks":0,"Local Hit Blocks":0,"Local Read Blocks":0,"Local Written Blocks":0,"Node Type":"Bitmap Index Scan","Parallel Aware":false,"Parent Relationship":"Outer","Plan Rows":24959,"Plan Width":0,"Shared Dirtied Blocks":0,"Shared Hit Blocks":0,"Shared Read Blocks":369,"Shared Written Blocks":58,"Startup Cost":0.0,"Temp Read Blocks":0,"Temp Written Blocks":0,"Total Cost":1686.01}],"Recheck Cond":"((mapping_id = '90000000-0000-0000-0000-00000000000b'::uuid) AND (organization_id = '39d8ec29-60a2-4f98-95dc-5030c3f0445d'::uuid))","Relation Name":"migration_metadata_alias","Rows Removed by Filter":0,"Rows Removed by Index Recheck":0,"Shared Dirtied Blocks":0,"Shared Hit Blocks":293,"Shared Read Blocks":5178,"Shared Written Blocks":1547,"Startup Cost":1692.25,"Temp Read Blocks":0,"Temp Written Blocks":0,"Total Cost":7294.43}],"Shared Dirtied Blocks":0,"Shared Hit Blocks":293,"Shared Read Blocks":5178,"Shared Written Blocks":1547,"Startup Cost":7356.83,"Strategy":"Plain","Temp Read Blocks":0,"Temp Written Blocks":0,"Total Cost":7356.84},"Planning":{"Local Dirtied Blocks":0,"Local Hit Blocks":0,"Local Read Blocks":0,"Local Written Blocks":0,"Shared Dirtied Blocks":0,"Shared Hit Blocks":0,"Shared Read Blocks":0,"Shared Written Blocks":0,"Temp Read Blocks":0,"Temp Written Blocks":0},"Planning Time":0.037,"Triggers":[]}],"sql":"SELECT count(*) FROM migration_metadata_alias WHERE mapping_id=$1 AND plan_id=$2 AND import_id=$3 AND organization_id=$4","sql_sha256":"339754bd1f88668d2433f10b659b2ad9378725c59ab7cbef910342437df6588d"}
CRM_010F1_METADATA_BOUND {"examined":25000.0,"indexed_required":true,"label":"alias_total_shared_tag","maximum":25000.0,"relation":"migration_metadata_alias"}
CRM_010F1_METADATA_PLAN {"bindings":["2dd510d2-581f-4a28-a478-04c4c39ee326","67658043-e9c4-443e-ad79-672e8508c075","39d8ec29-60a2-4f98-95dc-5030c3f0445d","1024001","30000000-0000-0000-0000-000000005dc1"],"label":"alias_record_link_point","plan":[{"Execution Time":0.029,"Plan":{"Actual Loops":1,"Actual Rows":1.0,"Actual Startup Time":0.018,"Actual Total Time":0.019,"Alias":"migration_metadata_manifest","Async Capable":false,"Disabled":false,"Filter":"((import_id = '67658043-e9c4-443e-ad79-672e8508c075'::uuid) AND (source_row_id = '30000000-0000-0000-0000-000000005dc1'::uuid))","Index Cond":"((plan_id = '2dd510d2-581f-4a28-a478-04c4c39ee326'::uuid) AND (organization_id = '39d8ec29-60a2-4f98-95dc-5030c3f0445d'::uuid) AND (source_id = '1024001'::text))","Index Name":"migration_metadata_manifest_plan_id_organization_id_source__key","Index Searches":1,"Local Dirtied Blocks":0,"Local Hit Blocks":0,"Local Read Blocks":0,"Local Written Blocks":0,"Node Type":"Index Scan","Parallel Aware":false,"Plan Rows":1,"Plan Width":16,"Relation Name":"migration_metadata_manifest","Rows Removed by Filter":0,"Rows Removed by Index Recheck":0,"Scan Direction":"Forward","Shared Dirtied Blocks":0,"Shared Hit Blocks":1,"Shared Read Blocks":3,"Shared Written Blocks":0,"Startup Cost":0.41,"Temp Read Blocks":0,"Temp Written Blocks":0,"Total Cost":470.43},"Planning":{"Local Dirtied Blocks":0,"Local Hit Blocks":0,"Local Read Blocks":0,"Local Written Blocks":0,"Shared Dirtied Blocks":0,"Shared Hit Blocks":59,"Shared Read Blocks":6,"Shared Written Blocks":0,"Temp Read Blocks":0,"Temp Written Blocks":0},"Planning Time":0.18,"Triggers":[]}],"sql":"SELECT id FROM migration_metadata_manifest WHERE plan_id=$1 AND import_id=$2 AND organization_id=$3 AND source_id=$4 AND source_row_id=$5","sql_sha256":"e34fc4bfb3be306d3308b8bc05ebb7ee04bf441ad8b3a06c6126e875a7df32c5"}
CRM_010F1_METADATA_BOUND {"examined":1.0,"indexed_required":true,"label":"alias_record_link_point","maximum":1.0,"relation":"migration_metadata_manifest"}
CRM_010F1_METADATA_PLAN {"bindings":["2dd510d2-581f-4a28-a478-04c4c39ee326","67658043-e9c4-443e-ad79-672e8508c075","39d8ec29-60a2-4f98-95dc-5030c3f0445d","00000000-0000-0000-0000-000000000000",null,51],"label":"records_first","plan":[{"Execution Time":0.054,"Plan":{"Actual Loops":1,"Actual Rows":51.0,"Actual Startup Time":0.034,"Actual Total Time":0.046,"Async Capable":false,"Disabled":false,"Local Dirtied Blocks":0,"Local Hit Blocks":0,"Local Read Blocks":0,"Local Written Blocks":0,"Node Type":"Limit","Parallel Aware":false,"Plan Rows":51,"Plan Width":16,"Plans":[{"Actual Loops":1,"Actual Rows":51.0,"Actual Startup Time":0.033,"Actual Total Time":0.043,"Alias":"migration_metadata_manifest","Async Capable":false,"Disabled":false,"Filter":"((plan_id = '2dd510d2-581f-4a28-a478-04c4c39ee326'::uuid) AND (import_id = '67658043-e9c4-443e-ad79-672e8508c075'::uuid) AND (organization_id = '39d8ec29-60a2-4f98-95dc-5030c3f0445d'::uuid))","Index Cond":"(id > '00000000-0000-0000-0000-000000000000'::uuid)","Index Name":"migration_metadata_manifest_pkey","Index Searches":1,"Local Dirtied Blocks":0,"Local Hit Blocks":0,"Local Read Blocks":0,"Local Written Blocks":0,"Node Type":"Index Scan","Parallel Aware":false,"Parent Relationship":"Outer","Plan Rows":24748,"Plan Width":16,"Relation Name":"migration_metadata_manifest","Rows Removed by Filter":69,"Rows Removed by Index Recheck":0,"Scan Direction":"Forward","Shared Dirtied Blocks":0,"Shared Hit Blocks":77,"Shared Read Blocks":2,"Shared Written Blocks":0,"Startup Cost":0.29,"Temp Read Blocks":0,"Temp Written Blocks":0,"Total Cost":5006.11}],"Shared Dirtied Blocks":0,"Shared Hit Blocks":77,"Shared Read Blocks":2,"Shared Written Blocks":0,"Startup Cost":0.29,"Temp Read Blocks":0,"Temp Written Blocks":0,"Total Cost":10.6},"Planning":{"Local Dirtied Blocks":0,"Local Hit Blocks":0,"Local Read Blocks":0,"Local Written Blocks":0,"Shared Dirtied Blocks":0,"Shared Hit Blocks":3,"Shared Read Blocks":0,"Shared Written Blocks":0,"Temp Read Blocks":0,"Temp Written Blocks":0},"Planning Time":0.069,"Triggers":[]}],"sql":"SELECT id FROM migration_metadata_manifest WHERE plan_id=$1 AND import_id=$2 AND organization_id=$3 AND id>$4 AND ($5::text IS NULL OR disposition=$5) ORDER BY id LIMIT $6","sql_sha256":"acef13f6e8adfe11bc6dbbb926dc03212f7b6a3dc2894525b012a253c7bde125"}
CRM_010F1_METADATA_BOUND {"examined":120.0,"indexed_required":true,"label":"records_first","maximum":51.0,"relation":"migration_metadata_manifest"}

thread 'db_metadata_import_plans::metadata_hot_queries_at_d050' (12592249) panicked at crates/crm-api/tests/db_metadata_import_plans.rs:141:13:
migration_metadata_manifest examined 120, bound 51

thread 'db_metadata_import_plans::metadata_hot_queries_at_d050' (12592249) panicked at crates/crm-api/tests/db_metadata_import_plans.rs:154:24:
assertion `left == right` failed
  left: None
 right: Some(51)
CRM_010F1_METADATA_PLAN {"bindings":["2dd510d2-581f-4a28-a478-04c4c39ee326","67658043-e9c4-443e-ad79-672e8508c075","39d8ec29-60a2-4f98-95dc-5030c3f0445d","40000000-0000-0000-0000-000000005dc0",null,51],"label":"records_deep","plan":[{"Execution Time":0.025,"Plan":{"Actual Loops":1,"Actual Rows":51.0,"Actual Startup Time":0.005,"Actual Total Time":0.018,"Async Capable":false,"Disabled":false,"Local Dirtied Blocks":0,"Local Hit Blocks":0,"Local Read Blocks":0,"Local Written Blocks":0,"Node Type":"Limit","Parallel Aware":false,"Plan Rows":51,"Plan Width":16,"Plans":[{"Actual Loops":1,"Actual Rows":51.0,"Actual Startup Time":0.004,"Actual Total Time":0.015,"Alias":"migration_metadata_manifest","Async Capable":false,"Disabled":false,"Filter":"((plan_id = '2dd510d2-581f-4a28-a478-04c4c39ee326'::uuid) AND (import_id = '67658043-e9c4-443e-ad79-672e8508c075'::uuid) AND (organization_id = '39d8ec29-60a2-4f98-95dc-5030c3f0445d'::uuid))","Index Cond":"(id > '40000000-0000-0000-0000-000000005dc0'::uuid)","Index Name":"migration_metadata_manifest_pkey","Index Searches":1,"Local Dirtied Blocks":0,"Local Hit Blocks":0,"Local Read Blocks":0,"Local Written Blocks":0,"Node Type":"Index Scan","Parallel Aware":false,"Parent Relationship":"Outer","Plan Rows":1114,"Plan Width":16,"Relation Name":"migration_metadata_manifest","Rows Removed by Filter":0,"Rows Removed by Index Recheck":0,"Scan Direction":"Forward","Shared Dirtied Blocks":0,"Shared Hit Blocks":12,"Shared Read Blocks":0,"Shared Written Blocks":0,"Startup Cost":0.29,"Temp Read Blocks":0,"Temp Written Blocks":0,"Total Cost":339.4}],"Shared Dirtied Blocks":0,"Shared Hit Blocks":12,"Shared Read Blocks":0,"Shared Written Blocks":0,"Startup Cost":0.29,"Temp Read Blocks":0,"Temp Written Blocks":0,"Total Cost":15.81},"Planning":{"Local Dirtied Blocks":0,"Local Hit Blocks":0,"Local Read Blocks":0,"Local Written Blocks":0,"Shared Dirtied Blocks":0,"Shared Hit Blocks":0,"Shared Read Blocks":0,"Shared Written Blocks":0,"Temp Read Blocks":0,"Temp Written Blocks":0},"Planning Time":0.053,"Triggers":[]}],"sql":"SELECT id FROM migration_metadata_manifest WHERE plan_id=$1 AND import_id=$2 AND organization_id=$3 AND id>$4 AND ($5::text IS NULL OR disposition=$5) ORDER BY id LIMIT $6","sql_sha256":"acef13f6e8adfe11bc6dbbb926dc03212f7b6a3dc2894525b012a253c7bde125"}
CRM_010F1_METADATA_BOUND {"examined":51.0,"indexed_required":true,"label":"records_deep","maximum":51.0,"relation":"migration_metadata_manifest"}

thread 'db_metadata_import_plans::metadata_hot_queries_at_d050' (12592249) panicked at crates/crm-api/tests/db_metadata_import_plans.rs:154:24:
assertion `left == right` failed
  left: None
 right: Some(51)
CRM_010F1_METADATA_PLAN {"bindings":["2dd510d2-581f-4a28-a478-04c4c39ee326","67658043-e9c4-443e-ad79-672e8508c075","39d8ec29-60a2-4f98-95dc-5030c3f0445d","00000000-0000-0000-0000-000000000000","eligible",51],"label":"records_eligible_first","plan":[{"Execution Time":0.074,"Plan":{"Actual Loops":1,"Actual Rows":51.0,"Actual Startup Time":0.046,"Actual Total Time":0.06,"Async Capable":false,"Disabled":false,"Local Dirtied Blocks":0,"Local Hit Blocks":0,"Local Read Blocks":0,"Local Written Blocks":0,"Node Type":"Limit","Parallel Aware":false,"Plan Rows":51,"Plan Width":16,"Plans":[{"Actual Loops":1,"Actual Rows":51.0,"Actual Startup Time":0.045,"Actual Total Time":0.057,"Alias":"migration_metadata_manifest","Async Capable":false,"Disabled":false,"Filter":"((plan_id = '2dd510d2-581f-4a28-a478-04c4c39ee326'::uuid) AND (import_id = '67658043-e9c4-443e-ad79-672e8508c075'::uuid) AND (organization_id = '39d8ec29-60a2-4f98-95dc-5030c3f0445d'::uuid) AND (disposition = 'eligible'::text))","Index Cond":"(id > '00000000-0000-0000-0000-000000000000'::uuid)","Index Name":"migration_metadata_manifest_pkey","Index Searches":1,"Local Dirtied Blocks":0,"Local Hit Blocks":0,"Local Read Blocks":0,"Local Written Blocks":0,"Node Type":"Index Scan","Parallel Aware":false,"Parent Relationship":"Outer","Plan Rows":24723,"Plan Width":16,"Relation Name":"migration_metadata_manifest","Rows Removed by Filter":69,"Rows Removed by Index Recheck":0,"Scan Direction":"Forward","Shared Dirtied Blocks":0,"Shared Hit Blocks":79,"Shared Read Blocks":0,"Shared Written Blocks":0,"Startup Cost":0.29,"Temp Read Blocks":0,"Temp Written Blocks":0,"Total Cost":5069.25}],"Shared Dirtied Blocks":0,"Shared Hit Blocks":79,"Shared Read Blocks":0,"Shared Written Blocks":0,"Startup Cost":0.29,"Temp Read Blocks":0,"Temp Written Blocks":0,"Total Cost":10.74},"Planning":{"Local Dirtied Blocks":0,"Local Hit Blocks":0,"Local Read Blocks":0,"Local Written Blocks":0,"Shared Dirtied Blocks":0,"Shared Hit Blocks":3,"Shared Read Blocks":0,"Shared Written Blocks":0,"Temp Read Blocks":0,"Temp Written Blocks":0},"Planning Time":0.088,"Triggers":[]}],"sql":"SELECT id FROM migration_metadata_manifest WHERE plan_id=$1 AND import_id=$2 AND organization_id=$3 AND id>$4 AND ($5::text IS NULL OR disposition=$5) ORDER BY id LIMIT $6","sql_sha256":"acef13f6e8adfe11bc6dbbb926dc03212f7b6a3dc2894525b012a253c7bde125"}
CRM_010F1_METADATA_BOUND {"examined":120.0,"indexed_required":true,"label":"records_eligible_first","maximum":25001.0,"relation":"migration_metadata_manifest"}

thread 'db_metadata_import_plans::metadata_hot_queries_at_d050' (12592249) panicked at crates/crm-api/tests/db_metadata_import_plans.rs:154:24:
assertion `left == right` failed
  left: None
 right: Some(51)
CRM_010F1_METADATA_PLAN {"bindings":["2dd510d2-581f-4a28-a478-04c4c39ee326","67658043-e9c4-443e-ad79-672e8508c075","39d8ec29-60a2-4f98-95dc-5030c3f0445d","40000000-0000-0000-0000-000000005dc0","eligible",51],"label":"records_eligible_deep","plan":[{"Execution Time":0.021,"Plan":{"Actual Loops":1,"Actual Rows":51.0,"Actual Startup Time":0.004,"Actual Total Time":0.016,"Async Capable":false,"Disabled":false,"Local Dirtied Blocks":0,"Local Hit Blocks":0,"Local Read Blocks":0,"Local Written Blocks":0,"Node Type":"Limit","Parallel Aware":false,"Plan Rows":51,"Plan Width":16,"Plans":[{"Actual Loops":1,"Actual Rows":51.0,"Actual Startup Time":0.004,"Actual Total Time":0.013,"Alias":"migration_metadata_manifest","Async Capable":false,"Disabled":false,"Filter":"((plan_id = '2dd510d2-581f-4a28-a478-04c4c39ee326'::uuid) AND (import_id = '67658043-e9c4-443e-ad79-672e8508c075'::uuid) AND (organization_id = '39d8ec29-60a2-4f98-95dc-5030c3f0445d'::uuid) AND (disposition = 'eligible'::text))","Index Cond":"(id > '40000000-0000-0000-0000-000000005dc0'::uuid)","Index Name":"migration_metadata_manifest_pkey","Index Searches":1,"Local Dirtied Blocks":0,"Local Hit Blocks":0,"Local Read Blocks":0,"Local Written Blocks":0,"Node Type":"Index Scan","Parallel Aware":false,"Parent Relationship":"Outer","Plan Rows":1113,"Plan Width":16,"Relation Name":"migration_metadata_manifest","Rows Removed by Filter":0,"Rows Removed by Index Recheck":0,"Scan Direction":"Forward","Shared Dirtied Blocks":0,"Shared Hit Blocks":12,"Shared Read Blocks":0,"Shared Written Blocks":0,"Startup Cost":0.29,"Temp Read Blocks":0,"Temp Written Blocks":0,"Total Cost":342.24}],"Shared Dirtied Blocks":0,"Shared Hit Blocks":12,"Shared Read Blocks":0,"Shared Written Blocks":0,"Startup Cost":0.29,"Temp Read Blocks":0,"Temp Written Blocks":0,"Total Cost":15.96},"Planning":{"Local Dirtied Blocks":0,"Local Hit Blocks":0,"Local Read Blocks":0,"Local Written Blocks":0,"Shared Dirtied Blocks":0,"Shared Hit Blocks":0,"Shared Read Blocks":0,"Shared Written Blocks":0,"Temp Read Blocks":0,"Temp Written Blocks":0},"Planning Time":0.039,"Triggers":[]}],"sql":"SELECT id FROM migration_metadata_manifest WHERE plan_id=$1 AND import_id=$2 AND organization_id=$3 AND id>$4 AND ($5::text IS NULL OR disposition=$5) ORDER BY id LIMIT $6","sql_sha256":"acef13f6e8adfe11bc6dbbb926dc03212f7b6a3dc2894525b012a253c7bde125"}
CRM_010F1_METADATA_BOUND {"examined":51.0,"indexed_required":true,"label":"records_eligible_deep","maximum":1001.0,"relation":"migration_metadata_manifest"}

thread 'db_metadata_import_plans::metadata_hot_queries_at_d050' (12592249) panicked at crates/crm-api/tests/db_metadata_import_plans.rs:154:24:
assertion `left == right` failed
  left: None
 right: Some(51)
CRM_010F1_METADATA_PLAN {"bindings":["2dd510d2-581f-4a28-a478-04c4c39ee326","67658043-e9c4-443e-ad79-672e8508c075","39d8ec29-60a2-4f98-95dc-5030c3f0445d","00000000-0000-0000-0000-000000000000","held",51],"label":"records_sparse_held_first","plan":[{"Execution Time":0.02,"Plan":{"Actual Loops":1,"Actual Rows":25.0,"Actual Startup Time":0.005,"Actual Total Time":0.015,"Async Capable":false,"Disabled":false,"Local Dirtied Blocks":0,"Local Hit Blocks":0,"Local Read Blocks":0,"Local Written Blocks":0,"Node Type":"Limit","Parallel Aware":false,"Plan Rows":24,"Plan Width":16,"Plans":[{"Actual Loops":1,"Actual Rows":25.0,"Actual Startup Time":0.005,"Actual Total Time":0.013,"Alias":"migration_metadata_manifest","Async Capable":false,"Disabled":false,"Filter":"(import_id = '67658043-e9c4-443e-ad79-672e8508c075'::uuid)","Index Cond":"((plan_id = '2dd510d2-581f-4a28-a478-04c4c39ee326'::uuid) AND (organization_id = '39d8ec29-60a2-4f98-95dc-5030c3f0445d'::uuid) AND (disposition = 'held'::text) AND (id > '00000000-0000-0000-0000-000000000000'::uuid))","Index Name":"migration_metadata_manifest_page","Index Searches":1,"Local Dirtied Blocks":0,"Local Hit Blocks":0,"Local Read Blocks":0,"Local Written Blocks":0,"Node Type":"Index Scan","Parallel Aware":false,"Parent Relationship":"Outer","Plan Rows":24,"Plan Width":16,"Relation Name":"migration_metadata_manifest","Rows Removed by Filter":0,"Rows Removed by Index Recheck":0,"Scan Direction":"Forward","Shared Dirtied Blocks":0,"Shared Hit Blocks":28,"Shared Read Blocks":0,"Shared Written Blocks":0,"Startup Cost":0.41,"Temp Read Blocks":0,"Temp Written Blocks":0,"Total Cost":53.69}],"Shared Dirtied Blocks":0,"Shared Hit Blocks":28,"Shared Read Blocks":0,"Shared Written Blocks":0,"Startup Cost":0.41,"Temp Read Blocks":0,"Temp Written Blocks":0,"Total Cost":53.69},"Planning":{"Local Dirtied Blocks":0,"Local Hit Blocks":0,"Local Read Blocks":0,"Local Written Blocks":0,"Shared Dirtied Blocks":0,"Shared Hit Blocks":3,"Shared Read Blocks":0,"Shared Written Blocks":0,"Temp Read Blocks":0,"Temp Written Blocks":0},"Planning Time":0.044,"Triggers":[]}],"sql":"SELECT id FROM migration_metadata_manifest WHERE plan_id=$1 AND import_id=$2 AND organization_id=$3 AND id>$4 AND ($5::text IS NULL OR disposition=$5) ORDER BY id LIMIT $6","sql_sha256":"acef13f6e8adfe11bc6dbbb926dc03212f7b6a3dc2894525b012a253c7bde125"}
CRM_010F1_METADATA_BOUND {"examined":25.0,"indexed_required":true,"label":"records_sparse_held_first","maximum":25001.0,"relation":"migration_metadata_manifest"}

thread 'db_metadata_import_plans::metadata_hot_queries_at_d050' (12592249) panicked at crates/crm-api/tests/db_metadata_import_plans.rs:154:24:
assertion `left == right` failed
  left: None
 right: Some(25)
CRM_010F1_METADATA_PLAN {"bindings":["2dd510d2-581f-4a28-a478-04c4c39ee326","67658043-e9c4-443e-ad79-672e8508c075","39d8ec29-60a2-4f98-95dc-5030c3f0445d","40000000-0000-0000-0000-000000005dc0","held",51],"label":"records_sparse_held_deep","plan":[{"Execution Time":0.009,"Plan":{"Actual Loops":1,"Actual Rows":1.0,"Actual Startup Time":0.005,"Actual Total Time":0.005,"Async Capable":false,"Disabled":false,"Local Dirtied Blocks":0,"Local Hit Blocks":0,"Local Read Blocks":0,"Local Written Blocks":0,"Node Type":"Limit","Parallel Aware":false,"Plan Rows":1,"Plan Width":16,"Plans":[{"Actual Loops":1,"Actual Rows":1.0,"Actual Startup Time":0.004,"Actual Total Time":0.005,"Alias":"migration_metadata_manifest","Async Capable":false,"Disabled":false,"Filter":"(import_id = '67658043-e9c4-443e-ad79-672e8508c075'::uuid)","Index Cond":"((plan_id = '2dd510d2-581f-4a28-a478-04c4c39ee326'::uuid) AND (organization_id = '39d8ec29-60a2-4f98-95dc-5030c3f0445d'::uuid) AND (disposition = 'held'::text) AND (id > '40000000-0000-0000-0000-000000005dc0'::uuid))","Index Name":"migration_metadata_manifest_page","Index Searches":1,"Local Dirtied Blocks":0,"Local Hit Blocks":0,"Local Read Blocks":0,"Local Written Blocks":0,"Node Type":"Index Scan","Parallel Aware":false,"Parent Relationship":"Outer","Plan Rows":1,"Plan Width":16,"Relation Name":"migration_metadata_manifest","Rows Removed by Filter":0,"Rows Removed by Index Recheck":0,"Scan Direction":"Forward","Shared Dirtied Blocks":0,"Shared Hit Blocks":4,"Shared Read Blocks":0,"Shared Written Blocks":0,"Startup Cost":0.41,"Temp Read Blocks":0,"Temp Written Blocks":0,"Total Cost":8.44}],"Shared Dirtied Blocks":0,"Shared Hit Blocks":4,"Shared Read Blocks":0,"Shared Written Blocks":0,"Startup Cost":0.41,"Temp Read Blocks":0,"Temp Written Blocks":0,"Total Cost":8.44},"Planning":{"Local Dirtied Blocks":0,"Local Hit Blocks":0,"Local Read Blocks":0,"Local Written Blocks":0,"Shared Dirtied Blocks":0,"Shared Hit Blocks":0,"Shared Read Blocks":0,"Shared Written Blocks":0,"Temp Read Blocks":0,"Temp Written Blocks":0},"Planning Time":0.041,"Triggers":[]}],"sql":"SELECT id FROM migration_metadata_manifest WHERE plan_id=$1 AND import_id=$2 AND organization_id=$3 AND id>$4 AND ($5::text IS NULL OR disposition=$5) ORDER BY id LIMIT $6","sql_sha256":"acef13f6e8adfe11bc6dbbb926dc03212f7b6a3dc2894525b012a253c7bde125"}
CRM_010F1_METADATA_BOUND {"examined":1.0,"indexed_required":true,"label":"records_sparse_held_deep","maximum":1001.0,"relation":"migration_metadata_manifest"}

thread 'db_metadata_import_plans::metadata_hot_queries_at_d050' (12592249) panicked at crates/crm-api/tests/db_metadata_import_plans.rs:154:24:
assertion `left == right` failed
  left: None
 right: Some(1)
CRM_010F1_METADATA_PLAN {"bindings":["2dd510d2-581f-4a28-a478-04c4c39ee326","67658043-e9c4-443e-ad79-672e8508c075","39d8ec29-60a2-4f98-95dc-5030c3f0445d","40000000-0000-0000-0000-0000000061a8","held",51],"label":"records_empty_held_tail","plan":[{"Execution Time":0.008,"Plan":{"Actual Loops":1,"Actual Rows":0.0,"Actual Startup Time":0.004,"Actual Total Time":0.004,"Async Capable":false,"Disabled":false,"Local Dirtied Blocks":0,"Local Hit Blocks":0,"Local Read Blocks":0,"Local Written Blocks":0,"Node Type":"Limit","Parallel Aware":false,"Plan Rows":1,"Plan Width":16,"Plans":[{"Actual Loops":1,"Actual Rows":0.0,"Actual Startup Time":0.003,"Actual Total Time":0.003,"Alias":"migration_metadata_manifest","Async Capable":false,"Disabled":false,"Filter":"(import_id = '67658043-e9c4-443e-ad79-672e8508c075'::uuid)","Index Cond":"((plan_id = '2dd510d2-581f-4a28-a478-04c4c39ee326'::uuid) AND (organization_id = '39d8ec29-60a2-4f98-95dc-5030c3f0445d'::uuid) AND (disposition = 'held'::text) AND (id > '40000000-0000-0000-0000-0000000061a8'::uuid))","Index Name":"migration_metadata_manifest_page","Index Searches":1,"Local Dirtied Blocks":0,"Local Hit Blocks":0,"Local Read Blocks":0,"Local Written Blocks":0,"Node Type":"Index Scan","Parallel Aware":false,"Parent Relationship":"Outer","Plan Rows":1,"Plan Width":16,"Relation Name":"migration_metadata_manifest","Rows Removed by Filter":0,"Rows Removed by Index Recheck":0,"Scan Direction":"Forward","Shared Dirtied Blocks":0,"Shared Hit Blocks":3,"Shared Read Blocks":0,"Shared Written Blocks":0,"Startup Cost":0.41,"Temp Read Blocks":0,"Temp Written Blocks":0,"Total Cost":8.44}],"Shared Dirtied Blocks":0,"Shared Hit Blocks":3,"Shared Read Blocks":0,"Shared Written Blocks":0,"Startup Cost":0.41,"Temp Read Blocks":0,"Temp Written Blocks":0,"Total Cost":8.44},"Planning":{"Local Dirtied Blocks":0,"Local Hit Blocks":0,"Local Read Blocks":0,"Local Written Blocks":0,"Shared Dirtied Blocks":0,"Shared Hit Blocks":2,"Shared Read Blocks":1,"Shared Written Blocks":0,"Temp Read Blocks":0,"Temp Written Blocks":0},"Planning Time":0.058,"Triggers":[]}],"sql":"SELECT id FROM migration_metadata_manifest WHERE plan_id=$1 AND import_id=$2 AND organization_id=$3 AND id>$4 AND ($5::text IS NULL OR disposition=$5) ORDER BY id LIMIT $6","sql_sha256":"acef13f6e8adfe11bc6dbbb926dc03212f7b6a3dc2894525b012a253c7bde125"}
CRM_010F1_METADATA_BOUND {"examined":0.0,"indexed_required":true,"label":"records_empty_held_tail","maximum":1.0,"relation":"migration_metadata_manifest"}

thread 'db_metadata_import_plans::metadata_hot_queries_at_d050' (12592249) panicked at crates/crm-api/tests/db_metadata_import_plans.rs:154:24:
assertion `left == right` failed
  left: None
 right: Some(0)
CRM_010F1_METADATA_PLAN {"bindings":["40000000-0000-0000-0000-000000005dc1","2dd510d2-581f-4a28-a478-04c4c39ee326","67658043-e9c4-443e-ad79-672e8508c075","39d8ec29-60a2-4f98-95dc-5030c3f0445d"],"label":"record_field_payload_point","plan":[{"Execution Time":0.015,"Plan":{"Actual Loops":1,"Actual Rows":1.0,"Actual Startup Time":0.011,"Actual Total Time":0.011,"Alias":"migration_metadata_manifest","Async Capable":false,"Disabled":false,"Index Cond":"((id = '40000000-0000-0000-0000-000000005dc1'::uuid) AND (plan_id = '2dd510d2-581f-4a28-a478-04c4c39ee326'::uuid) AND (import_id = '67658043-e9c4-443e-ad79-672e8508c075'::uuid) AND (organization_id = '39d8ec29-60a2-4f98-95dc-5030c3f0445d'::uuid))","Index Name":"migration_metadata_manifest_id_plan_id_import_id_organizati_key","Index Searches":1,"Local Dirtied Blocks":0,"Local Hit Blocks":0,"Local Read Blocks":0,"Local Written Blocks":0,"Node Type":"Index Scan","Parallel Aware":false,"Plan Rows":1,"Plan Width":1015,"Relation Name":"migration_metadata_manifest","Rows Removed by Index Recheck":0,"Scan Direction":"Forward","Shared Dirtied Blocks":0,"Shared Hit Blocks":2,"Shared Read Blocks":1,"Shared Written Blocks":0,"Startup Cost":0.29,"Temp Read Blocks":0,"Temp Written Blocks":0,"Total Cost":8.31},"Planning":{"Local Dirtied Blocks":0,"Local Hit Blocks":0,"Local Read Blocks":0,"Local Written Blocks":0,"Shared Dirtied Blocks":0,"Shared Hit Blocks":12,"Shared Read Blocks":0,"Shared Written Blocks":0,"Temp Read Blocks":0,"Temp Written Blocks":0},"Planning Time":0.089,"Triggers":[]}],"sql":"SELECT * FROM migration_metadata_manifest WHERE id=$1 AND plan_id=$2 AND import_id=$3 AND organization_id=$4","sql_sha256":"0b6f35ddc3bd3c784ed1cb1b22cffabdf3393381030cd565fdc4545e44d84084"}
CRM_010F1_METADATA_BOUND {"examined":1.0,"indexed_required":true,"label":"record_field_payload_point","maximum":1.0,"relation":"migration_metadata_manifest"}
CRM_010F1_METADATA_PLAN {"bindings":["2dd510d2-581f-4a28-a478-04c4c39ee326","39d8ec29-60a2-4f98-95dc-5030c3f0445d","40000000-0000-0000-0000-000000005dc0"],"label":"execution_manifest_deep","plan":[{"Execution Time":0.009,"Plan":{"Actual Loops":1,"Actual Rows":1.0,"Actual Startup Time":0.005,"Actual Total Time":0.005,"Async Capable":false,"Disabled":false,"Local Dirtied Blocks":0,"Local Hit Blocks":0,"Local Read Blocks":0,"Local Written Blocks":0,"Node Type":"Limit","Parallel Aware":false,"Plan Rows":1,"Plan Width":1015,"Plans":[{"Actual Loops":1,"Actual Rows":1.0,"Actual Startup Time":0.005,"Actual Total Time":0.005,"Alias":"m","Async Capable":false,"Disabled":false,"Filter":"((plan_id = '2dd510d2-581f-4a28-a478-04c4c39ee326'::uuid) AND (organization_id = '39d8ec29-60a2-4f98-95dc-5030c3f0445d'::uuid))","Index Cond":"(id > '40000000-0000-0000-0000-000000005dc0'::uuid)","Index Name":"migration_metadata_manifest_pkey","Index Searches":1,"Local Dirtied Blocks":0,"Local Hit Blocks":0,"Local Read Blocks":0,"Local Written Blocks":0,"Node Type":"Index Scan","Parallel Aware":false,"Parent Relationship":"Outer","Plan Rows":1125,"Plan Width":1015,"Relation Name":"migration_metadata_manifest","Rows Removed by Filter":0,"Rows Removed by Index Recheck":0,"Scan Direction":"Forward","Shared Dirtied Blocks":0,"Shared Hit Blocks":3,"Shared Read Blocks":0,"Shared Written Blocks":0,"Startup Cost":0.29,"Temp Read Blocks":0,"Temp Written Blocks":0,"Total Cost":336.56}],"Shared Dirtied Blocks":0,"Shared Hit Blocks":3,"Shared Read Blocks":0,"Shared Written Blocks":0,"Startup Cost":0.29,"Temp Read Blocks":0,"Temp Written Blocks":0,"Total Cost":0.59},"Planning":{"Local Dirtied Blocks":0,"Local Hit Blocks":0,"Local Read Blocks":0,"Local Written Blocks":0,"Shared Dirtied Blocks":0,"Shared Hit Blocks":0,"Shared Read Blocks":0,"Shared Written Blocks":0,"Temp Read Blocks":0,"Temp Written Blocks":0},"Planning Time":0.045,"Triggers":[]}],"sql":"SELECT m.* FROM migration_metadata_manifest m WHERE m.plan_id=$1 AND m.organization_id=$2 AND m.id>$3 ORDER BY m.id LIMIT 1","sql_sha256":"e6081c9136db0742cb73cc4aedc66d4700fb2cc3dc557bf461d5b3d07b65a755"}
CRM_010F1_METADATA_BOUND {"examined":1.0,"indexed_required":true,"label":"execution_manifest_deep","maximum":1.0,"relation":"migration_metadata_manifest"}

thread 'db_metadata_import_plans::metadata_hot_queries_at_d050' (12592249) panicked at crates/crm-api/tests/db_metadata_import_plans.rs:154:24:
assertion `left == right` failed
  left: None
 right: Some(1)
CRM_010F1_METADATA_PLAN {"bindings":["90000000-0000-0000-0000-00000000000b","2dd510d2-581f-4a28-a478-04c4c39ee326","39d8ec29-60a2-4f98-95dc-5030c3f0445d"],"label":"execution_mapping_cursor","plan":[{"Execution Time":0.012,"Plan":{"Actual Loops":1,"Actual Rows":1.0,"Actual Startup Time":0.008,"Actual Total Time":0.008,"Alias":"migration_metadata_mapping","Async Capable":false,"Disabled":false,"Index Cond":"((id = '90000000-0000-0000-0000-00000000000b'::uuid) AND (plan_id = '2dd510d2-581f-4a28-a478-04c4c39ee326'::uuid) AND (organization_id = '39d8ec29-60a2-4f98-95dc-5030c3f0445d'::uuid))","Index Name":"migration_metadata_mapping_id_plan_id_import_id_organizatio_key","Index Searches":1,"Local Dirtied Blocks":0,"Local Hit Blocks":0,"Local Read Blocks":0,"Local Written Blocks":0,"Node Type":"Index Scan","Parallel Aware":false,"Plan Rows":1,"Plan Width":38,"Relation Name":"migration_metadata_mapping","Rows Removed by Index Recheck":0,"Scan Direction":"Forward","Shared Dirtied Blocks":0,"Shared Hit Blocks":3,"Shared Read Blocks":0,"Shared Written Blocks":0,"Startup Cost":0.29,"Temp Read Blocks":0,"Temp Written Blocks":0,"Total Cost":8.31},"Planning":{"Local Dirtied Blocks":0,"Local Hit Blocks":0,"Local Read Blocks":0,"Local Written Blocks":0,"Shared Dirtied Blocks":0,"Shared Hit Blocks":0,"Shared Read Blocks":0,"Shared Written Blocks":0,"Temp Read Blocks":0,"Temp Written Blocks":0},"Planning Time":0.055,"Triggers":[]}],"sql":"SELECT kind,source_sequence,source_ordinal,element_ordinal,id FROM migration_metadata_mapping WHERE id=$1 AND plan_id=$2 AND organization_id=$3","sql_sha256":"789f4a70a8bd53726ab2085965dc252f4a156e72e66de66c0fa09445679f93e0"}
CRM_010F1_METADATA_BOUND {"examined":1.0,"indexed_required":true,"label":"execution_mapping_cursor","maximum":1.0,"relation":"migration_metadata_mapping"}
CRM_010F1_METADATA_PLAN {"bindings":["2dd510d2-581f-4a28-a478-04c4c39ee326","39d8ec29-60a2-4f98-95dc-5030c3f0445d","67658043-e9c4-443e-ad79-672e8508c075","option",1251,9,50,"90000000-0000-0000-0000-000000000032"],"label":"execution_mapping_replay_skip","plan":[{"Execution Time":0.114,"Plan":{"Actual Loops":1,"Actual Rows":1.0,"Actual Startup Time":0.097,"Actual Total Time":0.098,"Async Capable":false,"Disabled":false,"Local Dirtied Blocks":0,"Local Hit Blocks":0,"Local Read Blocks":0,"Local Written Blocks":0,"Node Type":"Limit","Parallel Aware":false,"Plan Rows":1,"Plan Width":960,"Plans":[{"Actual Loops":1,"Actual Rows":1.0,"Actual Startup Time":0.097,"Actual Total Time":0.097,"Async Capable":false,"Disabled":false,"Local Dirtied Blocks":0,"Local Hit Blocks":0,"Local Read Blocks":0,"Local Written Blocks":0,"Node Type":"Sort","Parallel Aware":false,"Parent Relationship":"Outer","Plan Rows":1,"Plan Width":960,"Plans":[{"Actual Loops":1,"Actual Rows":16.0,"Actual Startup Time":0.038,"Actual Total Time":0.084,"Async Capable":false,"Disabled":false,"Inner Unique":false,"Join Type":"Anti","Local Dirtied Blocks":0,"Local Hit Blocks":0,"Local Read Blocks":0,"Local Written Blocks":0,"Node Type":"Nested Loop","Parallel Aware":false,"Parent Relationship":"Outer","Plan Rows":1,"Plan Width":960,"Plans":[{"Actual Loops":1,"Actual Rows":31.0,"Actual Startup Time":0.022,"Actual Total Time":0.033,"Alias":"m","Async Capable":false,"Disabled":false,"Exact Heap Blocks":9,"Local Dirtied Blocks":0,"Local Hit Blocks":0,"Local Read Blocks":0,"Local Written Blocks":0,"Lossy Heap Blocks":0,"Node Type":"Bitmap Heap Scan","Parallel Aware":false,"Parent Relationship":"Outer","Plan Rows":11,"Plan Width":960,"Plans":[{"Actual Loops":1,"Actual Rows":40.0,"Actual Startup Time":0.015,"Actual Total Time":0.015,"Async Capable":false,"Disabled":false,"Index Cond":"((plan_id = '2dd510d2-581f-4a28-a478-04c4c39ee326'::uuid) AND (organization_id = '39d8ec29-60a2-4f98-95dc-5030c3f0445d'::uuid) AND (ROW(kind, source_sequence, source_ordinal, element_ordinal, id) > ROW('option'::text, '1251'::bigint, 9, 50, '90000000-0000-0000-0000-000000000032'::uuid)))","Index Name":"migration_metadata_mapping_execute","Index Searches":1,"Local Dirtied Blocks":0,"Local Hit Blocks":0,"Local Read Blocks":0,"Local Written Blocks":0,"Node Type":"Bitmap Index Scan","Parallel Aware":false,"Parent Relationship":"Outer","Plan Rows":11,"Plan Width":0,"Shared Dirtied Blocks":0,"Shared Hit Blocks":3,"Shared Read Blocks":0,"Shared Written Blocks":0,"Startup Cost":0.0,"Temp Read Blocks":0,"Temp Written Blocks":0,"Total Cost":4.55}],"Recheck Cond":"((plan_id = '2dd510d2-581f-4a28-a478-04c4c39ee326'::uuid) AND (organization_id = '39d8ec29-60a2-4f98-95dc-5030c3f0445d'::uuid) AND (ROW(kind, source_sequence, source_ordinal, element_ordinal, id) > ROW('option'::text, '1251'::bigint, 9, 50, '90000000-0000-0000-0000-000000000032'::uuid)))","Relation Name":"migration_metadata_mapping","Rows Removed by Index Recheck":0,"Shared Dirtied Blocks":0,"Shared Hit Blocks":12,"Shared Read Blocks":0,"Shared Written Blocks":0,"Startup Cost":4.55,"Temp Read Blocks":0,"Temp Written Blocks":0,"Total Cost":46.44},{"Actual Loops":31,"Actual Rows":0.48,"Actual Startup Time":0.001,"Actual Total Time":0.001,"Alias":"x","Async Capable":false,"Disabled":false,"Heap Fetches":15,"Index Cond":"((import_id = '67658043-e9c4-443e-ad79-672e8508c075'::uuid) AND (organization_id = '39d8ec29-60a2-4f98-95dc-5030c3f0445d'::uuid) AND (unit_id = m.id))","Index Name":"migration_metadata_result_import_id_organization_id_unit_id_key","Index Searches":31,"Local Dirtied Blocks":0,"Local Hit Blocks":0,"Local Read Blocks":0,"Local Written Blocks":0,"Node Type":"Index Only Scan","Parallel Aware":false,"Parent Relationship":"Inner","Plan Rows":1,"Plan Width":16,"Relation Name":"migration_metadata_result","Rows Removed by Index Recheck":0,"Scan Direction":"Forward","Shared Dirtied Blocks":0,"Shared Hit Blocks":105,"Shared Read Blocks":3,"Shared Written Blocks":0,"Startup Cost":0.41,"Temp Read Blocks":0,"Temp Written Blocks":0,"Total Cost":8.43}],"Shared Dirtied Blocks":0,"Shared Hit Blocks":117,"Shared Read Blocks":3,"Shared Written Blocks":0,"Startup Cost":4.97,"Temp Read Blocks":0,"Temp Written Blocks":0,"Total Cost":139.34}],"Shared Dirtied Blocks":0,"Shared Hit Blocks":117,"Shared Read Blocks":3,"Shared Written Blocks":0,"Sort Key":["m.kind","m.source_sequence","m.source_ordinal","m.element_ordinal","m.id"],"Sort Method":"top-N heapsort","Sort Space Type":"Memory","Sort Space Used":26,"Startup Cost":139.35,"Temp Read Blocks":0,"Temp Written Blocks":0,"Total Cost":139.35}],"Shared Dirtied Blocks":0,"Shared Hit Blocks":117,"Shared Read Blocks":3,"Shared Written Blocks":0,"Startup Cost":139.35,"Temp Read Blocks":0,"Temp Written Blocks":0,"Total Cost":139.35},"Planning":{"Local Dirtied Blocks":0,"Local Hit Blocks":0,"Local Read Blocks":0,"Local Written Blocks":0,"Shared Dirtied Blocks":0,"Shared Hit Blocks":135,"Shared Read Blocks":11,"Shared Written Blocks":0,"Temp Read Blocks":0,"Temp Written Blocks":0},"Planning Time":0.364,"Triggers":[]}],"sql":"SELECT m.* FROM migration_metadata_mapping m WHERE m.plan_id=$1 AND m.organization_id=$2 AND (m.kind,m.source_sequence,m.source_ordinal,m.element_ordinal,m.id)>($4,$5,$6,$7,$8) AND NOT EXISTS(SELECT 1 FROM migration_metadata_result x WHERE x.import_id=$3 AND x.organization_id=$2 AND x.unit_id=m.id) ORDER BY m.kind,m.source_sequence,m.source_ordinal,m.element_ordinal,m.id LIMIT 1","sql_sha256":"2025ccb4833251d386d684e1c8a7834f0cbcde8ee4b1e7dff8298ffddb5e4653"}
CRM_010F1_METADATA_BOUND {"examined":31.0,"indexed_required":true,"label":"execution_mapping_replay_skip","maximum":72.0,"relation":"migration_metadata_mapping"}
CRM_010F1_METADATA_BOUND {"examined":14.879999999999999,"indexed_required":true,"label":"execution_mapping_replay_skip","maximum":72.0,"relation":"migration_metadata_result"}

thread 'db_metadata_import_plans::metadata_hot_queries_at_d050' (12592249) panicked at crates/crm-api/tests/db_metadata_import_plans.rs:154:24:
assertion `left == right` failed
  left: None
 right: Some(1)
CRM_010F1_METADATA_PLAN {"bindings":["90000000-0000-0000-0000-00000000000a","39d8ec29-60a2-4f98-95dc-5030c3f0445d"],"label":"execution_option_children","plan":[{"Execution Time":0.027,"Plan":{"Actual Loops":1,"Actual Rows":50.0,"Actual Startup Time":0.009,"Actual Total Time":0.021,"Async Capable":false,"Disabled":false,"Local Dirtied Blocks":0,"Local Hit Blocks":0,"Local Read Blocks":0,"Local Written Blocks":0,"Node Type":"Limit","Parallel Aware":false,"Plan Rows":50,"Plan Width":960,"Plans":[{"Actual Loops":1,"Actual Rows":50.0,"Actual Startup Time":0.009,"Actual Total Time":0.018,"Alias":"migration_metadata_mapping","Async Capable":false,"Disabled":false,"Index Cond":"((parent_mapping_id = '90000000-0000-0000-0000-00000000000a'::uuid) AND (organization_id = '39d8ec29-60a2-4f98-95dc-5030c3f0445d'::uuid))","Index Name":"migration_metadata_mapping_parent","Index Searches":1,"Local Dirtied Blocks":0,"Local Hit Blocks":0,"Local Read Blocks":0,"Local Written Blocks":0,"Node Type":"Index Scan","Parallel Aware":false,"Parent Relationship":"Outer","Plan Rows":50,"Plan Width":960,"Relation Name":"migration_metadata_mapping","Rows Removed by Index Recheck":0,"Scan Direction":"Forward","Shared Dirtied Blocks":0,"Shared Hit Blocks":10,"Shared Read Blocks":0,"Shared Written Blocks":0,"Startup Cost":0.41,"Temp Read Blocks":0,"Temp Written Blocks":0,"Total Cost":97.97}],"Shared Dirtied Blocks":0,"Shared Hit Blocks":10,"Shared Read Blocks":0,"Shared Written Blocks":0,"Startup Cost":0.41,"Temp Read Blocks":0,"Temp Written Blocks":0,"Total Cost":97.97},"Planning":{"Local Dirtied Blocks":0,"Local Hit Blocks":0,"Local Read Blocks":0,"Local Written Blocks":0,"Shared Dirtied Blocks":0,"Shared Hit Blocks":0,"Shared Read Blocks":0,"Shared Written Blocks":0,"Temp Read Blocks":0,"Temp Written Blocks":0},"Planning Time":0.083,"Triggers":[]}],"sql":"SELECT * FROM migration_metadata_mapping WHERE parent_mapping_id=$1 AND organization_id=$2 ORDER BY element_ordinal,id LIMIT 51","sql_sha256":"ce15958136d9c6a4dcb12b42a7b2272398937ff74acd7d717856c1f7c6907caa"}
CRM_010F1_METADATA_BOUND {"examined":50.0,"indexed_required":true,"label":"execution_option_children","maximum":50.0,"relation":"migration_metadata_mapping"}

thread 'db_metadata_import_plans::metadata_hot_queries_at_d050' (12592249) panicked at crates/crm-api/tests/db_metadata_import_plans.rs:154:24:
assertion `left == right` failed
  left: None
 right: Some(50)
CRM_010F1_METADATA_PLAN {"bindings":["67658043-e9c4-443e-ad79-672e8508c075","39d8ec29-60a2-4f98-95dc-5030c3f0445d","2dd510d2-581f-4a28-a478-04c4c39ee326","00000000-0000-0000-0000-000000000000",null,null,51],"label":"results_first","plan":[{"Execution Time":0.061,"Plan":{"Actual Loops":1,"Actual Rows":51.0,"Actual Startup Time":0.027,"Actual Total Time":0.054,"Async Capable":false,"Disabled":false,"Local Dirtied Blocks":0,"Local Hit Blocks":0,"Local Read Blocks":0,"Local Written Blocks":0,"Node Type":"Limit","Parallel Aware":false,"Plan Rows":51,"Plan Width":16,"Plans":[{"Actual Loops":1,"Actual Rows":51.0,"Actual Startup Time":0.027,"Actual Total Time":0.051,"Alias":"migration_metadata_result","Async Capable":false,"Disabled":false,"Filter":"((import_id = '67658043-e9c4-443e-ad79-672e8508c075'::uuid) AND (organization_id = '39d8ec29-60a2-4f98-95dc-5030c3f0445d'::uuid) AND (plan_id = '2dd510d2-581f-4a28-a478-04c4c39ee326'::uuid))","Index Cond":"(id > '00000000-0000-0000-0000-000000000000'::uuid)","Index Name":"migration_metadata_result_pkey","Index Searches":1,"Local Dirtied Blocks":0,"Local Hit Blocks":0,"Local Read Blocks":0,"Local Written Blocks":0,"Node Type":"Index Scan","Parallel Aware":false,"Parent Relationship":"Outer","Plan Rows":24782,"Plan Width":16,"Relation Name":"migration_metadata_result","Rows Removed by Filter":88,"Rows Removed by Index Recheck":0,"Scan Direction":"Forward","Shared Dirtied Blocks":0,"Shared Hit Blocks":100,"Shared Read Blocks":2,"Shared Written Blocks":0,"Startup Cost":0.29,"Temp Read Blocks":0,"Temp Written Blocks":0,"Total Cost":5139.24}],"Shared Dirtied Blocks":0,"Shared Hit Blocks":100,"Shared Read Blocks":2,"Shared Written Blocks":0,"Startup Cost":0.29,"Temp Read Blocks":0,"Temp Written Blocks":0,"Total Cost":10.86},"Planning":{"Local Dirtied Blocks":0,"Local Hit Blocks":0,"Local Read Blocks":0,"Local Written Blocks":0,"Shared Dirtied Blocks":0,"Shared Hit Blocks":9,"Shared Read Blocks":0,"Shared Written Blocks":0,"Temp Read Blocks":0,"Temp Written Blocks":0},"Planning Time":0.065,"Triggers":[]}],"sql":"SELECT id FROM migration_metadata_result WHERE import_id=$1 AND organization_id=$2 AND plan_id=$3 AND id>$4 AND ($5::text IS NULL OR kind=$5) AND ($6::text IS NULL OR disposition=$6) ORDER BY id LIMIT $7","sql_sha256":"3fe78e1cb00cd7377dd369c690902f69f302ac0408a00faded3aa1aa53b368e1"}
CRM_010F1_METADATA_BOUND {"examined":139.0,"indexed_required":true,"label":"results_first","maximum":51.0,"relation":"migration_metadata_result"}

thread 'db_metadata_import_plans::metadata_hot_queries_at_d050' (12592249) panicked at crates/crm-api/tests/db_metadata_import_plans.rs:141:13:
migration_metadata_result examined 139, bound 51

thread 'db_metadata_import_plans::metadata_hot_queries_at_d050' (12592249) panicked at crates/crm-api/tests/db_metadata_import_plans.rs:154:24:
assertion `left == right` failed
  left: None
 right: Some(51)
CRM_010F1_METADATA_PLAN {"bindings":["67658043-e9c4-443e-ad79-672e8508c075","39d8ec29-60a2-4f98-95dc-5030c3f0445d","2dd510d2-581f-4a28-a478-04c4c39ee326","50000000-0000-0000-0000-000000005dc0",null,null,51],"label":"results_deep","plan":[{"Execution Time":0.021,"Plan":{"Actual Loops":1,"Actual Rows":51.0,"Actual Startup Time":0.004,"Actual Total Time":0.016,"Async Capable":false,"Disabled":false,"Local Dirtied Blocks":0,"Local Hit Blocks":0,"Local Read Blocks":0,"Local Written Blocks":0,"Node Type":"Limit","Parallel Aware":false,"Plan Rows":51,"Plan Width":16,"Plans":[{"Actual Loops":1,"Actual Rows":51.0,"Actual Startup Time":0.004,"Actual Total Time":0.013,"Alias":"migration_metadata_result","Async Capable":false,"Disabled":false,"Filter":"((import_id = '67658043-e9c4-443e-ad79-672e8508c075'::uuid) AND (organization_id = '39d8ec29-60a2-4f98-95dc-5030c3f0445d'::uuid) AND (plan_id = '2dd510d2-581f-4a28-a478-04c4c39ee326'::uuid))","Index Cond":"(id > '50000000-0000-0000-0000-000000005dc0'::uuid)","Index Name":"migration_metadata_result_pkey","Index Searches":1,"Local Dirtied Blocks":0,"Local Hit Blocks":0,"Local Read Blocks":0,"Local Written Blocks":0,"Node Type":"Index Scan","Parallel Aware":false,"Parent Relationship":"Outer","Plan Rows":1115,"Plan Width":16,"Relation Name":"migration_metadata_result","Rows Removed by Filter":0,"Rows Removed by Index Recheck":0,"Scan Direction":"Forward","Shared Dirtied Blocks":0,"Shared Hit Blocks":11,"Shared Read Blocks":0,"Shared Written Blocks":0,"Startup Cost":0.29,"Temp Read Blocks":0,"Temp Written Blocks":0,"Total Cost":384.45}],"Shared Dirtied Blocks":0,"Shared Hit Blocks":11,"Shared Read Blocks":0,"Shared Written Blocks":0,"Startup Cost":0.29,"Temp Read Blocks":0,"Temp Written Blocks":0,"Total Cost":17.86},"Planning":{"Local Dirtied Blocks":0,"Local Hit Blocks":0,"Local Read Blocks":0,"Local Written Blocks":0,"Shared Dirtied Blocks":0,"Shared Hit Blocks":0,"Shared Read Blocks":0,"Shared Written Blocks":0,"Temp Read Blocks":0,"Temp Written Blocks":0},"Planning Time":0.037,"Triggers":[]}],"sql":"SELECT id FROM migration_metadata_result WHERE import_id=$1 AND organization_id=$2 AND plan_id=$3 AND id>$4 AND ($5::text IS NULL OR kind=$5) AND ($6::text IS NULL OR disposition=$6) ORDER BY id LIMIT $7","sql_sha256":"3fe78e1cb00cd7377dd369c690902f69f302ac0408a00faded3aa1aa53b368e1"}
CRM_010F1_METADATA_BOUND {"examined":51.0,"indexed_required":true,"label":"results_deep","maximum":51.0,"relation":"migration_metadata_result"}

thread 'db_metadata_import_plans::metadata_hot_queries_at_d050' (12592249) panicked at crates/crm-api/tests/db_metadata_import_plans.rs:154:24:
assertion `left == right` failed
  left: None
 right: Some(51)
CRM_010F1_METADATA_PLAN {"bindings":["67658043-e9c4-443e-ad79-672e8508c075","39d8ec29-60a2-4f98-95dc-5030c3f0445d","2dd510d2-581f-4a28-a478-04c4c39ee326","00000000-0000-0000-0000-000000000000","people",null,51],"label":"results_people_first","plan":[{"Execution Time":0.051,"Plan":{"Actual Loops":1,"Actual Rows":51.0,"Actual Startup Time":0.03,"Actual Total Time":0.043,"Async Capable":false,"Disabled":false,"Local Dirtied Blocks":0,"Local Hit Blocks":0,"Local Read Blocks":0,"Local Written Blocks":0,"Node Type":"Limit","Parallel Aware":false,"Plan Rows":51,"Plan Width":16,"Plans":[{"Actual Loops":1,"Actual Rows":51.0,"Actual Startup Time":0.03,"Actual Total Time":0.039,"Alias":"migration_metadata_result","Async Capable":false,"Disabled":false,"Filter":"((import_id = '67658043-e9c4-443e-ad79-672e8508c075'::uuid) AND (organization_id = '39d8ec29-60a2-4f98-95dc-5030c3f0445d'::uuid) AND (plan_id = '2dd510d2-581f-4a28-a478-04c4c39ee326'::uuid) AND (kind = 'people'::text))","Index Cond":"(id > '00000000-0000-0000-0000-000000000000'::uuid)","Index Name":"migration_metadata_result_pkey","Index Searches":1,"Local Dirtied Blocks":0,"Local Hit Blocks":0,"Local Read Blocks":0,"Local Written Blocks":0,"Node Type":"Index Scan","Parallel Aware":false,"Parent Relationship":"Outer","Plan Rows":24747,"Plan Width":16,"Relation Name":"migration_metadata_result","Rows Removed by Filter":97,"Rows Removed by Index Recheck":0,"Scan Direction":"Forward","Shared Dirtied Blocks":0,"Shared Hit Blocks":104,"Shared Read Blocks":0,"Shared Written Blocks":0,"Startup Cost":0.29,"Temp Read Blocks":0,"Temp Written Blocks":0,"Total Cost":5202.46}],"Shared Dirtied Blocks":0,"Shared Hit Blocks":104,"Shared Read Blocks":0,"Shared Written Blocks":0,"Startup Cost":0.29,"Temp Read Blocks":0,"Temp Written Blocks":0,"Total Cost":11.01},"Planning":{"Local Dirtied Blocks":0,"Local Hit Blocks":0,"Local Read Blocks":0,"Local Written Blocks":0,"Shared Dirtied Blocks":0,"Shared Hit Blocks":3,"Shared Read Blocks":0,"Shared Written Blocks":0,"Temp Read Blocks":0,"Temp Written Blocks":0},"Planning Time":0.072,"Triggers":[]}],"sql":"SELECT id FROM migration_metadata_result WHERE import_id=$1 AND organization_id=$2 AND plan_id=$3 AND id>$4 AND ($5::text IS NULL OR kind=$5) AND ($6::text IS NULL OR disposition=$6) ORDER BY id LIMIT $7","sql_sha256":"3fe78e1cb00cd7377dd369c690902f69f302ac0408a00faded3aa1aa53b368e1"}
CRM_010F1_METADATA_BOUND {"examined":148.0,"indexed_required":true,"label":"results_people_first","maximum":25035.0,"relation":"migration_metadata_result"}

thread 'db_metadata_import_plans::metadata_hot_queries_at_d050' (12592249) panicked at crates/crm-api/tests/db_metadata_import_plans.rs:154:24:
assertion `left == right` failed
  left: None
 right: Some(51)
CRM_010F1_METADATA_PLAN {"bindings":["67658043-e9c4-443e-ad79-672e8508c075","39d8ec29-60a2-4f98-95dc-5030c3f0445d","2dd510d2-581f-4a28-a478-04c4c39ee326","50000000-0000-0000-0000-000000005dc0","people",null,51],"label":"results_people_deep","plan":[{"Execution Time":0.022,"Plan":{"Actual Loops":1,"Actual Rows":51.0,"Actual Startup Time":0.004,"Actual Total Time":0.016,"Async Capable":false,"Disabled":false,"Local Dirtied Blocks":0,"Local Hit Blocks":0,"Local Read Blocks":0,"Local Written Blocks":0,"Node Type":"Limit","Parallel Aware":false,"Plan Rows":51,"Plan Width":16,"Plans":[{"Actual Loops":1,"Actual Rows":51.0,"Actual Startup Time":0.004,"Actual Total Time":0.013,"Alias":"migration_metadata_result","Async Capable":false,"Disabled":false,"Filter":"((import_id = '67658043-e9c4-443e-ad79-672e8508c075'::uuid) AND (organization_id = '39d8ec29-60a2-4f98-95dc-5030c3f0445d'::uuid) AND (plan_id = '2dd510d2-581f-4a28-a478-04c4c39ee326'::uuid) AND (kind = 'people'::text))","Index Cond":"(id > '50000000-0000-0000-0000-000000005dc0'::uuid)","Index Name":"migration_metadata_result_pkey","Index Searches":1,"Local Dirtied Blocks":0,"Local Hit Blocks":0,"Local Read Blocks":0,"Local Written Blocks":0,"Node Type":"Index Scan","Parallel Aware":false,"Parent Relationship":"Outer","Plan Rows":1114,"Plan Width":16,"Relation Name":"migration_metadata_result","Rows Removed by Filter":0,"Rows Removed by Index Recheck":0,"Scan Direction":"Forward","Shared Dirtied Blocks":0,"Shared Hit Blocks":11,"Shared Read Blocks":0,"Shared Written Blocks":0,"Startup Cost":0.29,"Temp Read Blocks":0,"Temp Written Blocks":0,"Total Cost":387.3}],"Shared Dirtied Blocks":0,"Shared Hit Blocks":11,"Shared Read Blocks":0,"Shared Written Blocks":0,"Startup Cost":0.29,"Temp Read Blocks":0,"Temp Written Blocks":0,"Total Cost":18.01},"Planning":{"Local Dirtied Blocks":0,"Local Hit Blocks":0,"Local Read Blocks":0,"Local Written Blocks":0,"Shared Dirtied Blocks":0,"Shared Hit Blocks":0,"Shared Read Blocks":0,"Shared Written Blocks":0,"Temp Read Blocks":0,"Temp Written Blocks":0},"Planning Time":0.046,"Triggers":[]}],"sql":"SELECT id FROM migration_metadata_result WHERE import_id=$1 AND organization_id=$2 AND plan_id=$3 AND id>$4 AND ($5::text IS NULL OR kind=$5) AND ($6::text IS NULL OR disposition=$6) ORDER BY id LIMIT $7","sql_sha256":"3fe78e1cb00cd7377dd369c690902f69f302ac0408a00faded3aa1aa53b368e1"}
CRM_010F1_METADATA_BOUND {"examined":51.0,"indexed_required":true,"label":"results_people_deep","maximum":1026.0,"relation":"migration_metadata_result"}

thread 'db_metadata_import_plans::metadata_hot_queries_at_d050' (12592249) panicked at crates/crm-api/tests/db_metadata_import_plans.rs:154:24:
assertion `left == right` failed
  left: None
 right: Some(51)
CRM_010F1_METADATA_PLAN {"bindings":["67658043-e9c4-443e-ad79-672e8508c075","39d8ec29-60a2-4f98-95dc-5030c3f0445d","2dd510d2-581f-4a28-a478-04c4c39ee326","00000000-0000-0000-0000-000000000000","people","applied",51],"label":"results_people_applied","plan":[{"Execution Time":0.049,"Plan":{"Actual Loops":1,"Actual Rows":51.0,"Actual Startup Time":0.027,"Actual Total Time":0.041,"Async Capable":false,"Disabled":false,"Local Dirtied Blocks":0,"Local Hit Blocks":0,"Local Read Blocks":0,"Local Written Blocks":0,"Node Type":"Limit","Parallel Aware":false,"Plan Rows":51,"Plan Width":16,"Plans":[{"Actual Loops":1,"Actual Rows":51.0,"Actual Startup Time":0.027,"Actual Total Time":0.037,"Alias":"migration_metadata_result","Async Capable":false,"Disabled":false,"Filter":"((import_id = '67658043-e9c4-443e-ad79-672e8508c075'::uuid) AND (organization_id = '39d8ec29-60a2-4f98-95dc-5030c3f0445d'::uuid) AND (plan_id = '2dd510d2-581f-4a28-a478-04c4c39ee326'::uuid) AND (kind = 'people'::text) AND (disposition = 'applied'::text))","Index Cond":"(id > '00000000-0000-0000-0000-000000000000'::uuid)","Index Name":"migration_metadata_result_pkey","Index Searches":1,"Local Dirtied Blocks":0,"Local Hit Blocks":0,"Local Read Blocks":0,"Local Written Blocks":0,"Node Type":"Index Scan","Parallel Aware":false,"Parent Relationship":"Outer","Plan Rows":24438,"Plan Width":16,"Relation Name":"migration_metadata_result","Rows Removed by Filter":97,"Rows Removed by Index Recheck":0,"Scan Direction":"Forward","Shared Dirtied Blocks":0,"Shared Hit Blocks":104,"Shared Read Blocks":0,"Shared Written Blocks":0,"Startup Cost":0.29,"Temp Read Blocks":0,"Temp Written Blocks":0,"Total Cost":5265.69}],"Shared Dirtied Blocks":0,"Shared Hit Blocks":104,"Shared Read Blocks":0,"Shared Written Blocks":0,"Startup Cost":0.29,"Temp Read Blocks":0,"Temp Written Blocks":0,"Total Cost":11.28},"Planning":{"Local Dirtied Blocks":0,"Local Hit Blocks":0,"Local Read Blocks":0,"Local Written Blocks":0,"Shared Dirtied Blocks":0,"Shared Hit Blocks":3,"Shared Read Blocks":0,"Shared Written Blocks":0,"Temp Read Blocks":0,"Temp Written Blocks":0},"Planning Time":0.078,"Triggers":[]}],"sql":"SELECT id FROM migration_metadata_result WHERE import_id=$1 AND organization_id=$2 AND plan_id=$3 AND id>$4 AND ($5::text IS NULL OR kind=$5) AND ($6::text IS NULL OR disposition=$6) ORDER BY id LIMIT $7","sql_sha256":"3fe78e1cb00cd7377dd369c690902f69f302ac0408a00faded3aa1aa53b368e1"}
CRM_010F1_METADATA_BOUND {"examined":148.0,"indexed_required":true,"label":"results_people_applied","maximum":25035.0,"relation":"migration_metadata_result"}

thread 'db_metadata_import_plans::metadata_hot_queries_at_d050' (12592249) panicked at crates/crm-api/tests/db_metadata_import_plans.rs:154:24:
assertion `left == right` failed
  left: None
 right: Some(51)
CRM_010F1_METADATA_PLAN {"bindings":["67658043-e9c4-443e-ad79-672e8508c075","39d8ec29-60a2-4f98-95dc-5030c3f0445d","2dd510d2-581f-4a28-a478-04c4c39ee326","00000000-0000-0000-0000-000000000000","people","held",51],"label":"results_sparse_held","plan":[{"Execution Time":0.061,"Plan":{"Actual Loops":1,"Actual Rows":25.0,"Actual Startup Time":0.032,"Actual Total Time":0.05,"Async Capable":false,"Disabled":false,"Local Dirtied Blocks":0,"Local Hit Blocks":0,"Local Read Blocks":0,"Local Written Blocks":0,"Node Type":"Limit","Parallel Aware":false,"Plan Rows":24,"Plan Width":16,"Plans":[{"Actual Loops":1,"Actual Rows":25.0,"Actual Startup Time":0.032,"Actual Total Time":0.047,"Alias":"migration_metadata_result","Async Capable":false,"Disabled":false,"Filter":"(plan_id = '2dd510d2-581f-4a28-a478-04c4c39ee326'::uuid)","Index Cond":"((import_id = '67658043-e9c4-443e-ad79-672e8508c075'::uuid) AND (organization_id = '39d8ec29-60a2-4f98-95dc-5030c3f0445d'::uuid) AND (kind = 'people'::text) AND (disposition = 'held'::text) AND (id > '00000000-0000-0000-0000-000000000000'::uuid))","Index Name":"migration_metadata_result_page","Index Searches":1,"Local Dirtied Blocks":0,"Local Hit Blocks":0,"Local Read Blocks":0,"Local Written Blocks":0,"Node Type":"Index Scan","Parallel Aware":false,"Parent Relationship":"Outer","Plan Rows":24,"Plan Width":16,"Relation Name":"migration_metadata_result","Rows Removed by Filter":0,"Rows Removed by Index Recheck":0,"Scan Direction":"Forward","Shared Dirtied Blocks":0,"Shared Hit Blocks":25,"Shared Read Blocks":3,"Shared Written Blocks":0,"Startup Cost":0.41,"Temp Read Blocks":0,"Temp Written Blocks":0,"Total Cost":55.37}],"Shared Dirtied Blocks":0,"Shared Hit Blocks":25,"Shared Read Blocks":3,"Shared Written Blocks":0,"Startup Cost":0.41,"Temp Read Blocks":0,"Temp Written Blocks":0,"Total Cost":55.37},"Planning":{"Local Dirtied Blocks":0,"Local Hit Blocks":0,"Local Read Blocks":0,"Local Written Blocks":0,"Shared Dirtied Blocks":0,"Shared Hit Blocks":3,"Shared Read Blocks":0,"Shared Written Blocks":0,"Temp Read Blocks":0,"Temp Written Blocks":0},"Planning Time":0.08,"Triggers":[]}],"sql":"SELECT id FROM migration_metadata_result WHERE import_id=$1 AND organization_id=$2 AND plan_id=$3 AND id>$4 AND ($5::text IS NULL OR kind=$5) AND ($6::text IS NULL OR disposition=$6) ORDER BY id LIMIT $7","sql_sha256":"3fe78e1cb00cd7377dd369c690902f69f302ac0408a00faded3aa1aa53b368e1"}
CRM_010F1_METADATA_BOUND {"examined":25.0,"indexed_required":true,"label":"results_sparse_held","maximum":25035.0,"relation":"migration_metadata_result"}

thread 'db_metadata_import_plans::metadata_hot_queries_at_d050' (12592249) panicked at crates/crm-api/tests/db_metadata_import_plans.rs:154:24:
assertion `left == right` failed
  left: None
 right: Some(25)
CRM_010F1_METADATA_PLAN {"bindings":["67658043-e9c4-443e-ad79-672e8508c075","39d8ec29-60a2-4f98-95dc-5030c3f0445d","2dd510d2-581f-4a28-a478-04c4c39ee326","50000000-0000-0000-0000-000000005dc0","people","held",51],"label":"results_sparse_held_deep","plan":[{"Execution Time":0.01,"Plan":{"Actual Loops":1,"Actual Rows":1.0,"Actual Startup Time":0.005,"Actual Total Time":0.005,"Async Capable":false,"Disabled":false,"Local Dirtied Blocks":0,"Local Hit Blocks":0,"Local Read Blocks":0,"Local Written Blocks":0,"Node Type":"Limit","Parallel Aware":false,"Plan Rows":1,"Plan Width":16,"Plans":[{"Actual Loops":1,"Actual Rows":1.0,"Actual Startup Time":0.005,"Actual Total Time":0.005,"Alias":"migration_metadata_result","Async Capable":false,"Disabled":false,"Filter":"(plan_id = '2dd510d2-581f-4a28-a478-04c4c39ee326'::uuid)","Index Cond":"((import_id = '67658043-e9c4-443e-ad79-672e8508c075'::uuid) AND (organization_id = '39d8ec29-60a2-4f98-95dc-5030c3f0445d'::uuid) AND (kind = 'people'::text) AND (disposition = 'held'::text) AND (id > '50000000-0000-0000-0000-000000005dc0'::uuid))","Index Name":"migration_metadata_result_page","Index Searches":1,"Local Dirtied Blocks":0,"Local Hit Blocks":0,"Local Read Blocks":0,"Local Written Blocks":0,"Node Type":"Index Scan","Parallel Aware":false,"Parent Relationship":"Outer","Plan Rows":1,"Plan Width":16,"Relation Name":"migration_metadata_result","Rows Removed by Filter":0,"Rows Removed by Index Recheck":0,"Scan Direction":"Forward","Shared Dirtied Blocks":0,"Shared Hit Blocks":4,"Shared Read Blocks":0,"Shared Written Blocks":0,"Startup Cost":0.41,"Temp Read Blocks":0,"Temp Written Blocks":0,"Total Cost":8.44}],"Shared Dirtied Blocks":0,"Shared Hit Blocks":4,"Shared Read Blocks":0,"Shared Written Blocks":0,"Startup Cost":0.41,"Temp Read Blocks":0,"Temp Written Blocks":0,"Total Cost":8.44},"Planning":{"Local Dirtied Blocks":0,"Local Hit Blocks":0,"Local Read Blocks":0,"Local Written Blocks":0,"Shared Dirtied Blocks":0,"Shared Hit Blocks":0,"Shared Read Blocks":0,"Shared Written Blocks":0,"Temp Read Blocks":0,"Temp Written Blocks":0},"Planning Time":0.041,"Triggers":[]}],"sql":"SELECT id FROM migration_metadata_result WHERE import_id=$1 AND organization_id=$2 AND plan_id=$3 AND id>$4 AND ($5::text IS NULL OR kind=$5) AND ($6::text IS NULL OR disposition=$6) ORDER BY id LIMIT $7","sql_sha256":"3fe78e1cb00cd7377dd369c690902f69f302ac0408a00faded3aa1aa53b368e1"}
CRM_010F1_METADATA_BOUND {"examined":1.0,"indexed_required":true,"label":"results_sparse_held_deep","maximum":1026.0,"relation":"migration_metadata_result"}

thread 'db_metadata_import_plans::metadata_hot_queries_at_d050' (12592249) panicked at crates/crm-api/tests/db_metadata_import_plans.rs:154:24:
assertion `left == right` failed
  left: None
 right: Some(1)
CRM_010F1_METADATA_PLAN {"bindings":["67658043-e9c4-443e-ad79-672e8508c075","39d8ec29-60a2-4f98-95dc-5030c3f0445d","2dd510d2-581f-4a28-a478-04c4c39ee326","00000000-0000-0000-0000-000000000000","option","created",51],"label":"results_option_created","plan":[{"Execution Time":0.038,"Plan":{"Actual Loops":1,"Actual Rows":25.0,"Actual Startup Time":0.021,"Actual Total Time":0.031,"Async Capable":false,"Disabled":false,"Local Dirtied Blocks":0,"Local Hit Blocks":0,"Local Read Blocks":0,"Local Written Blocks":0,"Node Type":"Limit","Parallel Aware":false,"Plan Rows":1,"Plan Width":16,"Plans":[{"Actual Loops":1,"Actual Rows":25.0,"Actual Startup Time":0.02,"Actual Total Time":0.029,"Alias":"migration_metadata_result","Async Capable":false,"Disabled":false,"Filter":"(plan_id = '2dd510d2-581f-4a28-a478-04c4c39ee326'::uuid)","Index Cond":"((import_id = '67658043-e9c4-443e-ad79-672e8508c075'::uuid) AND (organization_id = '39d8ec29-60a2-4f98-95dc-5030c3f0445d'::uuid) AND (kind = 'option'::text) AND (disposition = 'created'::text) AND (id > '00000000-0000-0000-0000-000000000000'::uuid))","Index Name":"migration_metadata_result_page","Index Searches":1,"Local Dirtied Blocks":0,"Local Hit Blocks":0,"Local Read Blocks":0,"Local Written Blocks":0,"Node Type":"Index Scan","Parallel Aware":false,"Parent Relationship":"Outer","Plan Rows":1,"Plan Width":16,"Relation Name":"migration_metadata_result","Rows Removed by Filter":0,"Rows Removed by Index Recheck":0,"Scan Direction":"Forward","Shared Dirtied Blocks":0,"Shared Hit Blocks":16,"Shared Read Blocks":3,"Shared Written Blocks":0,"Startup Cost":0.41,"Temp Read Blocks":0,"Temp Written Blocks":0,"Total Cost":8.44}],"Shared Dirtied Blocks":0,"Shared Hit Blocks":16,"Shared Read Blocks":3,"Shared Written Blocks":0,"Startup Cost":0.41,"Temp Read Blocks":0,"Temp Written Blocks":0,"Total Cost":8.44},"Planning":{"Local Dirtied Blocks":0,"Local Hit Blocks":0,"Local Read Blocks":0,"Local Written Blocks":0,"Shared Dirtied Blocks":0,"Shared Hit Blocks":3,"Shared Read Blocks":0,"Shared Written Blocks":0,"Temp Read Blocks":0,"Temp Written Blocks":0},"Planning Time":0.068,"Triggers":[]}],"sql":"SELECT id FROM migration_metadata_result WHERE import_id=$1 AND organization_id=$2 AND plan_id=$3 AND id>$4 AND ($5::text IS NULL OR kind=$5) AND ($6::text IS NULL OR disposition=$6) ORDER BY id LIMIT $7","sql_sha256":"3fe78e1cb00cd7377dd369c690902f69f302ac0408a00faded3aa1aa53b368e1"}
CRM_010F1_METADATA_BOUND {"examined":25.0,"indexed_required":true,"label":"results_option_created","maximum":25035.0,"relation":"migration_metadata_result"}

thread 'db_metadata_import_plans::metadata_hot_queries_at_d050' (12592249) panicked at crates/crm-api/tests/db_metadata_import_plans.rs:154:24:
assertion `left == right` failed
  left: None
 right: Some(25)
CRM_010F1_METADATA_PLAN {"bindings":["67658043-e9c4-443e-ad79-672e8508c075","39d8ec29-60a2-4f98-95dc-5030c3f0445d","2dd510d2-581f-4a28-a478-04c4c39ee326","50000000-0000-0000-0000-000000005dc0",null,"source_null",51],"label":"results_empty_source_null","plan":[{"Execution Time":0.021,"Plan":{"Actual Loops":1,"Actual Rows":0.0,"Actual Startup Time":0.016,"Actual Total Time":0.016,"Async Capable":false,"Disabled":false,"Local Dirtied Blocks":0,"Local Hit Blocks":0,"Local Read Blocks":0,"Local Written Blocks":0,"Node Type":"Limit","Parallel Aware":false,"Plan Rows":1,"Plan Width":16,"Plans":[{"Actual Loops":1,"Actual Rows":0.0,"Actual Startup Time":0.016,"Actual Total Time":0.016,"Async Capable":false,"Disabled":false,"Local Dirtied Blocks":0,"Local Hit Blocks":0,"Local Read Blocks":0,"Local Written Blocks":0,"Node Type":"Sort","Parallel Aware":false,"Parent Relationship":"Outer","Plan Rows":1,"Plan Width":16,"Plans":[{"Actual Loops":1,"Actual Rows":0.0,"Actual Startup Time":0.013,"Actual Total Time":0.013,"Alias":"migration_metadata_result","Async Capable":false,"Disabled":false,"Filter":"(plan_id = '2dd510d2-581f-4a28-a478-04c4c39ee326'::uuid)","Index Cond":"((import_id = '67658043-e9c4-443e-ad79-672e8508c075'::uuid) AND (organization_id = '39d8ec29-60a2-4f98-95dc-5030c3f0445d'::uuid) AND (disposition = 'source_null'::text) AND (id > '50000000-0000-0000-0000-000000005dc0'::uuid))","Index Name":"migration_metadata_result_page","Index Searches":3,"Local Dirtied Blocks":0,"Local Hit Blocks":0,"Local Read Blocks":0,"Local Written Blocks":0,"Node Type":"Index Scan","Parallel Aware":false,"Parent Relationship":"Outer","Plan Rows":1,"Plan Width":16,"Relation Name":"migration_metadata_result","Rows Removed by Filter":0,"Rows Removed by Index Recheck":0,"Scan Direction":"Forward","Shared Dirtied Blocks":0,"Shared Hit Blocks":9,"Shared Read Blocks":0,"Shared Written Blocks":0,"Startup Cost":0.41,"Temp Read Blocks":0,"Temp Written Blocks":0,"Total Cost":26.15}],"Shared Dirtied Blocks":0,"Shared Hit Blocks":9,"Shared Read Blocks":0,"Shared Written Blocks":0,"Sort Key":["id"],"Sort Method":"quicksort","Sort Space Type":"Memory","Sort Space Used":25,"Startup Cost":26.16,"Temp Read Blocks":0,"Temp Written Blocks":0,"Total Cost":26.16}],"Shared Dirtied Blocks":0,"Shared Hit Blocks":9,"Shared Read Blocks":0,"Shared Written Blocks":0,"Startup Cost":26.16,"Temp Read Blocks":0,"Temp Written Blocks":0,"Total Cost":26.16},"Planning":{"Local Dirtied Blocks":0,"Local Hit Blocks":0,"Local Read Blocks":0,"Local Written Blocks":0,"Shared Dirtied Blocks":0,"Shared Hit Blocks":0,"Shared Read Blocks":0,"Shared Written Blocks":0,"Temp Read Blocks":0,"Temp Written Blocks":0},"Planning Time":0.038,"Triggers":[]}],"sql":"SELECT id FROM migration_metadata_result WHERE import_id=$1 AND organization_id=$2 AND plan_id=$3 AND id>$4 AND ($5::text IS NULL OR kind=$5) AND ($6::text IS NULL OR disposition=$6) ORDER BY id LIMIT $7","sql_sha256":"3fe78e1cb00cd7377dd369c690902f69f302ac0408a00faded3aa1aa53b368e1"}
CRM_010F1_METADATA_BOUND {"examined":0.0,"indexed_required":true,"label":"results_empty_source_null","maximum":1026.0,"relation":"migration_metadata_result"}

thread 'db_metadata_import_plans::metadata_hot_queries_at_d050' (12592249) panicked at crates/crm-api/tests/db_metadata_import_plans.rs:154:24:
assertion `left == right` failed
  left: None
 right: Some(0)
CRM_010F1_METADATA_PLAN {"bindings":["67658043-e9c4-443e-ad79-672e8508c075","39d8ec29-60a2-4f98-95dc-5030c3f0445d","2dd510d2-581f-4a28-a478-04c4c39ee326","50000000-0000-0000-0000-0000000061a8","people","held",51],"label":"results_empty_people_tail","plan":[{"Execution Time":0.007,"Plan":{"Actual Loops":1,"Actual Rows":0.0,"Actual Startup Time":0.003,"Actual Total Time":0.003,"Async Capable":false,"Disabled":false,"Local Dirtied Blocks":0,"Local Hit Blocks":0,"Local Read Blocks":0,"Local Written Blocks":0,"Node Type":"Limit","Parallel Aware":false,"Plan Rows":1,"Plan Width":16,"Plans":[{"Actual Loops":1,"Actual Rows":0.0,"Actual Startup Time":0.003,"Actual Total Time":0.003,"Alias":"migration_metadata_result","Async Capable":false,"Disabled":false,"Filter":"(plan_id = '2dd510d2-581f-4a28-a478-04c4c39ee326'::uuid)","Index Cond":"((import_id = '67658043-e9c4-443e-ad79-672e8508c075'::uuid) AND (organization_id = '39d8ec29-60a2-4f98-95dc-5030c3f0445d'::uuid) AND (kind = 'people'::text) AND (disposition = 'held'::text) AND (id > '50000000-0000-0000-0000-0000000061a8'::uuid))","Index Name":"migration_metadata_result_page","Index Searches":1,"Local Dirtied Blocks":0,"Local Hit Blocks":0,"Local Read Blocks":0,"Local Written Blocks":0,"Node Type":"Index Scan","Parallel Aware":false,"Parent Relationship":"Outer","Plan Rows":1,"Plan Width":16,"Relation Name":"migration_metadata_result","Rows Removed by Filter":0,"Rows Removed by Index Recheck":0,"Scan Direction":"Forward","Shared Dirtied Blocks":0,"Shared Hit Blocks":3,"Shared Read Blocks":0,"Shared Written Blocks":0,"Startup Cost":0.41,"Temp Read Blocks":0,"Temp Written Blocks":0,"Total Cost":8.44}],"Shared Dirtied Blocks":0,"Shared Hit Blocks":3,"Shared Read Blocks":0,"Shared Written Blocks":0,"Startup Cost":0.41,"Temp Read Blocks":0,"Temp Written Blocks":0,"Total Cost":8.44},"Planning":{"Local Dirtied Blocks":0,"Local Hit Blocks":0,"Local Read Blocks":0,"Local Written Blocks":0,"Shared Dirtied Blocks":0,"Shared Hit Blocks":2,"Shared Read Blocks":1,"Shared Written Blocks":0,"Temp Read Blocks":0,"Temp Written Blocks":0},"Planning Time":0.049,"Triggers":[]}],"sql":"SELECT id FROM migration_metadata_result WHERE import_id=$1 AND organization_id=$2 AND plan_id=$3 AND id>$4 AND ($5::text IS NULL OR kind=$5) AND ($6::text IS NULL OR disposition=$6) ORDER BY id LIMIT $7","sql_sha256":"3fe78e1cb00cd7377dd369c690902f69f302ac0408a00faded3aa1aa53b368e1"}
CRM_010F1_METADATA_BOUND {"examined":0.0,"indexed_required":true,"label":"results_empty_people_tail","maximum":26.0,"relation":"migration_metadata_result"}

thread 'db_metadata_import_plans::metadata_hot_queries_at_d050' (12592249) panicked at crates/crm-api/tests/db_metadata_import_plans.rs:154:24:
assertion `left == right` failed
  left: None
 right: Some(0)
CRM_010F1_METADATA_PLAN {"bindings":["50000000-0000-0000-0000-000000005dc1","67658043-e9c4-443e-ad79-672e8508c075","39d8ec29-60a2-4f98-95dc-5030c3f0445d"],"label":"result_field_payload_point","plan":[{"Execution Time":0.012,"Plan":{"Actual Loops":1,"Actual Rows":1.0,"Actual Startup Time":0.008,"Actual Total Time":0.008,"Alias":"migration_metadata_result","Async Capable":false,"Disabled":false,"Filter":"(import_id = '67658043-e9c4-443e-ad79-672e8508c075'::uuid)","Index Cond":"((id = '50000000-0000-0000-0000-000000005dc1'::uuid) AND (organization_id = '39d8ec29-60a2-4f98-95dc-5030c3f0445d'::uuid))","Index Name":"migration_metadata_result_id_organization_id_key","Index Searches":1,"Local Dirtied Blocks":0,"Local Hit Blocks":0,"Local Read Blocks":0,"Local Written Blocks":0,"Node Type":"Index Scan","Parallel Aware":false,"Plan Rows":1,"Plan Width":1102,"Relation Name":"migration_metadata_result","Rows Removed by Filter":0,"Rows Removed by Index Recheck":0,"Scan Direction":"Forward","Shared Dirtied Blocks":0,"Shared Hit Blocks":2,"Shared Read Blocks":1,"Shared Written Blocks":0,"Startup Cost":0.29,"Temp Read Blocks":0,"Temp Written Blocks":0,"Total Cost":8.31},"Planning":{"Local Dirtied Blocks":0,"Local Hit Blocks":0,"Local Read Blocks":0,"Local Written Blocks":0,"Shared Dirtied Blocks":0,"Shared Hit Blocks":24,"Shared Read Blocks":0,"Shared Written Blocks":0,"Temp Read Blocks":0,"Temp Written Blocks":0},"Planning Time":0.059,"Triggers":[]}],"sql":"SELECT * FROM migration_metadata_result WHERE id=$1 AND import_id=$2 AND organization_id=$3","sql_sha256":"fdbfb201af398ed5525c893661922ea451ccb4f3c9d2bb8f0925a9b61f1e792b"}
CRM_010F1_METADATA_BOUND {"examined":1.0,"indexed_required":true,"label":"result_field_payload_point","maximum":1.0,"relation":"migration_metadata_result"}
CRM_010F1_METADATA_PLAN {"bindings":["39d8ec29-60a2-4f98-95dc-5030c3f0445d","10000000-0000-0000-0000-000000005dc1","00000000-0000-0000-0000-000000000000",51],"label":"provenance_first","plan":[{"Execution Time":0.03,"Plan":{"Actual Loops":1,"Actual Rows":51.0,"Actual Startup Time":0.005,"Actual Total Time":0.024,"Async Capable":false,"Disabled":false,"Local Dirtied Blocks":0,"Local Hit Blocks":0,"Local Read Blocks":0,"Local Written Blocks":0,"Node Type":"Limit","Parallel Aware":false,"Plan Rows":51,"Plan Width":48,"Plans":[{"Actual Loops":1,"Actual Rows":51.0,"Actual Startup Time":0.005,"Actual Total Time":0.021,"Alias":"migration_metadata_result","Async Capable":false,"Disabled":false,"Filter":"(kind = 'people'::text)","Index Cond":"((organization_id = '39d8ec29-60a2-4f98-95dc-5030c3f0445d'::uuid) AND (person_id = '10000000-0000-0000-0000-000000005dc1'::uuid) AND (id > '00000000-0000-0000-0000-000000000000'::uuid))","Index Name":"migration_metadata_result_person","Index Searches":1,"Local Dirtied Blocks":0,"Local Hit Blocks":0,"Local Read Blocks":0,"Local Written Blocks":0,"Node Type":"Index Scan","Parallel Aware":false,"Parent Relationship":"Outer","Plan Rows":257,"Plan Width":48,"Relation Name":"migration_metadata_result","Rows Removed by Filter":0,"Rows Removed by Index Recheck":0,"Scan Direction":"Forward","Shared Dirtied Blocks":0,"Shared Hit Blocks":54,"Shared Read Blocks":0,"Shared Written Blocks":0,"Startup Cost":0.41,"Temp Read Blocks":0,"Temp Written Blocks":0,"Total Cost":477.09}],"Shared Dirtied Blocks":0,"Shared Hit Blocks":54,"Shared Read Blocks":0,"Shared Written Blocks":0,"Startup Cost":0.41,"Temp Read Blocks":0,"Temp Written Blocks":0,"Total Cost":95.01},"Planning":{"Local Dirtied Blocks":0,"Local Hit Blocks":0,"Local Read Blocks":0,"Local Written Blocks":0,"Shared Dirtied Blocks":0,"Shared Hit Blocks":3,"Shared Read Blocks":0,"Shared Written Blocks":0,"Temp Read Blocks":0,"Temp Written Blocks":0},"Planning Time":0.058,"Triggers":[]}],"sql":"SELECT id,import_id,plan_id FROM migration_metadata_result WHERE organization_id=$1 AND person_id=$2 AND kind='people' AND id>$3 ORDER BY id LIMIT $4","sql_sha256":"592946b2d54479dbd55ba3aeaae47ad9507ff3a20f9cdf28deefdeec770289a1"}
CRM_010F1_METADATA_BOUND {"examined":51.0,"indexed_required":true,"label":"provenance_first","maximum":51.0,"relation":"migration_metadata_result"}

thread 'db_metadata_import_plans::metadata_hot_queries_at_d050' (12592249) panicked at crates/crm-api/tests/db_metadata_import_plans.rs:154:24:
assertion `left == right` failed
  left: None
 right: Some(51)
CRM_010F1_METADATA_PLAN {"bindings":["39d8ec29-60a2-4f98-95dc-5030c3f0445d","10000000-0000-0000-0000-000000005dc1","bd16fa73-93eb-4cd4-b315-d89eda359cba",51],"label":"provenance_deep","plan":[{"Execution Time":0.033,"Plan":{"Actual Loops":1,"Actual Rows":51.0,"Actual Startup Time":0.006,"Actual Total Time":0.027,"Async Capable":false,"Disabled":false,"Local Dirtied Blocks":0,"Local Hit Blocks":0,"Local Read Blocks":0,"Local Written Blocks":0,"Node Type":"Limit","Parallel Aware":false,"Plan Rows":1,"Plan Width":48,"Plans":[{"Actual Loops":1,"Actual Rows":51.0,"Actual Startup Time":0.006,"Actual Total Time":0.024,"Alias":"migration_metadata_result","Async Capable":false,"Disabled":false,"Filter":"(kind = 'people'::text)","Index Cond":"((organization_id = '39d8ec29-60a2-4f98-95dc-5030c3f0445d'::uuid) AND (person_id = '10000000-0000-0000-0000-000000005dc1'::uuid) AND (id > 'bd16fa73-93eb-4cd4-b315-d89eda359cba'::uuid))","Index Name":"migration_metadata_result_person","Index Searches":1,"Local Dirtied Blocks":0,"Local Hit Blocks":0,"Local Read Blocks":0,"Local Written Blocks":0,"Node Type":"Index Scan","Parallel Aware":false,"Parent Relationship":"Outer","Plan Rows":1,"Plan Width":48,"Relation Name":"migration_metadata_result","Rows Removed by Filter":0,"Rows Removed by Index Recheck":0,"Scan Direction":"Forward","Shared Dirtied Blocks":0,"Shared Hit Blocks":53,"Shared Read Blocks":0,"Shared Written Blocks":0,"Startup Cost":0.41,"Temp Read Blocks":0,"Temp Written Blocks":0,"Total Cost":8.44}],"Shared Dirtied Blocks":0,"Shared Hit Blocks":53,"Shared Read Blocks":0,"Shared Written Blocks":0,"Startup Cost":0.41,"Temp Read Blocks":0,"Temp Written Blocks":0,"Total Cost":8.44},"Planning":{"Local Dirtied Blocks":0,"Local Hit Blocks":0,"Local Read Blocks":0,"Local Written Blocks":0,"Shared Dirtied Blocks":0,"Shared Hit Blocks":3,"Shared Read Blocks":0,"Shared Written Blocks":0,"Temp Read Blocks":0,"Temp Written Blocks":0},"Planning Time":0.054,"Triggers":[]}],"sql":"SELECT id,import_id,plan_id FROM migration_metadata_result WHERE organization_id=$1 AND person_id=$2 AND kind='people' AND id>$3 ORDER BY id LIMIT $4","sql_sha256":"592946b2d54479dbd55ba3aeaae47ad9507ff3a20f9cdf28deefdeec770289a1"}
CRM_010F1_METADATA_BOUND {"examined":51.0,"indexed_required":true,"label":"provenance_deep","maximum":51.0,"relation":"migration_metadata_result"}

thread 'db_metadata_import_plans::metadata_hot_queries_at_d050' (12592249) panicked at crates/crm-api/tests/db_metadata_import_plans.rs:154:24:
assertion `left == right` failed
  left: None
 right: Some(51)
CRM_010F1_METADATA_PLAN {"bindings":["50000000-0000-0000-0000-000000005dc1","39d8ec29-60a2-4f98-95dc-5030c3f0445d","10000000-0000-0000-0000-000000005dc1"],"label":"provenance_field_payload_point","plan":[{"Execution Time":0.013,"Plan":{"Actual Loops":1,"Actual Rows":1.0,"Actual Startup Time":0.007,"Actual Total Time":0.007,"Alias":"migration_metadata_result","Async Capable":false,"Disabled":false,"Filter":"((person_id = '10000000-0000-0000-0000-000000005dc1'::uuid) AND (kind = 'people'::text))","Index Cond":"((id = '50000000-0000-0000-0000-000000005dc1'::uuid) AND (organization_id = '39d8ec29-60a2-4f98-95dc-5030c3f0445d'::uuid))","Index Name":"migration_metadata_result_id_organization_id_key","Index Searches":1,"Local Dirtied Blocks":0,"Local Hit Blocks":0,"Local Read Blocks":0,"Local Written Blocks":0,"Node Type":"Index Scan","Parallel Aware":false,"Plan Rows":1,"Plan Width":1102,"Relation Name":"migration_metadata_result","Rows Removed by Filter":0,"Rows Removed by Index Recheck":0,"Scan Direction":"Forward","Shared Dirtied Blocks":0,"Shared Hit Blocks":3,"Shared Read Blocks":0,"Shared Written Blocks":0,"Startup Cost":0.29,"Temp Read Blocks":0,"Temp Written Blocks":0,"Total Cost":8.31},"Planning":{"Local Dirtied Blocks":0,"Local Hit Blocks":0,"Local Read Blocks":0,"Local Written Blocks":0,"Shared Dirtied Blocks":0,"Shared Hit Blocks":0,"Shared Read Blocks":0,"Shared Written Blocks":0,"Temp Read Blocks":0,"Temp Written Blocks":0},"Planning Time":0.044,"Triggers":[]}],"sql":"SELECT * FROM migration_metadata_result WHERE id=$1 AND organization_id=$2 AND person_id=$3 AND kind='people'","sql_sha256":"c3844e86e43708e210d21eedb0d5b3b09e4ad706e2c4ad0a8be4dd5b3057d027"}
CRM_010F1_METADATA_BOUND {"examined":1.0,"indexed_required":true,"label":"provenance_field_payload_point","maximum":1.0,"relation":"migration_metadata_result"}
CRM_010F1_METADATA_PLAN {"bindings":["10000000-0000-0000-0000-000000005dc1","39d8ec29-60a2-4f98-95dc-5030c3f0445d"],"label":"provenance_live_person_scope","plan":[{"Execution Time":0.014,"Plan":{"Actual Loops":1,"Actual Rows":1.0,"Actual Startup Time":0.008,"Actual Total Time":0.008,"Async Capable":false,"Disabled":false,"Local Dirtied Blocks":0,"Local Hit Blocks":0,"Local Read Blocks":0,"Local Written Blocks":0,"Node Type":"Result","Parallel Aware":false,"Plan Rows":1,"Plan Width":1,"Plans":[{"Actual Loops":1,"Actual Rows":1.0,"Actual Startup Time":0.007,"Actual Total Time":0.007,"Alias":"person","Async Capable":false,"Disabled":false,"Heap Fetches":0,"Index Cond":"((id = '10000000-0000-0000-0000-000000005dc1'::uuid) AND (organization_id = '39d8ec29-60a2-4f98-95dc-5030c3f0445d'::uuid))","Index Name":"person_id_organization_id_key","Index Searches":1,"Local Dirtied Blocks":0,"Local Hit Blocks":0,"Local Read Blocks":0,"Local Written Blocks":0,"Node Type":"Index Only Scan","Parallel Aware":false,"Parent Relationship":"InitPlan","Plan Rows":1,"Plan Width":0,"Relation Name":"person","Rows Removed by Index Recheck":0,"Scan Direction":"Forward","Shared Dirtied Blocks":0,"Shared Hit Blocks":3,"Shared Read Blocks":0,"Shared Written Blocks":0,"Startup Cost":0.29,"Subplan Name":"InitPlan 1","Temp Read Blocks":0,"Temp Written Blocks":0,"Total Cost":4.31}],"Shared Dirtied Blocks":0,"Shared Hit Blocks":3,"Shared Read Blocks":0,"Shared Written Blocks":0,"Startup Cost":4.31,"Temp Read Blocks":0,"Temp Written Blocks":0,"Total Cost":4.32},"Planning":{"Local Dirtied Blocks":0,"Local Hit Blocks":0,"Local Read Blocks":0,"Local Written Blocks":0,"Shared Dirtied Blocks":0,"Shared Hit Blocks":0,"Shared Read Blocks":0,"Shared Written Blocks":0,"Temp Read Blocks":0,"Temp Written Blocks":0},"Planning Time":0.039,"Triggers":[]}],"sql":"SELECT EXISTS(SELECT 1 FROM person WHERE id=$1 AND organization_id=$2)","sql_sha256":"5ca38ba58586a87d9212f1d7087a36d86de9c3b1b610a93523e20b6ed46d566c"}
CRM_010F1_METADATA_BOUND {"examined":1.0,"indexed_required":true,"label":"provenance_live_person_scope","maximum":1.0,"relation":"person"}
CRM_010F1_METADATA_PLAN {"bindings":["2dd510d2-581f-4a28-a478-04c4c39ee326","67658043-e9c4-443e-ad79-672e8508c075","39d8ec29-60a2-4f98-95dc-5030c3f0445d","",51],"label":"issue_first_page","plan":[{"Execution Time":0.043,"Plan":{"Actual Loops":1,"Actual Rows":51.0,"Actual Startup Time":0.031,"Actual Total Time":0.036,"Async Capable":false,"Disabled":false,"Local Dirtied Blocks":0,"Local Hit Blocks":0,"Local Read Blocks":0,"Local Written Blocks":0,"Node Type":"Limit","Parallel Aware":false,"Plan Rows":51,"Plan Width":26,"Plans":[{"Actual Loops":1,"Actual Rows":51.0,"Actual Startup Time":0.031,"Actual Total Time":0.032,"Async Capable":false,"Disabled":false,"Local Dirtied Blocks":0,"Local Hit Blocks":0,"Local Read Blocks":0,"Local Written Blocks":0,"Node Type":"Sort","Parallel Aware":false,"Parent Relationship":"Outer","Plan Rows":60,"Plan Width":26,"Plans":[{"Actual Loops":1,"Actual Rows":60.0,"Actual Startup Time":0.006,"Actual Total Time":0.012,"Alias":"migration_metadata_issue","Async Capable":false,"Disabled":false,"Filter":"((code > ''::text) AND (plan_id = '2dd510d2-581f-4a28-a478-04c4c39ee326'::uuid) AND (import_id = '67658043-e9c4-443e-ad79-672e8508c075'::uuid) AND (organization_id = '39d8ec29-60a2-4f98-95dc-5030c3f0445d'::uuid))","Local Dirtied Blocks":0,"Local Hit Blocks":0,"Local Read Blocks":0,"Local Written Blocks":0,"Node Type":"Seq Scan","Parallel Aware":false,"Parent Relationship":"Outer","Plan Rows":60,"Plan Width":26,"Relation Name":"migration_metadata_issue","Rows Removed by Filter":2,"Shared Dirtied Blocks":0,"Shared Hit Blocks":1,"Shared Read Blocks":0,"Shared Written Blocks":0,"Startup Cost":0.0,"Temp Read Blocks":0,"Temp Written Blocks":0,"Total Cost":2.24}],"Shared Dirtied Blocks":0,"Shared Hit Blocks":1,"Shared Read Blocks":0,"Shared Written Blocks":0,"Sort Key":["code"],"Sort Method":"quicksort","Sort Space Type":"Memory","Sort Space Used":29,"Startup Cost":4.01,"Temp Read Blocks":0,"Temp Written Blocks":0,"Total Cost":4.16}],"Shared Dirtied Blocks":0,"Shared Hit Blocks":1,"Shared Read Blocks":0,"Shared Written Blocks":0,"Startup Cost":4.01,"Temp Read Blocks":0,"Temp Written Blocks":0,"Total Cost":4.14},"Planning":{"Local Dirtied Blocks":0,"Local Hit Blocks":0,"Local Read Blocks":0,"Local Written Blocks":0,"Shared Dirtied Blocks":0,"Shared Hit Blocks":26,"Shared Read Blocks":1,"Shared Written Blocks":0,"Temp Read Blocks":0,"Temp Written Blocks":0},"Planning Time":0.087,"Triggers":[]}],"sql":"SELECT code,record_count FROM migration_metadata_issue WHERE plan_id=$1 AND import_id=$2 AND organization_id=$3 AND code>$4 ORDER BY code LIMIT $5","sql_sha256":"affc0c7ac6a4a37b0771e3edb3ff46fc69de46ed92707418057db6a79c94b9e6"}
CRM_010F1_METADATA_BOUND {"examined":62.0,"indexed_required":false,"label":"issue_first_page","maximum":64.0,"relation":"migration_metadata_issue"}

thread 'db_metadata_import_plans::metadata_hot_queries_at_d050' (12592249) panicked at crates/crm-api/tests/db_metadata_import_plans.rs:154:24:
assertion `left == right` failed
  left: None
 right: Some(51)
CRM_010F1_METADATA_PLAN {"bindings":["2dd510d2-581f-4a28-a478-04c4c39ee326","67658043-e9c4-443e-ad79-672e8508c075","39d8ec29-60a2-4f98-95dc-5030c3f0445d","synthetic_issue_55",51],"label":"issue_deep_page","plan":[{"Execution Time":0.021,"Plan":{"Actual Loops":1,"Actual Rows":5.0,"Actual Startup Time":0.017,"Actual Total Time":0.017,"Async Capable":false,"Disabled":false,"Local Dirtied Blocks":0,"Local Hit Blocks":0,"Local Read Blocks":0,"Local Written Blocks":0,"Node Type":"Limit","Parallel Aware":false,"Plan Rows":5,"Plan Width":26,"Plans":[{"Actual Loops":1,"Actual Rows":5.0,"Actual Startup Time":0.017,"Actual Total Time":0.017,"Async Capable":false,"Disabled":false,"Local Dirtied Blocks":0,"Local Hit Blocks":0,"Local Read Blocks":0,"Local Written Blocks":0,"Node Type":"Sort","Parallel Aware":false,"Parent Relationship":"Outer","Plan Rows":5,"Plan Width":26,"Plans":[{"Actual Loops":1,"Actual Rows":5.0,"Actual Startup Time":0.013,"Actual Total Time":0.014,"Alias":"migration_metadata_issue","Async Capable":false,"Disabled":false,"Filter":"((code > 'synthetic_issue_55'::text) AND (plan_id = '2dd510d2-581f-4a28-a478-04c4c39ee326'::uuid) AND (import_id = '67658043-e9c4-443e-ad79-672e8508c075'::uuid) AND (organization_id = '39d8ec29-60a2-4f98-95dc-5030c3f0445d'::uuid))","Local Dirtied Blocks":0,"Local Hit Blocks":0,"Local Read Blocks":0,"Local Written Blocks":0,"Node Type":"Seq Scan","Parallel Aware":false,"Parent Relationship":"Outer","Plan Rows":5,"Plan Width":26,"Relation Name":"migration_metadata_issue","Rows Removed by Filter":57,"Shared Dirtied Blocks":0,"Shared Hit Blocks":1,"Shared Read Blocks":0,"Shared Written Blocks":0,"Startup Cost":0.0,"Temp Read Blocks":0,"Temp Written Blocks":0,"Total Cost":2.24}],"Shared Dirtied Blocks":0,"Shared Hit Blocks":1,"Shared Read Blocks":0,"Shared Written Blocks":0,"Sort Key":["code"],"Sort Method":"quicksort","Sort Space Type":"Memory","Sort Space Used":25,"Startup Cost":2.3,"Temp Read Blocks":0,"Temp Written Blocks":0,"Total Cost":2.31}],"Shared Dirtied Blocks":0,"Shared Hit Blocks":1,"Shared Read Blocks":0,"Shared Written Blocks":0,"Startup Cost":2.3,"Temp Read Blocks":0,"Temp Written Blocks":0,"Total Cost":2.31},"Planning":{"Local Dirtied Blocks":0,"Local Hit Blocks":0,"Local Read Blocks":0,"Local Written Blocks":0,"Shared Dirtied Blocks":0,"Shared Hit Blocks":0,"Shared Read Blocks":0,"Shared Written Blocks":0,"Temp Read Blocks":0,"Temp Written Blocks":0},"Planning Time":0.025,"Triggers":[]}],"sql":"SELECT code,record_count FROM migration_metadata_issue WHERE plan_id=$1 AND import_id=$2 AND organization_id=$3 AND code>$4 ORDER BY code LIMIT $5","sql_sha256":"affc0c7ac6a4a37b0771e3edb3ff46fc69de46ed92707418057db6a79c94b9e6"}
CRM_010F1_METADATA_BOUND {"examined":62.0,"indexed_required":false,"label":"issue_deep_page","maximum":64.0,"relation":"migration_metadata_issue"}

thread 'db_metadata_import_plans::metadata_hot_queries_at_d050' (12592249) panicked at crates/crm-api/tests/db_metadata_import_plans.rs:154:24:
assertion `left == right` failed
  left: None
 right: Some(5)
CRM_010F1_METADATA_PLAN {"bindings":["39d8ec29-60a2-4f98-95dc-5030c3f0445d","10000000-0000-0000-0000-000000005dc1"],"label":"native_person_tag_count","plan":[{"Execution Time":0.09,"Plan":{"Actual Loops":1,"Actual Rows":1.0,"Actual Startup Time":0.084,"Actual Total Time":0.084,"Async Capable":false,"Disabled":false,"Local Dirtied Blocks":0,"Local Hit Blocks":0,"Local Read Blocks":0,"Local Written Blocks":0,"Node Type":"Aggregate","Parallel Aware":false,"Partial Mode":"Simple","Plan Rows":1,"Plan Width":8,"Plans":[{"Actual Loops":1,"Actual Rows":10.0,"Actual Startup Time":0.081,"Actual Total Time":0.082,"Alias":"person_tag","Async Capable":false,"Disabled":false,"Heap Fetches":0,"Index Cond":"((organization_id = '39d8ec29-60a2-4f98-95dc-5030c3f0445d'::uuid) AND (person_id = '10000000-0000-0000-0000-000000005dc1'::uuid))","Index Name":"person_tag_pkey","Index Searches":1,"Local Dirtied Blocks":0,"Local Hit Blocks":0,"Local Read Blocks":0,"Local Written Blocks":0,"Node Type":"Index Only Scan","Parallel Aware":false,"Parent Relationship":"Outer","Plan Rows":10,"Plan Width":0,"Relation Name":"person_tag","Rows Removed by Index Recheck":0,"Scan Direction":"Forward","Shared Dirtied Blocks":0,"Shared Hit Blocks":0,"Shared Read Blocks":4,"Shared Written Blocks":0,"Startup Cost":0.42,"Temp Read Blocks":0,"Temp Written Blocks":0,"Total Cost":4.62}],"Shared Dirtied Blocks":0,"Shared Hit Blocks":0,"Shared Read Blocks":4,"Shared Written Blocks":0,"Startup Cost":4.64,"Strategy":"Plain","Temp Read Blocks":0,"Temp Written Blocks":0,"Total Cost":4.65},"Planning":{"Local Dirtied Blocks":0,"Local Hit Blocks":0,"Local Read Blocks":0,"Local Written Blocks":0,"Shared Dirtied Blocks":0,"Shared Hit Blocks":26,"Shared Read Blocks":2,"Shared Written Blocks":0,"Temp Read Blocks":0,"Temp Written Blocks":0},"Planning Time":0.083,"Triggers":[]}],"sql":"SELECT count(*) FROM person_tag WHERE organization_id=$1 AND person_id=$2","sql_sha256":"4bf9078c0ded2f9fc523ae43469b18dc2d99406b257ac6a53a9674facd1aa5ba"}
CRM_010F1_METADATA_BOUND {"examined":10.0,"indexed_required":true,"label":"native_person_tag_count","maximum":20.0,"relation":"person_tag"}
CRM_010F1_METADATA_PLAN {"bindings":["39d8ec29-60a2-4f98-95dc-5030c3f0445d","10000000-0000-0000-0000-000000005dc1","1332cd19-65d9-4677-94dd-384502c4f724"],"label":"native_person_tag_exists","plan":[{"Execution Time":0.05,"Plan":{"Actual Loops":1,"Actual Rows":1.0,"Actual Startup Time":0.045,"Actual Total Time":0.046,"Async Capable":false,"Disabled":false,"Local Dirtied Blocks":0,"Local Hit Blocks":0,"Local Read Blocks":0,"Local Written Blocks":0,"Node Type":"Result","Parallel Aware":false,"Plan Rows":1,"Plan Width":1,"Plans":[{"Actual Loops":1,"Actual Rows":1.0,"Actual Startup Time":0.045,"Actual Total Time":0.045,"Alias":"person_tag","Async Capable":false,"Disabled":false,"Heap Fetches":0,"Index Cond":"((organization_id = '39d8ec29-60a2-4f98-95dc-5030c3f0445d'::uuid) AND (tag_id = '1332cd19-65d9-4677-94dd-384502c4f724'::uuid) AND (person_id = '10000000-0000-0000-0000-000000005dc1'::uuid))","Index Name":"person_tag_org_tag_person_idx","Index Searches":1,"Local Dirtied Blocks":0,"Local Hit Blocks":0,"Local Read Blocks":0,"Local Written Blocks":0,"Node Type":"Index Only Scan","Parallel Aware":false,"Parent Relationship":"InitPlan","Plan Rows":1,"Plan Width":0,"Relation Name":"person_tag","Rows Removed by Index Recheck":0,"Scan Direction":"Forward","Shared Dirtied Blocks":0,"Shared Hit Blocks":1,"Shared Read Blocks":3,"Shared Written Blocks":0,"Startup Cost":0.42,"Subplan Name":"InitPlan 1","Temp Read Blocks":0,"Temp Written Blocks":0,"Total Cost":4.44}],"Shared Dirtied Blocks":0,"Shared Hit Blocks":1,"Shared Read Blocks":3,"Shared Written Blocks":0,"Startup Cost":4.44,"Temp Read Blocks":0,"Temp Written Blocks":0,"Total Cost":4.45},"Planning":{"Local Dirtied Blocks":0,"Local Hit Blocks":0,"Local Read Blocks":0,"Local Written Blocks":0,"Shared Dirtied Blocks":0,"Shared Hit Blocks":0,"Shared Read Blocks":0,"Shared Written Blocks":0,"Temp Read Blocks":0,"Temp Written Blocks":0},"Planning Time":0.025,"Triggers":[]}],"sql":"SELECT EXISTS(SELECT 1 FROM person_tag WHERE organization_id=$1 AND person_id=$2 AND tag_id=$3)","sql_sha256":"366f8e4dee0dd88ad5822e8dc167065da2cea1bdded6f7c03b98aa496f52f8cc"}
CRM_010F1_METADATA_BOUND {"examined":1.0,"indexed_required":true,"label":"native_person_tag_exists","maximum":1.0,"relation":"person_tag"}
CRM_010F1_METADATA_PLAN {"bindings":["39d8ec29-60a2-4f98-95dc-5030c3f0445d","10000000-0000-0000-0000-000000005dc1","9c0badc7-fe5d-434a-a8e2-fc4552101568","Synthetic value",null,null,null],"label":"native_person_value_exact","plan":[{"Execution Time":0.032,"Plan":{"Actual Loops":1,"Actual Rows":1.0,"Actual Startup Time":0.024,"Actual Total Time":0.024,"Alias":"person_custom_field_value","Async Capable":false,"Disabled":false,"Index Cond":"((organization_id = '39d8ec29-60a2-4f98-95dc-5030c3f0445d'::uuid) AND (person_id = '10000000-0000-0000-0000-000000005dc1'::uuid) AND (field_id = '9c0badc7-fe5d-434a-a8e2-fc4552101568'::uuid))","Index Name":"person_custom_field_value_pkey","Index Searches":1,"Local Dirtied Blocks":0,"Local Hit Blocks":0,"Local Read Blocks":0,"Local Written Blocks":0,"Node Type":"Index Scan","Parallel Aware":false,"Plan Rows":1,"Plan Width":1,"Relation Name":"person_custom_field_value","Rows Removed by Index Recheck":0,"Scan Direction":"Forward","Shared Dirtied Blocks":0,"Shared Hit Blocks":0,"Shared Read Blocks":4,"Shared Written Blocks":0,"Startup Cost":0.42,"Temp Read Blocks":0,"Temp Written Blocks":0,"Total Cost":8.45},"Planning":{"Local Dirtied Blocks":0,"Local Hit Blocks":0,"Local Read Blocks":0,"Local Written Blocks":0,"Shared Dirtied Blocks":0,"Shared Hit Blocks":44,"Shared Read Blocks":2,"Shared Written Blocks":0,"Temp Read Blocks":0,"Temp Written Blocks":0},"Planning Time":0.113,"Triggers":[]}],"sql":"SELECT text_value IS NOT DISTINCT FROM $4 AND number_value IS NOT DISTINCT FROM CAST($5::text AS numeric) AND date_value IS NOT DISTINCT FROM $6 AND option_id IS NOT DISTINCT FROM $7 FROM person_custom_field_value WHERE organization_id=$1 AND person_id=$2 AND field_id=$3","sql_sha256":"0cb541fb3d46dd20033dcdd0338a40a3c79d61dbb7eb036a722893378e076005"}
CRM_010F1_METADATA_BOUND {"examined":1.0,"indexed_required":true,"label":"native_person_value_exact","maximum":1.0,"relation":"person_custom_field_value"}

thread 'db_metadata_import_plans::metadata_hot_queries_at_d050' (12592249) panicked at crates/crm-api/tests/db_metadata_import_plans.rs:154:24:
assertion `left == right` failed
  left: None
 right: Some(1)
CRM_010F1_METADATA_PLAN {"bindings":["39d8ec29-60a2-4f98-95dc-5030c3f0445d","synthetic tag 11"],"label":"native_tag_label","plan":[{"Execution Time":0.085,"Plan":{"Actual Loops":1,"Actual Rows":1.0,"Actual Startup Time":0.078,"Actual Total Time":0.081,"Alias":"tag","Async Capable":false,"Disabled":false,"Filter":"((organization_id = '39d8ec29-60a2-4f98-95dc-5030c3f0445d'::uuid) AND (lower(name) = 'synthetic tag 11'::text))","Local Dirtied Blocks":0,"Local Hit Blocks":0,"Local Read Blocks":0,"Local Written Blocks":0,"Node Type":"Seq Scan","Parallel Aware":false,"Plan Rows":1,"Plan Width":16,"Relation Name":"tag","Rows Removed by Filter":9,"Shared Dirtied Blocks":0,"Shared Hit Blocks":0,"Shared Read Blocks":1,"Shared Written Blocks":0,"Startup Cost":0.0,"Temp Read Blocks":0,"Temp Written Blocks":0,"Total Cost":1.18},"Planning":{"Local Dirtied Blocks":0,"Local Hit Blocks":0,"Local Read Blocks":0,"Local Written Blocks":0,"Shared Dirtied Blocks":0,"Shared Hit Blocks":56,"Shared Read Blocks":3,"Shared Written Blocks":0,"Temp Read Blocks":0,"Temp Written Blocks":0},"Planning Time":0.091,"Triggers":[]}],"sql":"SELECT id FROM tag WHERE organization_id=$1 AND lower(name)=$2","sql_sha256":"63c89346c3feaa40cf15b197036629132ab6f3d4a3d53f583b3ec9f5f39ae94a"}
CRM_010F1_METADATA_BOUND {"examined":10.0,"indexed_required":false,"label":"native_tag_label","maximum":200.0,"relation":"tag"}

thread 'db_metadata_import_plans::metadata_hot_queries_at_d050' (12592249) panicked at crates/crm-api/tests/db_metadata_import_plans.rs:154:24:
assertion `left == right` failed
  left: None
 right: Some(1)
CRM_010F1_METADATA_PLAN {"bindings":["39d8ec29-60a2-4f98-95dc-5030c3f0445d","synthetic field 1"],"label":"native_field_label","plan":[{"Execution Time":0.06,"Plan":{"Actual Loops":1,"Actual Rows":1.0,"Actual Startup Time":0.053,"Actual Total Time":0.056,"Alias":"custom_field","Async Capable":false,"Disabled":false,"Filter":"((archived_at IS NULL) AND (organization_id = '39d8ec29-60a2-4f98-95dc-5030c3f0445d'::uuid) AND (lower(label) = 'synthetic field 1'::text))","Local Dirtied Blocks":0,"Local Hit Blocks":0,"Local Read Blocks":0,"Local Written Blocks":0,"Node Type":"Seq Scan","Parallel Aware":false,"Plan Rows":1,"Plan Width":16,"Relation Name":"custom_field","Rows Removed by Filter":9,"Shared Dirtied Blocks":0,"Shared Hit Blocks":0,"Shared Read Blocks":1,"Shared Written Blocks":0,"Startup Cost":0.0,"Temp Read Blocks":0,"Temp Written Blocks":0,"Total Cost":1.18},"Planning":{"Local Dirtied Blocks":0,"Local Hit Blocks":0,"Local Read Blocks":0,"Local Written Blocks":0,"Shared Dirtied Blocks":0,"Shared Hit Blocks":44,"Shared Read Blocks":5,"Shared Written Blocks":0,"Temp Read Blocks":0,"Temp Written Blocks":0},"Planning Time":0.126,"Triggers":[]}],"sql":"SELECT id FROM custom_field WHERE organization_id=$1 AND archived_at IS NULL AND lower(label)=$2","sql_sha256":"c593d8216e5d81b12df209916ef600377b079258e0ffdd32a1ec83da6ac90358"}
CRM_010F1_METADATA_BOUND {"examined":10.0,"indexed_required":false,"label":"native_field_label","maximum":50.0,"relation":"custom_field"}
CRM_010F1_METADATA_PLAN {"bindings":["39d8ec29-60a2-4f98-95dc-5030c3f0445d","6087b4c5-e7c7-4bbb-9010-17ab55de9fac","synthetic option 21"],"label":"native_option_label","plan":[{"Execution Time":0.071,"Plan":{"Actual Loops":1,"Actual Rows":1.0,"Actual Startup Time":0.053,"Actual Total Time":0.067,"Alias":"custom_field_option","Async Capable":false,"Disabled":false,"Filter":"((archived_at IS NULL) AND (organization_id = '39d8ec29-60a2-4f98-95dc-5030c3f0445d'::uuid) AND (field_id = '6087b4c5-e7c7-4bbb-9010-17ab55de9fac'::uuid) AND (lower(label) = 'synthetic option 21'::text))","Local Dirtied Blocks":0,"Local Hit Blocks":0,"Local Read Blocks":0,"Local Written Blocks":0,"Node Type":"Seq Scan","Parallel Aware":false,"Plan Rows":1,"Plan Width":16,"Relation Name":"custom_field_option","Rows Removed by Filter":49,"Shared Dirtied Blocks":0,"Shared Hit Blocks":0,"Shared Read Blocks":1,"Shared Written Blocks":0,"Startup Cost":0.0,"Temp Read Blocks":0,"Temp Written Blocks":0,"Total Cost":2.0},"Planning":{"Local Dirtied Blocks":0,"Local Hit Blocks":0,"Local Read Blocks":0,"Local Written Blocks":0,"Shared Dirtied Blocks":0,"Shared Hit Blocks":36,"Shared Read Blocks":3,"Shared Written Blocks":0,"Temp Read Blocks":0,"Temp Written Blocks":0},"Planning Time":0.082,"Triggers":[]}],"sql":"SELECT id FROM custom_field_option WHERE organization_id=$1 AND field_id=$2 AND archived_at IS NULL AND lower(label)=$3","sql_sha256":"4d9db69309caa0b8b4ebb3abb51f32282605aeb15d40a72661304e6c7df21f1a"}
CRM_010F1_METADATA_BOUND {"examined":50.0,"indexed_required":false,"label":"native_option_label","maximum":50.0,"relation":"custom_field_option"}
CRM_010F1_METADATA_PLAN {"bindings":["39d8ec29-60a2-4f98-95dc-5030c3f0445d","syntheticField1"],"label":"native_machine_key","plan":[{"Execution Time":0.01,"Plan":{"Actual Loops":1,"Actual Rows":1.0,"Actual Startup Time":0.004,"Actual Total Time":0.004,"Async Capable":false,"Disabled":false,"Local Dirtied Blocks":0,"Local Hit Blocks":0,"Local Read Blocks":0,"Local Written Blocks":0,"Node Type":"Result","Parallel Aware":false,"Plan Rows":1,"Plan Width":1,"Plans":[{"Actual Loops":1,"Actual Rows":1.0,"Actual Startup Time":0.003,"Actual Total Time":0.003,"Alias":"custom_field","Async Capable":false,"Disabled":false,"Filter":"((organization_id = '39d8ec29-60a2-4f98-95dc-5030c3f0445d'::uuid) AND (source = 'fub'::text) AND (external_key = 'syntheticField1'::text))","Local Dirtied Blocks":0,"Local Hit Blocks":0,"Local Read Blocks":0,"Local Written Blocks":0,"Node Type":"Seq Scan","Parallel Aware":false,"Parent Relationship":"InitPlan","Plan Rows":1,"Plan Width":0,"Relation Name":"custom_field","Rows Removed by Filter":0,"Shared Dirtied Blocks":0,"Shared Hit Blocks":1,"Shared Read Blocks":0,"Shared Written Blocks":0,"Startup Cost":0.0,"Subplan Name":"InitPlan 1","Temp Read Blocks":0,"Temp Written Blocks":0,"Total Cost":1.18}],"Shared Dirtied Blocks":0,"Shared Hit Blocks":1,"Shared Read Blocks":0,"Shared Written Blocks":0,"Startup Cost":1.18,"Temp Read Blocks":0,"Temp Written Blocks":0,"Total Cost":1.19},"Planning":{"Local Dirtied Blocks":0,"Local Hit Blocks":0,"Local Read Blocks":0,"Local Written Blocks":0,"Shared Dirtied Blocks":0,"Shared Hit Blocks":6,"Shared Read Blocks":0,"Shared Written Blocks":0,"Temp Read Blocks":0,"Temp Written Blocks":0},"Planning Time":0.05,"Triggers":[]}],"sql":"SELECT EXISTS(SELECT 1 FROM custom_field WHERE organization_id=$1 AND source='fub' AND external_key=$2)","sql_sha256":"916c19f9504f514f3abfebce7ef70c9b0b8fe32efc29ce4c0da5675224992107"}
CRM_010F1_METADATA_BOUND {"examined":1.0,"indexed_required":false,"label":"native_machine_key","maximum":50.0,"relation":"custom_field"}
CRM_010F1_METADATA_PLAN {"bindings":["3ef0daec-c0fc-4b19-ba68-79e1937de896","39d8ec29-60a2-4f98-95dc-5030c3f0445d","Synthetic Option 21","6087b4c5-e7c7-4bbb-9010-17ab55de9fac"],"label":"native_option_exact_destination","plan":[{"Execution Time":0.016,"Plan":{"Actual Loops":1,"Actual Rows":1.0,"Actual Startup Time":0.007,"Actual Total Time":0.008,"Async Capable":false,"Disabled":false,"Local Dirtied Blocks":0,"Local Hit Blocks":0,"Local Read Blocks":0,"Local Written Blocks":0,"Node Type":"Result","Parallel Aware":false,"Plan Rows":1,"Plan Width":1,"Plans":[{"Actual Loops":1,"Actual Rows":1.0,"Actual Startup Time":0.007,"Actual Total Time":0.007,"Async Capable":false,"Disabled":false,"Inner Unique":false,"Join Type":"Inner","Local Dirtied Blocks":0,"Local Hit Blocks":0,"Local Read Blocks":0,"Local Written Blocks":0,"Node Type":"Nested Loop","Parallel Aware":false,"Parent Relationship":"InitPlan","Plan Rows":1,"Plan Width":0,"Plans":[{"Actual Loops":1,"Actual Rows":1.0,"Actual Startup Time":0.004,"Actual Total Time":0.005,"Alias":"o","Async Capable":false,"Disabled":false,"Filter":"((archived_at IS NULL) AND (field_id = '6087b4c5-e7c7-4bbb-9010-17ab55de9fac'::uuid) AND (organization_id = '39d8ec29-60a2-4f98-95dc-5030c3f0445d'::uuid) AND (id = '3ef0daec-c0fc-4b19-ba68-79e1937de896'::uuid) AND (label = 'Synthetic Option 21'::text))","Local Dirtied Blocks":0,"Local Hit Blocks":0,"Local Read Blocks":0,"Local Written Blocks":0,"Node Type":"Seq Scan","Parallel Aware":false,"Parent Relationship":"Outer","Plan Rows":1,"Plan Width":32,"Relation Name":"custom_field_option","Rows Removed by Filter":0,"Shared Dirtied Blocks":0,"Shared Hit Blocks":1,"Shared Read Blocks":0,"Shared Written Blocks":0,"Startup Cost":0.0,"Temp Read Blocks":0,"Temp Written Blocks":0,"Total Cost":2.0},{"Actual Loops":1,"Actual Rows":1.0,"Actual Startup Time":0.002,"Actual Total Time":0.002,"Alias":"f","Async Capable":false,"Disabled":false,"Filter":"((archived_at IS NULL) AND (id = '6087b4c5-e7c7-4bbb-9010-17ab55de9fac'::uuid) AND (organization_id = '39d8ec29-60a2-4f98-95dc-5030c3f0445d'::uuid) AND (field_type = 'choice'::text))","Local Dirtied Blocks":0,"Local Hit Blocks":0,"Local Read Blocks":0,"Local Written Blocks":0,"Node Type":"Seq Scan","Parallel Aware":false,"Parent Relationship":"Inner","Plan Rows":1,"Plan Width":32,"Relation Name":"custom_field","Rows Removed by Filter":9,"Shared Dirtied Blocks":0,"Shared Hit Blocks":1,"Shared Read Blocks":0,"Shared Written Blocks":0,"Startup Cost":0.0,"Temp Read Blocks":0,"Temp Written Blocks":0,"Total Cost":1.18}],"Shared Dirtied Blocks":0,"Shared Hit Blocks":2,"Shared Read Blocks":0,"Shared Written Blocks":0,"Startup Cost":0.0,"Subplan Name":"InitPlan 1","Temp Read Blocks":0,"Temp Written Blocks":0,"Total Cost":3.18}],"Shared Dirtied Blocks":0,"Shared Hit Blocks":2,"Shared Read Blocks":0,"Shared Written Blocks":0,"Startup Cost":3.18,"Temp Read Blocks":0,"Temp Written Blocks":0,"Total Cost":3.19},"Planning":{"Local Dirtied Blocks":0,"Local Hit Blocks":0,"Local Read Blocks":0,"Local Written Blocks":0,"Shared Dirtied Blocks":0,"Shared Hit Blocks":23,"Shared Read Blocks":0,"Shared Written Blocks":0,"Temp Read Blocks":0,"Temp Written Blocks":0},"Planning Time":0.135,"Triggers":[]}],"sql":"SELECT EXISTS(SELECT 1 FROM custom_field_option o JOIN custom_field f ON f.id=o.field_id AND f.organization_id=o.organization_id WHERE o.id=$1 AND o.organization_id=$2 AND o.label=$3 AND o.field_id=$4 AND o.archived_at IS NULL AND f.archived_at IS NULL AND f.field_type='choice')","sql_sha256":"3c34ee57ee8813da3cb67e9f1987dbf2aaae87f11db44c8f9462a811ac4337fc"}
CRM_010F1_METADATA_BOUND {"examined":1.0,"indexed_required":false,"label":"native_option_exact_destination","maximum":50.0,"relation":"custom_field_option"}
CRM_010F1_METADATA_BOUND {"examined":10.0,"indexed_required":false,"label":"native_option_exact_destination","maximum":50.0,"relation":"custom_field"}
CRM_010F1_METADATA_PLAN {"bindings":["39d8ec29-60a2-4f98-95dc-5030c3f0445d"],"label":"frozen_target_tags","plan":[{"Execution Time":0.015,"Plan":{"Actual Loops":1,"Actual Rows":10.0,"Actual Startup Time":0.009,"Actual Total Time":0.01,"Async Capable":false,"Disabled":false,"Local Dirtied Blocks":0,"Local Hit Blocks":0,"Local Read Blocks":0,"Local Written Blocks":0,"Node Type":"Limit","Parallel Aware":false,"Plan Rows":10,"Plan Width":33,"Plans":[{"Actual Loops":1,"Actual Rows":10.0,"Actual Startup Time":0.009,"Actual Total Time":0.009,"Async Capable":false,"Disabled":false,"Local Dirtied Blocks":0,"Local Hit Blocks":0,"Local Read Blocks":0,"Local Written Blocks":0,"Node Type":"Sort","Parallel Aware":false,"Parent Relationship":"Outer","Plan Rows":10,"Plan Width":33,"Plans":[{"Actual Loops":1,"Actual Rows":10.0,"Actual Startup Time":0.003,"Actual Total Time":0.004,"Alias":"tag","Async Capable":false,"Disabled":false,"Filter":"(organization_id = '39d8ec29-60a2-4f98-95dc-5030c3f0445d'::uuid)","Local Dirtied Blocks":0,"Local Hit Blocks":0,"Local Read Blocks":0,"Local Written Blocks":0,"Node Type":"Seq Scan","Parallel Aware":false,"Parent Relationship":"Outer","Plan Rows":10,"Plan Width":33,"Relation Name":"tag","Rows Removed by Filter":0,"Shared Dirtied Blocks":0,"Shared Hit Blocks":1,"Shared Read Blocks":0,"Shared Written Blocks":0,"Startup Cost":0.0,"Temp Read Blocks":0,"Temp Written Blocks":0,"Total Cost":1.12}],"Shared Dirtied Blocks":0,"Shared Hit Blocks":1,"Shared Read Blocks":0,"Shared Written Blocks":0,"Sort Key":["id"],"Sort Method":"quicksort","Sort Space Type":"Memory","Sort Space Used":25,"Startup Cost":1.29,"Temp Read Blocks":0,"Temp Written Blocks":0,"Total Cost":1.32}],"Shared Dirtied Blocks":0,"Shared Hit Blocks":1,"Shared Read Blocks":0,"Shared Written Blocks":0,"Startup Cost":1.29,"Temp Read Blocks":0,"Temp Written Blocks":0,"Total Cost":1.32},"Planning":{"Local Dirtied Blocks":0,"Local Hit Blocks":0,"Local Read Blocks":0,"Local Written Blocks":0,"Shared Dirtied Blocks":0,"Shared Hit Blocks":3,"Shared Read Blocks":0,"Shared Written Blocks":0,"Temp Read Blocks":0,"Temp Written Blocks":0},"Planning Time":0.048,"Triggers":[]}],"sql":"SELECT id,name FROM tag WHERE organization_id=$1 ORDER BY id LIMIT 201","sql_sha256":"d1af34edb4f68be5acd472ea7de54fb7ca65ed08c3a60f2b73cd1bc3e8de9eb7"}
CRM_010F1_METADATA_BOUND {"examined":10.0,"indexed_required":false,"label":"frozen_target_tags","maximum":200.0,"relation":"tag"}
CRM_010F1_METADATA_PLAN {"bindings":["39d8ec29-60a2-4f98-95dc-5030c3f0445d"],"label":"frozen_target_fields","plan":[{"Execution Time":0.014,"Plan":{"Actual Loops":1,"Actual Rows":10.0,"Actual Startup Time":0.008,"Actual Total Time":0.009,"Async Capable":false,"Disabled":false,"Local Dirtied Blocks":0,"Local Hit Blocks":0,"Local Read Blocks":0,"Local Written Blocks":0,"Node Type":"Limit","Parallel Aware":false,"Plan Rows":10,"Plan Width":63,"Plans":[{"Actual Loops":1,"Actual Rows":10.0,"Actual Startup Time":0.007,"Actual Total Time":0.008,"Async Capable":false,"Disabled":false,"Local Dirtied Blocks":0,"Local Hit Blocks":0,"Local Read Blocks":0,"Local Written Blocks":0,"Node Type":"Sort","Parallel Aware":false,"Parent Relationship":"Outer","Plan Rows":10,"Plan Width":63,"Plans":[{"Actual Loops":1,"Actual Rows":10.0,"Actual Startup Time":0.003,"Actual Total Time":0.004,"Alias":"custom_field","Async Capable":false,"Disabled":false,"Filter":"((archived_at IS NULL) AND (organization_id = '39d8ec29-60a2-4f98-95dc-5030c3f0445d'::uuid))","Local Dirtied Blocks":0,"Local Hit Blocks":0,"Local Read Blocks":0,"Local Written Blocks":0,"Node Type":"Seq Scan","Parallel Aware":false,"Parent Relationship":"Outer","Plan Rows":10,"Plan Width":63,"Relation Name":"custom_field","Rows Removed by Filter":0,"Shared Dirtied Blocks":0,"Shared Hit Blocks":1,"Shared Read Blocks":0,"Shared Written Blocks":0,"Startup Cost":0.0,"Temp Read Blocks":0,"Temp Written Blocks":0,"Total Cost":1.12}],"Shared Dirtied Blocks":0,"Shared Hit Blocks":1,"Shared Read Blocks":0,"Shared Written Blocks":0,"Sort Key":["\"position\"","id"],"Sort Method":"quicksort","Sort Space Type":"Memory","Sort Space Used":26,"Startup Cost":1.29,"Temp Read Blocks":0,"Temp Written Blocks":0,"Total Cost":1.32}],"Shared Dirtied Blocks":0,"Shared Hit Blocks":1,"Shared Read Blocks":0,"Shared Written Blocks":0,"Startup Cost":1.29,"Temp Read Blocks":0,"Temp Written Blocks":0,"Total Cost":1.32},"Planning":{"Local Dirtied Blocks":0,"Local Hit Blocks":0,"Local Read Blocks":0,"Local Written Blocks":0,"Shared Dirtied Blocks":0,"Shared Hit Blocks":6,"Shared Read Blocks":0,"Shared Written Blocks":0,"Temp Read Blocks":0,"Temp Written Blocks":0},"Planning Time":0.048,"Triggers":[]}],"sql":"SELECT id,label,field_type,source,external_key,position FROM custom_field WHERE organization_id=$1 AND archived_at IS NULL ORDER BY position,id LIMIT 51","sql_sha256":"01b3ed70325375c46ac986576b22dd87a8eed8ceabcd5a8ca7c95e7afc5ec238"}
CRM_010F1_METADATA_BOUND {"examined":10.0,"indexed_required":false,"label":"frozen_target_fields","maximum":50.0,"relation":"custom_field"}
CRM_010F1_METADATA_PLAN {"bindings":["39d8ec29-60a2-4f98-95dc-5030c3f0445d"],"label":"frozen_target_options","plan":[{"Execution Time":0.043,"Plan":{"Actual Loops":1,"Actual Rows":50.0,"Actual Startup Time":0.03,"Actual Total Time":0.035,"Async Capable":false,"Disabled":false,"Local Dirtied Blocks":0,"Local Hit Blocks":0,"Local Read Blocks":0,"Local Written Blocks":0,"Node Type":"Limit","Parallel Aware":false,"Plan Rows":50,"Plan Width":56,"Plans":[{"Actual Loops":1,"Actual Rows":50.0,"Actual Startup Time":0.029,"Actual Total Time":0.032,"Async Capable":false,"Disabled":false,"Local Dirtied Blocks":0,"Local Hit Blocks":0,"Local Read Blocks":0,"Local Written Blocks":0,"Node Type":"Sort","Parallel Aware":false,"Parent Relationship":"Outer","Plan Rows":50,"Plan Width":56,"Plans":[{"Actual Loops":1,"Actual Rows":50.0,"Actual Startup Time":0.011,"Actual Total Time":0.02,"Async Capable":false,"Disabled":false,"Hash Cond":"(o.field_id = f.id)","Inner Unique":true,"Join Type":"Inner","Local Dirtied Blocks":0,"Local Hit Blocks":0,"Local Read Blocks":0,"Local Written Blocks":0,"Node Type":"Hash Join","Parallel Aware":false,"Parent Relationship":"Outer","Plan Rows":50,"Plan Width":56,"Plans":[{"Actual Loops":1,"Actual Rows":50.0,"Actual Startup Time":0.002,"Actual Total Time":0.005,"Alias":"o","Async Capable":false,"Disabled":false,"Filter":"((archived_at IS NULL) AND (organization_id = '39d8ec29-60a2-4f98-95dc-5030c3f0445d'::uuid))","Local Dirtied Blocks":0,"Local Hit Blocks":0,"Local Read Blocks":0,"Local Written Blocks":0,"Node Type":"Seq Scan","Parallel Aware":false,"Parent Relationship":"Outer","Plan Rows":50,"Plan Width":72,"Relation Name":"custom_field_option","Rows Removed by Filter":0,"Shared Dirtied Blocks":0,"Shared Hit Blocks":1,"Shared Read Blocks":0,"Shared Written Blocks":0,"Startup Cost":0.0,"Temp Read Blocks":0,"Temp Written Blocks":0,"Total Cost":1.62},{"Actual Loops":1,"Actual Rows":10.0,"Actual Startup Time":0.004,"Actual Total Time":0.004,"Async Capable":false,"Disabled":false,"Hash Batches":1,"Hash Buckets":1024,"Local Dirtied Blocks":0,"Local Hit Blocks":0,"Local Read Blocks":0,"Local Written Blocks":0,"Node Type":"Hash","Original Hash Batches":1,"Original Hash Buckets":1024,"Parallel Aware":false,"Parent Relationship":"Inner","Peak Memory Usage":9,"Plan Rows":10,"Plan Width":32,"Plans":[{"Actual Loops":1,"Actual Rows":10.0,"Actual Startup Time":0.001,"Actual Total Time":0.002,"Alias":"f","Async Capable":false,"Disabled":false,"Filter":"((archived_at IS NULL) AND (organization_id = '39d8ec29-60a2-4f98-95dc-5030c3f0445d'::uuid))","Local Dirtied Blocks":0,"Local Hit Blocks":0,"Local Read Blocks":0,"Local Written Blocks":0,"Node Type":"Seq Scan","Parallel Aware":false,"Parent Relationship":"Outer","Plan Rows":10,"Plan Width":32,"Relation Name":"custom_field","Rows Removed by Filter":0,"Shared Dirtied Blocks":0,"Shared Hit Blocks":1,"Shared Read Blocks":0,"Shared Written Blocks":0,"Startup Cost":0.0,"Temp Read Blocks":0,"Temp Written Blocks":0,"Total Cost":1.12}],"Shared Dirtied Blocks":0,"Shared Hit Blocks":1,"Shared Read Blocks":0,"Shared Written Blocks":0,"Startup Cost":1.12,"Temp Read Blocks":0,"Temp Written Blocks":0,"Total Cost":1.12}],"Shared Dirtied Blocks":0,"Shared Hit Blocks":2,"Shared Read Blocks":0,"Shared Written Blocks":0,"Startup Cost":1.25,"Temp Read Blocks":0,"Temp Written Blocks":0,"Total Cost":3.06}],"Shared Dirtied Blocks":0,"Shared Hit Blocks":2,"Shared Read Blocks":0,"Shared Written Blocks":0,"Sort Key":["o.field_id","o.\"position\"","o.id"],"Sort Method":"quicksort","Sort Space Type":"Memory","Sort Space Used":31,"Startup Cost":4.47,"Temp Read Blocks":0,"Temp Written Blocks":0,"Total Cost":4.6}],"Shared Dirtied Blocks":0,"Shared Hit Blocks":2,"Shared Read Blocks":0,"Shared Written Blocks":0,"Startup Cost":4.47,"Temp Read Blocks":0,"Temp Written Blocks":0,"Total Cost":4.6},"Planning":{"Local Dirtied Blocks":0,"Local Hit Blocks":0,"Local Read Blocks":0,"Local Written Blocks":0,"Shared Dirtied Blocks":0,"Shared Hit Blocks":6,"Shared Read Blocks":1,"Shared Written Blocks":0,"Temp Read Blocks":0,"Temp Written Blocks":0},"Planning Time":0.108,"Triggers":[]}],"sql":"SELECT o.id,o.field_id,o.label,o.position FROM custom_field_option o JOIN custom_field f ON f.id=o.field_id AND f.organization_id=o.organization_id WHERE o.organization_id=$1 AND o.archived_at IS NULL AND f.archived_at IS NULL ORDER BY o.field_id,o.position,o.id LIMIT 2551","sql_sha256":"92e215ee91dd10f954ed9c0ed5f819a98f50f7eaef5a86ae2ae5ce54f50f9db3"}
CRM_010F1_METADATA_BOUND {"examined":50.0,"indexed_required":false,"label":"frozen_target_options","maximum":50.0,"relation":"custom_field_option"}
CRM_010F1_METADATA_BOUND {"examined":10.0,"indexed_required":false,"label":"frozen_target_options","maximum":2500.0,"relation":"custom_field"}
CRM_010F1_METADATA_GUARD_SOURCE {"bound_sql_sha256":"b90e64fe789e2abe6478ca61172d7376c9f43733c4dae898c8cf0eb8403f64a1","source":"20260919000001_fub_metadata_import.sql:crm_metadata_insert_allowed","sql":"RETURN EXISTS(SELECT 1 FROM migration_metadata_manifest a JOIN migration_metadata_operation x ON x.manifest_id=a.id AND x.organization_id=a.organization_id\n   WHERE a.id=unit AND a.plan_id=plan AND a.import_id=run AND a.organization_id=org AND a.person_id=(row_value->>'person_id')::uuid\n   AND x.disposition='eligible' AND ((table_name='person_tag' AND x.kind='tag_link' AND x.target_id=(row_value->>'tag_id')::uuid)\n    OR(table_name='person_custom_field_value' AND x.kind='value' AND x.target_id=(row_value->>'field_id')::uuid)))","sql_sha256":"1e018ab5969cdd04481f3e930e0d82194bfb50de6f1d30cf81fdbed8ecc6481d","substitutions":{"org":"$3 uuid","plan":"$1 uuid","row_value":"$5 jsonb","run":"$2 uuid","table_name":"$6 text","unit":"$4 uuid"}}
CRM_010F1_METADATA_PLAN {"bindings":["2dd510d2-581f-4a28-a478-04c4c39ee326","67658043-e9c4-443e-ad79-672e8508c075","39d8ec29-60a2-4f98-95dc-5030c3f0445d","40000000-0000-0000-0000-000000005dc1",{"person_id":"10000000-0000-0000-0000-000000005dc1","tag_id":"1332cd19-65d9-4677-94dd-384502c4f724"},"person_tag"],"label":"operation_permit_tag_point","plan":[{"Execution Time":0.041,"Plan":{"Actual Loops":1,"Actual Rows":1.0,"Actual Startup Time":0.033,"Actual Total Time":0.033,"Async Capable":false,"Disabled":false,"Local Dirtied Blocks":0,"Local Hit Blocks":0,"Local Read Blocks":0,"Local Written Blocks":0,"Node Type":"Result","Parallel Aware":false,"Plan Rows":1,"Plan Width":1,"Plans":[{"Actual Loops":1,"Actual Rows":1.0,"Actual Startup Time":0.032,"Actual Total Time":0.032,"Async Capable":false,"Disabled":false,"Inner Unique":false,"Join Type":"Inner","Local Dirtied Blocks":0,"Local Hit Blocks":0,"Local Read Blocks":0,"Local Written Blocks":0,"Node Type":"Nested Loop","Parallel Aware":false,"Parent Relationship":"InitPlan","Plan Rows":1,"Plan Width":0,"Plans":[{"Actual Loops":1,"Actual Rows":1.0,"Actual Startup Time":0.005,"Actual Total Time":0.005,"Alias":"a","Async Capable":false,"Disabled":false,"Filter":"(person_id = '10000000-0000-0000-0000-000000005dc1'::uuid)","Index Cond":"((id = '40000000-0000-0000-0000-000000005dc1'::uuid) AND (plan_id = '2dd510d2-581f-4a28-a478-04c4c39ee326'::uuid) AND (import_id = '67658043-e9c4-443e-ad79-672e8508c075'::uuid) AND (organization_id = '39d8ec29-60a2-4f98-95dc-5030c3f0445d'::uuid))","Index Name":"migration_metadata_manifest_id_plan_id_import_id_organizati_key","Index Searches":1,"Local Dirtied Blocks":0,"Local Hit Blocks":0,"Local Read Blocks":0,"Local Written Blocks":0,"Node Type":"Index Scan","Parallel Aware":false,"Parent Relationship":"Outer","Plan Rows":1,"Plan Width":32,"Relation Name":"migration_metadata_manifest","Rows Removed by Filter":0,"Rows Removed by Index Recheck":0,"Scan Direction":"Forward","Shared Dirtied Blocks":0,"Shared Hit Blocks":3,"Shared Read Blocks":0,"Shared Written Blocks":0,"Startup Cost":0.29,"Temp Read Blocks":0,"Temp Written Blocks":0,"Total Cost":8.31},{"Actual Loops":1,"Actual Rows":1.0,"Actual Startup Time":0.026,"Actual Total Time":0.026,"Alias":"x","Async Capable":false,"Disabled":false,"Heap Fetches":1,"Index Cond":"((manifest_id = '40000000-0000-0000-0000-000000005dc1'::uuid) AND (organization_id = '39d8ec29-60a2-4f98-95dc-5030c3f0445d'::uuid) AND (kind = 'tag_link'::text) AND (target_id = '1332cd19-65d9-4677-94dd-384502c4f724'::uuid))","Index Name":"migration_metadata_operation_native","Index Searches":1,"Local Dirtied Blocks":0,"Local Hit Blocks":0,"Local Read Blocks":0,"Local Written Blocks":0,"Node Type":"Index Only Scan","Parallel Aware":false,"Parent Relationship":"Inner","Plan Rows":1,"Plan Width":32,"Relation Name":"migration_metadata_operation","Rows Removed by Index Recheck":0,"Scan Direction":"Forward","Shared Dirtied Blocks":0,"Shared Hit Blocks":1,"Shared Read Blocks":3,"Shared Written Blocks":0,"Startup Cost":0.42,"Temp Read Blocks":0,"Temp Written Blocks":0,"Total Cost":8.45}],"Shared Dirtied Blocks":0,"Shared Hit Blocks":4,"Shared Read Blocks":3,"Shared Written Blocks":0,"Startup Cost":0.71,"Subplan Name":"InitPlan 1","Temp Read Blocks":0,"Temp Written Blocks":0,"Total Cost":16.77}],"Shared Dirtied Blocks":0,"Shared Hit Blocks":4,"Shared Read Blocks":3,"Shared Written Blocks":0,"Startup Cost":16.77,"Temp Read Blocks":0,"Temp Written Blocks":0,"Total Cost":16.78},"Planning":{"Local Dirtied Blocks":0,"Local Hit Blocks":0,"Local Read Blocks":0,"Local Written Blocks":0,"Shared Dirtied Blocks":0,"Shared Hit Blocks":57,"Shared Read Blocks":4,"Shared Written Blocks":0,"Temp Read Blocks":0,"Temp Written Blocks":0},"Planning Time":0.193,"Triggers":[]}],"sql":"SELECT EXISTS(SELECT 1 FROM migration_metadata_manifest a JOIN migration_metadata_operation x ON x.manifest_id=a.id AND x.organization_id=a.organization_id\n   WHERE a.id=$4::uuid AND a.plan_id=$1::uuid AND a.import_id=$2::uuid AND a.organization_id=$3::uuid AND a.person_id=($5::jsonb->>'person_id')::uuid\n   AND x.disposition='eligible' AND (($6::text='person_tag' AND x.kind='tag_link' AND x.target_id=($5::jsonb->>'tag_id')::uuid)\n    OR($6::text='person_custom_field_value' AND x.kind='value' AND x.target_id=($5::jsonb->>'field_id')::uuid)))","sql_sha256":"b90e64fe789e2abe6478ca61172d7376c9f43733c4dae898c8cf0eb8403f64a1"}
CRM_010F1_METADATA_BOUND {"examined":1.0,"indexed_required":true,"label":"operation_permit_tag_point","maximum":1.0,"relation":"migration_metadata_manifest"}
CRM_010F1_METADATA_BOUND {"examined":1.0,"indexed_required":true,"label":"operation_permit_tag_point","maximum":70.0,"relation":"migration_metadata_operation"}

thread 'db_metadata_import_plans::metadata_hot_queries_at_d050' (12592249) panicked at crates/crm-api/tests/db_metadata_import_plans.rs:154:24:
assertion `left == right` failed
  left: None
 right: Some(1)
CRM_010F1_METADATA_PLAN {"bindings":["2dd510d2-581f-4a28-a478-04c4c39ee326","67658043-e9c4-443e-ad79-672e8508c075","39d8ec29-60a2-4f98-95dc-5030c3f0445d","40000000-0000-0000-0000-000000005dc1",{"field_id":"9c0badc7-fe5d-434a-a8e2-fc4552101568","person_id":"10000000-0000-0000-0000-000000005dc1"},"person_custom_field_value"],"label":"operation_permit_value_point","plan":[{"Execution Time":0.015,"Plan":{"Actual Loops":1,"Actual Rows":1.0,"Actual Startup Time":0.008,"Actual Total Time":0.008,"Async Capable":false,"Disabled":false,"Local Dirtied Blocks":0,"Local Hit Blocks":0,"Local Read Blocks":0,"Local Written Blocks":0,"Node Type":"Result","Parallel Aware":false,"Plan Rows":1,"Plan Width":1,"Plans":[{"Actual Loops":1,"Actual Rows":1.0,"Actual Startup Time":0.007,"Actual Total Time":0.008,"Async Capable":false,"Disabled":false,"Inner Unique":false,"Join Type":"Inner","Local Dirtied Blocks":0,"Local Hit Blocks":0,"Local Read Blocks":0,"Local Written Blocks":0,"Node Type":"Nested Loop","Parallel Aware":false,"Parent Relationship":"InitPlan","Plan Rows":1,"Plan Width":0,"Plans":[{"Actual Loops":1,"Actual Rows":1.0,"Actual Startup Time":0.004,"Actual Total Time":0.004,"Alias":"a","Async Capable":false,"Disabled":false,"Filter":"(person_id = '10000000-0000-0000-0000-000000005dc1'::uuid)","Index Cond":"((id = '40000000-0000-0000-0000-000000005dc1'::uuid) AND (plan_id = '2dd510d2-581f-4a28-a478-04c4c39ee326'::uuid) AND (import_id = '67658043-e9c4-443e-ad79-672e8508c075'::uuid) AND (organization_id = '39d8ec29-60a2-4f98-95dc-5030c3f0445d'::uuid))","Index Name":"migration_metadata_manifest_id_plan_id_import_id_organizati_key","Index Searches":1,"Local Dirtied Blocks":0,"Local Hit Blocks":0,"Local Read Blocks":0,"Local Written Blocks":0,"Node Type":"Index Scan","Parallel Aware":false,"Parent Relationship":"Outer","Plan Rows":1,"Plan Width":32,"Relation Name":"migration_metadata_manifest","Rows Removed by Filter":0,"Rows Removed by Index Recheck":0,"Scan Direction":"Forward","Shared Dirtied Blocks":0,"Shared Hit Blocks":3,"Shared Read Blocks":0,"Shared Written Blocks":0,"Startup Cost":0.29,"Temp Read Blocks":0,"Temp Written Blocks":0,"Total Cost":8.31},{"Actual Loops":1,"Actual Rows":1.0,"Actual Startup Time":0.003,"Actual Total Time":0.003,"Alias":"x","Async Capable":false,"Disabled":false,"Heap Fetches":1,"Index Cond":"((manifest_id = '40000000-0000-0000-0000-000000005dc1'::uuid) AND (organization_id = '39d8ec29-60a2-4f98-95dc-5030c3f0445d'::uuid) AND (kind = 'value'::text) AND (target_id = '9c0badc7-fe5d-434a-a8e2-fc4552101568'::uuid))","Index Name":"migration_metadata_operation_native","Index Searches":1,"Local Dirtied Blocks":0,"Local Hit Blocks":0,"Local Read Blocks":0,"Local Written Blocks":0,"Node Type":"Index Only Scan","Parallel Aware":false,"Parent Relationship":"Inner","Plan Rows":1,"Plan Width":32,"Relation Name":"migration_metadata_operation","Rows Removed by Index Recheck":0,"Scan Direction":"Forward","Shared Dirtied Blocks":0,"Shared Hit Blocks":4,"Shared Read Blocks":0,"Shared Written Blocks":0,"Startup Cost":0.42,"Temp Read Blocks":0,"Temp Written Blocks":0,"Total Cost":8.45}],"Shared Dirtied Blocks":0,"Shared Hit Blocks":7,"Shared Read Blocks":0,"Shared Written Blocks":0,"Startup Cost":0.71,"Subplan Name":"InitPlan 1","Temp Read Blocks":0,"Temp Written Blocks":0,"Total Cost":16.77}],"Shared Dirtied Blocks":0,"Shared Hit Blocks":7,"Shared Read Blocks":0,"Shared Written Blocks":0,"Startup Cost":16.77,"Temp Read Blocks":0,"Temp Written Blocks":0,"Total Cost":16.78},"Planning":{"Local Dirtied Blocks":0,"Local Hit Blocks":0,"Local Read Blocks":0,"Local Written Blocks":0,"Shared Dirtied Blocks":0,"Shared Hit Blocks":0,"Shared Read Blocks":0,"Shared Written Blocks":0,"Temp Read Blocks":0,"Temp Written Blocks":0},"Planning Time":0.086,"Triggers":[]}],"sql":"SELECT EXISTS(SELECT 1 FROM migration_metadata_manifest a JOIN migration_metadata_operation x ON x.manifest_id=a.id AND x.organization_id=a.organization_id\n   WHERE a.id=$4::uuid AND a.plan_id=$1::uuid AND a.import_id=$2::uuid AND a.organization_id=$3::uuid AND a.person_id=($5::jsonb->>'person_id')::uuid\n   AND x.disposition='eligible' AND (($6::text='person_tag' AND x.kind='tag_link' AND x.target_id=($5::jsonb->>'tag_id')::uuid)\n    OR($6::text='person_custom_field_value' AND x.kind='value' AND x.target_id=($5::jsonb->>'field_id')::uuid)))","sql_sha256":"b90e64fe789e2abe6478ca61172d7376c9f43733c4dae898c8cf0eb8403f64a1"}
CRM_010F1_METADATA_BOUND {"examined":1.0,"indexed_required":true,"label":"operation_permit_value_point","maximum":1.0,"relation":"migration_metadata_manifest"}
CRM_010F1_METADATA_BOUND {"examined":1.0,"indexed_required":true,"label":"operation_permit_value_point","maximum":70.0,"relation":"migration_metadata_operation"}

thread 'db_metadata_import_plans::metadata_hot_queries_at_d050' (12592249) panicked at crates/crm-api/tests/db_metadata_import_plans.rs:154:24:
assertion `left == right` failed
  left: None
 right: Some(1)
CRM_010F1_METADATA_PLAN {"bindings":["2dd510d2-581f-4a28-a478-04c4c39ee326","67658043-e9c4-443e-ad79-672e8508c075","39d8ec29-60a2-4f98-95dc-5030c3f0445d","40000000-0000-0000-0000-000000005dc1",{"person_id":"10000000-0000-0000-0000-000000005dc1","tag_id":"00000000-0000-0000-0000-000000000000"},"person_tag"],"label":"operation_permit_missing_target","plan":[{"Execution Time":0.013,"Plan":{"Actual Loops":1,"Actual Rows":1.0,"Actual Startup Time":0.007,"Actual Total Time":0.007,"Async Capable":false,"Disabled":false,"Local Dirtied Blocks":0,"Local Hit Blocks":0,"Local Read Blocks":0,"Local Written Blocks":0,"Node Type":"Result","Parallel Aware":false,"Plan Rows":1,"Plan Width":1,"Plans":[{"Actual Loops":1,"Actual Rows":0.0,"Actual Startup Time":0.007,"Actual Total Time":0.007,"Async Capable":false,"Disabled":false,"Inner Unique":false,"Join Type":"Inner","Local Dirtied Blocks":0,"Local Hit Blocks":0,"Local Read Blocks":0,"Local Written Blocks":0,"Node Type":"Nested Loop","Parallel Aware":false,"Parent Relationship":"InitPlan","Plan Rows":1,"Plan Width":0,"Plans":[{"Actual Loops":1,"Actual Rows":1.0,"Actual Startup Time":0.003,"Actual Total Time":0.004,"Alias":"a","Async Capable":false,"Disabled":false,"Filter":"(person_id = '10000000-0000-0000-0000-000000005dc1'::uuid)","Index Cond":"((id = '40000000-0000-0000-0000-000000005dc1'::uuid) AND (plan_id = '2dd510d2-581f-4a28-a478-04c4c39ee326'::uuid) AND (import_id = '67658043-e9c4-443e-ad79-672e8508c075'::uuid) AND (organization_id = '39d8ec29-60a2-4f98-95dc-5030c3f0445d'::uuid))","Index Name":"migration_metadata_manifest_id_plan_id_import_id_organizati_key","Index Searches":1,"Local Dirtied Blocks":0,"Local Hit Blocks":0,"Local Read Blocks":0,"Local Written Blocks":0,"Node Type":"Index Scan","Parallel Aware":false,"Parent Relationship":"Outer","Plan Rows":1,"Plan Width":32,"Relation Name":"migration_metadata_manifest","Rows Removed by Filter":0,"Rows Removed by Index Recheck":0,"Scan Direction":"Forward","Shared Dirtied Blocks":0,"Shared Hit Blocks":3,"Shared Read Blocks":0,"Shared Written Blocks":0,"Startup Cost":0.29,"Temp Read Blocks":0,"Temp Written Blocks":0,"Total Cost":8.31},{"Actual Loops":1,"Actual Rows":0.0,"Actual Startup Time":0.003,"Actual Total Time":0.003,"Alias":"x","Async Capable":false,"Disabled":false,"Heap Fetches":0,"Index Cond":"((manifest_id = '40000000-0000-0000-0000-000000005dc1'::uuid) AND (organization_id = '39d8ec29-60a2-4f98-95dc-5030c3f0445d'::uuid) AND (kind = 'tag_link'::text) AND (target_id = '00000000-0000-0000-0000-000000000000'::uuid))","Index Name":"migration_metadata_operation_native","Index Searches":1,"Local Dirtied Blocks":0,"Local Hit Blocks":0,"Local Read Blocks":0,"Local Written Blocks":0,"Node Type":"Index Only Scan","Parallel Aware":false,"Parent Relationship":"Inner","Plan Rows":1,"Plan Width":32,"Relation Name":"migration_metadata_operation","Rows Removed by Index Recheck":0,"Scan Direction":"Forward","Shared Dirtied Blocks":0,"Shared Hit Blocks":3,"Shared Read Blocks":0,"Shared Written Blocks":0,"Startup Cost":0.42,"Temp Read Blocks":0,"Temp Written Blocks":0,"Total Cost":6.2}],"Shared Dirtied Blocks":0,"Shared Hit Blocks":6,"Shared Read Blocks":0,"Shared Written Blocks":0,"Startup Cost":0.71,"Subplan Name":"InitPlan 1","Temp Read Blocks":0,"Temp Written Blocks":0,"Total Cost":14.52}],"Shared Dirtied Blocks":0,"Shared Hit Blocks":6,"Shared Read Blocks":0,"Shared Written Blocks":0,"Startup Cost":14.52,"Temp Read Blocks":0,"Temp Written Blocks":0,"Total Cost":14.53},"Planning":{"Local Dirtied Blocks":0,"Local Hit Blocks":0,"Local Read Blocks":0,"Local Written Blocks":0,"Shared Dirtied Blocks":0,"Shared Hit Blocks":0,"Shared Read Blocks":0,"Shared Written Blocks":0,"Temp Read Blocks":0,"Temp Written Blocks":0},"Planning Time":0.078,"Triggers":[]}],"sql":"SELECT EXISTS(SELECT 1 FROM migration_metadata_manifest a JOIN migration_metadata_operation x ON x.manifest_id=a.id AND x.organization_id=a.organization_id\n   WHERE a.id=$4::uuid AND a.plan_id=$1::uuid AND a.import_id=$2::uuid AND a.organization_id=$3::uuid AND a.person_id=($5::jsonb->>'person_id')::uuid\n   AND x.disposition='eligible' AND (($6::text='person_tag' AND x.kind='tag_link' AND x.target_id=($5::jsonb->>'tag_id')::uuid)\n    OR($6::text='person_custom_field_value' AND x.kind='value' AND x.target_id=($5::jsonb->>'field_id')::uuid)))","sql_sha256":"b90e64fe789e2abe6478ca61172d7376c9f43733c4dae898c8cf0eb8403f64a1"}
CRM_010F1_METADATA_BOUND {"examined":1.0,"indexed_required":true,"label":"operation_permit_missing_target","maximum":1.0,"relation":"migration_metadata_manifest"}
CRM_010F1_METADATA_BOUND {"examined":0.0,"indexed_required":true,"label":"operation_permit_missing_target","maximum":70.0,"relation":"migration_metadata_operation"}

thread 'db_metadata_import_plans::metadata_hot_queries_at_d050' (12592249) panicked at crates/crm-api/tests/db_metadata_import_plans.rs:154:24:
assertion `left == right` failed
  left: None
 right: Some(1)
CRM_010F1_METADATA_PLAN_CHECKS {"checks":246,"failures":["claim_among_terminal_history: assertion `left == right` failed\n  left: None\n right: Some(1)","superseded_plan_lock: assertion `left == right` failed\n  left: None\n right: Some(1)","idempotency_receipt_point: assertion `left == right` failed\n  left: None\n right: Some(1)","completed_parent_eligibility: assertion `left == right` failed\n  left: None\n right: Some(1)","child_history_first: assertion `left == right` failed\n  left: None\n right: Some(51)","child_history_parent: assertion `left == right` failed\n  left: None\n right: Some(1)","child_history_absent_parent: assertion `left == right` failed\n  left: None\n right: Some(0)","child_history_deep: assertion `left == right` failed\n  left: None\n right: Some(51)","choice_copy_first: assertion `left == right` failed\n  left: None\n right: Some(50)","choice_point: assertion `left == right` failed\n  left: None\n right: Some(1)","capture_checkpoint_deep: assertion `left == right` failed\n  left: None\n right: Some(1)","capture_record_page: assertion `left == right` failed\n  left: None\n right: Some(100)","source_qualifier_point: assertion `left == right` failed\n  left: None\n right: Some(1)","people_source_first: assertion `left == right` failed\n  left: None\n right: Some(1)","people_source_deep: assertion `left == right` failed\n  left: None\n right: Some(1)","field_source_deep: assertion `left == right` failed\n  left: None\n right: Some(1)","parent_result_identity_person: assertion `left == right` failed\n  left: None\n right: Some(1)","mapping_first: assertion `left == right` failed\n  left: None\n right: Some(51)","mapping_deep: assertion `left == right` failed\n  left: None\n right: Some(21)","mapping_option_first: assertion `left == right` failed\n  left: None\n right: Some(50)","mapping_option_deep: assertion `left == right` failed\n  left: None\n right: Some(20)","mapping_field_tail: assertion `left == right` failed\n  left: None\n right: Some(0)","alias_person_element_point: assertion `left == right` failed\n  left: None\n right: Some(1)","alias_exact_raw_shared_tag: assertion `left == right` failed\n  left: None\n right: Some(1)","alias_first: migration_metadata_alias examined 503, bound 51","alias_first: assertion `left == right` failed\n  left: None\n right: Some(51)","alias_deep: migration_metadata_alias examined 501, bound 51","alias_deep: assertion `left == right` failed\n  left: None\n right: Some(51)","records_first: migration_metadata_manifest examined 120, bound 51","records_first: assertion `left == right` failed\n  left: None\n right: Some(51)","records_deep: assertion `left == right` failed\n  left: None\n right: Some(51)","records_eligible_first: assertion `left == right` failed\n  left: None\n right: Some(51)","records_eligible_deep: assertion `left == right` failed\n  left: None\n right: Some(51)","records_sparse_held_first: assertion `left == right` failed\n  left: None\n right: Some(25)","records_sparse_held_deep: assertion `left == right` failed\n  left: None\n right: Some(1)","records_empty_held_tail: assertion `left == right` failed\n  left: None\n right: Some(0)","execution_manifest_deep: assertion `left == right` failed\n  left: None\n right: Some(1)","execution_mapping_replay_skip: assertion `left == right` failed\n  left: None\n right: Some(1)","execution_option_children: assertion `left == right` failed\n  left: None\n right: Some(50)","results_first: migration_metadata_result examined 139, bound 51","results_first: assertion `left == right` failed\n  left: None\n right: Some(51)","results_deep: assertion `left == right` failed\n  left: None\n right: Some(51)","results_people_first: assertion `left == right` failed\n  left: None\n right: Some(51)","results_people_deep: assertion `left == right` failed\n  left: None\n right: Some(51)","results_people_applied: assertion `left == right` failed\n  left: None\n right: Some(51)","results_sparse_held: assertion `left == right` failed\n  left: None\n right: Some(25)","results_sparse_held_deep: assertion `left == right` failed\n  left: None\n right: Some(1)","results_option_created: assertion `left == right` failed\n  left: None\n right: Some(25)","results_empty_source_null: assertion `left == right` failed\n  left: None\n right: Some(0)","results_empty_people_tail: assertion `left == right` failed\n  left: None\n right: Some(0)","provenance_first: assertion `left == right` failed\n  left: None\n right: Some(51)","provenance_deep: assertion `left == right` failed\n  left: None\n right: Some(51)","issue_first_page: assertion `left == right` failed\n  left: None\n right: Some(51)","issue_deep_page: assertion `left == right` failed\n  left: None\n right: Some(5)","native_person_value_exact: assertion `left == right` failed\n  left: None\n right: Some(1)","native_tag_label: assertion `left == right` failed\n  left: None\n right: Some(1)","operation_permit_tag_point: assertion `left == right` failed\n  left: None\n right: Some(1)","operation_permit_value_point: assertion `left == right` failed\n  left: None\n right: Some(1)","operation_permit_missing_target: assertion `left == right` failed\n  left: None\n right: Some(1)"]}

thread 'db_metadata_import_plans::metadata_hot_queries_at_d050' (12592249) panicked at crates/crm-api/tests/db_metadata_import_plans.rs:161:9:
query-plan checks failed:
claim_among_terminal_history: assertion `left == right` failed
  left: None
 right: Some(1)
superseded_plan_lock: assertion `left == right` failed
  left: None
 right: Some(1)
idempotency_receipt_point: assertion `left == right` failed
  left: None
 right: Some(1)
completed_parent_eligibility: assertion `left == right` failed
  left: None
 right: Some(1)
child_history_first: assertion `left == right` failed
  left: None
 right: Some(51)
child_history_parent: assertion `left == right` failed
  left: None
 right: Some(1)
child_history_absent_parent: assertion `left == right` failed
  left: None
 right: Some(0)
child_history_deep: assertion `left == right` failed
  left: None
 right: Some(51)
choice_copy_first: assertion `left == right` failed
  left: None
 right: Some(50)
choice_point: assertion `left == right` failed
  left: None
 right: Some(1)
capture_checkpoint_deep: assertion `left == right` failed
  left: None
 right: Some(1)
capture_record_page: assertion `left == right` failed
  left: None
 right: Some(100)
source_qualifier_point: assertion `left == right` failed
  left: None
 right: Some(1)
people_source_first: assertion `left == right` failed
  left: None
 right: Some(1)
people_source_deep: assertion `left == right` failed
  left: None
 right: Some(1)
field_source_deep: assertion `left == right` failed
  left: None
 right: Some(1)
parent_result_identity_person: assertion `left == right` failed
  left: None
 right: Some(1)
mapping_first: assertion `left == right` failed
  left: None
 right: Some(51)
mapping_deep: assertion `left == right` failed
  left: None
 right: Some(21)
mapping_option_first: assertion `left == right` failed
  left: None
 right: Some(50)
mapping_option_deep: assertion `left == right` failed
  left: None
 right: Some(20)
mapping_field_tail: assertion `left == right` failed
  left: None
 right: Some(0)
alias_person_element_point: assertion `left == right` failed
  left: None
 right: Some(1)
alias_exact_raw_shared_tag: assertion `left == right` failed
  left: None
 right: Some(1)
alias_first: migration_metadata_alias examined 503, bound 51
alias_first: assertion `left == right` failed
  left: None
 right: Some(51)
alias_deep: migration_metadata_alias examined 501, bound 51
alias_deep: assertion `left == right` failed
  left: None
 right: Some(51)
records_first: migration_metadata_manifest examined 120, bound 51
records_first: assertion `left == right` failed
  left: None
 right: Some(51)
records_deep: assertion `left == right` failed
  left: None
 right: Some(51)
records_eligible_first: assertion `left == right` failed
  left: None
 right: Some(51)
records_eligible_deep: assertion `left == right` failed
  left: None
 right: Some(51)
records_sparse_held_first: assertion `left == right` failed
  left: None
 right: Some(25)
records_sparse_held_deep: assertion `left == right` failed
  left: None
 right: Some(1)
records_empty_held_tail: assertion `left == right` failed
  left: None
 right: Some(0)
execution_manifest_deep: assertion `left == right` failed
  left: None
 right: Some(1)
execution_mapping_replay_skip: assertion `left == right` failed
  left: None
 right: Some(1)
execution_option_children: assertion `left == right` failed
  left: None
 right: Some(50)
results_first: migration_metadata_result examined 139, bound 51
results_first: assertion `left == right` failed
  left: None
 right: Some(51)
results_deep: assertion `left == right` failed
  left: None
 right: Some(51)
results_people_first: assertion `left == right` failed
  left: None
 right: Some(51)
results_people_deep: assertion `left == right` failed
  left: None
 right: Some(51)
results_people_applied: assertion `left == right` failed
  left: None
 right: Some(51)
results_sparse_held: assertion `left == right` failed
  left: None
 right: Some(25)
results_sparse_held_deep: assertion `left == right` failed
  left: None
 right: Some(1)
results_option_created: assertion `left == right` failed
  left: None
 right: Some(25)
results_empty_source_null: assertion `left == right` failed
  left: None
 right: Some(0)
results_empty_people_tail: assertion `left == right` failed
  left: None
 right: Some(0)
provenance_first: assertion `left == right` failed
  left: None
 right: Some(51)
provenance_deep: assertion `left == right` failed
  left: None
 right: Some(51)
issue_first_page: assertion `left == right` failed
  left: None
 right: Some(51)
issue_deep_page: assertion `left == right` failed
  left: None
 right: Some(5)
native_person_value_exact: assertion `left == right` failed
  left: None
 right: Some(1)
native_tag_label: assertion `left == right` failed
  left: None
 right: Some(1)
operation_permit_tag_point: assertion `left == right` failed
  left: None
 right: Some(1)
operation_permit_value_point: assertion `left == right` failed
  left: None
 right: Some(1)
operation_permit_missing_target: assertion `left == right` failed
  left: None
 right: Some(1)
FAILED

failures:

failures:
    db_metadata_import_plans::metadata_hot_queries_at_d050

test result: FAILED. 0 passed; 1 failed; 0 ignored; 0 measured; 986 filtered out; finished in 83.02s

error: test failed, to rerun pass `-p crm-api --test all`
