==> centrifugo: health endpoint (http://127.0.0.1:8000/health)
==> [0s]
==> cargo sqlx prepare --check --workspace
Applied 20260820000001/migrate initial identity schema (7.573167ms)
Applied 20260821000001/migrate stage (3.956958ms)
Applied 20260821000002/migrate person contact method (4.612792ms)
Applied 20260821000003/migrate raw payload (4.600708ms)
Applied 20260821000004/migrate inquiry and facts (11.896458ms)
Applied 20260822000001/migrate contact attempted (5.443125ms)
Applied 20260823000001/migrate administration (14.828584ms)
Applied 20260824000001/migrate operator ledger (5.789208ms)
Applied 20260825000001/migrate calls (8.497208ms)
Applied 20260826000001/migrate contact outcome correction (4.037125ms)
Applied 20260826000002/migrate call outcome indexes (2.592459ms)
Applied 20260827000001/migrate operator proposal (4.459166ms)
Applied 20260828000001/migrate organization intake address (3.421917ms)
Applied 20260829000001/migrate intake settings (3.196375ms)
Applied 20260830000001/migrate raw payload discard (2.802083ms)
Applied 20260901000001/migrate intake extraction (5.405625ms)
Applied 20260902000001/migrate intake token rotation (4.779084ms)
Applied 20260903000001/migrate intake routing mode (3.552458ms)
Applied 20260904000001/migrate correspondence capture (10.05775ms)
Applied 20260906000001/migrate saved list (6.319041ms)
Applied 20260906000002/migrate today work source (2.418375ms)
Applied 20260907000001/migrate saved list sort (3.292666ms)
Applied 20260908000001/migrate today system feed (8.47825ms)
Applied 20260909000001/migrate tag (5.412334ms)
Applied 20260910000001/migrate person last activity (4.347416ms)
Applied 20260911000001/migrate inquiry append only (2.347833ms)
Applied 20260912000001/migrate note (5.857083ms)
Applied 20260913000001/migrate task (7.8585ms)
Applied 20260914000001/migrate operator task proposal (5.43675ms)
Applied 20260915000001/migrate custom field (8.854125ms)
   Compiling proc-macro2 v1.0.107
   Compiling unicode-ident v1.0.24
   Compiling quote v1.0.47
   Compiling libc v0.2.189
    Checking cfg-if v1.0.4
   Compiling serde v1.0.229
   Compiling version_check v0.9.5
   Compiling serde_core v1.0.229
    Checking typenum v1.20.1
   Compiling icu_properties_data v2.3.0
   Compiling shlex v2.0.1
   Compiling find-msvc-tools v0.1.11
   Compiling icu_normalizer_data v2.3.0
    Checking pin-project-lite v0.2.17
   Compiling generic-array v0.14.7
   Compiling cc v1.4.3
    Checking stable_deref_trait v1.2.1
    Checking subtle v2.6.1
    Checking futures-core v0.3.34
    Checking bytes v1.12.1
    Checking itoa v1.0.18
    Checking once_cell v1.21.4
   Compiling autocfg v1.5.1
   Compiling zmij v1.0.23
    Checking tracing-core v0.1.36
    Checking getrandom v0.2.17
    Checking errno v0.3.14
    Checking signal-hook-registry v1.4.8
    Checking rand_core v0.6.4
   Compiling num-traits v0.2.19
   Compiling syn v3.0.3
   Compiling syn v2.0.119
    Checking mio v1.2.2
    Checking socket2 v0.6.5
    Checking zeroize v1.9.0
    Checking log v0.4.33
    Checking crypto-common v0.1.7
   Compiling zerocopy v0.8.56
    Checking futures-sink v0.3.34
   Compiling rustls v0.23.43
   Compiling parking_lot_core v0.9.12
    Checking percent-encoding v2.3.2
   Compiling serde_json v1.0.151
   Compiling ring v0.17.14
    Checking litemap v0.8.3
    Checking writeable v0.6.4
    Checking memchr v2.8.3
    Checking utf8_iter v1.0.4
    Checking futures-task v0.3.34
   Compiling crossbeam-utils v0.8.22
    Checking futures-io v0.3.34
    Checking slab v0.4.12
    Checking rustls-pki-types v1.15.1
    Checking futures-util v0.3.34
    Checking http v1.5.0
   Compiling thiserror v2.0.20
    Checking form_urlencoded v1.2.2
    Checking block-buffer v0.10.4
   Compiling equivalent v1.0.2
    Checking rand_core v0.10.1
    Checking http-body v1.1.0
   Compiling getrandom v0.4.3
    Checking untrusted v0.9.0
   Compiling digest v0.10.7
    Checking futures-channel v0.3.34
    Checking tower-service v0.3.3
    Checking base64 v0.22.1
   Compiling httparse v1.10.1
   Compiling hashbrown v0.17.1
   Compiling scopeguard v1.2.0
    Checking try-lock v0.2.5
   Compiling lock_api v0.4.14
    Checking want v0.3.1
    Checking webpki-roots v1.0.9
   Compiling indexmap v2.14.0
    Checking sync_wrapper v1.0.2
    Checking tower-layer v0.3.3
   Compiling core-foundation-sys v0.8.7
   Compiling tinyvec_macros v0.1.1
    Checking atomic-waker v1.1.2
   Compiling synstructure v0.13.2
   Compiling allocator-api2 v0.2.21
    Checking httpdate v1.0.3
   Compiling foldhash v0.1.5
   Compiling iana-time-zone v0.1.65
   Compiling hashbrown v0.15.5
   Compiling tinyvec v1.12.0
    Checking uuid v1.24.1
   Compiling tokio v1.53.1
   Compiling cpufeatures v0.2.17
    Checking ipnet v2.12.1
   Compiling parking v2.2.1
   Compiling crc-catalog v2.5.0
   Compiling serde_derive v1.0.229
   Compiling zerovec-derive v0.11.6
   Compiling displaydoc v0.2.7
   Compiling tokio-macros v2.7.2
   Compiling thiserror-impl v2.0.20
   Compiling zerofrom-derive v0.1.7
   Compiling yoke-derive v0.8.2
   Compiling tracing-attributes v0.1.31
   Compiling ppv-lite86 v0.2.21
    Checking rustls-webpki v0.103.14
   Compiling rand_chacha v0.3.1
    Checking zerofrom v0.1.8
    Checking yoke v0.8.3
    Checking zerovec v0.11.8
    Checking zerotrie v0.2.5
    Checking tracing v0.1.44
    Checking tinystr v0.8.4
    Checking potential_utf v0.1.6
    Checking icu_collections v2.3.0
    Checking icu_locale_core v2.3.0
    Checking icu_provider v2.3.1
   Compiling tokio-stream v0.1.19
    Checking smallvec v1.15.2
    Checking icu_properties v2.3.0
    Checking icu_normalizer v2.3.0
   Compiling parking_lot v0.12.5
   Compiling either v1.18.0
   Compiling event-listener v5.4.2
   Compiling futures-intrusive v0.5.0
   Compiling crc v3.4.0
    Checking idna_adapter v1.2.2
   Compiling crossbeam-queue v0.3.13
    Checking idna v1.1.0
   Compiling sha2 v0.10.9
    Checking hyper v1.11.0
    Checking tower v0.5.3
   Compiling hashlink v0.10.0
   Compiling webpki-roots v0.26.11
    Checking url v2.5.8
   Compiling unicode-normalization v0.1.25
   Compiling chrono v0.4.45
   Compiling hmac v0.12.1
    Checking http-body-util v0.1.5
    Checking hybrid-array v0.4.14
    Checking ryu v1.0.23
   Compiling unicode-bidi v0.3.18
    Checking hyper-util v0.1.20
    Checking bitflags v2.13.1
   Compiling unicode-properties v0.1.4
    Checking serde_urlencoded v0.7.1
   Compiling sqlx-core v0.8.6
   Compiling stringprep v0.1.5
   Compiling hkdf v0.12.4
   Compiling rand v0.8.7
   Compiling atoi v2.0.0
   Compiling md-5 v0.10.6
   Compiling byteorder v1.5.0
   Compiling dotenvy v0.15.7
    Checking cmov v0.5.4
   Compiling whoami v1.6.1
   Compiling home v0.5.12
   Compiling hex v0.4.3
    Checking ctutils v0.4.2
    Checking crypto-common v0.2.2
    Checking block-buffer v0.12.1
    Checking tokio-rustls v0.26.4
    Checking inout v0.1.4
   Compiling heck v0.5.0
   Compiling time-core v0.1.9
    Checking const-oid v0.10.2
   Compiling num-conv v0.2.2
    Checking cipher v0.4.4
    Checking digest v0.11.3
    Checking hyper-rustls v0.27.9
   Compiling time-macros v0.2.32
    Checking tower-http v0.6.11
    Checking universal-hash v0.5.1
   Compiling cookie v0.18.2
    Checking regex-syntax v0.8.11
    Checking deranged v0.5.8
    Checking mime v0.3.17
   Compiling sqlx-postgres v0.8.6
    Checking opaque-debug v0.3.1
    Checking base64ct v1.8.3
    Checking powerfmt v0.2.0
    Checking reqwest v0.12.28
    Checking password-hash v0.5.0
    Checking poly1305 v0.8.0
    Checking axum-core v0.5.6
    Checking regex-automata v0.4.18
    Checking chacha20 v0.9.1
   Compiling hashify v0.2.9
   Compiling async-trait v0.1.92
    Checking time v0.3.55
    Checking blake2 v0.10.6
    Checking chacha20 v0.10.1
    Checking serde_path_to_error v0.1.20
    Checking aead v0.5.2
    Checking cpufeatures v0.3.0
    Checking lazy_static v1.5.0
    Checking matchit v0.8.4
    Checking sharded-slab v0.1.7
    Checking chacha20poly1305 v0.10.1
    Checking sha2 v0.11.0
    Checking rand v0.10.2
    Checking axum v0.8.9
    Checking mail-parser v0.11.8
    Checking argon2 v0.5.3
    Checking hmac v0.13.0
    Checking tracing-log v0.2.0
    Checking thread_local v1.1.10
    Checking matchers v0.2.0
    Checking base64 v0.23.1
    Checking nu-ansi-term v0.50.3
    Checking crm-operator v0.1.0 (/Users/karrad/projects/crm-worktrees/019b/backend/crates/crm-operator)
    Checking tracing-subscriber v0.3.23
   Compiling sqlx-macros-core v0.8.6
    Checking axum-extra v0.12.6
   Compiling sqlx-macros v0.8.6
    Checking sqlx v0.8.6
    Checking crm-app v0.1.0 (/Users/karrad/projects/crm-worktrees/019b/backend/crates/crm-app)
    Checking crm-api v0.1.0 (/Users/karrad/projects/crm-worktrees/019b/backend/crates/crm-api)
    Finished `dev` profile [unoptimized + debuginfo] target(s) in 27.37s
warning: potentially unused queries found in .sqlx; you may want to re-run sqlx prepare
==> [28s]
==> cargo nextest run --run-ignored only
   Compiling crm-app v0.1.0 (/Users/karrad/projects/crm-worktrees/019b/backend/crates/crm-app)
   Compiling crm-api v0.1.0 (/Users/karrad/projects/crm-worktrees/019b/backend/crates/crm-api)
    Finished `test` profile [unoptimized + debuginfo] target(s) in 16.67s
────────────
 Nextest run ID 34da9f10-d0eb-434a-8259-b4c2c6111fd3 with nextest profile: default
    Starting 785 tests across 7 binaries (831 tests skipped)
        PASS [   3.175s] (  1/785) crm-api::all db_admin::admin_facts_are_pii_free_and_carry_correct_origin
        PASS [   3.195s] (  2/785) crm-api::all db_admin::concurrent_double_accept_of_the_same_token_exactly_one_succeeds
        PASS [   3.210s] (  3/785) crm-api::all db_admin::crm_app_cannot_mint_platform_admin_or_mutate_invitation_token_hash
        PASS [   3.216s] (  4/785) crm-api::all centrifugo_realtime::centrifugo_delivers_scoped_events_denies_cross_org_and_never_replays
        PASS [   3.218s] (  5/785) crm-api::all db_admin::a_user_who_is_both_admin_and_platform_admin_reaches_both
        PASS [   3.237s] (  6/785) crm-api::all db_admin::deactivation_revokes_sessions_blocks_login_and_disconnects_realtime
        PASS [   3.240s] (  7/785) crm-api::all db_admin::admin_fact_tables_are_append_only_via_grant_and_trigger
        PASS [   3.243s] (  8/785) crm-api::all db_admin::a_request_log_captured_during_the_invitation_lifecycle_never_contains_the_token
        PASS [   3.249s] (  9/785) crm-api::all db_admin::cross_organization_admin_routes_are_byte_identical_404s
        PASS [   3.249s] ( 10/785) crm-api::all db_admin::concurrent_issue_and_accept_never_leaves_a_dangling_invitation_or_bare_db_error
        PASS [   2.667s] ( 11/785) crm-api::all db_admin::platform_admin_with_zero_memberships_has_null_organization_and_is_401_on_tenant_routes
        PASS [   2.724s] ( 12/785) crm-api::all db_admin::invitation_lifecycle_issue_preview_accept_reject_second_accept
        PASS [   2.744s] ( 13/785) crm-api::all db_admin::expired_invitation_returns_410_and_org_state_flips_to_needs_attention
        PASS [   2.718s] ( 14/785) crm-api::all db_admin::platform_promote_on_admin_less_organization_succeeds
        PASS [   2.793s] ( 15/785) crm-api::all db_admin::every_org_admin_route_is_403_for_a_member
        PASS [   2.724s] ( 16/785) crm-api::all db_admin::platform_role_route_rejects_member_with_400
        PASS [   2.747s] ( 17/785) crm-api::all db_admin::organization_state_covers_all_three_and_recovers_on_acceptance
        PASS [   2.796s] ( 18/785) crm-api::all db_admin::every_platform_route_is_403_for_an_organization_admin
        PASS [   2.754s] ( 19/785) crm-api::all db_admin::members_list_reports_role_status_and_assigned_people_count
        PASS [   6.609s] ( 20/785) crm-api::all db_admin::issuing_to_an_existing_member_is_already_member_and_to_an_outside_account_is_generic
        PASS [   3.998s] ( 21/785) crm-api::all db_admin::revoking_an_accepted_invitation_is_invitation_used
        PASS [   3.999s] ( 22/785) crm-api::all db_admin::sole_admin_cannot_self_demote_or_self_deactivate
        PASS [   4.044s] ( 23/785) crm-api::all db_admin::revoked_invitation_preview_is_404_and_reissue_supersedes
        PASS [   4.017s] ( 24/785) crm-api::all db_admin::two_admins_concurrently_demoting_each_other_leaves_at_least_one_active_admin
        PASS [   4.001s] ( 25/785) crm-api::all db_calls::alice_cannot_see_dial_or_hang_up_bobs_call
        PASS [   4.009s] ( 26/785) crm-api::all db_calls::answer_then_immediate_remote_leave_is_absorbed_by_the_presence_recheck
        PASS [   4.034s] ( 27/785) crm-api::all db_calls::a_real_concurrent_second_call_is_409_from_the_unique_index
        PASS [   4.099s] ( 28/785) crm-api::all db_admin::read_committed_per_statement_snapshot_observes_a_commit_made_after_the_transaction_began
        PASS [   8.097s] ( 29/785) crm-api::all db_calls::agent_not_joined_and_provider_error_write_no_attempt
        PASS [   4.136s] ( 30/785) crm-api::all db_calls::hangup_before_ringing_is_cancelled_without_an_attempt
        PASS [   4.193s] ( 31/785) crm-api::all db_calls::answered_call_writes_exactly_one_reached_attempt_and_advances_today
        PASS [   4.160s] ( 32/785) crm-api::all db_calls::hangup_and_dial_are_caller_only_and_foreign_is_404
        PASS [   4.142s] ( 33/785) crm-api::all db_calls::hangup_while_the_dial_is_in_flight_is_cancelled_with_one_attempt_and_the_late_result_is_a_noop
        PASS [   4.327s] ( 34/785) crm-api::all db_calls::answered_call_advances_a_non_caller_members_today
        PASS [   4.194s] ( 35/785) crm-api::all db_calls::busy_declined_and_ring_timeout_each_write_one_no_answer_attempt
        PASS [   4.157s] ( 36/785) crm-api::all db_calls::history_call_completed_sorts_after_a_same_instant_contact_attempted
        PASS [   4.171s] ( 37/785) crm-api::all db_calls::hangup_on_an_answered_call_ends_it_with_agent_hangup_and_talk_seconds
        PASS [   4.191s] ( 38/785) crm-api::all db_calls::crm_app_call_grants_are_exactly_section_2
        PASS [   4.373s] ( 39/785) crm-api::all db_calls::start_returns_201_with_a_join_grant_whose_claims_are_exactly_section_3
        PASS [   4.396s] ( 40/785) crm-api::all db_calls::provider_create_room_failure_settles_provider_error_and_is_503
        PASS [   4.383s] ( 41/785) crm-api::all db_calls::sweep_expires_a_backdated_ringing_call_without_an_attempt
        PASS [   4.395s] ( 42/785) crm-api::all db_calls::sweep_expires_a_backdated_placing_call_without_an_attempt
        PASS [   4.385s] ( 43/785) crm-api::all db_calls::the_fixture_number_never_appears_in_spans_or_log_lines
        PASS [   4.421s] ( 44/785) crm-api::all db_calls::start_with_an_invalid_contact_method_is_an_identical_422
        PASS [   4.497s] ( 45/785) crm-api::all db_calls::out_of_order_sip_participant_left_in_ringing_is_a_noop_and_the_dial_failure_still_yields_one_attempt
        PASS [   4.435s] ( 46/785) crm-api::all db_calls::start_on_a_foreign_or_nonexistent_person_is_a_byte_identical_404
        PASS [   4.440s] ( 47/785) crm-api::all db_calls::reads_work_and_writes_are_503_with_telephony_disabled
        PASS [   4.420s] ( 48/785) crm-api::all db_calls::sweep_reconciles_a_backdated_answered_call_and_records_hangup_best_effort
        PASS [   4.444s] ( 49/785) crm-api::all db_calls::webhook_with_a_valid_signature_but_non_json_body_is_200_and_writes_nothing
        PASS [   4.530s] ( 50/785) crm-api::all db_calls::two_concurrent_dials_yield_one_202_and_one_recorded_dial
        PASS [   4.503s] ( 51/785) crm-api::all db_calls::webhook_remote_hangup_ends_an_answered_call_and_duplicates_are_noops
        PASS [   4.475s] ( 52/785) crm-api::all db_calls_corrections::a_manual_attempt_has_no_call_id_and_is_never_a_correction_head
        PASS [   4.491s] ( 53/785) crm-api::all db_calls::webhook_with_a_tampered_body_wrong_secret_or_expired_token_is_401
        PASS [   4.558s] ( 54/785) crm-api::all db_calls::webhook_agent_left_in_answered_is_agent_disconnected_and_in_ringing_is_cancelled
        PASS [   4.493s] ( 55/785) crm-api::all db_calls_corrections::a_non_caller_on_an_active_call_is_403_not_409
        PASS [   4.535s] ( 56/785) crm-api::all db_calls::webhook_for_a_foreign_participant_identity_is_ignored
        PASS [   4.503s] ( 57/785) crm-api::all db_calls_corrections::a_correction_row_is_append_only_for_crm_app_and_the_owner
        PASS [   4.528s] ( 58/785) crm-api::all db_calls::webhook_unknown_room_is_200_and_writes_nothing
        PASS [   4.998s] ( 59/785) crm-api::all db_calls_corrections::same_outcome_is_unchanged_and_writes_and_publishes_nothing
        PASS [   5.032s] ( 60/785) crm-api::all db_calls_corrections::choosing_the_observed_outcome_still_writes_the_agents_row_and_clears_the_nag
        PASS [   5.043s] ( 61/785) crm-api::all db_calls_corrections::busy_call_correction_chains_onto_the_no_answer_row_and_cancelled_has_nothing_to_correct
        PASS [   5.025s] ( 62/785) crm-api::all db_calls_corrections::the_outcome_route_works_with_telephony_disabled
        PASS [   5.099s] ( 63/785) crm-api::all db_calls_corrections::a_second_correction_chains_onto_the_first_with_strictly_increasing_recorded_at
        PASS [   5.041s] ( 64/785) crm-api::all db_calls_corrections::two_concurrent_corrections_serialize_on_the_call_lock_into_a_chain
        PASS [   5.051s] ( 65/785) crm-api::all db_calls_corrections::correction_is_caller_only_foreign_404_active_409_and_no_attempt_422
        PASS [   5.070s] ( 66/785) crm-api::all db_calls_corrections::correcting_an_answered_call_writes_one_correction_row_with_the_call_envelope
        PASS [   5.079s] ( 67/785) crm-api::all db_calls_corrections::concurrent_hangup_and_correction_yield_at_most_one_correction_of_the_reached_row
        PASS [   5.061s] ( 68/785) crm-api::all db_calls_corrections::today_shows_the_effective_outcome_for_a_member_who_has_the_person_by_assignment
        PASS [   4.717s] ( 69/785) crm-api::all db_capture_address::backfill_mints_distinct_addresses_for_every_active_member_on_a_populated_fixture
        PASS [   4.840s] ( 70/785) crm-api::all db_calls_outcome_today::an_ended_call_without_an_outcome_is_a_low_item_for_the_caller_only
        PASS [   4.863s] ( 71/785) crm-api::all db_calls_outcome_today::a_person_qualifying_both_ways_keeps_the_inquiry_tier_with_the_reason_appended
        PASS [   4.829s] ( 72/785) crm-api::all db_capture_address::deactivated_member_token_stops_resolving_reactivation_restores_the_same_address
        PASS [   4.878s] ( 73/785) crm-api::all db_calls_outcome_today::a_low_item_is_the_first_to_fall_off_the_cap
        PASS [   4.836s] ( 74/785) crm-api::all db_capture_address::get_self_heals_and_rotate_flips_live
        PASS [   4.854s] ( 75/785) crm-api::all db_calls_outcome_today::two_callers_on_one_person_each_carry_their_own_outcome_nag
        PASS [   4.863s] ( 76/785) crm-api::all db_calls_outcome_today::low_items_sort_under_every_inquiry_item_by_ended_at
        PASS [   4.909s] ( 77/785) crm-api::all db_calls_outcome_today::a_call_with_no_attempt_creates_no_outcome_item
        PASS [   2.581s] ( 78/785) crm-api::all db_capture_receive::forged_token_is_rejected_and_nothing_stored
        PASS [   2.679s] ( 79/785) crm-api::all db_capture_receive::concurrent_identical_deliveries_produce_exactly_one_of_everything
        PASS [   2.662s] ( 80/785) crm-api::all db_capture_receive::future_inner_date_is_clamped_on_the_forward_path_but_backdated_stays_true
        PASS [   2.690s] ( 81/785) crm-api::all db_capture_receive::client_reply_all_creates_inbound_row_and_arms_client_replied
        PASS [   2.689s] ( 82/785) crm-api::all db_capture_receive::concurrent_identical_unmatched_deliveries_produce_exactly_one_held_row
        PASS [   2.811s] ( 83/785) crm-api::all db_capture_receive::capture_spans_and_logs_carry_no_content_or_tokens
        PASS [   2.715s] ( 84/785) crm-api::all db_capture_receive::cc_from_agent_login_creates_outbound_row_clears_today_and_shape_pins_history
        PASS [   2.683s] ( 85/785) crm-api::all db_capture_receive::future_header_date_is_clamped_on_the_cc_path
        PASS [   5.522s] ( 86/785) crm-api::all db_capture_receive::held_queue_flood_cap_admits_no_new_row_past_500
        PASS [   2.911s] ( 87/785) crm-api::all db_capture_receive::org_a_token_never_matches_an_org_b_person_with_the_same_email
        PASS [   2.913s] ( 88/785) crm-api::all db_capture_unmatched::counterparty_email_is_nulled_on_dismiss
        PASS [   2.937s] ( 89/785) crm-api::all db_capture_unmatched::concurrent_link_and_dismiss_on_the_same_row_exactly_one_wins
        PASS [   2.945s] ( 90/785) crm-api::all db_capture_receive::retroactive_forward_backdates_and_dedups_both_layers
        PASS [  10.450s] ( 91/785) crm-api::all db_capture_receive::a_20_mib_cc_delivery_stores_one_correspondence_raw_row_and_appears_in_history
        PASS [   2.951s] ( 92/785) crm-api::all db_capture_unmatched::cross_org_link_and_dismiss_are_404_and_write_nothing
        PASS [   3.056s] ( 93/785) crm-api::all db_capture_receive::multi_recipient_outbound_creates_one_row_and_attempt_per_matched_person
        PASS [   2.949s] ( 94/785) crm-api::all db_capture_unmatched::held_row_is_visible_only_to_the_attributed_agent
        PASS [   2.961s] ( 95/785) crm-api::all db_capture_unmatched::dismiss_is_idempotent_and_cross_terminal_transitions_conflict
        PASS [   3.081s] ( 96/785) crm-api::all db_contact_attempts::invalid_channel_or_non_json_body_returns_400_and_writes_no_fact
        PASS [   3.139s] ( 97/785) crm-api::all db_contact_attempts::manual_route_accepts_busy_and_wrong_number
        PASS [   3.181s] ( 98/785) crm-api::all db_capture_unmatched::relink_same_person_is_a_noop_different_person_is_409
        PASS [   3.173s] ( 99/785) crm-api::all db_contact_attempts::any_organization_member_may_log_a_contact_attempt
        PASS [   3.156s] (100/785) crm-api::all db_contact_attempts::log_contact_attempt_writes_exactly_one_fact_with_full_envelope
        PASS [   3.268s] (101/785) crm-api::all db_capture_unmatched::link_and_dismiss_are_404_for_non_attributed_agents_admins_included
        PASS [   3.235s] (102/785) crm-api::all db_capture_unmatched::link_optionally_adds_the_counterparty_as_a_contact_method
        PASS [   3.227s] (103/785) crm-api::all db_capture_unmatched::link_writes_direction_from_the_stored_hint_and_outbound_writes_the_auto_attempt
        PASS [   3.191s] (104/785) crm-api::all db_contact_attempts::history_sorts_contact_attempted_last_on_identical_timestamps
        PASS [   3.216s] (105/785) crm-api::all db_capture_unmatched::unmatched_list_caps_at_200_with_truncated_flag
        PASS [   2.629s] (106/785) crm-api::all db_custom_field_filters::custom_filter_reaches_every_statement_family_with_five_slots
        PASS [   2.618s] (107/785) crm-api::all db_custom_fields::create_custom_field_creates_every_type_choice_options_in_order
        PASS [   2.742s] (108/785) crm-api::all db_contact_attempts::other_organization_person_returns_404_identical_to_nonexistent
        PASS [   2.674s] (109/785) crm-api::all db_custom_field_filters::custom_field_filters_preserve_literals_bounds_absence_and_field_identity
        PASS [   2.644s] (110/785) crm-api::all db_custom_fields::archive_hides_the_field_from_the_detail_read_while_row_and_values_survive_and_unarchive_reverses
        PASS [   2.670s] (111/785) crm-api::all db_custom_field_filters::custom_ranges_survive_saved_lifecycle_and_field_archive_restore
        PASS [   2.690s] (112/785) crm-api::all db_custom_field_filters::custom_field_filter_reference_errors_are_non_leaking
        PASS [   2.668s] (113/785) crm-api::all db_custom_fields::admin_demoted_inside_the_transaction_gets_403_and_writes_nothing
        PASS [   2.689s] (114/785) crm-api::all db_custom_field_filters::custom_presence_tests_cover_all_types_and_zero
        PASS [   2.671s] (115/785) crm-api::all db_custom_fields::archived_option_still_carries_its_label_on_the_detail_read
        PASS [   3.000s] (116/785) crm-api::all db_custom_fields::create_custom_field_rejects_options_on_non_choice_and_requires_them_for_choice
        PASS [   2.997s] (117/785) crm-api::all db_custom_fields::date_range_rejections
        PASS [   2.996s] (118/785) crm-api::all db_custom_fields::field_label_uniqueness_is_case_insensitive_and_an_unarchive_clash_is_409
        PASS [   3.024s] (119/785) crm-api::all db_custom_fields::custom_field_changed_publishes_once_per_change_definition_writes_publish_nothing
        PASS [   2.999s] (120/785) crm-api::all db_custom_fields::get_person_detail_includes_custom_fields_and_people_rows_are_byte_identical
        PASS [   3.028s] (121/785) crm-api::all db_custom_fields::deleting_the_person_cascades_the_value
        PASS [   3.039s] (122/785) crm-api::all db_custom_fields::custom_field_route_error_precedence_and_wire_shapes
        PASS [   3.055s] (123/785) crm-api::all db_custom_fields::cross_organization_field_id_is_404_byte_identical_to_a_nonexistent_field_id
        PASS [   3.099s] (124/785) crm-api::all db_custom_fields::create_custom_field_enforces_case_insensitive_label_uniqueness_and_the_50_live_limit
        PASS [   3.060s] (125/785) crm-api::all db_custom_fields::cross_organization_field_option_and_person_are_404
        PASS [   2.789s] (126/785) crm-api::all db_custom_fields::option_label_uniqueness_is_case_insensitive_and_an_unarchive_clash_is_409
        PASS [   2.770s] (127/785) crm-api::all db_custom_fields::setting_an_archived_or_foreign_option_is_the_same_unknown_option
        PASS [   2.812s] (128/785) crm-api::all db_custom_fields::option_limit_is_50_live_per_field
        PASS [   2.829s] (129/785) crm-api::all db_custom_fields::number_canonical_form_and_pattern_rejections
        PASS [   2.819s] (130/785) crm-api::all db_custom_fields::order_route_reaches_the_reorder_handler_and_not_a_uuid_is_400
        PASS [   2.810s] (131/785) crm-api::all db_custom_fields::setting_a_value_on_an_archived_field_is_409
        PASS [   2.824s] (132/785) crm-api::all db_custom_fields::renaming_an_already_archived_field_or_option_does_not_re_stamp_archived_at
        PASS [   2.824s] (133/785) crm-api::all db_custom_fields::set_and_clear_are_idempotent_with_no_publish_on_unchanged
        PASS [   2.827s] (134/785) crm-api::all db_custom_fields::reorder_requires_exactly_the_live_set_no_more_no_fewer
        PASS [   2.889s] (135/785) crm-api::all db_custom_fields::non_admin_gets_403_on_every_definition_write_admin_succeeds
        PASS [   2.458s] (136/785) crm-api::all db_identity::current_user_matches_each_role
        PASS [   2.564s] (137/785) crm-api::all db_custom_fields::value_body_rejects_two_zero_and_unknown_keys_with_400
        PASS [   2.532s] (138/785) crm-api::all db_identity::logout_is_idempotent_against_an_already_revoked_session
        PASS [   2.543s] (139/785) crm-api::all db_identity::expired_session_returns_401
        PASS [   2.585s] (140/785) crm-api::all db_custom_fields::value_type_mismatch_is_rejected_for_every_field_type
        PASS [   2.565s] (141/785) crm-api::all db_identity::full_lifecycle_login_me_members_logout_replay
        PASS [   2.601s] (142/785) crm-api::all db_custom_fields::value_validation_runs_after_not_found_field_archived_and_type_mismatch
        PASS [   2.636s] (143/785) crm-api::all db_custom_fields::text_value_rejects_a_control_character_before_reaching_postgres
        PASS [   2.575s] (144/785) crm-api::all db_identity::crm_app_has_exactly_the_specified_grants
        PASS [   4.855s] (145/785) crm-api::all db_identity::client_supplied_organization_id_is_ignored
        PASS [   2.993s] (146/785) crm-api::all db_identity::wrong_password_and_unknown_user_return_identical_401
        PASS [   3.002s] (147/785) crm-api::all db_identity::zero_membership_login_returns_403_and_creates_no_session
        PASS [   3.025s] (148/785) crm-api::all db_identity::tampered_token_returns_401
        PASS [   3.132s] (149/785) crm-api::all db_identity::membership_revoked_returns_401_on_next_request
        PASS [   3.052s] (150/785) crm-api::all db_identity::relogin_mints_new_token_and_revokes_previous
        PASS [   3.027s] (151/785) crm-api::all db_identity::user_without_local_credential_gets_same_invalid_credentials_error
        PASS [   3.945s] (152/785) crm-api::all db_identity::two_organizations_are_isolated_in_both_directions
        PASS [   4.000s] (153/785) crm-api::all db_identity::multi_membership_picks_earliest_and_scopes_members_to_it
        PASS [   3.991s] (154/785) crm-api::all db_identity::platform_bootstrap_flow_rejects_repeat_creation
        PASS [   2.261s] (155/785) crm-api::all db_inbound_email::bad_or_missing_or_disabled_bearer_is_401_and_stores_nothing
        PASS [   2.524s] (156/785) crm-api::all db_inbound_email::every_rejection_shape_is_byte_identical_and_stores_nothing
        PASS [   2.519s] (157/785) crm-api::all db_inbound_email::first_storage_publishes_exactly_one_event
        PASS [   2.561s] (158/785) crm-api::all db_inbound_email::concurrent_identical_posts_yield_one_row_and_one_publish
        PASS [   1.616s] (159/785) crm-api::all db_inbound_email::no_span_or_log_line_ever_carries_secret_or_content
        PASS [   1.630s] (160/785) crm-api::all db_inbound_email::malformed_json_base64_and_empty_raw_are_400
        PASS [   2.581s] (161/785) crm-api::all db_inbound_email::byte_identical_redelivery_is_a_noop
        PASS [   2.557s] (162/785) crm-api::all db_inbound_email::legacy_hex_token_org_accepts_mail
        PASS [   3.380s] (163/785) crm-api::all db_inbound_email::same_bytes_to_two_orgs_store_one_row_each
        PASS [   2.937s] (164/785) crm-api::all db_inbound_email::valid_delivery_creates_nothing_beyond_the_raw_payload_row
        PASS [   2.951s] (165/785) crm-api::all db_inbound_email::stuck_pending_row_is_rescued_and_published_once
        PASS [   3.531s] (166/785) crm-api::all db_inbound_email_intake::completed_path_leaks_no_content_into_spans_or_logs
        PASS [   3.572s] (167/785) crm-api::all db_inbound_email_intake::byte_identical_redelivery_of_a_forwarded_mail_is_a_noop
        PASS [   3.577s] (168/785) crm-api::all db_inbound_email_intake::byte_identical_redelivery_of_a_resolved_row_is_a_noop
        PASS [   3.582s] (169/785) crm-api::all db_inbound_email_intake::concurrent_different_emails_sharing_a_contact_yield_one_person_two_inquiries
        PASS [   3.915s] (170/785) crm-api::all db_inbound_email::stored_row_appears_in_unresolved_for_its_own_org_only
        PASS [   3.606s] (171/785) crm-api::all db_inbound_email::valid_delivery_stores_one_row_that_decrypts_to_the_exact_bytes
        PASS [   3.885s] (172/785) crm-api::all db_inbound_email_intake::concurrent_identical_in_format_posts_yield_one_person_one_publish
        PASS [   2.906s] (173/785) crm-api::all db_inbound_email_intake::forged_inner_forward_creates_the_d040_accepted_lead
        PASS [   2.911s] (174/785) crm-api::all db_inbound_email_intake::forward_banner_with_empty_inner_body_falls_back_whole_message
        PASS [   2.943s] (175/785) crm-api::all db_inbound_email_intake::fake_fwd_subject_is_a_noop_and_lands_unrecognized
        PASS [   2.920s] (176/785) crm-api::all db_inbound_email_intake::forged_sender_lands_unrecognized_and_creates_no_person
        PASS [   3.614s] (177/785) crm-api::all db_inbound_email_intake::direct_mail_with_a_quoted_banner_keeps_its_deterministic_parse
        PASS [   3.627s] (178/785) crm-api::all db_inbound_email_intake::cypress_fixture_completes_intake_end_to_end
        PASS [   3.771s] (179/785) crm-api::all db_inbound_email_intake::email_intake_without_a_default_creates_an_unassigned_person
        PASS [   3.717s] (180/785) crm-api::all db_inbound_email_intake::forwarded_mail_writes_nothing_in_another_org
        PASS [  10.642s] (181/785) crm-api::all db_inbound_email::a_20_mib_multipart_message_stores_once_and_decrypts_to_the_exact_bytes
        PASS [   4.162s] (182/785) crm-api::all db_inbound_email_intake::forwarded_unknown_lead_lands_unrecognized_for_extraction
        PASS [   3.820s] (183/785) crm-api::all db_inbound_email_intake::garbage_bytes_land_email_unparsed
        PASS [   2.990s] (184/785) crm-api::all db_inbound_email_intake::nested_forward_unwraps_to_the_innermost_form_mail
        PASS [   3.809s] (185/785) crm-api::all db_inbound_email_intake::html_only_fixture_completes
        PASS [   2.989s] (186/785) crm-api::all db_inbound_email_intake::nul_bytes_in_an_in_format_email_complete_without_error_or_poison_row
        PASS [   3.800s] (187/785) crm-api::all db_inbound_email_intake::in_format_email_without_contact_method_lands_no_contact_method
        PASS [   3.801s] (188/785) crm-api::all db_inbound_email_intake::inbound_email_in_a_round_robin_org_routes_via_rotation
        PASS [   3.826s] (189/785) crm-api::all db_inbound_email_intake::html_only_forward_unwraps_and_completes
        PASS [   3.834s] (190/785) crm-api::all db_inbound_email_intake::gmail_forward_of_pinned_format_mail_completes_deterministically
        PASS [   2.588s] (191/785) crm-api::all db_inquiry_append_only::deleting_a_person_still_cascades_its_inquiries
        PASS [   2.656s] (192/785) crm-api::all db_inquiry_append_only::a_backdated_insert_still_works_and_last_inquiry_at_is_trigger_maintained
        PASS [   2.689s] (193/785) crm-api::all db_inbound_email_intake::two_forwarders_of_the_same_inner_lead_converge_on_one_person
        PASS [   2.706s] (194/785) crm-api::all db_inbound_email_intake::terminal_unresolved_row_is_never_reprocessed_by_redelivery
        PASS [   3.205s] (195/785) crm-api::all db_inbound_email_intake::second_in_format_email_dedups_onto_the_same_person
        PASS [   2.713s] (196/785) crm-api::all db_inbound_email_intake::stuck_pending_in_format_row_resolves_end_to_end_on_redelivery
        PASS [   2.689s] (197/785) crm-api::all db_inquiry_append_only::direct_delete_of_inquiry_is_rejected
        PASS [   5.005s] (198/785) crm-api::all db_inbound_email_intake::valid_format_mail_writes_nothing_in_another_org
        PASS [   2.502s] (199/785) crm-api::all db_inquiry_append_only::person_delete_cascades_inquiry_and_person_tag_together
        PASS [   5.174s] (200/785) crm-api::all db_inbound_email_intake::unknown_format_mail_completes_even_while_the_lock_is_held
        PASS [   2.579s] (201/785) crm-api::all db_inquiry_append_only::direct_update_of_inquiry_is_rejected
        PASS [   2.492s] (202/785) crm-api::all db_intake::concurrent_identical_deliveries_yield_one_201_and_one_200
        PASS [   2.497s] (203/785) crm-api::all db_intake::bad_source_returns_400_and_writes_no_raw_payload_row
        PASS [   2.498s] (204/785) crm-api::all db_intake::concurrent_new_intakes_for_the_same_email_create_one_person
        PASS [   2.486s] (205/785) crm-api::all db_intake::email_wins_when_email_and_phone_match_different_persons
        PASS [  10.199s] (206/785) crm-api::all db_inbound_email_intake::lock_held_past_budget_defers_the_row_pending_then_redelivery_completes
        PASS [   2.020s] (207/785) crm-api::all db_intake::malformed_json_body_returns_400
        PASS [   2.036s] (208/785) crm-api::all db_intake::identical_payload_delivered_twice_is_idempotent
        PASS [   2.029s] (209/785) crm-api::all db_intake::no_contact_method_payload_is_unresolved_and_ciphertext_hides_plaintext
        PASS [   2.221s] (210/785) crm-api::all db_intake::explicit_assignee_on_already_assigned_person_is_ignored
        PASS [   2.046s] (211/785) crm-api::all db_intake::non_json_content_type_returns_400
        PASS [   2.056s] (212/785) crm-api::all db_intake::new_lead_intake_creates_person_and_four_linked_facts
        PASS [   2.075s] (213/785) crm-api::all db_intake::fixture_pending_row_resolves_on_repost_with_duplicate_false
        PASS [   2.069s] (214/785) crm-api::all db_intake::invalid_assignee_returns_422_and_writes_no_raw_payload_row
        PASS [   2.345s] (215/785) crm-api::all db_intake_address::creation_mints_a_slug_from_the_name_and_an_eight_char_token
        PASS [   2.382s] (216/785) crm-api::all db_intake::tampered_ciphertext_returns_500_and_leaves_row_pending_and_queued
        PASS [   2.447s] (217/785) crm-api::all db_intake::oversized_body_returns_400
        PASS [   2.450s] (218/785) crm-api::all db_intake::repeat_inquiry_matching_assigned_person_by_phone_keeps_existing
        PASS [   6.975s] (219/785) crm-api::all db_intake::advisory_lock_contention_fails_fast_without_starving_other_organizations
        PASS [   2.441s] (220/785) crm-api::all db_intake::repeat_inquiry_matching_unassigned_person_writes_one_assignment_fact
        PASS [   2.457s] (221/785) crm-api::all db_intake::repeat_inquiry_matching_assigned_person_by_email_keeps_existing
        PASS [   2.431s] (222/785) crm-api::all db_intake_address::intake_columns_have_their_checks_index_and_no_update_grant
        PASS [   2.445s] (223/785) crm-api::all db_intake_address::a_platform_only_session_is_401_on_the_intake_address
        PASS [   2.636s] (224/785) crm-api::all db_intake_address::the_backfill_expressions_satisfy_the_checks
        PASS [   2.813s] (225/785) crm-api::all db_intake_address::names_that_slugify_identically_get_a_suffix_and_never_a_name_clash
        PASS [   2.726s] (226/785) crm-api::all db_intake_extraction::discard_mid_extraction_supersedes
        PASS [   2.726s] (227/785) crm-api::all db_intake_extraction::deterministic_internal_errors_are_bounded_not_infinite
        PASS [   2.751s] (228/785) crm-api::all db_intake_extraction::concurrent_passes_claim_disjoint_rows
        PASS [   2.754s] (229/785) crm-api::all db_intake_address::the_create_span_carries_the_slug_and_never_the_token
        PASS [   2.759s] (230/785) crm-api::all db_intake_extraction::confident_spam_lands_not_a_lead
        PASS [   2.807s] (231/785) crm-api::all db_intake_address::platform_detail_carries_the_address_top_level_and_members_cannot_use_it
        PASS [   5.183s] (232/785) crm-api::all db_intake_address::admins_read_their_own_address_members_are_403_and_orgs_never_cross
        PASS [   5.844s] (233/785) crm-api::all db_intake_address::ten_orgs_whose_names_all_slugify_to_org_are_all_created
        PASS [   3.104s] (234/785) crm-api::all db_intake_extraction::transport_failures_wait_forever_then_recover
        PASS [   3.106s] (235/785) crm-api::all db_intake_extraction::unparsed_and_discarded_rows_are_never_claimed
        PASS [   3.134s] (236/785) crm-api::all db_intake_extraction::only_eligible_rows_are_claimed
        PASS [   3.128s] (237/785) crm-api::all db_intake_extraction::quality_failures_back_off_then_terminal
        PASS [   3.144s] (238/785) crm-api::all db_intake_extraction::forwarded_unknown_lead_extracts_from_the_inner_view
        PASS [   3.151s] (239/785) crm-api::all db_intake_extraction::extraction_pass_leaks_no_content
        PASS [   3.271s] (240/785) crm-api::all db_intake_extraction::duplicate_replay_of_not_a_lead_decodes_faithfully
        PASS [   3.172s] (241/785) crm-api::all db_intake_extraction::extraction_is_tenant_isolated
        PASS [   3.161s] (242/785) crm-api::all db_intake_extraction::valid_lead_reply_resolves_end_to_end
        PASS [   3.138s] (243/785) crm-api::all db_intake_round_robin::dual_org_member_rotates_independently_and_org_b_gets_zero_rotation_rows
        PASS [   3.189s] (244/785) crm-api::all db_intake_extraction::workbench_retry_rearms_extraction
        PASS [   3.175s] (245/785) crm-api::all db_intake_rotation::rotate_mints_audits_and_returns_the_new_address
        PASS [   3.198s] (246/785) crm-api::all db_intake_rotation::old_address_dies_and_new_address_flows_after_rotation
        PASS [   3.187s] (247/785) crm-api::all db_intake_round_robin::a_newcomer_joins_at_the_end_of_the_cycle
        PASS [   3.201s] (248/785) crm-api::all db_intake_rotation::rotation_spans_and_logs_carry_no_token_material
        PASS [   3.190s] (249/785) crm-api::all db_intake_round_robin::deactivating_the_mid_order_pointer_member_continues_to_the_next_slot
        PASS [   5.940s] (250/785) crm-api::all db_intake_rotation::rotation_is_admin_only_and_tenant_isolated
        PASS [   3.616s] (251/785) crm-api::all db_intake_round_robin::non_round_robin_strategies_never_advance_the_pointer
        PASS [   3.737s] (252/785) crm-api::all db_intake_round_robin::duplicate_repost_of_a_round_robin_routed_payload_reports_its_strategy
        PASS [   3.625s] (253/785) crm-api::all db_intake_round_robin::migration_backfill_maps_assignee_set_orgs_to_default_assignee_mode
        PASS [   3.632s] (254/785) crm-api::all db_intake_round_robin::mid_rotation_deactivation_continues_without_resetting_pointer_or_non_pointer
        PASS [   3.671s] (255/785) crm-api::all db_intake_round_robin::empty_pool_routes_unassigned_with_no_pointer_write
        PASS [   5.457s] (256/785) crm-api::all db_intake_round_robin::eight_way_concurrency_distributes_fairly_under_the_advisory_budget
        PASS [   5.452s] (257/785) crm-api::all db_intake_round_robin::fairness_rotates_a_b_c_a_b_c_with_full_fact_and_today_assertions
        PASS [  11.763s] (258/785) crm-api::all db_intake_extraction::intake_busy_unresets_and_recovers
        PASS [   2.903s] (259/785) crm-api::all db_intake_settings::crm_app_can_write_intake_routing_mode_and_the_rotation_table
        PASS [   6.546s] (260/785) crm-api::all db_intake_round_robin::intake_busy_leaves_the_rotation_pointer_untouched
        PASS [   2.907s] (261/785) crm-api::all db_intake_settings::crm_app_update_grant_is_scoped_to_the_new_column_and_updated_at
        PASS [   4.883s] (262/785) crm-api::all db_intake_settings::admins_manage_the_setting_members_are_403_and_orgs_never_cross
        PASS [   3.985s] (263/785) crm-api::all db_intake_settings::put_requires_both_keys_rejects_the_old_007c_body_and_get_survives_deactivation
        PASS [   3.998s] (264/785) crm-api::all db_intake_settings::put_default_assignee_mode_rejects_nonexistent_foreign_inactive_and_null_identically
        PASS [   3.998s] (265/785) crm-api::all db_intake_settings::put_non_default_modes_accept_null_active_or_stale_echo_reject_anything_else
        PASS [   3.175s] (266/785) crm-api::all db_intake_settings::routing_decision_strategy_check_accepts_new_values_and_rejects_unknown
        PASS [   3.177s] (267/785) crm-api::all db_intake_system_routing::default_member_deactivated_routes_unassigned_and_setting_is_retained
        PASS [   3.182s] (268/785) crm-api::all db_intake_settings::routing_decision_strategy_check_accepts_round_robin
        PASS [   3.742s] (269/785) crm-api::all db_intake_system_routing::duplicate_repost_of_a_system_routed_payload_reports_its_strategy
        PASS [   3.738s] (270/785) crm-api::all db_intake_system_routing::matching_already_assigned_person_keeps_existing
        PASS [   3.578s] (271/785) crm-api::all db_intake_system_routing::system_actor_intake_into_org_a_writes_zero_rows_in_org_b
        PASS [   3.581s] (272/785) crm-api::all db_intake_workbench::api_inquiries_replay_of_a_discarded_row_gets_the_duplicate_envelope
        PASS [   3.584s] (273/785) crm-api::all db_intake_system_routing::no_default_set_routes_unassigned_with_no_assignment_fact
        PASS [   3.590s] (274/785) crm-api::all db_intake_system_routing::matching_existing_unassigned_person_applies_the_default
        PASS [   4.689s] (275/785) crm-api::all db_intake_system_routing::default_set_and_active_routes_organization_default_and_lands_on_their_today
        PASS [   4.003s] (276/785) crm-api::all db_intake_workbench::concurrent_retries_yield_one_person_and_a_duplicate_loser
        PASS [   4.003s] (277/785) crm-api::all db_intake_workbench::corrupted_row_retry_500s_and_stays_discardable
        PASS [   3.647s] (278/785) crm-api::all db_intake_workbench::discarded_bytes_never_resurrect_on_redelivery_or_replay
        PASS [   3.624s] (279/785) crm-api::all db_intake_workbench::pending_rows_are_viewable_and_large_bodies_truncate
        PASS [   3.630s] (280/785) crm-api::all db_intake_workbench::generic_v1_retry_reruns_with_the_stored_source
        PASS [   3.634s] (281/785) crm-api::all db_intake_workbench::queue_lists_pending_and_unresolved_never_discarded
        PASS [   4.586s] (282/785) crm-api::all db_intake_workbench::discard_attributes_removes_and_is_idempotent
        PASS [   6.256s] (283/785) crm-api::all db_intake_workbench::detail_content_authorization_and_404s
        PASS [   3.662s] (284/785) crm-api::all db_intake_workbench::migration_check_and_grants_hold
        PASS [   3.085s] (285/785) crm-api::all db_intake_workbench::retry_in_a_round_robin_org_routes_via_rotation_and_consumes_a_turn
        PASS [   3.083s] (286/785) crm-api::all db_intake_workbench::retry_on_a_resolved_row_returns_the_stored_outcome_as_duplicate
        PASS [   4.361s] (287/785) crm-api::all db_intake_workbench::retry_on_still_unparseable_bytes_rerecords_the_reason
        PASS [   3.590s] (288/785) crm-api::all db_intake_workbench::retry_rescues_stuck_pending_row_with_system_actor_on_behalf_of_admin
        PASS [   3.593s] (289/785) crm-api::all db_intake_workbench::retry_racing_redelivery_yields_one_person
        PASS [   3.573s] (290/785) crm-api::all db_intake_workbench::unretryable_format_fails_closed_without_destroying_the_reason
        PASS [   3.588s] (291/785) crm-api::all db_intake_workbench::retry_resolves_a_pre_existing_forwarded_row_through_the_unwrapper
        PASS [   2.754s] (292/785) crm-api::all db_notes::add_note_over_128kib_is_400_not_413
        PASS [   3.577s] (293/785) crm-api::all db_intake_workbench::workbench_spans_and_logs_carry_no_content
        PASS [   3.224s] (294/785) crm-api::all db_notes::add_note_shape_history_entry_and_foreign_person_404
        PASS [   2.470s] (295/785) crm-api::all db_notes::edit_note_pure_demotion_is_forbidden_with_no_write_or_publish
        PASS [   2.547s] (296/785) crm-api::all db_notes::edit_note_deactivated_author_and_demoted_deactivated_admin_are_forbidden
        PASS [   2.559s] (297/785) crm-api::all db_notes::edit_note_for_share_reread_observes_a_committing_deactivation
        PASS [   2.563s] (298/785) crm-api::all db_notes::edit_note_tombstone_cross_organization_and_cross_person_are_404
        PASS [   9.811s] (299/785) crm-api::all db_intake_workbench::failed_retry_publishes_a_queue_invalidation_for_the_reset
        PASS [   2.106s] (300/785) crm-api::all db_notes::edit_note_validation_precedes_the_not_found_lookup
        PASS [   2.590s] (301/785) crm-api::all db_notes::delete_note_deactivated_author_and_pure_demoted_admin_are_forbidden
        PASS [   2.594s] (302/785) crm-api::all db_notes::edit_note_author_and_admin_succeed_third_member_forbidden
        PASS [   5.235s] (303/785) crm-api::all db_notes::delete_note_author_and_admin_succeed_third_member_forbidden_and_tombstone_shape
        PASS [   2.533s] (304/785) crm-api::all db_notes::note_changed_publishes_exactly_once_per_changing_write
        PASS [   2.526s] (305/785) crm-api::all db_notes::note_history_position_ties_with_correspondence_by_kind_rank_and_survives_an_edit
        PASS [   2.641s] (306/785) crm-api::all db_notes::edit_racing_delete_never_503s_and_tombstone_wins
        PASS [   2.540s] (307/785) crm-api::all db_notes::note_route_error_precedence_wire_shapes_and_can_manage
        PASS [   2.557s] (308/785) crm-api::all db_notes::note_check_constraints_matrix
        PASS [   2.590s] (309/785) crm-api::all db_notes::imported_note_renders_with_null_actor_admin_only_can_manage_and_member_edit_forbidden
        PASS [   2.579s] (310/785) crm-api::all db_notes::note_accepts_10_000_four_byte_code_points_and_cascades_with_person
        PASS [   2.560s] (311/785) crm-api::all db_notes::note_composite_fk_rejections
        PASS [  12.678s] (312/785) crm-api::all db_intake_workbench::retry_surfaces_intake_busy_when_lock_held
        PASS [   4.014s] (313/785) crm-api::all db_operator::client_abort_mid_turn_releases_the_slot_and_still_writes_the_ledger
        PASS [   3.982s] (314/785) crm-api::all db_operator::get_person_history_marks_superseded_and_corrected_attempts
        PASS [   4.004s] (315/785) crm-api::all db_operator::context_person_id_is_untrusted_and_revalidated
        PASS [   4.046s] (316/785) crm-api::all db_operator::completed_turn_has_the_documented_shape_and_ledger_rows
        PASS [   4.059s] (317/785) crm-api::all db_operator::capture_across_today_tasks_and_operator_tools_finds_a_task_title_only_in_untrusted_sites
        PASS [   4.030s] (318/785) crm-api::all db_operator::explain_priority_position_matches_today_query_and_get_api_today
        PASS [   4.031s] (319/785) crm-api::all db_operator::custom_field_activity_never_leaks_a_value_into_traces_or_the_ledger
        PASS [   4.028s] (320/785) crm-api::all db_operator::get_person_and_explain_with_a_foreign_id_are_not_found_without_leaking
        PASS [   4.098s] (321/785) crm-api::all db_notes::note_source_external_id_partial_unique_index_and_resurrection_guard
        PASS [   4.515s] (322/785) crm-api::all db_operator::get_person_tasks_are_open_capped_at_ten_by_due_at_order
        PASS [   4.488s] (323/785) crm-api::all db_operator::ledger_triggers_reject_the_owner_too
        PASS [   4.501s] (324/785) crm-api::all db_operator::ledger_tables_are_append_only_for_crm_app
        PASS [   4.548s] (325/785) crm-api::all db_operator::get_person_returns_tags_as_untrusted_text_and_a_foreign_person_is_still_refused
        PASS [   4.553s] (326/785) crm-api::all db_operator::get_person_returns_custom_fields_as_untrusted_text_and_a_foreign_person_is_still_refused
        PASS [   4.584s] (327/785) crm-api::all db_operator::get_person_notes_are_latest_five_untrusted_and_excluded_from_history
        PASS [   4.518s] (328/785) crm-api::all db_operator::injected_inquiry_message_cannot_reach_a_foreign_person
        PASS [   4.517s] (329/785) crm-api::all db_operator::ledger_insert_failure_still_returns_the_reply
        PASS [   4.523s] (330/785) crm-api::all db_operator::get_today_is_viewer_specific_within_one_organization
        PASS [   8.570s] (331/785) crm-api::all db_operator::ledger_records_every_outcome
        PASS [   4.146s] (332/785) crm-api::all db_operator::search_with_no_match_records_ok_with_zero_ids
        PASS [   4.155s] (333/785) crm-api::all db_operator::same_user_second_concurrent_turn_is_429
        PASS [   4.190s] (334/785) crm-api::all db_operator::note_activity_and_operator_call_never_leak_a_body_into_traces_or_wrong_responses
        PASS [   4.159s] (335/785) crm-api::all db_operator::platform_only_session_is_401
        PASS [   4.179s] (336/785) crm-api::all db_operator::operator_today_tools_agree_with_http_on_a_task_item_and_the_fixed_line_has_no_title
        PASS [   4.174s] (337/785) crm-api::all db_operator::search_people_returns_only_the_callers_organization
        PASS [   4.203s] (338/785) crm-api::all db_operator::operator_disabled_without_a_provider
        PASS [   4.200s] (339/785) crm-api::all db_operator::operator_get_today_json_agrees_with_http_on_raised_and_task_only_items
        PASS [   4.190s] (340/785) crm-api::all db_operator::search_escapes_wildcards_matches_contacts_and_stays_in_organization
        PASS [   4.747s] (341/785) crm-api::all db_operator::validation_rejects_bad_bodies_with_400
        PASS [   4.743s] (342/785) crm-api::all db_operator_call::consumed_beats_expired_and_stuck_claimed_reads_as_consumed
        PASS [   4.773s] (343/785) crm-api::all db_operator_call::a_real_but_foreign_persons_phone_id_is_not_found_and_two_phones_need_a_choice
        PASS [   4.796s] (344/785) crm-api::all db_operator::tool_backend_failure_is_tool_error_with_a_ledger_row
        PASS [   4.803s] (345/785) crm-api::all db_operator::task_activity_and_operator_call_never_leak_a_title_into_traces_or_wrong_responses
        PASS [   4.780s] (346/785) crm-api::all db_operator_call::app_role_cannot_delete_proposals_or_rewrite_their_identity
        PASS [   4.901s] (347/785) crm-api::all db_operator::semaphore_full_is_429_for_a_different_user
        PASS [   4.776s] (348/785) crm-api::all db_operator_call::confirm_while_already_on_a_call_fails_the_proposal_with_call_in_progress
        PASS [   4.781s] (349/785) crm-api::all db_operator_call::confirm_with_telephony_disabled_is_503_and_fails_the_proposal
        PASS [   9.002s] (350/785) crm-api::all db_operator::validation_accepts_the_exact_boundaries
        PASS [   4.299s] (351/785) crm-api::all db_operator_call::contact_method_deleted_between_propose_and_confirm_is_422_and_fails_the_proposal
        PASS [   4.278s] (352/785) crm-api::all db_operator_call::double_confirm_yields_one_call_and_one_consumed
        PASS [   4.266s] (353/785) crm-api::all db_operator_call::expired_confirm_is_409_and_executes_nothing
        PASS [   4.257s] (354/785) crm-api::all db_operator_call::room_failure_finalizes_failed_with_the_settled_call_id
        PASS [   4.267s] (355/785) crm-api::all db_operator_call::propose_then_confirm_places_the_call_with_operator_origin_and_turn_correlation
        PASS [   4.274s] (356/785) crm-api::all db_operator_call::invented_contact_method_id_is_not_found_and_inserts_no_row
        PASS [   4.264s] (357/785) crm-api::all db_operator_call::the_configured_ttl_reaches_the_row_and_the_wire
        PASS [   4.284s] (358/785) crm-api::all db_operator_call::foreign_org_other_user_and_nonexistent_confirms_are_byte_identical_404
        PASS [   4.301s] (359/785) crm-api::all db_operator_call::email_only_person_yields_no_phone_and_no_row
        PASS [   4.378s] (360/785) crm-api::all db_operator_filter::composed_filter_matches_stage_tag_and_assignee_and_ledger_reflects_it
        PASS [   4.447s] (361/785) crm-api::all db_operator_filter::custom_saved_list_description_is_untrusted_and_read_only
        PASS [   4.469s] (362/785) crm-api::all db_operator_filter::caps_thirty_matches_with_limit_ten_and_five_hundred_one_matches
        PASS [   4.476s] (363/785) crm-api::all db_operator_filter::another_members_personal_list_is_not_found_including_for_admin
        PASS [   4.481s] (364/785) crm-api::all db_operator_filter::duplicate_named_lists_report_candidates_then_list_id_resolves
        PASS [   4.519s] (365/785) crm-api::all db_operator_filter::a_list_with_invalid_tag_is_list_invalid
        PASS [   4.521s] (366/785) crm-api::all db_operator_filter::ambiguous_assignee_reports_candidates_and_me_resolves_per_actor
        PASS [   4.538s] (367/785) crm-api::all db_operator_call::two_proposals_from_two_turns_yield_exactly_one_call
        PASS [   4.495s] (368/785) crm-api::all db_operator_filter::foreign_list_id_and_foreign_tag_name_are_byte_identical_to_nonexistent
        PASS [   4.587s] (369/785) crm-api::all db_operator_call::the_phone_number_never_appears_in_spans_or_logs_on_the_proposal_paths
        PASS [   3.962s] (370/785) crm-api::all db_operator_filter::last_contact_not_within_days_includes_never_contacted
        PASS [   3.941s] (371/785) crm-api::all db_operator_filter::span_capture_contains_filter_kinds_and_no_names_ids_or_day_counts
        PASS [   3.947s] (372/785) crm-api::all db_operator_filter::unknown_tag_name_is_needs_clarification_and_two_in_a_row_does_not_end_the_turn
        PASS [   3.992s] (373/785) crm-api::all db_operator_filter::run_saved_list_honours_the_stored_sort
        PASS [   4.097s] (374/785) crm-api::all db_operator_filter::full_turn_returns_200_with_references_and_no_proposal_row
        PASS [   3.968s] (375/785) crm-api::all db_operator_task::complete_task_already_completed_is_idempotent_and_does_not_republish
        PASS [   3.964s] (376/785) crm-api::all db_operator_task::complete_task_leaves_origin_unchanged_and_the_ledger_carries_no_title
        PASS [   4.022s] (377/785) crm-api::all db_operator_filter::own_personal_list_and_shared_list_are_visible_to_member_and_admin
        PASS [   4.010s] (378/785) crm-api::all db_operator_filter::same_name_vocabulary_across_two_organizations_stays_isolated
        PASS [   8.969s] (379/785) crm-api::all db_operator_task::complete_task_forbidden_for_a_third_member_with_a_positive_control
        PASS [   5.020s] (380/785) crm-api::all db_operator_task::create_task_double_confirm_race_yields_one_201
        PASS [   5.079s] (381/785) crm-api::all db_operator_task::complete_task_permits_creator_and_admin
        PASS [   5.040s] (382/785) crm-api::all db_operator_task::create_task_confirm_without_operator_runtime_sets_origin_and_correlation
        PASS [   5.062s] (383/785) crm-api::all db_operator_task::create_task_confirm_by_another_member_and_by_the_same_user_elsewhere_is_404
        PASS [   5.090s] (384/785) crm-api::all db_operator_task::create_task_actor_deactivated_401_at_the_door_forbidden_at_the_command
        PASS [   5.092s] (385/785) crm-api::all db_operator_task::create_task_assignee_resolution_matrix
        PASS [   5.076s] (386/785) crm-api::all db_operator_task::create_task_check_matrix
        PASS [   5.139s] (387/785) crm-api::all db_operator_task::complete_task_not_found_is_byte_identical_across_causes
        PASS [   5.094s] (388/785) crm-api::all db_operator_task::create_task_confirm_after_person_deleted_is_404
        PASS [   4.771s] (389/785) crm-api::all db_operator_task::operator_task_proposal_grants_admit_no_update_or_delete
        PASS [   4.794s] (390/785) crm-api::all db_operator_task::start_call_confirm_with_a_null_contact_method_id_is_503
        PASS [   4.839s] (391/785) crm-api::all db_operator_task::create_task_proposal_inserts_parent_and_sidecar_rows
        PASS [   4.880s] (392/785) crm-api::all db_operator_task::create_task_expired_consumed_and_stuck_claimed
        PASS [   4.822s] (393/785) crm-api::all db_operator_task::operator_versus_panel_completion_gives_one_changed_true
        PASS [   4.844s] (394/785) crm-api::all db_operator_task::create_task_with_due_date_and_named_assignee_composes_and_confirms
        PASS [   4.819s] (395/785) crm-api::all db_operator_task::turn_rejects_invalid_utc_offset_minutes
        PASS [   4.807s] (396/785) crm-api::all db_people::assign_and_stage_commands_are_fact_precise_and_history_orders_stably
        PASS [   4.867s] (397/785) crm-api::all db_operator_task::create_task_race_assignee_deactivated_is_422
        PASS [   4.841s] (398/785) crm-api::all db_operator_task::undo_through_reopen_changed_true_then_false_then_404_and_403
        PASS [   3.653s] (399/785) crm-api::all db_people::set_stage_with_malformed_json_returns_400
        PASS [   3.745s] (400/785) crm-api::all db_people::cross_organization_people_stages_and_unresolved_are_isolated
        PASS [   3.687s] (401/785) crm-api::all db_people::tasks_never_change_person_row_or_people_list_rows
        PASS [   3.678s] (402/785) crm-api::all db_people::unresolved_queue_reports_not_truncated_under_500_rows
        PASS [   3.732s] (403/785) crm-api::all db_people::notes_never_change_person_row_or_people_list_rows
        PASS [   3.707s] (404/785) crm-api::all db_people::set_assignment_with_malformed_json_returns_400
        PASS [   3.733s] (405/785) crm-api::all db_people::people_list_reports_not_truncated_under_500_rows
        PASS [   3.701s] (406/785) crm-api::all db_people::unresolved_queue_reports_truncated_past_500_rows
        PASS [   3.733s] (407/785) crm-api::all db_people::people_list_reports_truncated_past_500_rows
        PASS [   3.743s] (408/785) crm-api::all db_people::organization_creation_seeds_nine_ordered_stages_and_two_members
        PASS [   2.958s] (409/785) crm-api::all db_people_filter::all_ten_clause_kinds_at_once_and_a_fifty_value_array_are_both_accepted
        PASS [   2.997s] (410/785) crm-api::all db_people_filter::custom_field_filter_text_negative_includes_absent_and_archived_field_is_invalid
        PASS [   3.009s] (411/785) crm-api::all db_people_filter::cross_org_and_nonexistent_assignee_ids_produce_byte_identical_422s
        PASS [   3.029s] (412/785) crm-api::all db_people_filter::created_age_axis_within_not_within_are_exact_complements
        PASS [   3.032s] (413/785) crm-api::all db_people_filter::cap_truncates_to_500_with_created_at_desc_id_asc_ordering_under_a_filter
        PASS [   3.041s] (414/785) crm-api::all db_people_filter::and_composition_intersects_two_clauses
        PASS [   3.038s] (415/785) crm-api::all db_people_filter::assigned_to_clause_users_unassigned_mixed_and_me_are_viewer_relative
        PASS [   3.011s] (416/785) crm-api::all db_people_filter::cross_org_and_nonexistent_stage_ids_produce_byte_identical_422s
        PASS [   3.008s] (417/785) crm-api::all db_people_filter::deactivated_member_is_a_valid_assignee_d027
        PASS [   3.083s] (418/785) crm-api::all db_people_filter::a_filter_never_returns_another_organizations_rows
        PASS [   2.691s] (419/785) crm-api::all db_people_filter::inquiry_sources_endpoint_requires_auth
        PASS [   2.819s] (420/785) crm-api::all db_people_filter::derived_axis_full_matrix_parity::awaiting_call_outcome_present_true_false_and_absent
        PASS [   2.733s] (421/785) crm-api::all db_people_filter::derived_axis_full_matrix_parity::client_replied_unanswered_present_true_false_and_absent
        PASS [   2.735s] (422/785) crm-api::all db_people_filter::inquiry_sources_endpoint_reports_truncated_past_500
        PASS [   2.739s] (423/785) crm-api::all db_people_filter::inquiry_sources_endpoint_is_distinct_ascending_org_scoped_and_member_allowed
        PASS [   2.755s] (424/785) crm-api::all db_people_filter::derived_axis_full_matrix_parity::awaiting_response_present_true_false_and_absent
        PASS [   2.756s] (425/785) crm-api::all db_people_filter::has_phone_and_has_email_axes
        PASS [   2.760s] (426/785) crm-api::all db_people_filter::empty_clauses_is_the_full_list_through_the_filtered_path
        PASS [   2.767s] (427/785) crm-api::all db_people_filter::first_failure_wins_by_clause_order
        PASS [   2.772s] (428/785) crm-api::all db_people_filter::has_replied_matches_a_person_whose_reply_was_already_answered
        PASS [   2.273s] (429/785) crm-api::all db_people_filter::invalid_percent_encoding_in_an_unrelated_param_is_ignored
        PASS [   2.216s] (430/785) crm-api::all db_people_filter::repeated_filter_param_is_400
        PASS [   2.234s] (431/785) crm-api::all db_people_filter::present_but_empty_filter_param_is_400
        PASS [   2.222s] (432/785) crm-api::all db_people_filter::source_clause_matches_the_latest_inquiry_with_a_tie_break_and_never_a_zero_inquiry_person
        PASS [   2.277s] (433/785) crm-api::all db_people_filter::last_contact_age_axis_and_a_correction_fixture_prove_plain_max_equals_effective_attempt
        PASS [   2.256s] (434/785) crm-api::all db_people_filter::people_filter_request_span_records_path_only_with_the_query_string_stripped
        PASS [   2.294s] (435/785) crm-api::all db_people_filter::invalid_percent_encoding_in_filter_param_is_400
        PASS [   2.287s] (436/785) crm-api::all db_people_filter::last_inquiry_age_axis_within_not_within_and_never
        PASS [   2.285s] (437/785) crm-api::all db_people_filter::ordering_ties_break_by_id_asc_under_a_filter
        PASS [   2.300s] (438/785) crm-api::all db_people_filter::last_inbound_age_axis_and_a_backdated_capture_filters_by_its_own_inner_date
        PASS [   2.787s] (439/785) crm-api::all db_people_filter::tags_and_not_tags::tags_and_not_tags_together_intersect
        PASS [   2.835s] (440/785) crm-api::all db_people_filter::tags_and_not_tags::not_tags_none_of_matches_an_untagged_person
        PASS [   2.882s] (441/785) crm-api::all db_people_filter::stage_clause_matches_only_the_named_stages
        PASS [   2.844s] (442/785) crm-api::all db_people_filter::tags_and_not_tags::tag_reference_probe_database_failure_is_503
        PASS [   2.876s] (443/785) crm-api::all db_people_filter::tags_and_not_tags::identically_named_tag_in_another_organization_never_matches
        PASS [   2.841s] (444/785) crm-api::all db_people_filter::unauthenticated_request_is_401_even_with_a_garbage_filter
        PASS [   2.847s] (445/785) crm-api::all db_people_filter::tags_and_not_tags::tags_any_of_one_and_several_ids_positive_and_negative
        PASS [   2.906s] (446/785) crm-api::all db_people_filter::structural_violation_beats_a_422_triggering_clause_in_the_same_filter
        PASS [   2.858s] (447/785) crm-api::all db_people_filter::undecodable_json_filter_is_400_in_the_envelope_shape
        PASS [   2.911s] (448/785) crm-api::all db_people_filter::tags_and_not_tags::cross_org_and_nonexistent_tag_ids_produce_byte_identical_422s
        PASS [   2.941s] (449/785) crm-api::all db_people_filter::unknown_extra_query_param_is_ignored_exactly_as_today
        PASS [   2.873s] (450/785) crm-api::all db_people_sort::name_asc_collation_orders_amy_before_bob_not_by_byte_order
        PASS [   2.921s] (451/785) crm-api::all db_people_sort::default_order_is_byte_identical_with_and_without_explicit_created_desc
        PASS [   2.915s] (452/785) crm-api::all db_people_sort::foreign_organization_stage_with_a_malformed_sort_is_400_not_422
        PASS [   2.925s] (453/785) crm-api::all db_people_sort::malformed_sort_tokens_are_400_before_pool_acquisition
        PASS [   2.930s] (454/785) crm-api::all db_people_sort::empty_sort_param_is_400
        PASS [   2.961s] (455/785) crm-api::all db_people_sort::created_key_orders_both_directions
        PASS [   2.906s] (456/785) crm-api::all db_people_sort::name_key_orders_both_directions_with_missing_last_and_empty_string_pin
        PASS [   2.918s] (457/785) crm-api::all db_people_sort::name_asc_never_returns_another_organizations_alphabetically_first_person
        PASS [   2.979s] (458/785) crm-api::all db_people_sort::assignee_key_orders_both_directions_with_unassigned_last
        PASS [   2.304s] (459/785) crm-api::all db_people_sort::repeated_sort_param_is_400
        PASS [   2.315s] (460/785) crm-api::all db_people_sort::sort_applies_before_truncation_so_the_alphabetical_500_differs_from_the_newest_500
        PASS [   2.335s] (461/785) crm-api::all db_people_sort::null_heavy_tail_respects_nulls_last_and_truncates_the_oldest_null_row
        PASS [   2.349s] (462/785) crm-api::all db_people_sort::non_created_keys_tie_break_by_created_at_desc_then_id_asc
        PASS [   2.377s] (463/785) crm-api::all db_people_sort::non_created_keys_apply_created_at_desc_before_id_asc_for_name_and_stage
        PASS [   2.343s] (464/785) crm-api::all db_people_sort::sort_composes_with_a_positive_clause_me_and_empty_clauses
        PASS [   2.344s] (465/785) crm-api::all db_people_sort::sort_composes_with_a_source_clause_binding_the_latest_source_probe
        PASS [   2.344s] (466/785) crm-api::all db_people_sort::sort_without_filter_records_no_filter_kinds_on_the_span
        PASS [   2.340s] (467/785) crm-api::all db_people_sort::stage_key_orders_by_pipeline_position_both_directions
        PASS [   2.418s] (468/785) crm-api::all db_people_sort::name_key_orders_by_first_name_as_the_secondary_key_with_missing_first_name_last
        PASS [   2.719s] (469/785) crm-api::all db_person_last_activity::call_settle_answered_advances_last_contact_at
        PASS [   2.761s] (470/785) crm-api::all db_person_last_activity::first_and_repeat_inquiry_including_out_of_order_earlier_received_at
        PASS [   2.773s] (471/785) crm-api::all db_person_last_activity::deduplicated_outbound_capture_advances_nothing
        PASS [   2.774s] (472/785) crm-api::all db_person_last_activity::log_contact_attempt_advances_last_contact_at
        PASS [   2.822s] (473/785) crm-api::all db_person_last_activity::backdated_forward_earlier_is_noop_later_advances
        PASS [   2.792s] (474/785) crm-api::all db_person_last_activity::inbound_capture_advances_last_inbound_at_only
        PASS [   2.850s] (475/785) crm-api::all db_people_sort::unknown_extra_query_param_with_a_valid_sort_is_still_200
        PASS [   2.831s] (476/785) crm-api::all db_person_last_activity::concurrent_attempts_in_either_commit_order_leave_the_greater
        PASS [   2.817s] (477/785) crm-api::all db_person_last_activity::history_row_with_mismatched_organization_id_updates_nothing
        PASS [   5.451s] (478/785) crm-api::all db_people_sort::ties_at_the_500_boundary_drop_the_expected_single_row
        PASS [   2.927s] (479/785) crm-api::all db_realtime::duplicate_intake_publishes_nothing_additional
        PASS [   2.901s] (480/785) crm-api::all db_realtime::intake_new_person_publishes_exactly_one_event
        PASS [   2.909s] (481/785) crm-api::all db_realtime::intake_matched_person_publishes_exactly_one_event_despite_two_facts
        PASS [   2.941s] (482/785) crm-api::all db_realtime::assign_stage_and_contact_commands_publish_only_when_changed
        PASS [   2.971s] (483/785) crm-api::all db_person_last_activity::outbound_capture_advances_contact_and_outbound_not_inbound
        PASS [   2.963s] (484/785) crm-api::all db_person_last_activity::outcome_correction_does_not_change_last_contact_at
        PASS [   3.049s] (485/785) crm-api::all db_person_last_activity::migration_backfill_block_recomputes_every_column_as_max_of_history
        PASS [   2.924s] (486/785) crm-api::all db_realtime::intake_unresolved_publishes_with_raw_payload_received_at
        PASS [   2.573s] (487/785) crm-api::all db_realtime::note_changed_payload_carries_no_body_key
        PASS [   2.576s] (488/785) crm-api::all db_saved_lists::create_retry_identity_is_scoped_to_actor_and_organization
        PASS [   2.610s] (489/785) crm-api::all db_realtime::task_changed_payload_carries_no_title_key_and_none_on_changed_false
        PASS [   2.602s] (490/785) crm-api::all db_saved_lists::create_replay_edit_delete_and_direct_version_validation
        PASS [   2.620s] (491/785) crm-api::all db_realtime::two_concurrent_log_contact_attempts_on_same_person_both_write_and_publish
        PASS [   2.961s] (492/785) crm-api::all db_realtime::log_contact_attempt_racing_assign_person_on_same_person_both_write_and_publish
        PASS [   2.627s] (493/785) crm-api::all db_saved_lists::concurrent_create_and_revision_races_preserve_one_winner
        PASS [   2.644s] (494/785) crm-api::all db_realtime::publish_failure_does_not_fail_the_command
        PASS [   5.568s] (495/785) crm-api::all db_realtime::intake_busy_publishes_nothing
        PASS [   6.312s] (496/785) crm-api::all db_realtime::rejected_commands_publish_nothing
        PASS [   3.763s] (497/785) crm-api::all db_saved_lists::saved_list_http_is_strict_and_preserves_error_precedence
        PASS [   3.874s] (498/785) crm-api::all db_saved_lists::membership_for_share_lock_rechecks_role_and_status_after_a_privilege_race
        PASS [   3.804s] (499/785) crm-api::all db_saved_lists::saved_list_schema_enforces_live_tombstone_shape_and_app_grants
        PASS [   3.805s] (500/785) crm-api::all db_saved_lists::saved_list_scope_quotas_are_separate_and_deletion_frees_a_slot
        PASS [   3.828s] (501/785) crm-api::all db_saved_lists::saved_count_uses_same_capped_semantics_and_resolves_me_per_viewer
        PASS [   3.852s] (502/785) crm-api::all db_saved_lists::saved_count_matches_people_for_every_filter_axis_mixed_and_exact_caps
        PASS [   3.812s] (503/785) crm-api::all db_saved_lists::saved_list_spans_record_static_kinds_without_names_filters_or_retry_tokens
        PASS [   4.442s] (504/785) crm-api::all db_saved_lists::saved_list_http_index_is_metadata_only_and_actor_visible
        PASS [   6.589s] (505/785) crm-api::all db_saved_lists::saved_list_http_hides_foreign_and_private_ids_with_the_same_404
        PASS [   2.796s] (506/785) crm-api::all db_saved_lists::unsupported_deep_stored_jsonb_keeps_metadata_retry_and_delete_safe
        PASS [   2.866s] (507/785) crm-api::all db_saved_lists::stored_v1_unknown_fields_and_bad_shapes_are_independently_unsupported
        PASS [   2.826s] (508/785) crm-api::all db_saved_lists_sort::saved_list_create_retry_replays_identically_whether_sort_is_absent_or_created_desc
        PASS [   2.819s] (509/785) crm-api::all db_saved_lists_sort::saved_list_delete_clears_sort_columns
        PASS [   2.835s] (510/785) crm-api::all db_saved_lists_sort::owner_put_repairs_an_unreadable_stored_sort_with_a_valid_sort_or_null
        PASS [   2.836s] (511/785) crm-api::all db_saved_lists::visibility_and_current_membership_permissions_do_not_leak_personal_lists
        PASS [   2.222s] (512/785) crm-api::all db_saved_lists_sort::saved_list_http_create_replay_with_absent_sort_matches_created_desc
        PASS [   2.986s] (513/785) crm-api::all db_saved_lists::stored_unknown_and_stale_filters_fail_closed_but_typed_stale_rows_can_repair
        PASS [   2.847s] (514/785) crm-api::all db_saved_lists_sort::saved_list_create_retry_replays_identically_with_the_same_explicit_sort
        PASS [   3.238s] (515/785) crm-api::all db_saved_lists_sort::update_saved_list_with_absent_sort_normalizes_to_the_default_null_pair
        PASS [   3.367s] (516/785) crm-api::all db_saved_lists_sort::saved_list_sort_is_part_of_the_definition_and_bumps_revision_only_when_it_changes
        PASS [   3.351s] (517/785) crm-api::all db_saved_lists_tags::saved_list_detail_description_resolves_tag_names
        PASS [   3.380s] (518/785) crm-api::all db_saved_lists_sort::saved_list_http_sort_round_trips_rejects_malformed_and_precedes_404
        PASS [   3.374s] (519/785) crm-api::all db_saved_lists_sort::saved_list_member_sort_only_update_on_shared_list_is_forbidden
        PASS [   3.410s] (520/785) crm-api::all db_saved_lists_sort::saved_list_http_sort_rejects_non_string_json_shapes_on_create_and_update
        PASS [   3.354s] (521/785) crm-api::all db_saved_lists_tags::saved_list_detail_and_count_report_invalid_tag_and_writer_repairs
        PASS [   3.381s] (522/785) crm-api::all db_saved_lists_sort::saved_list_member_put_with_bad_sort_on_shared_list_is_400_not_403
        PASS [   3.444s] (523/785) crm-api::all db_saved_lists_sort::saved_list_http_hides_a_foreign_sorted_list_with_the_same_404_as_hidden_personal
        PASS [   3.387s] (524/785) crm-api::all db_saved_lists_sort::unrecognized_stored_sort_pair_fails_closed_on_detail_and_count
        PASS [   2.319s] (525/785) crm-api::all db_schema::custom_field_indexes_exist
        PASS [   2.458s] (526/785) crm-api::all db_saved_lists_tags::saved_list_write_time_foreign_or_deleted_tag_id_is_422_invalid_tag
        PASS [   2.353s] (527/785) crm-api::all db_schema::crm_app_can_actually_write_the_granted_tables
        PASS [   2.363s] (528/785) crm-api::all db_schema::custom_field_type_change_is_refused_while_a_value_exists
        PASS [   2.359s] (529/785) crm-api::all db_schema::fact_tables_reject_truncate_via_grant_and_trigger
        PASS [   2.376s] (530/785) crm-api::all db_schema::fact_tables_are_append_only_via_grant_and_trigger
        PASS [   2.384s] (531/785) crm-api::all db_schema::custom_field_and_related_grants_are_exactly_slice_019_section_2_with_no_delete_on_definitions
        PASS [   2.388s] (532/785) crm-api::all db_schema::crm_app_has_exactly_the_slice_002_grants
        PASS [   2.393s] (533/785) crm-api::all db_schema::custom_field_composite_fk_rejections
        PASS [   2.395s] (534/785) crm-api::all db_schema::contact_attempted_outcome_check_and_corrects_once_index_are_section_2
        PASS [   1.792s] (535/785) crm-api::all db_schema::note_indexes_exist
        PASS [   1.819s] (536/785) crm-api::all db_schema::saved_list_sort_columns_check_constraints_reject_bad_values_and_half_pairs
        PASS [   1.858s] (537/785) crm-api::all db_schema::person_grant_is_unchanged_by_slice_012
        PASS [   1.918s] (538/785) crm-api::all db_schema::note_grants_are_exactly_slice_015_section_2_with_no_delete
        PASS [   1.859s] (539/785) crm-api::all db_schema::tag_and_person_tag_grants_are_exactly_slice_011e_section_2
        PASS [   1.876s] (540/785) crm-api::all db_schema::person_last_activity_triggers_exist_as_after_insert_row_triggers
        PASS [   1.862s] (541/785) crm-api::all db_schema::tag_and_person_tag_indexes_exist
        PASS [   1.877s] (542/785) crm-api::all db_schema::person_org_last_contact_idx_exists_with_the_declared_column_order
        PASS [   1.906s] (543/785) crm-api::all db_schema::person_custom_field_value_check_constraints_matrix
        PASS [   4.686s] (544/785) crm-api::all db_schema::tag_name_is_unique_case_insensitively_per_organization_and_person_tag_is_tenant_isolated
        PASS [   3.213s] (545/785) crm-api::all db_schema::task_indexes_exist
        PASS [   3.202s] (546/785) crm-api::all db_statement_equivalence::person_state_pins_the_waiting_gate_tie_zero_inquiry_exclusion_and_repeat_reply_members
        PASS [   3.211s] (547/785) crm-api::all db_schema::task_source_external_id_partial_unique_index_and_resurrection_guard
        PASS [   3.330s] (548/785) crm-api::all db_schema::task_accepts_500_four_byte_code_points_and_cascades_with_person
        PASS [   3.245s] (549/785) crm-api::all db_schema::task_composite_fk_rejections
        PASS [   3.278s] (550/785) crm-api::all db_schema::task_check_constraints_matrix
        PASS [   3.227s] (551/785) crm-api::all db_tags::add_and_remove_on_a_foreign_or_nonexistent_person_or_tag_are_identical_404s
        PASS [   3.248s] (552/785) crm-api::all db_schema::task_grants_are_exactly_slice_016_section_2_with_no_delete
        PASS [   5.788s] (553/785) crm-api::all db_statement_equivalence::all_fourteen_statements_agree_between_frozen_and_live_text
        PASS [   2.599s] (554/785) crm-api::all db_tags::create_tag_validates_trim_length_and_control_characters
        PASS [   2.627s] (555/785) crm-api::all db_tags::admin_demoted_inside_the_transaction_gets_403_and_writes_nothing
        PASS [   3.025s] (556/785) crm-api::all db_tags::add_and_remove_person_tag_is_target_state_idempotent
        PASS [   2.624s] (557/785) crm-api::all db_tags::create_tag_the_201st_tag_is_409_tag_limit_reached
        PASS [   2.644s] (558/785) crm-api::all db_tags::admin_delete_removes_and_counts_person_tag_rows
        PASS [   2.652s] (559/785) crm-api::all db_tags::add_person_tag_racing_an_admin_delete_never_503s
        PASS [   2.624s] (560/785) crm-api::all db_tags::creator_deletes_own_unused_tag_but_not_once_in_use_or_someone_elses
        PASS [   2.649s] (561/785) crm-api::all db_tags::create_tag_is_create_or_get_by_case_insensitive_name
        PASS [   2.661s] (562/785) crm-api::all db_tags::admin_can_rename_any_tag_member_only_their_own_unused
        PASS [   3.596s] (563/785) crm-api::all db_tags::creator_loses_rename_permission_once_a_person_carries_the_tag
        PASS [   3.596s] (564/785) crm-api::all db_tags::deactivated_admin_gets_403_and_rename_of_another_organizations_tag_is_404
        PASS [   3.589s] (565/785) crm-api::all db_tags::non_creator_member_cannot_rename_an_unused_tag
        PASS [   3.581s] (566/785) crm-api::all db_tags::tag_route_error_precedence_and_wire_shapes
        PASS [   3.587s] (567/785) crm-api::all db_tags::person_tag_limit_is_20_and_reapplying_at_the_cap_still_succeeds
        PASS [   3.599s] (568/785) crm-api::all db_tags::rename_same_name_is_unchanged_case_only_rename_is_changed_and_collision_is_409
        PASS [   3.595s] (569/785) crm-api::all db_tags::tags_changed_publishes_exactly_once_per_changing_add_or_remove
        PASS [   3.614s] (570/785) crm-api::all db_tags::get_person_detail_includes_ordered_tags_and_people_rows_are_unchanged
        PASS [   3.636s] (571/785) crm-api::all db_tags::delete_does_not_touch_another_organizations_people_or_tags
        PASS [   7.101s] (572/785) crm-api::all db_tags::get_tags_lists_only_the_organizations_tags_with_correct_can_manage
        PASS [   3.603s] (573/785) crm-api::all db_tasks::create_task_assignee_deactivated_in_flight_is_422_after_commit_with_no_row
        PASS [   3.616s] (574/785) crm-api::all db_tasks::create_task_actor_deactivated_is_forbidden_out_of_band_and_in_flight
        PASS [   3.683s] (575/785) crm-api::all db_tags::two_concurrent_identical_creates_yield_exactly_one_row_and_two_successes
        PASS [   3.627s] (576/785) crm-api::all db_tasks::complete_task_changed_false_and_true_with_positive_control
        PASS [   3.600s] (577/785) crm-api::all db_tasks::create_task_vs_deactivate_join_race_never_503
        PASS [   3.650s] (578/785) crm-api::all db_tasks::complete_task_blocked_by_in_flight_delete_then_join_race_never_503
        PASS [   3.627s] (579/785) crm-api::all db_tasks::create_task_shape_default_assignee_and_explicit_active_member
        PASS [   3.643s] (580/785) crm-api::all db_tasks::create_task_foreign_or_nonexistent_person_is_byte_identical_404
        PASS [   7.321s] (581/785) crm-api::all db_tasks::create_task_invalid_assignee_variants_are_byte_identical_with_no_row
        PASS [   3.751s] (582/785) crm-api::all db_tasks::http_precedence_malformed_uuid_json_and_unknown_fields
        PASS [   3.863s] (583/785) crm-api::all db_tasks::delete_task_tombstone_byte_identical_except_three_columns
        PASS [   3.762s] (584/785) crm-api::all db_tasks::list_my_tasks_exactly_200_is_not_truncated
        PASS [   3.798s] (585/785) crm-api::all db_tasks::detail_tasks_can_manage_per_viewer
        PASS [   3.773s] (586/785) crm-api::all db_tasks::list_my_tasks_membership_boundary_and_order
        PASS [   3.791s] (587/785) crm-api::all db_tasks::list_my_tasks_201_is_truncated_to_200
        PASS [   3.762s] (588/785) crm-api::all db_tasks::list_my_tasks_same_assignee_id_in_two_organizations_never_leaks
        PASS [   3.781s] (589/785) crm-api::all db_tasks::list_my_tasks_query_shape_fails_closed
        PASS [   3.808s] (590/785) crm-api::all db_tasks::list_my_tasks_excludes_another_members_and_another_organizations_tasks
        PASS [   3.918s] (591/785) crm-api::all db_tasks::snooze_task_rule_3_completed_and_same_instant_are_changed_false
        PASS [   3.989s] (592/785) crm-api::all db_tasks::reopen_task_changed_false_and_true_with_positive_control
        PASS [   3.950s] (593/785) crm-api::all db_tasks::third_member_forbidden_on_complete_reopen_snooze_delete
        PASS [   3.967s] (594/785) crm-api::all db_tasks::task_completed_history_rank8_tie_break_and_reopen_readd
        PASS [   4.021s] (595/785) crm-api::all db_tasks::mutations_forbidden_for_actor_deactivated_or_admin_demoted_in_transaction
        PASS [   4.055s] (596/785) crm-api::all db_tasks::list_my_tasks_set_based_parity_with_the_today_axis
        PASS [   3.979s] (597/785) crm-api::all db_tasks::task_completed_history_can_manage_with_plain_member_assignee
        PASS [   3.959s] (598/785) crm-api::all db_tasks::update_task_403_precedes_422_over_http
        PASS [   4.044s] (599/785) crm-api::all db_tasks::mutations_404_for_wrong_paths_other_organization_and_multi_membership
        PASS [   7.427s] (600/785) crm-api::all db_tasks::task_completed_history_can_manage_overwrite_and_imported_shape
        PASS [   3.548s] (601/785) crm-api::all db_tasks::update_task_reassign_away_loses_can_manage_and_next_put_is_forbidden
        PASS [   3.575s] (602/785) crm-api::all db_tasks::update_task_changed_false_and_true_with_positive_control
        PASS [   3.639s] (603/785) crm-api::all db_tasks::update_task_assignee_creator_admin_succeed_third_member_forbidden
        PASS [   3.576s] (604/785) crm-api::all db_today::client_supplied_viewer_or_organization_is_ignored
        PASS [   3.601s] (605/785) crm-api::all db_tasks::update_task_on_completed_task_leaves_completion_columns_and_updates_history
        PASS [   3.595s] (606/785) crm-api::all db_tasks::wire_cases_due_at_offset_and_kind_validation
        PASS [   3.614s] (607/785) crm-api::all db_tasks::update_task_assignee_revalidated_only_when_it_changes
        PASS [   3.585s] (608/785) crm-api::all db_today::contact_attempt_by_anyone_removes_the_row
        PASS [   8.645s] (609/785) crm-api::all db_tasks::update_task_reassign_to_inactive_or_other_organization_member_is_422
        PASS [   5.447s] (610/785) crm-api::all db_today::fresh_person_survives_the_cap_behind_many_stale_candidates
        PASS [   5.344s] (611/785) crm-api::all db_today::last_contact_attempt_is_the_effective_row_never_a_superseded_one
        PASS [   5.329s] (612/785) crm-api::all db_today::stale_inquiry_has_normal_priority_and_sorts_after_fresh
        PASS [   5.316s] (613/785) crm-api::all db_today::tie_breaks_are_person_id_then_inquiry_id
        PASS [   5.307s] (614/785) crm-api::all db_today::today_is_scoped_to_viewer_and_organization
        PASS [   5.303s] (615/785) crm-api::all db_today::unassigned_person_is_on_nobodys_today
        PASS [   5.305s] (616/785) crm-api::all db_today::waiting_since_is_the_earliest_unanswered_inquiry_not_the_latest
        PASS [   5.344s] (617/785) crm-api::all db_today::repeat_inquiry_after_an_answered_one_resets_waiting_since_to_the_repeat
        PASS [   2.478s] (618/785) crm-api::all db_today_builtin_parity::today_zero_sources_preserves_frozen_full_builtin_payload_and_order
        PASS [   2.785s] (619/785) crm-api::all db_today_builtin_parity::today_zero_sources_preserves_frozen_builtin_cap_and_retained_ids
        PASS [   2.584s] (620/785) crm-api::all db_today_client_replied::client_replied_requires_assignment_to_the_viewer
        PASS [   2.610s] (621/785) crm-api::all db_today_builtin_parity::today_zero_sources_preserves_frozen_reply_inquiry_outcome_precedence_across_viewers_and_tenants
        PASS [   2.612s] (622/785) crm-api::all db_today_client_replied::an_old_backdated_inbound_row_still_arms_today_if_genuinely_unanswered
        PASS [   2.611s] (623/785) crm-api::all db_today_client_replied::inbound_correspondence_arms_client_replied_and_a_later_attempt_clears_it
        PASS [   2.616s] (624/785) crm-api::all db_today_client_replied::client_replied_wins_precedence_over_the_unanswered_inquiry_arm
        PASS [   2.627s] (625/785) crm-api::all db_today_client_replied::a_later_outbound_correspondence_clears_client_replied_without_a_contact_attempt
        PASS [   2.643s] (626/785) crm-api::all db_today_client_replied::a_person_with_no_inquiry_never_qualifies_even_with_a_reply
        PASS [   2.877s] (627/785) crm-api::all db_today_feed_equivalence::a_stored_feed_referencing_a_deleted_tag_reports_invalid_definition_fallback
        PASS [   2.836s] (628/785) crm-api::all db_today_feed_equivalence::feeds_equals_legacy_for_the_call_feed_matrix_statements_with_no_extra_clauses
        PASS [   3.039s] (629/785) crm-api::all db_today_feed_equivalence::a_disabled_feed_with_an_invalid_stored_definition_reports_no_issue
        PASS [   2.888s] (630/785) crm-api::all db_today_feed_equivalence::feeds_equals_legacy_for_a_rich_mixed_fixture_with_zero_sources
        PASS [   2.929s] (631/785) crm-api::all db_today_feed_equivalence::call_feed_with_a_tags_clause_admits_and_excludes
        PASS [   2.912s] (632/785) crm-api::all db_today_feed_equivalence::feeds_call_feed_disabled_omits_call_items_and_reasons_re_enabling_restores_them
        PASS [   2.910s] (633/785) crm-api::all db_today_feed_equivalence::feeds_equals_legacy_across_two_tenants
        PASS [   2.933s] (634/785) crm-api::all db_today_feed_equivalence::caller_not_equal_to_assignee_across_two_viewers
        PASS [  10.832s] (635/785) crm-api::all db_today_builtin_parity::today_zero_sources_preserves_frozen_199_200_201_boundary_and_low_cutoff
        PASS [   5.935s] (636/785) crm-api::all db_today_feed_equivalence::dual_qualifying_people_beyond_the_201_cap_truncate_identically
        PASS [   3.201s] (637/785) crm-api::all db_today_feed_equivalence::fresh_boundary_at_exactly_a_customized_1_hour_window_is_normal_one_second_later_is_high
        PASS [   3.256s] (638/785) crm-api::all db_today_feed_equivalence::feeds_equals_legacy_with_a_list_source_enabled
        PASS [   3.216s] (639/785) crm-api::all db_today_feed_equivalence::reply_equal_to_the_latest_outbound_is_excluded
        PASS [   3.228s] (640/785) crm-api::all db_today_feed_equivalence::person_state_feed_with_a_tags_clause_admits_and_excludes
        PASS [   3.258s] (641/785) crm-api::all db_today_feed_equivalence::fresh_boundary_at_exactly_24_hours_is_normal_one_second_later_is_high
        PASS [   3.238s] (642/785) crm-api::all db_today_feed_equivalence::person_state_feed_client_replied_with_a_tags_clause_admits_and_excludes
        PASS [   3.358s] (643/785) crm-api::all db_today_feed_equivalence::feeds_equals_legacy_with_a_deactivated_caller
        PASS [   4.250s] (644/785) crm-api::all db_today_feed_equivalence::preview_of_the_call_feed_caps_at_200_with_truncated
        PASS [   3.246s] (645/785) crm-api::all db_today_feeds_http::a_body_over_128_kib_matches_the_existing_payload_too_large_mapping
        PASS [   3.139s] (646/785) crm-api::all db_today_feeds_http::feed_rule_violations_are_422_invalid_feed_rule
        PASS [   3.128s] (647/785) crm-api::all db_today_feeds_http::invalid_tag_reference_is_422_on_write_and_falls_back_on_read
        PASS [   3.130s] (648/785) crm-api::all db_today_feeds_http::member_get_returns_member_feed_shape
        PASS [   3.195s] (649/785) crm-api::all db_today_feeds_http::admin_get_returns_all_feed_keys_in_fixed_order
        PASS [   3.147s] (650/785) crm-api::all db_today_feeds_http::invalid_stage_reference_is_422_invalid_stage
        PASS [   3.157s] (651/785) crm-api::all db_today_feeds_http::filter_version_2_is_400
        PASS [   3.188s] (652/785) crm-api::all db_today_feeds_http::expected_revision_wire_type_and_range_violations_are_400
        PASS [   4.693s] (653/785) crm-api::all db_today_feeds_http::preview_with_an_unknown_subject_is_404
        PASS [   2.692s] (654/785) crm-api::all db_today_feeds_http::stale_revision_plus_invalid_stage_is_409_not_422
        PASS [   2.679s] (655/785) crm-api::all db_today_feeds_http::unknown_clause_kind_is_400
        PASS [   2.709s] (656/785) crm-api::all db_today_feeds_http::put_with_an_unknown_body_field_is_400
        PASS [   2.694s] (657/785) crm-api::all db_today_feeds_http::the_preview_envelope_is_subject_items_truncated_description
        PASS [   2.706s] (658/785) crm-api::all db_today_feeds_http::twenty_one_clauses_is_400
        PASS [   2.714s] (659/785) crm-api::all db_today_feeds_http::the_mutation_envelope_is_feed_and_changed
        PASS [   2.829s] (660/785) crm-api::all db_today_feeds_http::put_on_an_unknown_feed_key_with_a_valid_body_is_404
        PASS [   2.728s] (661/785) crm-api::all db_today_feeds_http::stale_revision_is_409_today_feed_conflict
        PASS [   3.449s] (662/785) crm-api::all db_today_source_acceptance::today_source_orders_list_only_people_by_never_contacted_last_contact_and_uuid
        PASS [   3.515s] (663/785) crm-api::all db_today_source_acceptance::today_source_reserves_builtin_capacity_at_199_200_and_201
        PASS [   3.665s] (664/785) crm-api::all db_today_source_acceptance::today_source_deduplicates_overlap_and_keeps_builtin_reasons_beyond_prefix
        PASS [   3.554s] (665/785) crm-api::all db_today_source_acceptance::today_source_evaluates_a_match_beyond_the_people_500_display_cap
        PASS [   3.549s] (666/785) crm-api::all db_today_source_acceptance::today_source_resolves_me_per_viewer_and_matches_other_and_unassigned_people
        PASS [   3.545s] (667/785) crm-api::all db_today_source_contracts::today_source_enable_http_rejects_a_deleted_tag_with_422_invalid_tag
        PASS [   3.562s] (668/785) crm-api::all db_today_source_contracts::today_source_enable_http_rejects_a_foreign_tag_id_with_422_invalid_tag
        PASS [   3.562s] (669/785) crm-api::all db_today_source_contracts::today_source_enable_http_rejects_noncanonical_or_non_strict_bodies_before_mutation
        PASS [   3.564s] (670/785) crm-api::all db_today_source_contracts::five_rollback_tombstones_are_invisible_and_leave_all_five_source_slots_available
        PASS [   3.092s] (671/785) crm-api::all db_today_source_contracts::today_source_path_precedence_is_malformed_before_authentication
        PASS [   3.131s] (672/785) crm-api::all db_today_source_failures::today_source_membership_lock_timeout_keeps_completed_source_and_reuses_owned_connection
        PASS [   3.163s] (673/785) crm-api::all db_today_source_deadlines::today_source_recovery_deadline_survives_a_malformed_tail_until_final_commit
        PASS [   3.139s] (674/785) crm-api::all db_today_source_filter_parity::derived_axis_parity_awaiting_response_client_replied_and_call_outcome
        PASS [   3.180s] (675/785) crm-api::all db_today_source_contracts::today_source_schema_enforces_composite_tenants_and_app_role_grants
        PASS [   3.142s] (676/785) crm-api::all db_today_source_failures::today_source_metadata_permission_failure_is_unavailable_and_owned_pool_recovers
        PASS [   3.281s] (677/785) crm-api::all db_today_source_contracts::today_source_membership_deactivation_retains_preferences_and_reactivation_restores_them
        PASS [   3.169s] (678/785) crm-api::all db_today_source_deadlines::today_source_uses_one_absolute_deadline_through_savepoint_membership_and_release
        PASS [   5.946s] (679/785) crm-api::all db_today_source_contracts::today_source_private_foreign_and_missing_ids_are_indistinguishable_to_members_and_admins
        PASS [   2.841s] (680/785) crm-api::all db_today_source_filter_parity::today_source_parity_covers_null_ages_corrections_and_captured_facts
        PASS [   2.966s] (681/785) crm-api::all db_today_source_filter_parity::tags_and_not_tags_source_parity
        PASS [   2.860s] (682/785) crm-api::all db_today_source_filter_parity::today_source_fixed_clock_age_boundaries_are_strict_and_not_within_is_inclusive
        PASS [   2.854s] (683/785) crm-api::all db_today_source_filter_parity::today_source_parity_uses_latest_source_ties_and_excludes_stale_or_absent_sources
        PASS [   2.861s] (684/785) crm-api::all db_today_source_hooks::today_source_after_builtins_gate_keeps_one_snapshot_across_list_and_contact_mutations
        PASS [   2.885s] (685/785) crm-api::all db_today_source_filter_parity::tags_source_admits_and_drops_on_tag_removal
        PASS [   2.883s] (686/785) crm-api::all db_today_source_filter_parity::today_source_parity_covers_every_v1_clause_kind_and_built_in_and_prefix_paths
        PASS [   2.887s] (687/785) crm-api::all db_today_source_filter_parity::today_source_parity_resolves_shared_me_and_unassigned_for_each_viewer
        PASS [   2.524s] (688/785) crm-api::all db_today_source_hooks::today_source_tag_deleted_before_enumeration_is_invalid_tag_issue
        PASS [   2.606s] (689/785) crm-api::all db_today_source_hooks::today_source_membership_checkpoint_sql_failure_discards_only_that_source
        PASS [   2.699s] (690/785) crm-api::all db_today_source_hooks::today_source_backend_termination_marks_current_and_remaining_sources_unavailable
        PASS [   2.590s] (691/785) crm-api::all db_today_source_operator::operator_parity_under_a_disabled_feed
        PASS [   2.597s] (692/785) crm-api::all db_today_source_operator::operator_parity_under_a_customized_feed_a
        PASS [   2.594s] (693/785) crm-api::all db_today_source_operator::today_source_operator_and_http_share_order_positions_and_list_only_card
        PASS [   2.609s] (694/785) crm-api::all db_today_source_operator::operator_parity_under_a_fallback_feed
        PASS [   2.643s] (695/785) crm-api::all db_today_source_hooks::today_source_tag_deleted_concurrently_is_invisible_under_repeatable_read
        PASS [   2.654s] (696/785) crm-api::all db_today_source_hooks::today_source_recovery_checkpoint_exhaustion_uses_cleanup_grace_and_discards_connection
        PASS [  24.087s] (697/785) crm-api::all db_today_feed_equivalence::person_state_and_call_only_counts_near_the_boundary_match_legacy
        PASS [   2.833s] (698/785) crm-api::all db_today_source_races::today_source_enable_checks_revision_before_idempotence_and_cap
        PASS [   2.816s] (699/785) crm-api::all db_today_source_settings::today_owned_query_restores_pool_settings_after_normal_partial_and_recovered_source_error
        PASS [   2.857s] (700/785) crm-api::all db_today_source_races::today_source_enable_delete_race_leaves_no_preference_or_discoverable_configuration
        PASS [   2.879s] (701/785) crm-api::all db_today_source_operator::today_source_operator_reports_bounded_absence_after_source_cap
        PASS [   2.835s] (702/785) crm-api::all db_today_source_telemetry::today_source_spans_record_safe_structured_fields_without_private_content
        PASS [   2.968s] (703/785) crm-api::all db_today_source_operator::today_source_operator_exposes_partial_empty_metadata_and_wraps_issue_name
        PASS [   2.857s] (704/785) crm-api::all db_today_source_settings::operator_turn_timeout_cancels_owned_today_query_and_replaces_its_connection
        PASS [   2.870s] (705/785) crm-api::all db_today_source_races::today_source_opposing_enable_disable_race_has_a_serialized_final_state
        PASS [   2.894s] (706/785) crm-api::all db_today_source_races::today_source_http_mutations_and_list_delete_publish_no_organization_event
        PASS [   3.169s] (707/785) crm-api::all db_today_sources::today_source_reports_invalid_tag_for_a_deleted_tag
        PASS [   3.220s] (708/785) crm-api::all db_today_sources::today_source_five_live_source_cap_holds_under_concurrent_enables
        PASS [   3.212s] (709/785) crm-api::all db_today_sources::today_source_only_person_keeps_nullable_fields_and_review_action
        PASS [   3.239s] (710/785) crm-api::all db_today_sources::today_source_commands_are_idempotent_and_disable_stored_invalid_source
        PASS [   3.201s] (711/785) crm-api::all db_today_system_feed_call_failures::call_feed_unrecoverable_failure_marks_the_response_unavailable_and_discards_the_connection
        PASS [   3.219s] (712/785) crm-api::all db_today_system_feed_call_failures::call_feed_failure_and_list_source_enumeration_failure_yields_unavailable_with_the_system_feed_issue_present
        PASS [   3.279s] (713/785) crm-api::all db_today_sources::sorted_list_and_its_unsorted_duplicate_produce_identical_today_bodies
        PASS [   3.259s] (714/785) crm-api::all db_today_sources::today_source_cap_excludes_stale_tombstones
        PASS [   3.306s] (715/785) crm-api::all db_today_sources::deleting_saved_list_removes_all_today_source_preferences
        PASS [   3.263s] (716/785) crm-api::all db_today_sources::today_sources_are_private_and_organization_scoped
        PASS [   2.759s] (717/785) crm-api::all db_today_system_feed_call_failures::set_local_settings_restore_after_a_successful_preview
        PASS [   2.783s] (718/785) crm-api::all db_today_system_feed_call_failures::set_local_settings_restore_after_call_only_failure
        PASS [   2.816s] (719/785) crm-api::all db_today_system_feed_call_failures::call_only_failure_is_partial_with_intact_person_state_and_list_sources
        PASS [   2.787s] (720/785) crm-api::all db_today_system_feed_commands::a_deterministic_update_revert_disable_sequence_writes_exactly_three_ordered_facts
        PASS [   2.854s] (721/785) crm-api::all db_today_system_feed_call_failures::call_membership_failure_is_partial_with_intact_person_state_and_list_sources
        PASS [   2.754s] (722/785) crm-api::all db_today_system_feed_commands::demoted_admin_loses_access_inside_the_command_transaction
        PASS [   2.809s] (723/785) crm-api::all db_today_system_feed_call_failures::set_local_settings_are_default_on_the_replacement_after_an_unrecoverable_failure
        PASS [   2.792s] (724/785) crm-api::all db_today_system_feed_commands::admin_of_organization_b_cannot_read_edit_preview_or_affect_organization_a
        PASS [   3.367s] (725/785) crm-api::all db_today_system_feed_call_failures::set_local_settings_restore_after_a_preview_timeout
        PASS [   4.867s] (726/785) crm-api::all db_today_system_feed_call_failures::preview_statement_timeout_is_unavailable_and_never_partial
        PASS [   2.211s] (727/785) crm-api::all db_today_system_feed_commands::member_is_forbidden_on_every_direct_command
        PASS [   2.209s] (728/785) crm-api::all db_today_system_feed_commands::revert_and_enabled_no_op_detection_and_facts
        PASS [   2.211s] (729/785) crm-api::all db_today_system_feed_commands::preview_returns_not_found_before_invalid_stage_on_an_inactive_subject
        PASS [   2.213s] (730/785) crm-api::all db_today_system_feed_commands::update_no_op_detection_canonical_collapse_and_one_fact_per_real_change
        PASS [   2.226s] (731/785) crm-api::all db_today_system_feed_commands::update_and_revert_racing_the_same_expected_revision_exactly_one_wins
        PASS [   2.223s] (732/785) crm-api::all db_today_system_feed_commands::update_returns_conflict_before_invalid_feed_rule_on_a_stale_revision
        PASS [   2.266s] (733/785) crm-api::all db_today_system_feed_commands::feed_rule_violations_are_rejected_before_any_write
        PASS [   2.239s] (734/785) crm-api::all db_today_system_feed_commands::preview_subject_inactive_is_not_found
        PASS [   2.151s] (735/785) crm-api::all db_today_system_feed_evaluation::a_person_in_both_feeds_shifts_to_inquiry_reasons_when_feed_b_is_disabled
        PASS [   2.551s] (736/785) crm-api::all db_today_system_feed_evaluation::a_stored_feed_referencing_a_deleted_stage_falls_back_to_canonical_in_evaluation
        PASS [   2.393s] (737/785) crm-api::all db_today_system_feed_evaluation::customized_feed_a_with_a_stage_clause_and_extra_assignee_matches_the_narrower_set
        PASS [   2.418s] (738/785) crm-api::all db_today_system_feed_evaluation::an_unassigned_person_matching_only_the_customized_feed_does_not_503_feed_b
        PASS [   2.408s] (739/785) crm-api::all db_today_system_feed_evaluation::customized_freshness_windows_1_hour_and_8760_hours_change_the_fresh_boundary
        PASS [   2.431s] (740/785) crm-api::all db_today_system_feed_evaluation::call_feed_customized_with_assigned_to_me_narrows_evaluation_to_assigned_persons
        PASS [   2.445s] (741/785) crm-api::all db_today_system_feed_evaluation::call_feed_customized_last_contact_window_honors_the_bound_clock_not_real_now
        PASS [   2.435s] (742/785) crm-api::all db_today_system_feed_evaluation::call_feed_customized_with_a_stage_clause_narrows_evaluation_to_that_stage
        PASS [   2.455s] (743/785) crm-api::all db_today_system_feed_evaluation::an_unassigned_person_matching_only_the_customized_feed_does_not_503_feed_a
        PASS [   1.950s] (744/785) crm-api::all db_today_system_feed_evaluation::revoking_select_on_today_system_feed_is_a_query_error_and_a_503
        PASS [   2.467s] (745/785) crm-api::all db_today_system_feed_evaluation::a_stored_feed_with_unsupported_json_falls_back_to_canonical_in_evaluation
        PASS [   2.017s] (746/785) crm-api::all db_today_system_feed_preview::preview_missing_subject_precedes_invalid_custom_reference
        PASS [   2.067s] (747/785) crm-api::all db_today_system_feed_preview::preview_equals_todays_contribution_for_the_subject_with_the_other_feed_disabled
        PASS [   2.109s] (748/785) crm-api::all db_today_system_feed_preview::dual_membership_admin_of_b_cannot_reach_organization_a_through_preview
        PASS [   2.051s] (749/785) crm-api::all db_today_system_feed_preview::preview_resolves_custom_field_labels
        PASS [   2.049s] (750/785) crm-api::all db_today_system_feed_preview::stale_resend_is_conflict_and_deleted_feed_rows_resolve_as_defaults
        PASS [   2.071s] (751/785) crm-api::all db_today_system_feed_preview::preview_of_a_call_feed_customized_with_a_stage_clause_narrows_the_candidates
        PASS [   2.114s] (752/785) crm-api::all db_today_system_feed_preview::feed_b_narrowed_by_a_stage_clause_shifts_a_dual_person_to_inquiry_reasons
        PASS [   2.083s] (753/785) crm-api::all db_today_system_feed_preview::preview_of_a_call_feed_customized_with_assigned_to_me_narrows_the_candidates
        PASS [   2.126s] (754/785) crm-api::all db_today_system_feed_preview::preview_caps_at_200_with_truncated
        PASS [   2.086s] (755/785) crm-api::all db_today_system_feed_preview::today_feed_command_and_preview_spans_never_carry_the_definition_or_subject_items
        PASS [   2.789s] (756/785) crm-api::all db_today_system_feeds::backfill_statement_inserts_three_null_rows_per_organization_and_is_idempotent
        PASS [   2.773s] (757/785) crm-api::all db_today_system_feeds::is_default_true_for_seeded_rows_false_for_a_valid_custom_definition
        PASS [   2.765s] (758/785) crm-api::all db_today_task_axis::boundary_instants_classify_due_overdue_and_admit_within_24h_window
        PASS [   2.792s] (759/785) crm-api::all db_today_system_feeds::seed_on_create_inserts_exactly_three_default_enabled_rows
        PASS [   2.787s] (760/785) crm-api::all db_today_system_feeds::today_system_feed_check_constraints
        PASS [   2.807s] (761/785) crm-api::all db_today_system_feeds::missing_row_resolves_as_canonical_enabled
        PASS [   2.779s] (762/785) crm-api::all db_today_task_axis::exactly_200_builtins_admits_no_task_only_row_but_reports_truncated
        PASS [   2.790s] (763/785) crm-api::all db_today_task_axis::earliest_task_is_chosen_per_viewer_among_their_own_tasks_only
        PASS [   2.836s] (764/785) crm-api::all db_today_system_feeds::invalid_stage_reference_falls_back_to_canonical
        PASS [   2.806s] (765/785) crm-api::all db_today_task_axis::completed_tombstoned_other_member_and_other_org_tasks_are_excluded_with_positive_controls
        PASS [   3.708s] (766/785) crm-api::all db_today_task_axis::task_only_item_matching_a_list_source_reads_list_member_then_task_reason
        PASS [   3.765s] (767/785) crm-api::all db_today_task_axis::low_outcome_needed_item_is_never_raised_by_an_overdue_task
        PASS [   3.690s] (768/785) crm-api::all db_today_task_axis::task_only_items_sharing_due_at_are_ordered_by_ascending_person_id
        PASS [   3.765s] (769/785) crm-api::all db_today_task_axis::retained_normal_item_with_overdue_task_is_raised_and_ordered_after_fresh_high_before_task_only
        PASS [   3.767s] (770/785) crm-api::all db_today_task_axis::same_user_assignee_in_two_organizations_never_leaks_across_the_boundary
        PASS [   3.752s] (771/785) crm-api::all db_today_task_axis::task_only_item_has_null_latest_inquiry_and_waiting_since_and_action_follows_kind
        PASS [   3.738s] (772/785) crm-api::all db_today_task_axis::task_only_item_on_a_person_with_an_answered_inquiry_carries_the_real_inquiry_ref
        PASS [   3.734s] (773/785) crm-api::all db_today_task_axis::task_only_prefix_admits_up_to_k_and_sets_truncated_on_the_extra_row
        PASS [   3.773s] (774/785) crm-api::all db_today_task_axis::task_only_item_exactly_fills_the_cap_without_truncation
        PASS [   3.734s] (775/785) crm-api::all db_today_task_axis::truncated_person_state_statement_skips_the_task_only_prefix_entirely
        PASS [   2.295s] (776/785) crm-api::all db_today_task_axis_failures::call_feed_and_axis_both_failing_yield_two_issues_and_recover
        PASS [   2.274s] (777/785) crm-api::all db_today_task_axis_failures::task_axis_real_statement_timeout_cancellation_is_partial_and_recovers
        PASS [   2.292s] (778/785) crm-api::all db_today_task_axis_failures::failure_before_release_is_all_or_nothing_partial
        PASS [   2.297s] (779/785) crm-api::all db_today_task_axis_failures::failure_after_membership_is_all_or_nothing_partial
        PASS [   2.343s] (780/785) crm-api::all db_today_task_axis::zero_task_organization_today_is_unaffected_for_admin_and_member
        PASS [   2.291s] (781/785) crm-api::all db_today_task_axis_failures::unrecoverable_call_feed_returns_before_the_axis_runs
        PASS [   2.331s] (782/785) crm-api::all db_today_task_axis_failures::exhausted_recovery_budget_marks_the_whole_response_unavailable
        PASS [   2.314s] (783/785) crm-api::all db_today_task_axis_failures::failure_after_savepoint_is_all_or_nothing_partial
        PASS [   2.308s] (784/785) crm-api::all db_today_task_axis_failures::set_local_settings_restore_after_a_recovered_task_axis_failure
        PASS [   2.360s] (785/785) crm-api::all db_today_task_axis_failures::axis_completes_within_its_own_budget_after_a_slow_call_feed
────────────
     Summary [ 274.785s] 785 tests run: 785 passed, 831 skipped
==> [292s]
==> all checks passed [total 320s]
