2026-09-12T17:45:26.782320Z  INFO crm_api::telemetry: telemetry initialized service.name=crm-api
Synthetic-only QA API listening on 127.0.0.1:13010; database crm_010d1_qa
2026-09-12T17:45:34.745732Z  INFO request{method=GET uri=/api/me version=HTTP/1.1}: tower_http::trace::on_request: started processing request
2026-09-12T17:45:34.760411Z  INFO request{method=GET uri=/api/me version=HTTP/1.1}: tower_http::trace::on_response: finished processing request latency=14 ms status=200
2026-09-12T17:45:34.765431Z  INFO request{method=GET uri=/api/me version=HTTP/1.1}: tower_http::trace::on_request: started processing request
2026-09-12T17:45:34.773530Z  INFO request{method=GET uri=/api/me version=HTTP/1.1}: tower_http::trace::on_response: finished processing request latency=8 ms status=200
2026-09-12T17:45:34.806895Z  INFO request{method=GET uri=/api/migrations/fub/ version=HTTP/1.1}: tower_http::trace::on_request: started processing request
2026-09-12T17:45:34.807875Z  INFO request{method=GET uri=/api/migrations/fub/imports version=HTTP/1.1}: tower_http::trace::on_request: started processing request
2026-09-12T17:45:34.808373Z  INFO request{method=GET uri=/api/migrations/fub/imports version=HTTP/1.1}: tower_http::trace::on_request: started processing request
2026-09-12T17:45:34.808913Z  INFO request{method=GET uri=/api/migrations/fub/snapshots version=HTTP/1.1}: tower_http::trace::on_request: started processing request
2026-09-12T17:45:34.809462Z  INFO request{method=GET uri=/api/migrations/fub/imports version=HTTP/1.1}: tower_http::trace::on_request: started processing request
2026-09-12T17:45:34.810031Z  INFO request{method=GET uri=/api/migrations/fub/snapshots version=HTTP/1.1}: tower_http::trace::on_request: started processing request
2026-09-12T17:45:34.918084Z  INFO request{method=GET uri=/api/migrations/fub/ version=HTTP/1.1}: tower_http::trace::on_response: finished processing request latency=111 ms status=200
2026-09-12T17:45:34.919540Z  INFO request{method=GET uri=/api/migrations/fub/imports version=HTTP/1.1}: tower_http::trace::on_response: finished processing request latency=111 ms status=200
2026-09-12T17:45:34.922129Z  INFO request{method=GET uri=/api/migrations/fub/imports version=HTTP/1.1}: tower_http::trace::on_request: started processing request
2026-09-12T17:45:34.959236Z  INFO request{method=GET uri=/api/me version=HTTP/1.1}: tower_http::trace::on_request: started processing request
2026-09-12T17:45:34.961050Z  INFO request{method=GET uri=/api/me version=HTTP/1.1}: tower_http::trace::on_response: finished processing request latency=1 ms status=200
2026-09-12T17:45:35.010810Z  INFO request{method=GET uri=/api/migrations/fub/ version=HTTP/1.1}: tower_http::trace::on_request: started processing request
2026-09-12T17:45:35.011182Z  INFO request{method=GET uri=/api/migrations/fub/imports version=HTTP/1.1}: tower_http::trace::on_request: started processing request
2026-09-12T17:45:35.011683Z  INFO request{method=GET uri=/api/migrations/fub/snapshots version=HTTP/1.1}: tower_http::trace::on_request: started processing request
2026-09-12T17:45:35.012130Z  INFO request{method=GET uri=/api/migrations/fub/imports version=HTTP/1.1}: tower_http::trace::on_request: started processing request
2026-09-12T17:45:35.012573Z  INFO request{method=GET uri=/api/migrations/fub/imports version=HTTP/1.1}: tower_http::trace::on_request: started processing request
2026-09-12T17:45:35.013088Z  INFO request{method=GET uri=/api/migrations/fub/snapshots version=HTTP/1.1}: tower_http::trace::on_request: started processing request
2026-09-12T17:45:35.031257Z  WARN request{method=GET uri=/api/migrations/fub/imports version=HTTP/1.1}: sqlx::postgres::notice: there is already a transaction in progress
2026-09-12T17:45:35.081384Z  INFO request{method=GET uri=/api/migrations/fub/snapshots version=HTTP/1.1}: tower_http::trace::on_response: finished processing request latency=68 ms status=200
2026-09-12T17:45:35.084846Z  INFO request{method=GET uri=/api/migrations/fub/imports version=HTTP/1.1}: tower_http::trace::on_request: started processing request
2026-09-12T17:45:35.085580Z  INFO request{method=GET uri=/api/migrations/fub/snapshots version=HTTP/1.1}: tower_http::trace::on_response: finished processing request latency=73 ms status=200
2026-09-12T17:45:35.086240Z  INFO request{method=GET uri=/api/migrations/fub/ version=HTTP/1.1}: tower_http::trace::on_response: finished processing request latency=75 ms status=200
2026-09-12T17:45:35.089003Z  INFO request{method=GET uri=/api/migrations/fub/imports version=HTTP/1.1}: tower_http::trace::on_response: finished processing request latency=76 ms status=200
2026-09-12T17:45:35.089439Z  INFO request{method=GET uri=/api/me version=HTTP/1.1}: tower_http::trace::on_request: started processing request
2026-09-12T17:45:35.091568Z  INFO request{method=GET uri=/api/migrations/fub/snapshots/b8eba334-9411-45a1-a983-3ca663b6651e version=HTTP/1.1}: tower_http::trace::on_request: started processing request
2026-09-12T17:45:35.093720Z  INFO request{method=GET uri=/api/me version=HTTP/1.1}: tower_http::trace::on_response: finished processing request latency=4 ms status=200
2026-09-12T17:45:35.094802Z  INFO request{method=GET uri=/api/migrations/fub/snapshots/b8eba334-9411-45a1-a983-3ca663b6651e version=HTTP/1.1}: tower_http::trace::on_request: started processing request
2026-09-12T17:45:35.097687Z  INFO request{method=GET uri=/api/migrations/fub/imports/9d4a6a4e-28ec-4ccd-9ed0-393a297284dd version=HTTP/1.1}: tower_http::trace::on_request: started processing request
2026-09-12T17:45:35.103215Z  INFO request{method=GET uri=/api/migrations/fub/imports version=HTTP/1.1}: tower_http::trace::on_response: finished processing request latency=91 ms status=200
2026-09-12T17:45:35.109466Z  INFO request{method=GET uri=/api/migrations/fub/activity-imports version=HTTP/1.1}: tower_http::trace::on_request: started processing request
2026-09-12T17:45:35.111164Z  INFO request{method=GET uri=/api/migrations/fub/snapshots/b8eba334-9411-45a1-a983-3ca663b6651e version=HTTP/1.1}: tower_http::trace::on_response: finished processing request latency=19 ms status=200
2026-09-12T17:45:35.138905Z  INFO request{method=GET uri=/api/me version=HTTP/1.1}: tower_http::trace::on_request: started processing request
2026-09-12T17:45:35.140459Z  INFO request{method=GET uri=/api/me version=HTTP/1.1}: tower_http::trace::on_response: finished processing request latency=1 ms status=200
2026-09-12T17:45:35.172118Z  INFO request{method=GET uri=/api/migrations/fub/ version=HTTP/1.1}: tower_http::trace::on_request: started processing request
2026-09-12T17:45:35.172581Z  INFO request{method=GET uri=/api/migrations/fub/imports version=HTTP/1.1}: tower_http::trace::on_request: started processing request
2026-09-12T17:45:35.175846Z  INFO request{method=GET uri=/api/migrations/fub/snapshots version=HTTP/1.1}: tower_http::trace::on_request: started processing request
2026-09-12T17:45:35.176796Z  INFO request{method=GET uri=/api/migrations/fub/imports version=HTTP/1.1}: tower_http::trace::on_request: started processing request
2026-09-12T17:45:35.176835Z  INFO request{method=GET uri=/api/migrations/fub/snapshots version=HTTP/1.1}: tower_http::trace::on_request: started processing request
2026-09-12T17:45:35.177274Z  INFO request{method=GET uri=/api/migrations/fub/imports version=HTTP/1.1}: tower_http::trace::on_request: started processing request
2026-09-12T17:45:35.192834Z  INFO request{method=GET uri=/api/migrations/fub/snapshots version=HTTP/1.1}: tower_http::trace::on_response: finished processing request latency=17 ms status=200
2026-09-12T17:45:35.197959Z  INFO request{method=GET uri=/api/migrations/fub/imports version=HTTP/1.1}: tower_http::trace::on_response: finished processing request latency=25 ms status=200
2026-09-12T17:45:35.197988Z  INFO request{method=GET uri=/api/migrations/fub/imports version=HTTP/1.1}: tower_http::trace::on_request: started processing request
2026-09-12T17:45:35.201928Z  INFO request{method=GET uri=/api/migrations/fub/snapshots/b8eba334-9411-45a1-a983-3ca663b6651e version=HTTP/1.1}: tower_http::trace::on_request: started processing request
2026-09-12T17:45:35.207674Z  INFO request{method=GET uri=/api/migrations/fub/imports version=HTTP/1.1}: tower_http::trace::on_response: finished processing request latency=30 ms status=200
2026-09-12T17:45:35.210377Z  INFO request{method=GET uri=/api/migrations/fub/snapshots version=HTTP/1.1}: tower_http::trace::on_response: finished processing request latency=33 ms status=200
2026-09-12T17:45:35.213401Z  INFO request{method=GET uri=/api/migrations/fub/imports/9d4a6a4e-28ec-4ccd-9ed0-393a297284dd version=HTTP/1.1}: tower_http::trace::on_request: started processing request
2026-09-12T17:45:35.217964Z  INFO request{method=GET uri=/api/migrations/fub/imports version=HTTP/1.1}: tower_http::trace::on_response: finished processing request latency=41 ms status=200
2026-09-12T17:45:35.220031Z  INFO request{method=GET uri=/api/migrations/fub/imports/9d4a6a4e-28ec-4ccd-9ed0-393a297284dd version=HTTP/1.1}: tower_http::trace::on_request: started processing request
2026-09-12T17:45:35.222189Z  INFO request{method=GET uri=/api/migrations/fub/activity-imports version=HTTP/1.1}: tower_http::trace::on_request: started processing request
2026-09-12T17:45:35.227396Z  INFO request{method=GET uri=/api/migrations/fub/ version=HTTP/1.1}: tower_http::trace::on_response: finished processing request latency=55 ms status=200
2026-09-12T17:45:35.230286Z  INFO request{method=GET uri=/api/migrations/fub/snapshots/b8eba334-9411-45a1-a983-3ca663b6651e version=HTTP/1.1}: tower_http::trace::on_request: started processing request
2026-09-12T17:45:35.230867Z  INFO request{method=GET uri=/api/migrations/fub/snapshots/b8eba334-9411-45a1-a983-3ca663b6651e version=HTTP/1.1}: tower_http::trace::on_response: finished processing request latency=28 ms status=200
2026-09-12T17:45:35.232995Z  INFO request{method=GET uri=/api/migrations/fub/imports version=HTTP/1.1}: tower_http::trace::on_response: finished processing request latency=35 ms status=200
2026-09-12T17:45:35.234050Z  INFO request{method=GET uri=/api/migrations/fub/imports/9d4a6a4e-28ec-4ccd-9ed0-393a297284dd version=HTTP/1.1}: tower_http::trace::on_request: started processing request
2026-09-12T17:45:35.236310Z  INFO request{method=GET uri=/api/migrations/fub/imports/9d4a6a4e-28ec-4ccd-9ed0-393a297284dd version=HTTP/1.1}: tower_http::trace::on_response: finished processing request latency=22 ms status=200
2026-09-12T17:45:35.236363Z  INFO request{method=GET uri=/api/migrations/fub/metadata-imports version=HTTP/1.1}: tower_http::trace::on_request: started processing request
2026-09-12T17:45:35.239904Z  INFO request{method=GET uri=/api/migrations/fub/snapshots/b8eba334-9411-45a1-a983-3ca663b6651e/previews/d881beef-bcf5-4fe4-a5bd-946d7778b035 version=HTTP/1.1}: tower_http::trace::on_request: started processing request
2026-09-12T17:45:35.242000Z  INFO request{method=GET uri=/api/migrations/fub/imports/9d4a6a4e-28ec-4ccd-9ed0-393a297284dd version=HTTP/1.1}: tower_http::trace::on_response: finished processing request latency=21 ms status=200
2026-09-12T17:45:35.244641Z  INFO request{method=GET uri=/api/migrations/fub/activity-imports version=HTTP/1.1}: tower_http::trace::on_response: finished processing request latency=22 ms status=200
2026-09-12T17:45:35.244775Z  INFO request{method=GET uri=/api/migrations/fub/imports/9d4a6a4e-28ec-4ccd-9ed0-393a297284dd version=HTTP/1.1}: tower_http::trace::on_request: started processing request
2026-09-12T17:45:35.247720Z  INFO request{method=GET uri=/api/migrations/fub/history-captures version=HTTP/1.1}: tower_http::trace::on_request: started processing request
2026-09-12T17:45:35.249274Z  INFO request{method=GET uri=/api/migrations/fub/snapshots/b8eba334-9411-45a1-a983-3ca663b6651e version=HTTP/1.1}: tower_http::trace::on_response: finished processing request latency=19 ms status=200
2026-09-12T17:45:35.255283Z  INFO request{method=GET uri=/api/migrations/fub/metadata-imports version=HTTP/1.1}: tower_http::trace::on_response: finished processing request latency=18 ms status=200
2026-09-12T17:45:35.255882Z  INFO request{method=GET uri=/api/migrations/fub/snapshots/b8eba334-9411-45a1-a983-3ca663b6651e version=HTTP/1.1}: tower_http::trace::on_request: started processing request
2026-09-12T17:45:35.258521Z  INFO request{method=GET uri=/api/migrations/fub/imports/9d4a6a4e-28ec-4ccd-9ed0-393a297284dd version=HTTP/1.1}: tower_http::trace::on_response: finished processing request latency=24 ms status=200
2026-09-12T17:45:35.259914Z  INFO request{method=GET uri=/api/migrations/fub/imports/9d4a6a4e-28ec-4ccd-9ed0-393a297284dd/plans/3fab4439-5389-4366-bf9c-c83283e05967/mappings version=HTTP/1.1}: tower_http::trace::on_request: started processing request
2026-09-12T17:45:35.261036Z  INFO request{method=GET uri=/api/migrations/fub/imports/9d4a6a4e-28ec-4ccd-9ed0-393a297284dd/results version=HTTP/1.1}: tower_http::trace::on_request: started processing request
2026-09-12T17:45:35.264366Z  INFO request{method=GET uri=/api/migrations/fub/snapshots/b8eba334-9411-45a1-a983-3ca663b6651e/previews/d881beef-bcf5-4fe4-a5bd-946d7778b035 version=HTTP/1.1}: tower_http::trace::on_response: finished processing request latency=24 ms status=200
2026-09-12T17:45:35.266145Z  INFO request{method=GET uri=/api/migrations/fub/imports/9d4a6a4e-28ec-4ccd-9ed0-393a297284dd version=HTTP/1.1}: tower_http::trace::on_response: finished processing request latency=21 ms status=200
2026-09-12T17:45:35.268823Z  INFO request{method=GET uri=/api/migrations/fub/snapshots/b8eba334-9411-45a1-a983-3ca663b6651e version=HTTP/1.1}: tower_http::trace::on_request: started processing request
2026-09-12T17:45:35.271572Z  INFO request{method=GET uri=/api/migrations/fub/snapshots/b8eba334-9411-45a1-a983-3ca663b6651e/previews/d881beef-bcf5-4fe4-a5bd-946d7778b035 version=HTTP/1.1}: tower_http::trace::on_request: started processing request
2026-09-12T17:45:35.272832Z  INFO request{method=GET uri=/api/migrations/fub/snapshots/b8eba334-9411-45a1-a983-3ca663b6651e version=HTTP/1.1}: tower_http::trace::on_response: finished processing request latency=16 ms status=200
2026-09-12T17:45:35.276586Z  INFO request{method=GET uri=/api/migrations/fub/snapshots/b8eba334-9411-45a1-a983-3ca663b6651e version=HTTP/1.1}: tower_http::trace::on_request: started processing request
2026-09-12T17:45:35.277069Z  INFO request{method=GET uri=/api/migrations/fub/history-captures version=HTTP/1.1}: tower_http::trace::on_response: finished processing request latency=29 ms status=200
2026-09-12T17:45:35.279334Z  INFO request{method=GET uri=/api/migrations/fub/imports/9d4a6a4e-28ec-4ccd-9ed0-393a297284dd/plans/3fab4439-5389-4366-bf9c-c83283e05967/mappings version=HTTP/1.1}: tower_http::trace::on_response: finished processing request latency=19 ms status=200
2026-09-12T17:45:35.282011Z  INFO request{method=GET uri=/api/migrations/fub/snapshots/b8eba334-9411-45a1-a983-3ca663b6651e version=HTTP/1.1}: tower_http::trace::on_response: finished processing request latency=13 ms status=200
2026-09-12T17:45:35.284143Z  INFO request{method=GET uri=/api/migrations/fub/history-captures/a57f6d08-7e4d-4088-adae-ab9b7b11076c version=HTTP/1.1}: tower_http::trace::on_request: started processing request
2026-09-12T17:45:35.287272Z  INFO request{method=GET uri=/api/migrations/fub/imports/9d4a6a4e-28ec-4ccd-9ed0-393a297284dd/results version=HTTP/1.1}: tower_http::trace::on_response: finished processing request latency=26 ms status=200
2026-09-12T17:45:35.290012Z  INFO request{method=GET uri=/api/migrations/fub/snapshots/b8eba334-9411-45a1-a983-3ca663b6651e/previews/d881beef-bcf5-4fe4-a5bd-946d7778b035 version=HTTP/1.1}: tower_http::trace::on_response: finished processing request latency=18 ms status=200
2026-09-12T17:45:35.291535Z  INFO request{method=GET uri=/api/migrations/fub/snapshots/b8eba334-9411-45a1-a983-3ca663b6651e version=HTTP/1.1}: tower_http::trace::on_response: finished processing request latency=14 ms status=200
2026-09-12T17:45:35.297934Z  INFO request{method=GET uri=/api/migrations/fub/history-captures/a57f6d08-7e4d-4088-adae-ab9b7b11076c version=HTTP/1.1}: tower_http::trace::on_response: finished processing request latency=13 ms status=200
2026-09-12T17:45:35.302253Z  INFO request{method=GET uri=/api/migrations/fub/snapshots/b8eba334-9411-45a1-a983-3ca663b6651e/previews/d881beef-bcf5-4fe4-a5bd-946d7778b035/records version=HTTP/1.1}: tower_http::trace::on_request: started processing request
2026-09-12T17:45:35.309979Z  INFO request{method=GET uri=/api/migrations/fub/history-captures/a57f6d08-7e4d-4088-adae-ab9b7b11076c/records version=HTTP/1.1}: tower_http::trace::on_request: started processing request
2026-09-12T17:45:35.310422Z  INFO request{method=GET uri=/api/migrations/fub/snapshots/b8eba334-9411-45a1-a983-3ca663b6651e/previews/d881beef-bcf5-4fe4-a5bd-946d7778b035/records version=HTTP/1.1}: tower_http::trace::on_response: finished processing request latency=8 ms status=200
2026-09-12T17:45:35.318641Z  INFO request{method=GET uri=/api/migrations/fub/history-captures/a57f6d08-7e4d-4088-adae-ab9b7b11076c/records version=HTTP/1.1}: tower_http::trace::on_response: finished processing request latency=8 ms status=200
2026-09-12T17:45:35.669534Z  INFO request{method=GET uri=/api/migrations/fub/history-captures/a57f6d08-7e4d-4088-adae-ab9b7b11076c version=HTTP/1.1}: tower_http::trace::on_request: started processing request
2026-09-12T17:45:35.700844Z  INFO request{method=GET uri=/api/migrations/fub/history-captures/a57f6d08-7e4d-4088-adae-ab9b7b11076c version=HTTP/1.1}: tower_http::trace::on_response: finished processing request latency=31 ms status=200
2026-09-12T17:45:36.192167Z  INFO request{method=POST uri=/api/migrations/fub/history-captures/a57f6d08-7e4d-4088-adae-ab9b7b11076c/budget version=HTTP/1.1}: tower_http::trace::on_request: started processing request
2026-09-12T17:45:36.233066Z  INFO request{method=POST uri=/api/migrations/fub/history-captures/a57f6d08-7e4d-4088-adae-ab9b7b11076c/budget version=HTTP/1.1}: tower_http::trace::on_response: finished processing request latency=40 ms status=200
2026-09-12T17:45:36.241152Z  INFO request{method=GET uri=/api/migrations/fub/imports version=HTTP/1.1}: tower_http::trace::on_request: started processing request
2026-09-12T17:45:36.241539Z  INFO request{method=GET uri=/api/migrations/fub/imports/9d4a6a4e-28ec-4ccd-9ed0-393a297284dd version=HTTP/1.1}: tower_http::trace::on_request: started processing request
2026-09-12T17:45:36.242025Z  INFO request{method=GET uri=/api/migrations/fub/history-captures version=HTTP/1.1}: tower_http::trace::on_request: started processing request
2026-09-12T17:45:36.242473Z  INFO request{method=GET uri=/api/migrations/fub/history-captures/a57f6d08-7e4d-4088-adae-ab9b7b11076c version=HTTP/1.1}: tower_http::trace::on_request: started processing request
2026-09-12T17:45:36.242972Z  INFO request{method=GET uri=/api/migrations/fub/history-captures/a57f6d08-7e4d-4088-adae-ab9b7b11076c version=HTTP/1.1}: tower_http::trace::on_request: started processing request
2026-09-12T17:45:36.256402Z  INFO request{method=GET uri=/api/migrations/fub/history-captures/a57f6d08-7e4d-4088-adae-ab9b7b11076c version=HTTP/1.1}: tower_http::trace::on_response: finished processing request latency=13 ms status=200
2026-09-12T17:45:36.263667Z  INFO request{method=GET uri=/api/migrations/fub/history-captures version=HTTP/1.1}: tower_http::trace::on_response: finished processing request latency=21 ms status=200
2026-09-12T17:45:36.266867Z  INFO request{method=GET uri=/api/migrations/fub/imports version=HTTP/1.1}: tower_http::trace::on_response: finished processing request latency=25 ms status=200
2026-09-12T17:45:36.269784Z  INFO request{method=GET uri=/api/migrations/fub/imports/9d4a6a4e-28ec-4ccd-9ed0-393a297284dd version=HTTP/1.1}: tower_http::trace::on_response: finished processing request latency=28 ms status=200
2026-09-12T17:45:36.276466Z  INFO request{method=GET uri=/api/migrations/fub/history-captures/a57f6d08-7e4d-4088-adae-ab9b7b11076c version=HTTP/1.1}: tower_http::trace::on_response: finished processing request latency=33 ms status=200
2026-09-12T17:45:36.510928Z  INFO request{method=POST uri=/api/migrations/fub/history-captures/a57f6d08-7e4d-4088-adae-ab9b7b11076c/retry version=HTTP/1.1}: tower_http::trace::on_request: started processing request
2026-09-12T17:45:36.553181Z  INFO request{method=POST uri=/api/migrations/fub/history-captures/a57f6d08-7e4d-4088-adae-ab9b7b11076c/retry version=HTTP/1.1}: tower_http::trace::on_response: finished processing request latency=42 ms status=202
2026-09-12T17:45:36.560628Z  INFO request{method=GET uri=/api/migrations/fub/imports version=HTTP/1.1}: tower_http::trace::on_request: started processing request
2026-09-12T17:45:36.561246Z  INFO request{method=GET uri=/api/migrations/fub/imports/9d4a6a4e-28ec-4ccd-9ed0-393a297284dd version=HTTP/1.1}: tower_http::trace::on_request: started processing request
2026-09-12T17:45:36.561810Z  INFO request{method=GET uri=/api/migrations/fub/history-captures version=HTTP/1.1}: tower_http::trace::on_request: started processing request
2026-09-12T17:45:36.562386Z  INFO request{method=GET uri=/api/migrations/fub/history-captures/a57f6d08-7e4d-4088-adae-ab9b7b11076c version=HTTP/1.1}: tower_http::trace::on_request: started processing request
2026-09-12T17:45:36.562996Z  INFO request{method=GET uri=/api/migrations/fub/history-captures/a57f6d08-7e4d-4088-adae-ab9b7b11076c version=HTTP/1.1}: tower_http::trace::on_request: started processing request
2026-09-12T17:45:36.577725Z  INFO request{method=GET uri=/api/migrations/fub/history-captures version=HTTP/1.1}: tower_http::trace::on_response: finished processing request latency=15 ms status=200
2026-09-12T17:45:36.582906Z  INFO request{method=GET uri=/api/migrations/fub/imports version=HTTP/1.1}: tower_http::trace::on_response: finished processing request latency=22 ms status=200
2026-09-12T17:45:36.585596Z  INFO request{method=GET uri=/api/migrations/fub/imports/9d4a6a4e-28ec-4ccd-9ed0-393a297284dd version=HTTP/1.1}: tower_http::trace::on_response: finished processing request latency=24 ms status=200
2026-09-12T17:45:36.593771Z  INFO request{method=GET uri=/api/migrations/fub/history-captures/a57f6d08-7e4d-4088-adae-ab9b7b11076c version=HTTP/1.1}: tower_http::trace::on_response: finished processing request latency=31 ms status=200
2026-09-12T17:45:36.596265Z  INFO request{method=GET uri=/api/migrations/fub/history-captures/a57f6d08-7e4d-4088-adae-ab9b7b11076c version=HTTP/1.1}: tower_http::trace::on_response: finished processing request latency=33 ms status=200
2026-09-12T17:45:36.605518Z  INFO request{method=GET uri=/api/migrations/fub/history-captures/a57f6d08-7e4d-4088-adae-ab9b7b11076c version=HTTP/1.1}: tower_http::trace::on_request: started processing request
2026-09-12T17:45:36.624032Z  INFO request{method=GET uri=/api/migrations/fub/history-captures/a57f6d08-7e4d-4088-adae-ab9b7b11076c version=HTTP/1.1}: tower_http::trace::on_response: finished processing request latency=18 ms status=200
2026-09-12T17:45:37.084010Z  INFO request{method=GET uri=/api/migrations/fub/history-captures/a57f6d08-7e4d-4088-adae-ab9b7b11076c version=HTTP/1.1}: tower_http::trace::on_request: started processing request
2026-09-12T17:45:37.108596Z  INFO request{method=GET uri=/api/migrations/fub/history-captures/a57f6d08-7e4d-4088-adae-ab9b7b11076c version=HTTP/1.1}: tower_http::trace::on_response: finished processing request latency=24 ms status=200
2026-09-12T17:45:37.234503Z  INFO settle{organization_id=be9b2fbe-9c14-41b9-a87b-256eb2ef7210 run_id=a57f6d08-7e4d-4088-adae-ab9b7b11076c}: crm_app::domain::migration::history_capture_worker: history capture settled raw_bytes=100 retained_bytes=195 outcome="accepted"
2026-09-12T17:45:37.517878Z  INFO settle{organization_id=be9b2fbe-9c14-41b9-a87b-256eb2ef7210 run_id=a57f6d08-7e4d-4088-adae-ab9b7b11076c}: crm_app::domain::migration::history_capture_worker: history capture settled raw_bytes=40965 retained_bytes=98982 outcome="accepted"
2026-09-12T17:45:37.566573Z  INFO request{method=GET uri=/api/migrations/fub/history-captures/a57f6d08-7e4d-4088-adae-ab9b7b11076c version=HTTP/1.1}: tower_http::trace::on_request: started processing request
2026-09-12T17:45:37.765296Z  INFO settle{organization_id=be9b2fbe-9c14-41b9-a87b-256eb2ef7210 run_id=a57f6d08-7e4d-4088-adae-ab9b7b11076c}: crm_app::domain::migration::history_capture_worker: history capture settled raw_bytes=40987 retained_bytes=99108 outcome="accepted"
2026-09-12T17:45:37.774882Z  INFO request{method=GET uri=/api/migrations/fub/history-captures/a57f6d08-7e4d-4088-adae-ab9b7b11076c version=HTTP/1.1}: tower_http::trace::on_response: finished processing request latency=208 ms status=200
2026-09-12T17:45:37.794975Z  INFO settle{organization_id=be9b2fbe-9c14-41b9-a87b-256eb2ef7210 run_id=a57f6d08-7e4d-4088-adae-ab9b7b11076c}: crm_app::domain::migration::history_capture_worker: history capture settled raw_bytes=534 retained_bytes=1141 outcome="accepted"
2026-09-12T17:45:38.036627Z  INFO settle{organization_id=be9b2fbe-9c14-41b9-a87b-256eb2ef7210 run_id=a57f6d08-7e4d-4088-adae-ab9b7b11076c}: crm_app::domain::migration::history_capture_worker: history capture settled raw_bytes=39510 retained_bytes=102373 outcome="accepted"
2026-09-12T17:45:38.061744Z  INFO settle{organization_id=be9b2fbe-9c14-41b9-a87b-256eb2ef7210 run_id=a57f6d08-7e4d-4088-adae-ab9b7b11076c}: crm_app::domain::migration::history_capture_worker: history capture settled raw_bytes=517 retained_bytes=1209 outcome="accepted"
2026-09-12T17:45:38.232220Z  INFO request{method=GET uri=/api/migrations/fub/history-captures/a57f6d08-7e4d-4088-adae-ab9b7b11076c version=HTTP/1.1}: tower_http::trace::on_request: started processing request
2026-09-12T17:45:38.298547Z  INFO settle{organization_id=be9b2fbe-9c14-41b9-a87b-256eb2ef7210 run_id=a57f6d08-7e4d-4088-adae-ab9b7b11076c}: crm_app::domain::migration::history_capture_worker: history capture settled raw_bytes=55784 retained_bytes=113119 outcome="accepted"
2026-09-12T17:45:38.310120Z  INFO request{method=GET uri=/api/migrations/fub/history-captures/a57f6d08-7e4d-4088-adae-ab9b7b11076c version=HTTP/1.1}: tower_http::trace::on_response: finished processing request latency=77 ms status=200
2026-09-12T17:45:38.325783Z  INFO settle{organization_id=be9b2fbe-9c14-41b9-a87b-256eb2ef7210 run_id=a57f6d08-7e4d-4088-adae-ab9b7b11076c}: crm_app::domain::migration::history_capture_worker: history capture settled raw_bytes=691 retained_bytes=1299 outcome="accepted"
2026-09-12T17:45:38.588945Z  INFO request{method=GET uri=/api/migrations/fub/history-captures version=HTTP/1.1}: tower_http::trace::on_request: started processing request
2026-09-12T17:45:38.603659Z  INFO request{method=GET uri=/api/migrations/fub/history-captures/a57f6d08-7e4d-4088-adae-ab9b7b11076c version=HTTP/1.1}: tower_http::trace::on_request: started processing request
2026-09-12T17:45:38.625779Z  INFO request{method=GET uri=/api/migrations/fub/history-captures version=HTTP/1.1}: tower_http::trace::on_response: finished processing request latency=36 ms status=200
2026-09-12T17:45:38.630715Z  INFO request{method=GET uri=/api/migrations/fub/history-captures/a57f6d08-7e4d-4088-adae-ab9b7b11076c version=HTTP/1.1}: tower_http::trace::on_response: finished processing request latency=27 ms status=200
2026-09-12T17:45:38.771067Z  INFO request{method=GET uri=/api/migrations/fub/history-captures/a57f6d08-7e4d-4088-adae-ab9b7b11076c version=HTTP/1.1}: tower_http::trace::on_request: started processing request
2026-09-12T17:45:38.790385Z  INFO request{method=GET uri=/api/migrations/fub/history-captures/a57f6d08-7e4d-4088-adae-ab9b7b11076c version=HTTP/1.1}: tower_http::trace::on_response: finished processing request latency=19 ms status=200
2026-09-12T17:45:38.798707Z  INFO request{method=GET uri=/api/migrations/fub/history-captures/a57f6d08-7e4d-4088-adae-ab9b7b11076c/records version=HTTP/1.1}: tower_http::trace::on_request: started processing request
2026-09-12T17:45:38.851453Z  INFO request{method=GET uri=/api/migrations/fub/history-captures/a57f6d08-7e4d-4088-adae-ab9b7b11076c/records version=HTTP/1.1}: tower_http::trace::on_response: finished processing request latency=52 ms status=200
2026-09-12T17:45:38.868809Z  INFO request{method=GET uri=/api/migrations/fub/history-captures/a57f6d08-7e4d-4088-adae-ab9b7b11076c/records version=HTTP/1.1}: tower_http::trace::on_request: started processing request
2026-09-12T17:45:38.914717Z  INFO request{method=GET uri=/api/migrations/fub/history-captures/a57f6d08-7e4d-4088-adae-ab9b7b11076c/records version=HTTP/1.1}: tower_http::trace::on_response: finished processing request latency=45 ms status=200
2026-09-12T17:45:38.927252Z  INFO request{method=GET uri=/api/migrations/fub/history-captures/a57f6d08-7e4d-4088-adae-ab9b7b11076c/records version=HTTP/1.1}: tower_http::trace::on_request: started processing request
2026-09-12T17:45:38.967264Z  INFO request{method=GET uri=/api/migrations/fub/history-captures/a57f6d08-7e4d-4088-adae-ab9b7b11076c/records version=HTTP/1.1}: tower_http::trace::on_response: finished processing request latency=40 ms status=200
2026-09-12T17:45:38.981492Z  INFO request{method=GET uri=/api/migrations/fub/history-captures/a57f6d08-7e4d-4088-adae-ab9b7b11076c/records version=HTTP/1.1}: tower_http::trace::on_request: started processing request
2026-09-12T17:45:39.020003Z  INFO request{method=GET uri=/api/migrations/fub/history-captures/a57f6d08-7e4d-4088-adae-ab9b7b11076c/records version=HTTP/1.1}: tower_http::trace::on_response: finished processing request latency=38 ms status=200
2026-09-12T17:45:39.032202Z  INFO request{method=GET uri=/api/migrations/fub/history-captures/a57f6d08-7e4d-4088-adae-ab9b7b11076c/records version=HTTP/1.1}: tower_http::trace::on_request: started processing request
2026-09-12T17:45:39.074565Z  INFO request{method=GET uri=/api/migrations/fub/history-captures/a57f6d08-7e4d-4088-adae-ab9b7b11076c/records version=HTTP/1.1}: tower_http::trace::on_response: finished processing request latency=42 ms status=200
2026-09-12T17:45:39.088133Z  INFO request{method=GET uri=/api/migrations/fub/history-captures/a57f6d08-7e4d-4088-adae-ab9b7b11076c/records version=HTTP/1.1}: tower_http::trace::on_request: started processing request
2026-09-12T17:45:39.131813Z  INFO request{method=GET uri=/api/migrations/fub/history-captures/a57f6d08-7e4d-4088-adae-ab9b7b11076c/records version=HTTP/1.1}: tower_http::trace::on_response: finished processing request latency=43 ms status=200
2026-09-12T17:45:39.146771Z  INFO request{method=GET uri=/api/migrations/fub/history-captures/a57f6d08-7e4d-4088-adae-ab9b7b11076c/records version=HTTP/1.1}: tower_http::trace::on_request: started processing request
2026-09-12T17:45:39.184649Z  INFO request{method=GET uri=/api/migrations/fub/history-captures/a57f6d08-7e4d-4088-adae-ab9b7b11076c/records version=HTTP/1.1}: tower_http::trace::on_response: finished processing request latency=37 ms status=200
2026-09-12T17:45:39.198160Z  INFO request{method=GET uri=/api/migrations/fub/history-captures/a57f6d08-7e4d-4088-adae-ab9b7b11076c/records version=HTTP/1.1}: tower_http::trace::on_request: started processing request
2026-09-12T17:45:39.238475Z  INFO request{method=GET uri=/api/migrations/fub/history-captures/a57f6d08-7e4d-4088-adae-ab9b7b11076c/records version=HTTP/1.1}: tower_http::trace::on_response: finished processing request latency=40 ms status=200
2026-09-12T17:45:39.251221Z  INFO request{method=GET uri=/api/migrations/fub/history-captures/a57f6d08-7e4d-4088-adae-ab9b7b11076c/records version=HTTP/1.1}: tower_http::trace::on_request: started processing request
2026-09-12T17:45:39.260359Z  INFO request{method=GET uri=/api/migrations/fub/history-captures/a57f6d08-7e4d-4088-adae-ab9b7b11076c/records version=HTTP/1.1}: tower_http::trace::on_response: finished processing request latency=9 ms status=200
2026-09-12T17:45:39.291437Z  INFO request{method=GET uri=/api/migrations/fub/imports version=HTTP/1.1}: tower_http::trace::on_request: started processing request
2026-09-12T17:45:39.292229Z  INFO request{method=GET uri=/api/migrations/fub/imports/9d4a6a4e-28ec-4ccd-9ed0-393a297284dd version=HTTP/1.1}: tower_http::trace::on_request: started processing request
2026-09-12T17:45:39.292753Z  INFO request{method=GET uri=/api/migrations/fub/history-captures version=HTTP/1.1}: tower_http::trace::on_request: started processing request
2026-09-12T17:45:39.293327Z  INFO request{method=GET uri=/api/migrations/fub/history-captures/a57f6d08-7e4d-4088-adae-ab9b7b11076c version=HTTP/1.1}: tower_http::trace::on_request: started processing request
2026-09-12T17:45:39.300535Z  INFO request{method=GET uri=/api/migrations/fub/imports/9d4a6a4e-28ec-4ccd-9ed0-393a297284dd version=HTTP/1.1}: tower_http::trace::on_response: finished processing request latency=8 ms status=200
2026-09-12T17:45:39.305068Z  INFO request{method=GET uri=/api/migrations/fub/history-captures version=HTTP/1.1}: tower_http::trace::on_response: finished processing request latency=12 ms status=200
2026-09-12T17:45:39.312726Z  INFO request{method=GET uri=/api/migrations/fub/history-captures/a57f6d08-7e4d-4088-adae-ab9b7b11076c version=HTTP/1.1}: tower_http::trace::on_response: finished processing request latency=19 ms status=200
2026-09-12T17:45:39.315288Z  INFO request{method=GET uri=/api/migrations/fub/imports version=HTTP/1.1}: tower_http::trace::on_response: finished processing request latency=23 ms status=200
2026-09-12T17:45:39.818517Z  INFO request{method=GET uri=/api/migrations/fub/history-captures/a57f6d08-7e4d-4088-adae-ab9b7b11076c/records version=HTTP/1.1}: tower_http::trace::on_request: started processing request
2026-09-12T17:45:39.846163Z  INFO request{method=GET uri=/api/migrations/fub/history-captures/a57f6d08-7e4d-4088-adae-ab9b7b11076c/records version=HTTP/1.1}: tower_http::trace::on_response: finished processing request latency=27 ms status=200
2026-09-12T17:45:40.301525Z  INFO request{method=GET uri=/api/me version=HTTP/1.1}: tower_http::trace::on_request: started processing request
2026-09-12T17:45:40.311084Z  INFO request{method=GET uri=/api/me version=HTTP/1.1}: tower_http::trace::on_response: finished processing request latency=9 ms status=200
2026-09-12T17:45:40.338932Z  INFO request{method=GET uri=/api/me version=HTTP/1.1}: tower_http::trace::on_request: started processing request
2026-09-12T17:45:40.342148Z  INFO request{method=GET uri=/api/me version=HTTP/1.1}: tower_http::trace::on_response: finished processing request latency=3 ms status=200
2026-09-12T17:45:40.367100Z  INFO request{method=GET uri=/api/migrations/fub/ version=HTTP/1.1}: tower_http::trace::on_request: started processing request
2026-09-12T17:45:40.367331Z  INFO request{method=GET uri=/api/migrations/fub/imports version=HTTP/1.1}: tower_http::trace::on_request: started processing request
2026-09-12T17:45:40.368561Z  INFO request{method=GET uri=/api/migrations/fub/snapshots version=HTTP/1.1}: tower_http::trace::on_request: started processing request
2026-09-12T17:45:40.369918Z  INFO request{method=GET uri=/api/migrations/fub/imports version=HTTP/1.1}: tower_http::trace::on_request: started processing request
2026-09-12T17:45:40.370267Z  INFO request{method=GET uri=/api/migrations/fub/imports version=HTTP/1.1}: tower_http::trace::on_request: started processing request
2026-09-12T17:45:40.370825Z  INFO request{method=GET uri=/api/migrations/fub/snapshots version=HTTP/1.1}: tower_http::trace::on_request: started processing request
2026-09-12T17:45:40.397005Z  INFO request{method=GET uri=/api/migrations/fub/imports version=HTTP/1.1}: tower_http::trace::on_response: finished processing request latency=29 ms status=200
2026-09-12T17:45:40.399851Z  INFO request{method=GET uri=/api/migrations/fub/imports version=HTTP/1.1}: tower_http::trace::on_response: finished processing request latency=29 ms status=200
2026-09-12T17:45:40.401731Z  INFO request{method=GET uri=/api/migrations/fub/snapshots version=HTTP/1.1}: tower_http::trace::on_response: finished processing request latency=33 ms status=200
2026-09-12T17:45:40.403387Z  INFO request{method=GET uri=/api/migrations/fub/imports version=HTTP/1.1}: tower_http::trace::on_request: started processing request
2026-09-12T17:45:40.406016Z  INFO request{method=GET uri=/api/migrations/fub/imports/9d4a6a4e-28ec-4ccd-9ed0-393a297284dd version=HTTP/1.1}: tower_http::trace::on_request: started processing request
2026-09-12T17:45:40.407332Z  INFO request{method=GET uri=/api/migrations/fub/snapshots version=HTTP/1.1}: tower_http::trace::on_response: finished processing request latency=36 ms status=200
2026-09-12T17:45:40.408000Z  INFO request{method=GET uri=/api/migrations/fub/ version=HTTP/1.1}: tower_http::trace::on_response: finished processing request latency=40 ms status=200
2026-09-12T17:45:40.408067Z  INFO request{method=GET uri=/api/migrations/fub/imports/9d4a6a4e-28ec-4ccd-9ed0-393a297284dd version=HTTP/1.1}: tower_http::trace::on_request: started processing request
2026-09-12T17:45:40.411257Z  INFO request{method=GET uri=/api/migrations/fub/metadata-imports version=HTTP/1.1}: tower_http::trace::on_request: started processing request
2026-09-12T17:45:40.412867Z  INFO request{method=GET uri=/api/migrations/fub/snapshots/b8eba334-9411-45a1-a983-3ca663b6651e version=HTTP/1.1}: tower_http::trace::on_request: started processing request
2026-09-12T17:45:40.414700Z  INFO request{method=GET uri=/api/migrations/fub/imports version=HTTP/1.1}: tower_http::trace::on_response: finished processing request latency=44 ms status=200
2026-09-12T17:45:40.418099Z  INFO request{method=GET uri=/api/migrations/fub/snapshots/b8eba334-9411-45a1-a983-3ca663b6651e version=HTTP/1.1}: tower_http::trace::on_request: started processing request
2026-09-12T17:45:40.418973Z  INFO request{method=GET uri=/api/migrations/fub/imports version=HTTP/1.1}: tower_http::trace::on_response: finished processing request latency=15 ms status=200
2026-09-12T17:45:40.422161Z  INFO request{method=GET uri=/api/migrations/fub/imports/9d4a6a4e-28ec-4ccd-9ed0-393a297284dd version=HTTP/1.1}: tower_http::trace::on_request: started processing request
2026-09-12T17:45:40.423086Z  INFO request{method=GET uri=/api/migrations/fub/imports/9d4a6a4e-28ec-4ccd-9ed0-393a297284dd version=HTTP/1.1}: tower_http::trace::on_response: finished processing request latency=17 ms status=200
2026-09-12T17:45:40.426493Z  INFO request{method=GET uri=/api/migrations/fub/activity-imports version=HTTP/1.1}: tower_http::trace::on_request: started processing request
2026-09-12T17:45:40.428899Z  INFO request{method=GET uri=/api/migrations/fub/imports/9d4a6a4e-28ec-4ccd-9ed0-393a297284dd version=HTTP/1.1}: tower_http::trace::on_response: finished processing request latency=20 ms status=200
2026-09-12T17:45:40.430354Z  INFO request{method=GET uri=/api/migrations/fub/snapshots/b8eba334-9411-45a1-a983-3ca663b6651e version=HTTP/1.1}: tower_http::trace::on_response: finished processing request latency=17 ms status=200
2026-09-12T17:45:40.431541Z  INFO request{method=GET uri=/api/migrations/fub/metadata-imports version=HTTP/1.1}: tower_http::trace::on_response: finished processing request latency=20 ms status=200
2026-09-12T17:45:40.432369Z  INFO request{method=GET uri=/api/migrations/fub/history-captures version=HTTP/1.1}: tower_http::trace::on_request: started processing request
2026-09-12T17:45:40.435779Z  INFO request{method=GET uri=/api/migrations/fub/imports/9d4a6a4e-28ec-4ccd-9ed0-393a297284dd version=HTTP/1.1}: tower_http::trace::on_request: started processing request
2026-09-12T17:45:40.436719Z  INFO request{method=GET uri=/api/migrations/fub/snapshots/b8eba334-9411-45a1-a983-3ca663b6651e version=HTTP/1.1}: tower_http::trace::on_request: started processing request
2026-09-12T17:45:40.438095Z  INFO request{method=GET uri=/api/migrations/fub/snapshots/b8eba334-9411-45a1-a983-3ca663b6651e version=HTTP/1.1}: tower_http::trace::on_response: finished processing request latency=20 ms status=200
2026-09-12T17:45:40.441075Z  INFO request{method=GET uri=/api/migrations/fub/imports/9d4a6a4e-28ec-4ccd-9ed0-393a297284dd/plans/3fab4439-5389-4366-bf9c-c83283e05967/mappings version=HTTP/1.1}: tower_http::trace::on_request: started processing request
2026-09-12T17:45:40.441370Z  INFO request{method=GET uri=/api/migrations/fub/imports/9d4a6a4e-28ec-4ccd-9ed0-393a297284dd version=HTTP/1.1}: tower_http::trace::on_response: finished processing request latency=19 ms status=200
2026-09-12T17:45:40.443911Z  INFO request{method=GET uri=/api/migrations/fub/imports/9d4a6a4e-28ec-4ccd-9ed0-393a297284dd/results version=HTTP/1.1}: tower_http::trace::on_request: started processing request
2026-09-12T17:45:40.443957Z  INFO request{method=GET uri=/api/migrations/fub/activity-imports version=HTTP/1.1}: tower_http::trace::on_response: finished processing request latency=17 ms status=200
2026-09-12T17:45:40.446966Z  INFO request{method=GET uri=/api/migrations/fub/snapshots/b8eba334-9411-45a1-a983-3ca663b6651e version=HTTP/1.1}: tower_http::trace::on_request: started processing request
2026-09-12T17:45:40.448535Z  INFO request{method=GET uri=/api/migrations/fub/snapshots/b8eba334-9411-45a1-a983-3ca663b6651e version=HTTP/1.1}: tower_http::trace::on_response: finished processing request latency=11 ms status=200
2026-09-12T17:45:40.451823Z  INFO request{method=GET uri=/api/migrations/fub/snapshots/b8eba334-9411-45a1-a983-3ca663b6651e/previews/d881beef-bcf5-4fe4-a5bd-946d7778b035 version=HTTP/1.1}: tower_http::trace::on_request: started processing request
2026-09-12T17:45:40.452167Z  INFO request{method=GET uri=/api/migrations/fub/history-captures version=HTTP/1.1}: tower_http::trace::on_response: finished processing request latency=19 ms status=200
2026-09-12T17:45:40.457581Z  INFO request{method=GET uri=/api/migrations/fub/snapshots/b8eba334-9411-45a1-a983-3ca663b6651e/previews/d881beef-bcf5-4fe4-a5bd-946d7778b035 version=HTTP/1.1}: tower_http::trace::on_request: started processing request
2026-09-12T17:45:40.458943Z  INFO request{method=GET uri=/api/migrations/fub/imports/9d4a6a4e-28ec-4ccd-9ed0-393a297284dd version=HTTP/1.1}: tower_http::trace::on_response: finished processing request latency=23 ms status=200
2026-09-12T17:45:40.461743Z  INFO request{method=GET uri=/api/migrations/fub/snapshots/b8eba334-9411-45a1-a983-3ca663b6651e version=HTTP/1.1}: tower_http::trace::on_request: started processing request
2026-09-12T17:45:40.461990Z  INFO request{method=GET uri=/api/migrations/fub/imports/9d4a6a4e-28ec-4ccd-9ed0-393a297284dd/plans/3fab4439-5389-4366-bf9c-c83283e05967/mappings version=HTTP/1.1}: tower_http::trace::on_response: finished processing request latency=20 ms status=200
2026-09-12T17:45:40.464518Z  INFO request{method=GET uri=/api/migrations/fub/history-captures/a57f6d08-7e4d-4088-adae-ab9b7b11076c version=HTTP/1.1}: tower_http::trace::on_request: started processing request
2026-09-12T17:45:40.465340Z  INFO request{method=GET uri=/api/migrations/fub/snapshots/b8eba334-9411-45a1-a983-3ca663b6651e version=HTTP/1.1}: tower_http::trace::on_response: finished processing request latency=18 ms status=200
2026-09-12T17:45:40.468047Z  INFO request{method=GET uri=/api/migrations/fub/imports/9d4a6a4e-28ec-4ccd-9ed0-393a297284dd/results version=HTTP/1.1}: tower_http::trace::on_response: finished processing request latency=24 ms status=200
2026-09-12T17:45:40.472082Z  INFO request{method=GET uri=/api/migrations/fub/snapshots/b8eba334-9411-45a1-a983-3ca663b6651e/previews/d881beef-bcf5-4fe4-a5bd-946d7778b035 version=HTTP/1.1}: tower_http::trace::on_response: finished processing request latency=20 ms status=200
2026-09-12T17:45:40.473319Z  INFO request{method=GET uri=/api/migrations/fub/snapshots/b8eba334-9411-45a1-a983-3ca663b6651e version=HTTP/1.1}: tower_http::trace::on_response: finished processing request latency=11 ms status=200
2026-09-12T17:45:40.477030Z  INFO request{method=GET uri=/api/migrations/fub/history-captures/a57f6d08-7e4d-4088-adae-ab9b7b11076c version=HTTP/1.1}: tower_http::trace::on_response: finished processing request latency=12 ms status=200
2026-09-12T17:45:40.479980Z  INFO request{method=GET uri=/api/migrations/fub/snapshots/b8eba334-9411-45a1-a983-3ca663b6651e/previews/d881beef-bcf5-4fe4-a5bd-946d7778b035 version=HTTP/1.1}: tower_http::trace::on_response: finished processing request latency=22 ms status=200
2026-09-12T17:45:40.482714Z  INFO request{method=GET uri=/api/migrations/fub/history-captures/a57f6d08-7e4d-4088-adae-ab9b7b11076c/records version=HTTP/1.1}: tower_http::trace::on_request: started processing request
2026-09-12T17:45:40.490662Z  INFO request{method=GET uri=/api/migrations/fub/snapshots/b8eba334-9411-45a1-a983-3ca663b6651e/previews/d881beef-bcf5-4fe4-a5bd-946d7778b035/records version=HTTP/1.1}: tower_http::trace::on_request: started processing request
2026-09-12T17:45:40.499375Z  INFO request{method=GET uri=/api/migrations/fub/snapshots/b8eba334-9411-45a1-a983-3ca663b6651e/previews/d881beef-bcf5-4fe4-a5bd-946d7778b035/records version=HTTP/1.1}: tower_http::trace::on_response: finished processing request latency=8 ms status=200
2026-09-12T17:45:40.522952Z  INFO request{method=GET uri=/api/migrations/fub/history-captures/a57f6d08-7e4d-4088-adae-ab9b7b11076c/records version=HTTP/1.1}: tower_http::trace::on_response: finished processing request latency=40 ms status=200
2026-09-12T17:45:40.862381Z  INFO request{method=GET uri=/api/migrations/fub/history-captures/a57f6d08-7e4d-4088-adae-ab9b7b11076c version=HTTP/1.1}: tower_http::trace::on_request: started processing request
2026-09-12T17:45:40.875820Z  INFO request{method=GET uri=/api/migrations/fub/history-captures/a57f6d08-7e4d-4088-adae-ab9b7b11076c version=HTTP/1.1}: tower_http::trace::on_response: finished processing request latency=13 ms status=200
2026-09-12T17:45:40.927433Z  INFO request{method=GET uri=/api/me version=HTTP/1.1}: tower_http::trace::on_request: started processing request
2026-09-12T17:45:40.929013Z  INFO request{method=GET uri=/api/me version=HTTP/1.1}: tower_http::trace::on_response: finished processing request latency=1 ms status=200
2026-09-12T17:45:40.959366Z  INFO request{method=GET uri=/api/tags version=HTTP/1.1}: tower_http::trace::on_request: started processing request
2026-09-12T17:45:40.959819Z  INFO request{method=GET uri=/api/stages version=HTTP/1.1}: tower_http::trace::on_request: started processing request
2026-09-12T17:45:40.960328Z  INFO request{method=GET uri=/api/organization/members version=HTTP/1.1}: tower_http::trace::on_request: started processing request
2026-09-12T17:45:40.960843Z  INFO request{method=GET uri=/api/custom-fields version=HTTP/1.1}: tower_http::trace::on_request: started processing request
2026-09-12T17:45:40.961279Z  INFO request{method=GET uri=/api/people/e71823cd-9c8d-4053-8200-57a2ea2ebe96/migration-review version=HTTP/1.1}: tower_http::trace::on_request: started processing request
2026-09-12T17:45:40.967478Z  INFO request{method=GET uri=/api/people/e71823cd-9c8d-4053-8200-57a2ea2ebe96/migration-review version=HTTP/1.1}: tower_http::trace::on_request: started processing request
2026-09-12T17:45:40.978255Z  INFO request{method=GET uri=/api/organization/members version=HTTP/1.1}: tower_http::trace::on_response: finished processing request latency=17 ms status=200
2026-09-12T17:45:40.978275Z  INFO request{method=GET uri=/api/stages version=HTTP/1.1}: tower_http::trace::on_response: finished processing request latency=18 ms status=200
2026-09-12T17:45:40.978314Z  INFO request{method=GET uri=/api/tags version=HTTP/1.1}: tower_http::trace::on_response: finished processing request latency=18 ms status=200
2026-09-12T17:45:40.982014Z  INFO request{method=GET uri=/api/custom-fields version=HTTP/1.1}: tower_http::trace::on_response: finished processing request latency=21 ms status=200
2026-09-12T17:45:41.001594Z  INFO request{method=GET uri=/api/people/e71823cd-9c8d-4053-8200-57a2ea2ebe96/migration-review version=HTTP/1.1}: tower_http::trace::on_response: finished processing request latency=40 ms status=200
2026-09-12T17:45:41.005120Z  INFO request{method=GET uri=/api/people/e71823cd-9c8d-4053-8200-57a2ea2ebe96/migration-review version=HTTP/1.1}: tower_http::trace::on_response: finished processing request latency=37 ms status=200
2026-09-12T17:45:41.010420Z  INFO request{method=GET uri=/api/people/e71823cd-9c8d-4053-8200-57a2ea2ebe96/migration-review/notes version=HTTP/1.1}: tower_http::trace::on_request: started processing request
2026-09-12T17:45:41.011114Z  INFO request{method=GET uri=/api/people/e71823cd-9c8d-4053-8200-57a2ea2ebe96/migration-review/tasks version=HTTP/1.1}: tower_http::trace::on_request: started processing request
2026-09-12T17:45:41.011628Z  INFO request{method=GET uri=/api/people/e71823cd-9c8d-4053-8200-57a2ea2ebe96/migration-review/tasks version=HTTP/1.1}: tower_http::trace::on_request: started processing request
2026-09-12T17:45:41.013132Z  INFO request{method=GET uri=/api/people/e71823cd-9c8d-4053-8200-57a2ea2ebe96/import-provenance version=HTTP/1.1}: tower_http::trace::on_request: started processing request
2026-09-12T17:45:41.013171Z  INFO request{method=GET uri=/api/people/e71823cd-9c8d-4053-8200-57a2ea2ebe96/metadata-import-provenance version=HTTP/1.1}: tower_http::trace::on_request: started processing request
2026-09-12T17:45:41.026411Z  INFO request{method=GET uri=/api/people/e71823cd-9c8d-4053-8200-57a2ea2ebe96/migration-review/tasks version=HTTP/1.1}: tower_http::trace::on_response: finished processing request latency=15 ms status=200
2026-09-12T17:45:41.026461Z  INFO request{method=GET uri=/api/people/e71823cd-9c8d-4053-8200-57a2ea2ebe96/migration-review/notes version=HTTP/1.1}: tower_http::trace::on_response: finished processing request latency=16 ms status=200
2026-09-12T17:45:41.026812Z  INFO request{method=GET uri=/api/people/e71823cd-9c8d-4053-8200-57a2ea2ebe96/migration-review/tasks version=HTTP/1.1}: tower_http::trace::on_response: finished processing request latency=15 ms status=200
2026-09-12T17:45:41.031208Z  INFO request{method=GET uri=/api/people/e71823cd-9c8d-4053-8200-57a2ea2ebe96/metadata-import-provenance version=HTTP/1.1}: tower_http::trace::on_response: finished processing request latency=18 ms status=200
2026-09-12T17:45:41.037684Z  INFO request{method=GET uri=/api/people/e71823cd-9c8d-4053-8200-57a2ea2ebe96/import-provenance version=HTTP/1.1}: tower_http::trace::on_response: finished processing request latency=24 ms status=200
2026-09-12T17:45:41.095664Z  INFO request{method=GET uri=/api/me version=HTTP/1.1}: tower_http::trace::on_request: started processing request
2026-09-12T17:45:41.096856Z  INFO request{method=GET uri=/api/me version=HTTP/1.1}: tower_http::trace::on_response: finished processing request latency=1 ms status=200
2026-09-12T17:45:41.126621Z  INFO request{method=GET uri=/api/migrations/fub/ version=HTTP/1.1}: tower_http::trace::on_request: started processing request
2026-09-12T17:45:41.127116Z  INFO request{method=GET uri=/api/migrations/fub/imports version=HTTP/1.1}: tower_http::trace::on_request: started processing request
2026-09-12T17:45:41.127565Z  INFO request{method=GET uri=/api/migrations/fub/snapshots version=HTTP/1.1}: tower_http::trace::on_request: started processing request
2026-09-12T17:45:41.128155Z  INFO request{method=GET uri=/api/migrations/fub/imports version=HTTP/1.1}: tower_http::trace::on_request: started processing request
2026-09-12T17:45:41.128675Z  INFO request{method=GET uri=/api/migrations/fub/snapshots version=HTTP/1.1}: tower_http::trace::on_request: started processing request
2026-09-12T17:45:41.129177Z  INFO request{method=GET uri=/api/migrations/fub/imports version=HTTP/1.1}: tower_http::trace::on_request: started processing request
2026-09-12T17:45:41.148393Z  INFO request{method=GET uri=/api/migrations/fub/imports version=HTTP/1.1}: tower_http::trace::on_response: finished processing request latency=21 ms status=200
2026-09-12T17:45:41.150771Z  INFO request{method=GET uri=/api/migrations/fub/snapshots version=HTTP/1.1}: tower_http::trace::on_response: finished processing request latency=22 ms status=200
2026-09-12T17:45:41.151829Z  INFO request{method=GET uri=/api/migrations/fub/imports version=HTTP/1.1}: tower_http::trace::on_response: finished processing request latency=22 ms status=200
2026-09-12T17:45:41.154189Z  INFO request{method=GET uri=/api/migrations/fub/ version=HTTP/1.1}: tower_http::trace::on_response: finished processing request latency=27 ms status=200
2026-09-12T17:45:41.154194Z  INFO request{method=GET uri=/api/migrations/fub/snapshots version=HTTP/1.1}: tower_http::trace::on_response: finished processing request latency=26 ms status=200
2026-09-12T17:45:41.154818Z  INFO request{method=GET uri=/api/migrations/fub/imports version=HTTP/1.1}: tower_http::trace::on_request: started processing request
2026-09-12T17:45:41.155720Z  INFO request{method=GET uri=/api/migrations/fub/imports/9d4a6a4e-28ec-4ccd-9ed0-393a297284dd version=HTTP/1.1}: tower_http::trace::on_request: started processing request
2026-09-12T17:45:41.158020Z  INFO request{method=GET uri=/api/migrations/fub/snapshots/b8eba334-9411-45a1-a983-3ca663b6651e version=HTTP/1.1}: tower_http::trace::on_request: started processing request
2026-09-12T17:45:41.158543Z  INFO request{method=GET uri=/api/migrations/fub/imports/9d4a6a4e-28ec-4ccd-9ed0-393a297284dd version=HTTP/1.1}: tower_http::trace::on_request: started processing request
2026-09-12T17:45:41.159121Z  INFO request{method=GET uri=/api/migrations/fub/activity-imports version=HTTP/1.1}: tower_http::trace::on_request: started processing request
2026-09-12T17:45:41.162389Z  INFO request{method=GET uri=/api/migrations/fub/imports version=HTTP/1.1}: tower_http::trace::on_response: finished processing request latency=34 ms status=200
2026-09-12T17:45:41.164889Z  INFO request{method=GET uri=/api/migrations/fub/snapshots/b8eba334-9411-45a1-a983-3ca663b6651e version=HTTP/1.1}: tower_http::trace::on_request: started processing request
2026-09-12T17:45:41.166896Z  INFO request{method=GET uri=/api/migrations/fub/imports version=HTTP/1.1}: tower_http::trace::on_response: finished processing request latency=12 ms status=200
2026-09-12T17:45:41.169057Z  INFO request{method=GET uri=/api/migrations/fub/snapshots/b8eba334-9411-45a1-a983-3ca663b6651e version=HTTP/1.1}: tower_http::trace::on_response: finished processing request latency=11 ms status=200
2026-09-12T17:45:41.169566Z  INFO request{method=GET uri=/api/migrations/fub/imports/9d4a6a4e-28ec-4ccd-9ed0-393a297284dd version=HTTP/1.1}: tower_http::trace::on_request: started processing request
2026-09-12T17:45:41.171877Z  INFO request{method=GET uri=/api/migrations/fub/imports/9d4a6a4e-28ec-4ccd-9ed0-393a297284dd version=HTTP/1.1}: tower_http::trace::on_response: finished processing request latency=16 ms status=200
2026-09-12T17:45:41.175725Z  INFO request{method=GET uri=/api/migrations/fub/metadata-imports version=HTTP/1.1}: tower_http::trace::on_request: started processing request
2026-09-12T17:45:41.178110Z  INFO request{method=GET uri=/api/migrations/fub/imports/9d4a6a4e-28ec-4ccd-9ed0-393a297284dd version=HTTP/1.1}: tower_http::trace::on_request: started processing request
2026-09-12T17:45:41.180804Z  INFO request{method=GET uri=/api/migrations/fub/imports/9d4a6a4e-28ec-4ccd-9ed0-393a297284dd version=HTTP/1.1}: tower_http::trace::on_response: finished processing request latency=22 ms status=200
2026-09-12T17:45:41.183384Z  INFO request{method=GET uri=/api/migrations/fub/activity-imports version=HTTP/1.1}: tower_http::trace::on_response: finished processing request latency=24 ms status=200
2026-09-12T17:45:41.185049Z  INFO request{method=GET uri=/api/migrations/fub/snapshots/b8eba334-9411-45a1-a983-3ca663b6651e version=HTTP/1.1}: tower_http::trace::on_response: finished processing request latency=20 ms status=200
2026-09-12T17:45:41.185096Z  INFO request{method=GET uri=/api/migrations/fub/history-captures version=HTTP/1.1}: tower_http::trace::on_request: started processing request
2026-09-12T17:45:41.186741Z  INFO request{method=GET uri=/api/migrations/fub/snapshots/b8eba334-9411-45a1-a983-3ca663b6651e/previews/d881beef-bcf5-4fe4-a5bd-946d7778b035 version=HTTP/1.1}: tower_http::trace::on_request: started processing request
2026-09-12T17:45:41.187946Z  INFO request{method=GET uri=/api/migrations/fub/imports/9d4a6a4e-28ec-4ccd-9ed0-393a297284dd version=HTTP/1.1}: tower_http::trace::on_response: finished processing request latency=18 ms status=200
2026-09-12T17:45:41.189687Z  INFO request{method=GET uri=/api/migrations/fub/snapshots/b8eba334-9411-45a1-a983-3ca663b6651e version=HTTP/1.1}: tower_http::trace::on_request: started processing request
2026-09-12T17:45:41.191421Z  INFO request{method=GET uri=/api/migrations/fub/metadata-imports version=HTTP/1.1}: tower_http::trace::on_response: finished processing request latency=15 ms status=200
2026-09-12T17:45:41.191818Z  INFO request{method=GET uri=/api/migrations/fub/imports/9d4a6a4e-28ec-4ccd-9ed0-393a297284dd/plans/3fab4439-5389-4366-bf9c-c83283e05967/mappings version=HTTP/1.1}: tower_http::trace::on_request: started processing request
2026-09-12T17:45:41.193755Z  INFO request{method=GET uri=/api/migrations/fub/imports/9d4a6a4e-28ec-4ccd-9ed0-393a297284dd/results version=HTTP/1.1}: tower_http::trace::on_request: started processing request
2026-09-12T17:45:41.195119Z  INFO request{method=GET uri=/api/migrations/fub/imports/9d4a6a4e-28ec-4ccd-9ed0-393a297284dd version=HTTP/1.1}: tower_http::trace::on_response: finished processing request latency=17 ms status=200
2026-09-12T17:45:41.197612Z  INFO request{method=GET uri=/api/migrations/fub/snapshots/b8eba334-9411-45a1-a983-3ca663b6651e version=HTTP/1.1}: tower_http::trace::on_request: started processing request
2026-09-12T17:45:41.200694Z  INFO request{method=GET uri=/api/migrations/fub/snapshots/b8eba334-9411-45a1-a983-3ca663b6651e version=HTTP/1.1}: tower_http::trace::on_response: finished processing request latency=11 ms status=200
2026-09-12T17:45:41.201774Z  INFO request{method=GET uri=/api/migrations/fub/history-captures version=HTTP/1.1}: tower_http::trace::on_response: finished processing request latency=16 ms status=200
2026-09-12T17:45:41.202193Z  INFO request{method=GET uri=/api/migrations/fub/snapshots/b8eba334-9411-45a1-a983-3ca663b6651e/previews/d881beef-bcf5-4fe4-a5bd-946d7778b035 version=HTTP/1.1}: tower_http::trace::on_response: finished processing request latency=15 ms status=200
2026-09-12T17:45:41.204514Z  INFO request{method=GET uri=/api/migrations/fub/snapshots/b8eba334-9411-45a1-a983-3ca663b6651e/previews/d881beef-bcf5-4fe4-a5bd-946d7778b035 version=HTTP/1.1}: tower_http::trace::on_request: started processing request
2026-09-12T17:45:41.204714Z  INFO request{method=GET uri=/api/migrations/fub/snapshots/b8eba334-9411-45a1-a983-3ca663b6651e version=HTTP/1.1}: tower_http::trace::on_request: started processing request
2026-09-12T17:45:41.206730Z  INFO request{method=GET uri=/api/migrations/fub/imports/9d4a6a4e-28ec-4ccd-9ed0-393a297284dd/plans/3fab4439-5389-4366-bf9c-c83283e05967/mappings version=HTTP/1.1}: tower_http::trace::on_response: finished processing request latency=14 ms status=200
2026-09-12T17:45:41.208305Z  INFO request{method=GET uri=/api/migrations/fub/history-captures/a57f6d08-7e4d-4088-adae-ab9b7b11076c version=HTTP/1.1}: tower_http::trace::on_request: started processing request
2026-09-12T17:45:41.211599Z  INFO request{method=GET uri=/api/migrations/fub/imports/9d4a6a4e-28ec-4ccd-9ed0-393a297284dd/results version=HTTP/1.1}: tower_http::trace::on_response: finished processing request latency=17 ms status=200
2026-09-12T17:45:41.213264Z  INFO request{method=GET uri=/api/migrations/fub/snapshots/b8eba334-9411-45a1-a983-3ca663b6651e version=HTTP/1.1}: tower_http::trace::on_response: finished processing request latency=15 ms status=200
2026-09-12T17:45:41.213283Z  INFO request{method=GET uri=/api/migrations/fub/snapshots/b8eba334-9411-45a1-a983-3ca663b6651e/previews/d881beef-bcf5-4fe4-a5bd-946d7778b035/records version=HTTP/1.1}: tower_http::trace::on_request: started processing request
2026-09-12T17:45:41.217587Z  INFO request{method=GET uri=/api/migrations/fub/snapshots/b8eba334-9411-45a1-a983-3ca663b6651e version=HTTP/1.1}: tower_http::trace::on_response: finished processing request latency=12 ms status=200
2026-09-12T17:45:41.219558Z  INFO request{method=GET uri=/api/migrations/fub/snapshots/b8eba334-9411-45a1-a983-3ca663b6651e/previews/d881beef-bcf5-4fe4-a5bd-946d7778b035 version=HTTP/1.1}: tower_http::trace::on_response: finished processing request latency=15 ms status=200
2026-09-12T17:45:41.219990Z  INFO request{method=GET uri=/api/migrations/fub/history-captures/a57f6d08-7e4d-4088-adae-ab9b7b11076c version=HTTP/1.1}: tower_http::trace::on_response: finished processing request latency=11 ms status=200
2026-09-12T17:45:41.223179Z  INFO request{method=GET uri=/api/migrations/fub/snapshots/b8eba334-9411-45a1-a983-3ca663b6651e/previews/d881beef-bcf5-4fe4-a5bd-946d7778b035/records version=HTTP/1.1}: tower_http::trace::on_response: finished processing request latency=9 ms status=200
2026-09-12T17:45:41.226807Z  INFO request{method=GET uri=/api/migrations/fub/history-captures/a57f6d08-7e4d-4088-adae-ab9b7b11076c/records version=HTTP/1.1}: tower_http::trace::on_request: started processing request
2026-09-12T17:45:41.265635Z  INFO request{method=GET uri=/api/migrations/fub/history-captures/a57f6d08-7e4d-4088-adae-ab9b7b11076c/records version=HTTP/1.1}: tower_http::trace::on_response: finished processing request latency=38 ms status=200
2026-09-12T17:48:39.289200Z  INFO request{method=GET uri=/api/me version=HTTP/1.1}: tower_http::trace::on_request: started processing request
2026-09-12T17:48:39.293912Z  INFO request{method=GET uri=/api/me version=HTTP/1.1}: tower_http::trace::on_response: finished processing request latency=4 ms status=200
2026-09-12T17:48:39.304536Z  INFO request{method=GET uri=/api/me version=HTTP/1.1}: tower_http::trace::on_request: started processing request
2026-09-12T17:48:39.306219Z  INFO request{method=GET uri=/api/me version=HTTP/1.1}: tower_http::trace::on_response: finished processing request latency=1 ms status=200
2026-09-12T17:48:39.334349Z  INFO request{method=GET uri=/api/migrations/fub/ version=HTTP/1.1}: tower_http::trace::on_request: started processing request
2026-09-12T17:48:39.335064Z  INFO request{method=GET uri=/api/migrations/fub/imports version=HTTP/1.1}: tower_http::trace::on_request: started processing request
2026-09-12T17:48:39.335546Z  INFO request{method=GET uri=/api/migrations/fub/imports version=HTTP/1.1}: tower_http::trace::on_request: started processing request
2026-09-12T17:48:39.336019Z  INFO request{method=GET uri=/api/migrations/fub/snapshots version=HTTP/1.1}: tower_http::trace::on_request: started processing request
2026-09-12T17:48:39.336469Z  INFO request{method=GET uri=/api/migrations/fub/imports version=HTTP/1.1}: tower_http::trace::on_request: started processing request
2026-09-12T17:48:39.336994Z  INFO request{method=GET uri=/api/migrations/fub/snapshots version=HTTP/1.1}: tower_http::trace::on_request: started processing request
2026-09-12T17:48:39.365833Z  INFO request{method=GET uri=/api/migrations/fub/imports version=HTTP/1.1}: tower_http::trace::on_response: finished processing request latency=29 ms status=200
2026-09-12T17:48:39.368528Z  INFO request{method=GET uri=/api/migrations/fub/imports version=HTTP/1.1}: tower_http::trace::on_response: finished processing request latency=32 ms status=200
2026-09-12T17:48:39.371605Z  INFO request{method=GET uri=/api/migrations/fub/ version=HTTP/1.1}: tower_http::trace::on_response: finished processing request latency=37 ms status=200
2026-09-12T17:48:39.374656Z  INFO request{method=GET uri=/api/migrations/fub/imports version=HTTP/1.1}: tower_http::trace::on_response: finished processing request latency=39 ms status=200
2026-09-12T17:48:39.376089Z  INFO request{method=GET uri=/api/migrations/fub/imports version=HTTP/1.1}: tower_http::trace::on_request: started processing request
2026-09-12T17:48:39.378700Z  INFO request{method=GET uri=/api/migrations/fub/imports/e63ca63f-ac6d-4a33-91d7-c9899d65ecdc version=HTTP/1.1}: tower_http::trace::on_request: started processing request
2026-09-12T17:48:39.379235Z  INFO request{method=GET uri=/api/migrations/fub/activity-imports version=HTTP/1.1}: tower_http::trace::on_request: started processing request
2026-09-12T17:48:39.381196Z  INFO request{method=GET uri=/api/migrations/fub/snapshots version=HTTP/1.1}: tower_http::trace::on_response: finished processing request latency=45 ms status=200
2026-09-12T17:48:39.385901Z  WARN sqlx::postgres::notice: there is no transaction in progress
2026-09-12T17:48:39.411937Z  INFO request{method=GET uri=/api/me version=HTTP/1.1}: tower_http::trace::on_request: started processing request
2026-09-12T17:48:39.413851Z  INFO request{method=GET uri=/api/me version=HTTP/1.1}: tower_http::trace::on_response: finished processing request latency=1 ms status=200
2026-09-12T17:48:39.457446Z  INFO request{method=GET uri=/api/migrations/fub/ version=HTTP/1.1}: tower_http::trace::on_request: started processing request
2026-09-12T17:48:39.458096Z  INFO request{method=GET uri=/api/migrations/fub/imports version=HTTP/1.1}: tower_http::trace::on_request: started processing request
2026-09-12T17:48:39.458602Z  INFO request{method=GET uri=/api/migrations/fub/snapshots version=HTTP/1.1}: tower_http::trace::on_request: started processing request
2026-09-12T17:48:39.459173Z  INFO request{method=GET uri=/api/migrations/fub/imports version=HTTP/1.1}: tower_http::trace::on_request: started processing request
2026-09-12T17:48:39.459828Z  INFO request{method=GET uri=/api/migrations/fub/snapshots version=HTTP/1.1}: tower_http::trace::on_request: started processing request
2026-09-12T17:48:39.460413Z  INFO request{method=GET uri=/api/migrations/fub/imports version=HTTP/1.1}: tower_http::trace::on_request: started processing request
2026-09-12T17:48:39.496525Z  INFO request{method=GET uri=/api/migrations/fub/ version=HTTP/1.1}: tower_http::trace::on_response: finished processing request latency=39 ms status=200
2026-09-12T17:48:39.497061Z  INFO request{method=GET uri=/api/migrations/fub/imports version=HTTP/1.1}: tower_http::trace::on_response: finished processing request latency=37 ms status=200
2026-09-12T17:48:39.499258Z  INFO request{method=GET uri=/api/migrations/fub/imports version=HTTP/1.1}: tower_http::trace::on_request: started processing request
2026-09-12T17:48:39.499481Z  INFO request{method=GET uri=/api/migrations/fub/snapshots version=HTTP/1.1}: tower_http::trace::on_response: finished processing request latency=40 ms status=200
2026-09-12T17:48:39.500116Z  INFO request{method=GET uri=/api/me version=HTTP/1.1}: tower_http::trace::on_request: started processing request
2026-09-12T17:48:39.500912Z  INFO request{method=GET uri=/api/migrations/fub/imports version=HTTP/1.1}: tower_http::trace::on_response: finished processing request latency=42 ms status=200
2026-09-12T17:48:39.501098Z  INFO request{method=GET uri=/api/me version=HTTP/1.1}: tower_http::trace::on_response: finished processing request latency=0 ms status=200
2026-09-12T17:48:39.504736Z  INFO request{method=GET uri=/api/migrations/fub/imports/e63ca63f-ac6d-4a33-91d7-c9899d65ecdc version=HTTP/1.1}: tower_http::trace::on_request: started processing request
2026-09-12T17:48:39.505316Z  INFO request{method=GET uri=/api/migrations/fub/metadata-imports version=HTTP/1.1}: tower_http::trace::on_request: started processing request
2026-09-12T17:48:39.505859Z  INFO request{method=GET uri=/api/migrations/fub/snapshots/3ddd8f22-1eae-484b-9ec0-5a89e7bc6f4c version=HTTP/1.1}: tower_http::trace::on_request: started processing request
2026-09-12T17:48:39.508776Z  INFO request{method=GET uri=/api/migrations/fub/imports version=HTTP/1.1}: tower_http::trace::on_response: finished processing request latency=48 ms status=200
2026-09-12T17:48:39.509821Z  INFO request{method=GET uri=/api/migrations/fub/snapshots version=HTTP/1.1}: tower_http::trace::on_response: finished processing request latency=50 ms status=200
2026-09-12T17:48:39.512527Z  INFO request{method=GET uri=/api/migrations/fub/imports/e63ca63f-ac6d-4a33-91d7-c9899d65ecdc version=HTTP/1.1}: tower_http::trace::on_request: started processing request
2026-09-12T17:48:39.512590Z  INFO request{method=GET uri=/api/migrations/fub/imports version=HTTP/1.1}: tower_http::trace::on_response: finished processing request latency=13 ms status=200
2026-09-12T17:48:39.516746Z  INFO request{method=GET uri=/api/migrations/fub/metadata-imports version=HTTP/1.1}: tower_http::trace::on_response: finished processing request latency=11 ms status=200
2026-09-12T17:48:39.518056Z  INFO request{method=GET uri=/api/migrations/fub/imports/e63ca63f-ac6d-4a33-91d7-c9899d65ecdc version=HTTP/1.1}: tower_http::trace::on_request: started processing request
2026-09-12T17:48:39.518630Z  INFO request{method=GET uri=/api/migrations/fub/activity-imports version=HTTP/1.1}: tower_http::trace::on_request: started processing request
2026-09-12T17:48:39.519134Z  INFO request{method=GET uri=/api/migrations/fub/snapshots/3ddd8f22-1eae-484b-9ec0-5a89e7bc6f4c version=HTTP/1.1}: tower_http::trace::on_request: started processing request
2026-09-12T17:48:39.520588Z  WARN sqlx::postgres::notice: there is no transaction in progress
2026-09-12T17:48:39.520850Z  WARN sqlx::postgres::notice: there is no transaction in progress
2026-09-12T17:48:39.546206Z  INFO request{method=GET uri=/api/me version=HTTP/1.1}: tower_http::trace::on_request: started processing request
2026-09-12T17:48:39.547434Z  INFO request{method=GET uri=/api/me version=HTTP/1.1}: tower_http::trace::on_response: finished processing request latency=1 ms status=200
2026-09-12T17:48:39.571123Z  INFO request{method=GET uri=/api/migrations/fub/ version=HTTP/1.1}: tower_http::trace::on_request: started processing request
2026-09-12T17:48:39.572805Z  INFO request{method=GET uri=/api/migrations/fub/imports version=HTTP/1.1}: tower_http::trace::on_request: started processing request
2026-09-12T17:48:39.573316Z  INFO request{method=GET uri=/api/migrations/fub/imports version=HTTP/1.1}: tower_http::trace::on_request: started processing request
2026-09-12T17:48:39.573933Z  INFO request{method=GET uri=/api/migrations/fub/snapshots version=HTTP/1.1}: tower_http::trace::on_request: started processing request
2026-09-12T17:48:39.574455Z  WARN request{method=GET uri=/api/migrations/fub/ version=HTTP/1.1}: sqlx::postgres::notice: there is already a transaction in progress
2026-09-12T17:48:39.574701Z  INFO request{method=GET uri=/api/migrations/fub/imports version=HTTP/1.1}: tower_http::trace::on_request: started processing request
2026-09-12T17:48:39.575072Z  INFO request{method=GET uri=/api/migrations/fub/snapshots version=HTTP/1.1}: tower_http::trace::on_request: started processing request
2026-09-12T17:48:39.605539Z  INFO request{method=GET uri=/api/migrations/fub/ version=HTTP/1.1}: tower_http::trace::on_response: finished processing request latency=34 ms status=200
2026-09-12T17:48:39.609404Z  INFO request{method=GET uri=/api/migrations/fub/imports version=HTTP/1.1}: tower_http::trace::on_request: started processing request
2026-09-12T17:48:39.610923Z  INFO request{method=GET uri=/api/migrations/fub/imports version=HTTP/1.1}: tower_http::trace::on_response: finished processing request latency=38 ms status=200
2026-09-12T17:48:39.614150Z  INFO request{method=GET uri=/api/migrations/fub/imports version=HTTP/1.1}: tower_http::trace::on_response: finished processing request latency=40 ms status=200
2026-09-12T17:48:39.616573Z  INFO request{method=GET uri=/api/migrations/fub/snapshots version=HTTP/1.1}: tower_http::trace::on_response: finished processing request latency=41 ms status=200
2026-09-12T17:48:39.617470Z  INFO request{method=GET uri=/api/migrations/fub/imports/e63ca63f-ac6d-4a33-91d7-c9899d65ecdc version=HTTP/1.1}: tower_http::trace::on_request: started processing request
2026-09-12T17:48:39.618361Z  INFO request{method=GET uri=/api/migrations/fub/imports version=HTTP/1.1}: tower_http::trace::on_response: finished processing request latency=43 ms status=200
2026-09-12T17:48:39.619833Z  INFO request{method=GET uri=/api/migrations/fub/imports/e63ca63f-ac6d-4a33-91d7-c9899d65ecdc version=HTTP/1.1}: tower_http::trace::on_request: started processing request
2026-09-12T17:48:39.620294Z  INFO request{method=GET uri=/api/migrations/fub/metadata-imports version=HTTP/1.1}: tower_http::trace::on_request: started processing request
2026-09-12T17:48:39.621252Z  INFO request{method=GET uri=/api/migrations/fub/snapshots version=HTTP/1.1}: tower_http::trace::on_response: finished processing request latency=47 ms status=200
2026-09-12T17:48:39.621905Z  INFO request{method=GET uri=/api/migrations/fub/snapshots/3ddd8f22-1eae-484b-9ec0-5a89e7bc6f4c version=HTTP/1.1}: tower_http::trace::on_request: started processing request
2026-09-12T17:48:39.623308Z  INFO request{method=GET uri=/api/migrations/fub/imports/e63ca63f-ac6d-4a33-91d7-c9899d65ecdc version=HTTP/1.1}: tower_http::trace::on_request: started processing request
2026-09-12T17:48:39.623563Z  INFO request{method=GET uri=/api/migrations/fub/imports version=HTTP/1.1}: tower_http::trace::on_response: finished processing request latency=14 ms status=200
2026-09-12T17:48:39.625610Z  INFO request{method=GET uri=/api/migrations/fub/activity-imports version=HTTP/1.1}: tower_http::trace::on_request: started processing request
2026-09-12T17:48:39.630532Z  INFO request{method=GET uri=/api/migrations/fub/imports/e63ca63f-ac6d-4a33-91d7-c9899d65ecdc version=HTTP/1.1}: tower_http::trace::on_response: finished processing request latency=13 ms status=200
2026-09-12T17:48:39.630784Z  INFO request{method=GET uri=/api/migrations/fub/snapshots/3ddd8f22-1eae-484b-9ec0-5a89e7bc6f4c version=HTTP/1.1}: tower_http::trace::on_response: finished processing request latency=8 ms status=200
2026-09-12T17:48:39.632667Z  INFO request{method=GET uri=/api/migrations/fub/metadata-imports version=HTTP/1.1}: tower_http::trace::on_response: finished processing request latency=12 ms status=200
2026-09-12T17:48:39.633326Z  INFO request{method=GET uri=/api/migrations/fub/snapshots/3ddd8f22-1eae-484b-9ec0-5a89e7bc6f4c version=HTTP/1.1}: tower_http::trace::on_request: started processing request
2026-09-12T17:48:39.633892Z  INFO request{method=GET uri=/api/migrations/fub/imports/e63ca63f-ac6d-4a33-91d7-c9899d65ecdc version=HTTP/1.1}: tower_http::trace::on_request: started processing request
2026-09-12T17:48:39.634540Z  INFO request{method=GET uri=/api/migrations/fub/history-captures version=HTTP/1.1}: tower_http::trace::on_request: started processing request
2026-09-12T17:48:39.637263Z  INFO request{method=GET uri=/api/migrations/fub/imports/e63ca63f-ac6d-4a33-91d7-c9899d65ecdc version=HTTP/1.1}: tower_http::trace::on_response: finished processing request latency=17 ms status=200
2026-09-12T17:48:39.639393Z  INFO request{method=GET uri=/api/migrations/fub/snapshots/3ddd8f22-1eae-484b-9ec0-5a89e7bc6f4c version=HTTP/1.1}: tower_http::trace::on_request: started processing request
2026-09-12T17:48:39.639493Z  INFO request{method=GET uri=/api/migrations/fub/imports/e63ca63f-ac6d-4a33-91d7-c9899d65ecdc version=HTTP/1.1}: tower_http::trace::on_response: finished processing request latency=16 ms status=200
2026-09-12T17:48:39.640829Z  INFO request{method=GET uri=/api/migrations/fub/activity-imports version=HTTP/1.1}: tower_http::trace::on_response: finished processing request latency=15 ms status=200
2026-09-12T17:48:39.641619Z  INFO request{method=GET uri=/api/migrations/fub/imports/e63ca63f-ac6d-4a33-91d7-c9899d65ecdc/plans/aa7b437a-9b03-410a-9831-2266e6a33017/mappings version=HTTP/1.1}: tower_http::trace::on_request: started processing request
2026-09-12T17:48:39.643249Z  INFO request{method=GET uri=/api/migrations/fub/imports/e63ca63f-ac6d-4a33-91d7-c9899d65ecdc/results version=HTTP/1.1}: tower_http::trace::on_request: started processing request
2026-09-12T17:48:39.644584Z  INFO request{method=GET uri=/api/migrations/fub/snapshots/3ddd8f22-1eae-484b-9ec0-5a89e7bc6f4c version=HTTP/1.1}: tower_http::trace::on_response: finished processing request latency=11 ms status=200
2026-09-12T17:48:39.646860Z  INFO request{method=GET uri=/api/migrations/fub/snapshots/3ddd8f22-1eae-484b-9ec0-5a89e7bc6f4c/previews/c25400a7-08fa-4ed8-940f-fee6f81a28be version=HTTP/1.1}: tower_http::trace::on_request: started processing request
2026-09-12T17:48:39.651853Z  INFO request{method=GET uri=/api/migrations/fub/imports/e63ca63f-ac6d-4a33-91d7-c9899d65ecdc version=HTTP/1.1}: tower_http::trace::on_response: finished processing request latency=17 ms status=200
2026-09-12T17:48:39.652638Z  INFO request{method=GET uri=/api/migrations/fub/snapshots/3ddd8f22-1eae-484b-9ec0-5a89e7bc6f4c version=HTTP/1.1}: tower_http::trace::on_response: finished processing request latency=13 ms status=200
2026-09-12T17:48:39.655160Z  INFO request{method=GET uri=/api/migrations/fub/snapshots/3ddd8f22-1eae-484b-9ec0-5a89e7bc6f4c version=HTTP/1.1}: tower_http::trace::on_request: started processing request
2026-09-12T17:48:39.655605Z  INFO request{method=GET uri=/api/migrations/fub/snapshots/3ddd8f22-1eae-484b-9ec0-5a89e7bc6f4c version=HTTP/1.1}: tower_http::trace::on_request: started processing request
2026-09-12T17:48:39.662243Z  INFO request{method=GET uri=/api/migrations/fub/history-captures version=HTTP/1.1}: tower_http::trace::on_response: finished processing request latency=27 ms status=200
2026-09-12T17:48:39.663860Z  INFO request{method=GET uri=/api/migrations/fub/imports/e63ca63f-ac6d-4a33-91d7-c9899d65ecdc/plans/aa7b437a-9b03-410a-9831-2266e6a33017/mappings version=HTTP/1.1}: tower_http::trace::on_response: finished processing request latency=22 ms status=200
2026-09-12T17:48:39.665468Z  INFO request{method=GET uri=/api/migrations/fub/snapshots/3ddd8f22-1eae-484b-9ec0-5a89e7bc6f4c/previews/c25400a7-08fa-4ed8-940f-fee6f81a28be version=HTTP/1.1}: tower_http::trace::on_request: started processing request
2026-09-12T17:48:39.666553Z  INFO request{method=GET uri=/api/migrations/fub/snapshots/3ddd8f22-1eae-484b-9ec0-5a89e7bc6f4c version=HTTP/1.1}: tower_http::trace::on_response: finished processing request latency=11 ms status=200
2026-09-12T17:48:39.667677Z  INFO request{method=GET uri=/api/migrations/fub/imports/e63ca63f-ac6d-4a33-91d7-c9899d65ecdc/results version=HTTP/1.1}: tower_http::trace::on_response: finished processing request latency=24 ms status=200
2026-09-12T17:48:39.668177Z  INFO request{method=GET uri=/api/migrations/fub/snapshots/3ddd8f22-1eae-484b-9ec0-5a89e7bc6f4c/previews/c25400a7-08fa-4ed8-940f-fee6f81a28be version=HTTP/1.1}: tower_http::trace::on_response: finished processing request latency=21 ms status=200
2026-09-12T17:48:39.669299Z  INFO request{method=GET uri=/api/migrations/fub/history-captures/6868df50-d767-44ad-8e7e-b8ba19f0717a version=HTTP/1.1}: tower_http::trace::on_request: started processing request
2026-09-12T17:48:39.672849Z  INFO request{method=GET uri=/api/migrations/fub/snapshots/3ddd8f22-1eae-484b-9ec0-5a89e7bc6f4c version=HTTP/1.1}: tower_http::trace::on_response: finished processing request latency=17 ms status=200
2026-09-12T17:48:39.677142Z  INFO request{method=GET uri=/api/migrations/fub/snapshots/3ddd8f22-1eae-484b-9ec0-5a89e7bc6f4c/previews/c25400a7-08fa-4ed8-940f-fee6f81a28be version=HTTP/1.1}: tower_http::trace::on_response: finished processing request latency=11 ms status=200
2026-09-12T17:48:39.680137Z  INFO request{method=GET uri=/api/migrations/fub/snapshots/3ddd8f22-1eae-484b-9ec0-5a89e7bc6f4c/previews/c25400a7-08fa-4ed8-940f-fee6f81a28be/records version=HTTP/1.1}: tower_http::trace::on_request: started processing request
2026-09-12T17:48:39.685382Z  INFO request{method=GET uri=/api/migrations/fub/history-captures/6868df50-d767-44ad-8e7e-b8ba19f0717a version=HTTP/1.1}: tower_http::trace::on_response: finished processing request latency=16 ms status=200
2026-09-12T17:48:39.688956Z  INFO request{method=GET uri=/api/migrations/fub/snapshots/3ddd8f22-1eae-484b-9ec0-5a89e7bc6f4c/previews/c25400a7-08fa-4ed8-940f-fee6f81a28be/records version=HTTP/1.1}: tower_http::trace::on_response: finished processing request latency=8 ms status=200
2026-09-12T17:48:39.692568Z  INFO request{method=GET uri=/api/migrations/fub/history-captures/6868df50-d767-44ad-8e7e-b8ba19f0717a/records version=HTTP/1.1}: tower_http::trace::on_request: started processing request
2026-09-12T17:48:39.735452Z  INFO request{method=GET uri=/api/migrations/fub/history-captures/6868df50-d767-44ad-8e7e-b8ba19f0717a/records version=HTTP/1.1}: tower_http::trace::on_response: finished processing request latency=42 ms status=200
2026-09-12T17:48:40.118014Z  INFO request{method=POST uri=/api/migrations/fub/history-captures version=HTTP/1.1}: tower_http::trace::on_request: started processing request
2026-09-12T17:48:40.149108Z  INFO request{method=POST uri=/api/migrations/fub/history-captures version=HTTP/1.1}: tower_http::trace::on_response: finished processing request latency=31 ms status=201
2026-09-12T17:48:40.160959Z  INFO request{method=GET uri=/api/migrations/fub/history-captures/a5af6793-1e3c-4fe9-9972-8327be1218bf version=HTTP/1.1}: tower_http::trace::on_request: started processing request
2026-09-12T17:48:40.161511Z  INFO request{method=GET uri=/api/migrations/fub/imports version=HTTP/1.1}: tower_http::trace::on_request: started processing request
2026-09-12T17:48:40.162258Z  INFO request{method=GET uri=/api/migrations/fub/imports/e63ca63f-ac6d-4a33-91d7-c9899d65ecdc version=HTTP/1.1}: tower_http::trace::on_request: started processing request
2026-09-12T17:48:40.162835Z  INFO request{method=GET uri=/api/migrations/fub/history-captures version=HTTP/1.1}: tower_http::trace::on_request: started processing request
2026-09-12T17:48:40.165878Z  INFO request{method=GET uri=/api/migrations/fub/history-captures/a5af6793-1e3c-4fe9-9972-8327be1218bf version=HTTP/1.1}: tower_http::trace::on_request: started processing request
2026-09-12T17:48:40.173454Z  INFO request{method=GET uri=/api/migrations/fub/history-captures/a5af6793-1e3c-4fe9-9972-8327be1218bf version=HTTP/1.1}: tower_http::trace::on_response: finished processing request latency=12 ms status=200
2026-09-12T17:48:40.176433Z  INFO request{method=GET uri=/api/migrations/fub/imports version=HTTP/1.1}: tower_http::trace::on_response: finished processing request latency=14 ms status=200
2026-09-12T17:48:40.179333Z  INFO request{method=GET uri=/api/migrations/fub/imports/e63ca63f-ac6d-4a33-91d7-c9899d65ecdc version=HTTP/1.1}: tower_http::trace::on_response: finished processing request latency=17 ms status=200
2026-09-12T17:48:40.181183Z  INFO request{method=GET uri=/api/migrations/fub/history-captures/a5af6793-1e3c-4fe9-9972-8327be1218bf/records version=HTTP/1.1}: tower_http::trace::on_request: started processing request
2026-09-12T17:48:40.190784Z  INFO request{method=GET uri=/api/migrations/fub/history-captures version=HTTP/1.1}: tower_http::trace::on_response: finished processing request latency=27 ms status=200
2026-09-12T17:48:40.196796Z  INFO request{method=GET uri=/api/migrations/fub/history-captures/a5af6793-1e3c-4fe9-9972-8327be1218bf version=HTTP/1.1}: tower_http::trace::on_response: finished processing request latency=30 ms status=200
2026-09-12T17:48:40.199586Z  INFO request{method=GET uri=/api/migrations/fub/history-captures/a5af6793-1e3c-4fe9-9972-8327be1218bf/records version=HTTP/1.1}: tower_http::trace::on_response: finished processing request latency=18 ms status=200
2026-09-12T17:48:41.064969Z  INFO request{method=POST uri=/api/migrations/fub/history-captures/a5af6793-1e3c-4fe9-9972-8327be1218bf/confirm version=HTTP/1.1}: tower_http::trace::on_request: started processing request
2026-09-12T17:48:41.097831Z  INFO request{method=POST uri=/api/migrations/fub/history-captures/a5af6793-1e3c-4fe9-9972-8327be1218bf/confirm version=HTTP/1.1}: tower_http::trace::on_response: finished processing request latency=32 ms status=202
2026-09-12T17:48:41.105166Z  INFO request{method=GET uri=/api/migrations/fub/imports version=HTTP/1.1}: tower_http::trace::on_request: started processing request
2026-09-12T17:48:41.105614Z  INFO request{method=GET uri=/api/migrations/fub/imports/e63ca63f-ac6d-4a33-91d7-c9899d65ecdc version=HTTP/1.1}: tower_http::trace::on_request: started processing request
2026-09-12T17:48:41.106123Z  INFO request{method=GET uri=/api/migrations/fub/history-captures version=HTTP/1.1}: tower_http::trace::on_request: started processing request
2026-09-12T17:48:41.106739Z  INFO request{method=GET uri=/api/migrations/fub/history-captures/a5af6793-1e3c-4fe9-9972-8327be1218bf version=HTTP/1.1}: tower_http::trace::on_request: started processing request
2026-09-12T17:48:41.107303Z  INFO request{method=GET uri=/api/migrations/fub/history-captures/a5af6793-1e3c-4fe9-9972-8327be1218bf version=HTTP/1.1}: tower_http::trace::on_request: started processing request
2026-09-12T17:48:41.114352Z  INFO request{method=GET uri=/api/migrations/fub/imports/e63ca63f-ac6d-4a33-91d7-c9899d65ecdc version=HTTP/1.1}: tower_http::trace::on_response: finished processing request latency=8 ms status=200
2026-09-12T17:48:41.116402Z  INFO request{method=GET uri=/api/migrations/fub/imports version=HTTP/1.1}: tower_http::trace::on_response: finished processing request latency=11 ms status=200
2026-09-12T17:48:41.126912Z  INFO request{method=GET uri=/api/migrations/fub/history-captures version=HTTP/1.1}: tower_http::trace::on_response: finished processing request latency=20 ms status=200
2026-09-12T17:48:41.129724Z  INFO request{method=GET uri=/api/migrations/fub/history-captures/a5af6793-1e3c-4fe9-9972-8327be1218bf version=HTTP/1.1}: tower_http::trace::on_response: finished processing request latency=22 ms status=200
2026-09-12T17:48:41.132997Z  INFO request{method=GET uri=/api/migrations/fub/history-captures/a5af6793-1e3c-4fe9-9972-8327be1218bf version=HTTP/1.1}: tower_http::trace::on_response: finished processing request latency=26 ms status=200
2026-09-12T17:48:41.137711Z  INFO request{method=GET uri=/api/migrations/fub/history-captures/a5af6793-1e3c-4fe9-9972-8327be1218bf version=HTTP/1.1}: tower_http::trace::on_request: started processing request
2026-09-12T17:48:41.145725Z  INFO request{method=GET uri=/api/migrations/fub/history-captures/a5af6793-1e3c-4fe9-9972-8327be1218bf version=HTTP/1.1}: tower_http::trace::on_response: finished processing request latency=8 ms status=200
2026-09-12T17:48:41.150714Z  INFO request{method=GET uri=/api/migrations/fub/ version=HTTP/1.1}: tower_http::trace::on_request: started processing request
2026-09-12T17:48:41.156298Z  INFO request{method=GET uri=/api/migrations/fub/ version=HTTP/1.1}: tower_http::trace::on_response: finished processing request latency=5 ms status=200
2026-09-12T17:48:41.161027Z  INFO request{method=PUT uri=/api/migrations/fub/connections/5976ccd2-3fd6-4025-957f-503a27b62078/credential version=HTTP/1.1}: tower_http::trace::on_request: started processing request
2026-09-12T17:48:41.178392Z  INFO request{method=PUT uri=/api/migrations/fub/connections/5976ccd2-3fd6-4025-957f-503a27b62078/credential version=HTTP/1.1}: tower_http::trace::on_response: finished processing request latency=17 ms status=200
2026-09-12T17:48:41.182735Z  INFO request{method=GET uri=/api/migrations/fub/history-captures/a5af6793-1e3c-4fe9-9972-8327be1218bf version=HTTP/1.1}: tower_http::trace::on_request: started processing request
2026-09-12T17:48:41.189429Z  INFO request{method=GET uri=/api/migrations/fub/history-captures/a5af6793-1e3c-4fe9-9972-8327be1218bf version=HTTP/1.1}: tower_http::trace::on_response: finished processing request latency=6 ms status=200
2026-09-12T17:48:41.225853Z  INFO request{method=GET uri=/api/me version=HTTP/1.1}: tower_http::trace::on_request: started processing request
2026-09-12T17:48:41.235575Z  INFO request{method=GET uri=/api/me version=HTTP/1.1}: tower_http::trace::on_response: finished processing request latency=9 ms status=200
2026-09-12T17:48:41.250251Z  INFO request{method=GET uri=/api/migrations/fub/ version=HTTP/1.1}: tower_http::trace::on_request: started processing request
2026-09-12T17:48:41.250915Z  INFO request{method=GET uri=/api/migrations/fub/imports version=HTTP/1.1}: tower_http::trace::on_request: started processing request
2026-09-12T17:48:41.251385Z  INFO request{method=GET uri=/api/migrations/fub/snapshots version=HTTP/1.1}: tower_http::trace::on_request: started processing request
2026-09-12T17:48:41.251909Z  INFO request{method=GET uri=/api/migrations/fub/imports version=HTTP/1.1}: tower_http::trace::on_request: started processing request
2026-09-12T17:48:41.252532Z  INFO request{method=GET uri=/api/migrations/fub/imports version=HTTP/1.1}: tower_http::trace::on_request: started processing request
2026-09-12T17:48:41.253039Z  INFO request{method=GET uri=/api/migrations/fub/imports version=HTTP/1.1}: tower_http::trace::on_request: started processing request
2026-09-12T17:48:41.271262Z  INFO request{method=GET uri=/api/migrations/fub/imports version=HTTP/1.1}: tower_http::trace::on_response: finished processing request latency=20 ms status=200
2026-09-12T17:48:41.274987Z  INFO request{method=GET uri=/api/migrations/fub/imports version=HTTP/1.1}: tower_http::trace::on_response: finished processing request latency=22 ms status=200
2026-09-12T17:48:41.277126Z  INFO request{method=GET uri=/api/migrations/fub/ version=HTTP/1.1}: tower_http::trace::on_response: finished processing request latency=26 ms status=200
2026-09-12T17:48:41.277726Z  INFO request{method=GET uri=/api/migrations/fub/snapshots version=HTTP/1.1}: tower_http::trace::on_request: started processing request
2026-09-12T17:48:41.278113Z  INFO request{method=GET uri=/api/migrations/fub/imports/e63ca63f-ac6d-4a33-91d7-c9899d65ecdc version=HTTP/1.1}: tower_http::trace::on_request: started processing request
2026-09-12T17:48:41.279945Z  INFO request{method=GET uri=/api/migrations/fub/imports version=HTTP/1.1}: tower_http::trace::on_response: finished processing request latency=28 ms status=200
2026-09-12T17:48:41.282094Z  INFO request{method=GET uri=/api/migrations/fub/snapshots version=HTTP/1.1}: tower_http::trace::on_response: finished processing request latency=30 ms status=200
2026-09-12T17:48:41.283927Z  INFO request{method=GET uri=/api/migrations/fub/imports/e63ca63f-ac6d-4a33-91d7-c9899d65ecdc version=HTTP/1.1}: tower_http::trace::on_request: started processing request
2026-09-12T17:48:41.284363Z  INFO request{method=GET uri=/api/migrations/fub/activity-imports version=HTTP/1.1}: tower_http::trace::on_request: started processing request
2026-09-12T17:48:41.284589Z  INFO request{method=GET uri=/api/migrations/fub/imports version=HTTP/1.1}: tower_http::trace::on_response: finished processing request latency=31 ms status=200
2026-09-12T17:48:41.286536Z  INFO request{method=GET uri=/api/migrations/fub/imports/e63ca63f-ac6d-4a33-91d7-c9899d65ecdc version=HTTP/1.1}: tower_http::trace::on_request: started processing request
2026-09-12T17:48:41.287082Z  INFO request{method=GET uri=/api/migrations/fub/metadata-imports version=HTTP/1.1}: tower_http::trace::on_request: started processing request
2026-09-12T17:48:41.288811Z  INFO request{method=GET uri=/api/migrations/fub/snapshots version=HTTP/1.1}: tower_http::trace::on_response: finished processing request latency=11 ms status=200
2026-09-12T17:48:41.290577Z  INFO request{method=GET uri=/api/migrations/fub/imports/e63ca63f-ac6d-4a33-91d7-c9899d65ecdc version=HTTP/1.1}: tower_http::trace::on_response: finished processing request latency=12 ms status=200
2026-09-12T17:48:41.290593Z  INFO request{method=GET uri=/api/migrations/fub/snapshots/3ddd8f22-1eae-484b-9ec0-5a89e7bc6f4c version=HTTP/1.1}: tower_http::trace::on_request: started processing request
2026-09-12T17:48:41.292603Z  INFO request{method=GET uri=/api/migrations/fub/imports/e63ca63f-ac6d-4a33-91d7-c9899d65ecdc version=HTTP/1.1}: tower_http::trace::on_request: started processing request
2026-09-12T17:48:41.294254Z  INFO request{method=GET uri=/api/migrations/fub/activity-imports version=HTTP/1.1}: tower_http::trace::on_response: finished processing request latency=9 ms status=200
2026-09-12T17:48:41.296608Z  INFO request{method=GET uri=/api/migrations/fub/history-captures version=HTTP/1.1}: tower_http::trace::on_request: started processing request
2026-09-12T17:48:41.300918Z  INFO request{method=GET uri=/api/migrations/fub/imports/e63ca63f-ac6d-4a33-91d7-c9899d65ecdc version=HTTP/1.1}: tower_http::trace::on_response: finished processing request latency=17 ms status=200
2026-09-12T17:48:41.302330Z  INFO request{method=GET uri=/api/migrations/fub/metadata-imports version=HTTP/1.1}: tower_http::trace::on_response: finished processing request latency=15 ms status=200
2026-09-12T17:48:41.303139Z  INFO request{method=GET uri=/api/migrations/fub/snapshots/3ddd8f22-1eae-484b-9ec0-5a89e7bc6f4c version=HTTP/1.1}: tower_http::trace::on_request: started processing request
2026-09-12T17:48:41.304413Z  INFO request{method=GET uri=/api/migrations/fub/snapshots/3ddd8f22-1eae-484b-9ec0-5a89e7bc6f4c version=HTTP/1.1}: tower_http::trace::on_request: started processing request
2026-09-12T17:48:41.305135Z  INFO request{method=GET uri=/api/migrations/fub/imports/e63ca63f-ac6d-4a33-91d7-c9899d65ecdc version=HTTP/1.1}: tower_http::trace::on_response: finished processing request latency=18 ms status=200
2026-09-12T17:48:41.305916Z  INFO request{method=GET uri=/api/migrations/fub/snapshots/3ddd8f22-1eae-484b-9ec0-5a89e7bc6f4c version=HTTP/1.1}: tower_http::trace::on_response: finished processing request latency=15 ms status=200
2026-09-12T17:48:41.307078Z  INFO request{method=GET uri=/api/migrations/fub/imports/e63ca63f-ac6d-4a33-91d7-c9899d65ecdc/plans/aa7b437a-9b03-410a-9831-2266e6a33017/mappings version=HTTP/1.1}: tower_http::trace::on_request: started processing request
2026-09-12T17:48:41.308076Z  INFO request{method=GET uri=/api/migrations/fub/imports/e63ca63f-ac6d-4a33-91d7-c9899d65ecdc/results version=HTTP/1.1}: tower_http::trace::on_request: started processing request
2026-09-12T17:48:41.309076Z  INFO request{method=GET uri=/api/migrations/fub/imports/e63ca63f-ac6d-4a33-91d7-c9899d65ecdc version=HTTP/1.1}: tower_http::trace::on_response: finished processing request latency=16 ms status=200
2026-09-12T17:48:41.311602Z  INFO request{method=GET uri=/api/migrations/fub/snapshots/3ddd8f22-1eae-484b-9ec0-5a89e7bc6f4c version=HTTP/1.1}: tower_http::trace::on_request: started processing request
2026-09-12T17:48:41.313269Z  INFO request{method=GET uri=/api/migrations/fub/snapshots/3ddd8f22-1eae-484b-9ec0-5a89e7bc6f4c version=HTTP/1.1}: tower_http::trace::on_response: finished processing request latency=10 ms status=200
2026-09-12T17:48:41.314589Z  INFO request{method=GET uri=/api/migrations/fub/snapshots/3ddd8f22-1eae-484b-9ec0-5a89e7bc6f4c version=HTTP/1.1}: tower_http::trace::on_response: finished processing request latency=10 ms status=200
2026-09-12T17:48:41.315409Z  INFO request{method=GET uri=/api/migrations/fub/snapshots/3ddd8f22-1eae-484b-9ec0-5a89e7bc6f4c version=HTTP/1.1}: tower_http::trace::on_request: started processing request
2026-09-12T17:48:41.316613Z  INFO request{method=GET uri=/api/migrations/fub/snapshots/3ddd8f22-1eae-484b-9ec0-5a89e7bc6f4c/previews/c25400a7-08fa-4ed8-940f-fee6f81a28be version=HTTP/1.1}: tower_http::trace::on_request: started processing request
2026-09-12T17:48:41.319938Z  INFO request{method=GET uri=/api/migrations/fub/history-captures version=HTTP/1.1}: tower_http::trace::on_response: finished processing request latency=23 ms status=200
2026-09-12T17:48:41.321868Z  INFO request{method=GET uri=/api/migrations/fub/snapshots/3ddd8f22-1eae-484b-9ec0-5a89e7bc6f4c/previews/c25400a7-08fa-4ed8-940f-fee6f81a28be version=HTTP/1.1}: tower_http::trace::on_request: started processing request
2026-09-12T17:48:41.322703Z  INFO request{method=GET uri=/api/migrations/fub/snapshots/3ddd8f22-1eae-484b-9ec0-5a89e7bc6f4c version=HTTP/1.1}: tower_http::trace::on_response: finished processing request latency=11 ms status=200
2026-09-12T17:48:41.323407Z  INFO request{method=GET uri=/api/migrations/fub/imports/e63ca63f-ac6d-4a33-91d7-c9899d65ecdc/plans/aa7b437a-9b03-410a-9831-2266e6a33017/mappings version=HTTP/1.1}: tower_http::trace::on_response: finished processing request latency=16 ms status=200
2026-09-12T17:48:41.324942Z  INFO request{method=GET uri=/api/migrations/fub/history-captures/a5af6793-1e3c-4fe9-9972-8327be1218bf version=HTTP/1.1}: tower_http::trace::on_request: started processing request
2026-09-12T17:48:41.326393Z  INFO request{method=GET uri=/api/migrations/fub/snapshots/3ddd8f22-1eae-484b-9ec0-5a89e7bc6f4c version=HTTP/1.1}: tower_http::trace::on_response: finished processing request latency=10 ms status=200
2026-09-12T17:48:41.329077Z  INFO request{method=GET uri=/api/migrations/fub/imports/e63ca63f-ac6d-4a33-91d7-c9899d65ecdc/results version=HTTP/1.1}: tower_http::trace::on_response: finished processing request latency=21 ms status=200
2026-09-12T17:48:41.334687Z  INFO request{method=GET uri=/api/migrations/fub/snapshots/3ddd8f22-1eae-484b-9ec0-5a89e7bc6f4c/previews/c25400a7-08fa-4ed8-940f-fee6f81a28be version=HTTP/1.1}: tower_http::trace::on_response: finished processing request latency=18 ms status=200
2026-09-12T17:48:41.336359Z  INFO request{method=GET uri=/api/migrations/fub/history-captures/a5af6793-1e3c-4fe9-9972-8327be1218bf version=HTTP/1.1}: tower_http::trace::on_response: finished processing request latency=11 ms status=200
2026-09-12T17:48:41.338312Z  INFO request{method=GET uri=/api/migrations/fub/snapshots/3ddd8f22-1eae-484b-9ec0-5a89e7bc6f4c/previews/c25400a7-08fa-4ed8-940f-fee6f81a28be version=HTTP/1.1}: tower_http::trace::on_response: finished processing request latency=16 ms status=200
2026-09-12T17:48:41.341088Z  INFO request{method=GET uri=/api/migrations/fub/history-captures/a5af6793-1e3c-4fe9-9972-8327be1218bf/records version=HTTP/1.1}: tower_http::trace::on_request: started processing request
2026-09-12T17:48:41.349182Z  INFO request{method=GET uri=/api/migrations/fub/history-captures/a5af6793-1e3c-4fe9-9972-8327be1218bf/records version=HTTP/1.1}: tower_http::trace::on_response: finished processing request latency=8 ms status=200
2026-09-12T17:48:41.349981Z  INFO request{method=GET uri=/api/migrations/fub/snapshots/3ddd8f22-1eae-484b-9ec0-5a89e7bc6f4c/previews/c25400a7-08fa-4ed8-940f-fee6f81a28be/records version=HTTP/1.1}: tower_http::trace::on_request: started processing request
2026-09-12T17:48:41.354874Z  INFO request{method=GET uri=/api/migrations/fub/snapshots/3ddd8f22-1eae-484b-9ec0-5a89e7bc6f4c/previews/c25400a7-08fa-4ed8-940f-fee6f81a28be/records version=HTTP/1.1}: tower_http::trace::on_response: finished processing request latency=4 ms status=200
2026-09-12T17:48:41.914708Z  INFO request{method=POST uri=/api/migrations/fub/history-captures version=HTTP/1.1}: tower_http::trace::on_request: started processing request
2026-09-12T17:48:41.941425Z  INFO request{method=POST uri=/api/migrations/fub/history-captures version=HTTP/1.1}: tower_http::trace::on_response: finished processing request latency=26 ms status=201
2026-09-12T17:48:41.947573Z  INFO request{method=GET uri=/api/migrations/fub/history-captures/8f23cd46-bcdf-42dd-b456-8893b01579bf version=HTTP/1.1}: tower_http::trace::on_request: started processing request
2026-09-12T17:48:41.948023Z  INFO request{method=GET uri=/api/migrations/fub/imports version=HTTP/1.1}: tower_http::trace::on_request: started processing request
2026-09-12T17:48:41.948782Z  INFO request{method=GET uri=/api/migrations/fub/imports/e63ca63f-ac6d-4a33-91d7-c9899d65ecdc version=HTTP/1.1}: tower_http::trace::on_request: started processing request
2026-09-12T17:48:41.949801Z  INFO request{method=GET uri=/api/migrations/fub/history-captures version=HTTP/1.1}: tower_http::trace::on_request: started processing request
2026-09-12T17:48:41.950727Z  INFO request{method=GET uri=/api/migrations/fub/history-captures/8f23cd46-bcdf-42dd-b456-8893b01579bf version=HTTP/1.1}: tower_http::trace::on_request: started processing request
2026-09-12T17:48:41.960168Z  INFO request{method=GET uri=/api/migrations/fub/history-captures/8f23cd46-bcdf-42dd-b456-8893b01579bf version=HTTP/1.1}: tower_http::trace::on_response: finished processing request latency=12 ms status=200
2026-09-12T17:48:41.962691Z  INFO request{method=GET uri=/api/migrations/fub/imports version=HTTP/1.1}: tower_http::trace::on_response: finished processing request latency=14 ms status=200
2026-09-12T17:48:41.965251Z  INFO request{method=GET uri=/api/migrations/fub/imports/e63ca63f-ac6d-4a33-91d7-c9899d65ecdc version=HTTP/1.1}: tower_http::trace::on_response: finished processing request latency=16 ms status=200
2026-09-12T17:48:41.966532Z  INFO request{method=GET uri=/api/migrations/fub/history-captures/8f23cd46-bcdf-42dd-b456-8893b01579bf/records version=HTTP/1.1}: tower_http::trace::on_request: started processing request
2026-09-12T17:48:41.974894Z  INFO request{method=GET uri=/api/migrations/fub/history-captures version=HTTP/1.1}: tower_http::trace::on_response: finished processing request latency=25 ms status=200
2026-09-12T17:48:41.977495Z  INFO request{method=GET uri=/api/migrations/fub/history-captures/8f23cd46-bcdf-42dd-b456-8893b01579bf version=HTTP/1.1}: tower_http::trace::on_response: finished processing request latency=26 ms status=200
2026-09-12T17:48:41.980413Z  INFO request{method=GET uri=/api/migrations/fub/history-captures/8f23cd46-bcdf-42dd-b456-8893b01579bf/records version=HTTP/1.1}: tower_http::trace::on_response: finished processing request latency=13 ms status=200
2026-09-12T17:48:42.815343Z  INFO request{method=POST uri=/api/migrations/fub/history-captures/8f23cd46-bcdf-42dd-b456-8893b01579bf/confirm version=HTTP/1.1}: tower_http::trace::on_request: started processing request
2026-09-12T17:48:42.847350Z  INFO request{method=POST uri=/api/migrations/fub/history-captures/8f23cd46-bcdf-42dd-b456-8893b01579bf/confirm version=HTTP/1.1}: tower_http::trace::on_response: finished processing request latency=32 ms status=202
2026-09-12T17:48:42.853984Z  INFO request{method=GET uri=/api/migrations/fub/imports version=HTTP/1.1}: tower_http::trace::on_request: started processing request
2026-09-12T17:48:42.854413Z  INFO request{method=GET uri=/api/migrations/fub/imports/e63ca63f-ac6d-4a33-91d7-c9899d65ecdc version=HTTP/1.1}: tower_http::trace::on_request: started processing request
2026-09-12T17:48:42.854916Z  INFO request{method=GET uri=/api/migrations/fub/history-captures version=HTTP/1.1}: tower_http::trace::on_request: started processing request
2026-09-12T17:48:42.855437Z  INFO request{method=GET uri=/api/migrations/fub/history-captures/8f23cd46-bcdf-42dd-b456-8893b01579bf version=HTTP/1.1}: tower_http::trace::on_request: started processing request
2026-09-12T17:48:42.855941Z  INFO request{method=GET uri=/api/migrations/fub/history-captures/8f23cd46-bcdf-42dd-b456-8893b01579bf version=HTTP/1.1}: tower_http::trace::on_request: started processing request
2026-09-12T17:48:42.871756Z  INFO request{method=GET uri=/api/migrations/fub/history-captures/8f23cd46-bcdf-42dd-b456-8893b01579bf version=HTTP/1.1}: tower_http::trace::on_response: finished processing request latency=16 ms status=200
2026-09-12T17:48:42.875209Z  INFO request{method=GET uri=/api/migrations/fub/history-captures/8f23cd46-bcdf-42dd-b456-8893b01579bf version=HTTP/1.1}: tower_http::trace::on_response: finished processing request latency=19 ms status=200
2026-09-12T17:48:42.886606Z  INFO request{method=GET uri=/api/migrations/fub/history-captures version=HTTP/1.1}: tower_http::trace::on_response: finished processing request latency=31 ms status=200
2026-09-12T17:48:42.889267Z  INFO request{method=GET uri=/api/migrations/fub/imports version=HTTP/1.1}: tower_http::trace::on_response: finished processing request latency=35 ms status=200
2026-09-12T17:48:42.891535Z  INFO request{method=GET uri=/api/migrations/fub/imports/e63ca63f-ac6d-4a33-91d7-c9899d65ecdc version=HTTP/1.1}: tower_http::trace::on_response: finished processing request latency=37 ms status=200
2026-09-12T17:48:43.323693Z  INFO settle{organization_id=1171938e-8da2-435c-8465-88d0b523df38 run_id=8f23cd46-bcdf-42dd-b456-8893b01579bf}: crm_app::domain::migration::history_capture_worker: history capture settled raw_bytes=100 retained_bytes=195 outcome="accepted"
2026-09-12T17:48:43.339125Z  INFO request{method=GET uri=/api/migrations/fub/history-captures/8f23cd46-bcdf-42dd-b456-8893b01579bf version=HTTP/1.1}: tower_http::trace::on_request: started processing request
2026-09-12T17:48:43.352109Z  INFO request{method=GET uri=/api/migrations/fub/history-captures/8f23cd46-bcdf-42dd-b456-8893b01579bf version=HTTP/1.1}: tower_http::trace::on_response: finished processing request latency=13 ms status=200
2026-09-12T17:48:43.362849Z  INFO request{method=POST uri=/api/migrations/fub/history-captures/8f23cd46-bcdf-42dd-b456-8893b01579bf/cancel version=HTTP/1.1}: tower_http::trace::on_request: started processing request
2026-09-12T17:48:43.395640Z  INFO request{method=POST uri=/api/migrations/fub/history-captures/8f23cd46-bcdf-42dd-b456-8893b01579bf/cancel version=HTTP/1.1}: tower_http::trace::on_response: finished processing request latency=32 ms status=200
2026-09-12T17:48:43.412470Z  INFO request{method=GET uri=/api/migrations/fub/ version=HTTP/1.1}: tower_http::trace::on_request: started processing request
2026-09-12T17:48:43.426029Z  INFO request{method=GET uri=/api/migrations/fub/ version=HTTP/1.1}: tower_http::trace::on_response: finished processing request latency=13 ms status=200
2026-09-12T17:48:43.434784Z  INFO request{method=PUT uri=/api/migrations/fub/connections/5976ccd2-3fd6-4025-957f-503a27b62078/credential version=HTTP/1.1}: tower_http::trace::on_request: started processing request
2026-09-12T17:48:43.469841Z  INFO request{method=PUT uri=/api/migrations/fub/connections/5976ccd2-3fd6-4025-957f-503a27b62078/credential version=HTTP/1.1}: tower_http::trace::on_response: finished processing request latency=35 ms status=200
2026-09-12T17:53:39.715071Z  INFO request{method=GET uri=/api/me version=HTTP/1.1}: tower_http::trace::on_request: started processing request
2026-09-12T17:53:39.717438Z  INFO request{method=GET uri=/api/me version=HTTP/1.1}: tower_http::trace::on_response: finished processing request latency=2 ms status=200
2026-09-12T17:53:39.730507Z  INFO request{method=GET uri=/api/me version=HTTP/1.1}: tower_http::trace::on_request: started processing request
2026-09-12T17:53:39.731757Z  INFO request{method=GET uri=/api/me version=HTTP/1.1}: tower_http::trace::on_response: finished processing request latency=1 ms status=200
2026-09-12T17:53:39.760440Z  INFO request{method=GET uri=/api/migrations/fub/ version=HTTP/1.1}: tower_http::trace::on_request: started processing request
2026-09-12T17:53:39.760986Z  INFO request{method=GET uri=/api/migrations/fub/imports version=HTTP/1.1}: tower_http::trace::on_request: started processing request
2026-09-12T17:53:39.761414Z  INFO request{method=GET uri=/api/migrations/fub/snapshots version=HTTP/1.1}: tower_http::trace::on_request: started processing request
2026-09-12T17:53:39.761935Z  INFO request{method=GET uri=/api/migrations/fub/imports version=HTTP/1.1}: tower_http::trace::on_request: started processing request
2026-09-12T17:53:39.762439Z  INFO request{method=GET uri=/api/migrations/fub/snapshots version=HTTP/1.1}: tower_http::trace::on_request: started processing request
2026-09-12T17:53:39.762900Z  INFO request{method=GET uri=/api/migrations/fub/imports version=HTTP/1.1}: tower_http::trace::on_request: started processing request
2026-09-12T17:53:39.796124Z  INFO request{method=GET uri=/api/migrations/fub/ version=HTTP/1.1}: tower_http::trace::on_response: finished processing request latency=35 ms status=200
2026-09-12T17:53:39.796726Z  INFO request{method=GET uri=/api/migrations/fub/imports version=HTTP/1.1}: tower_http::trace::on_response: finished processing request latency=35 ms status=200
2026-09-12T17:53:39.799843Z  INFO request{method=GET uri=/api/migrations/fub/snapshots version=HTTP/1.1}: tower_http::trace::on_response: finished processing request latency=37 ms status=200
2026-09-12T17:53:39.800044Z  INFO request{method=GET uri=/api/migrations/fub/snapshots version=HTTP/1.1}: tower_http::trace::on_response: finished processing request latency=38 ms status=200
2026-09-12T17:53:39.801654Z  INFO request{method=GET uri=/api/migrations/fub/imports version=HTTP/1.1}: tower_http::trace::on_response: finished processing request latency=38 ms status=200
2026-09-12T17:53:39.801725Z  INFO request{method=GET uri=/api/migrations/fub/imports version=HTTP/1.1}: tower_http::trace::on_request: started processing request
2026-09-12T17:53:39.807508Z  WARN sqlx::postgres::notice: there is no transaction in progress
2026-09-12T17:53:39.830308Z  INFO request{method=GET uri=/api/me version=HTTP/1.1}: tower_http::trace::on_request: started processing request
2026-09-12T17:53:39.831970Z  INFO request{method=GET uri=/api/me version=HTTP/1.1}: tower_http::trace::on_response: finished processing request latency=1 ms status=200
2026-09-12T17:53:39.872836Z  INFO request{method=GET uri=/api/migrations/fub/imports version=HTTP/1.1}: tower_http::trace::on_request: started processing request
2026-09-12T17:53:39.872942Z  INFO request{method=GET uri=/api/migrations/fub/imports version=HTTP/1.1}: tower_http::trace::on_request: started processing request
2026-09-12T17:53:39.873405Z  INFO request{method=GET uri=/api/migrations/fub/ version=HTTP/1.1}: tower_http::trace::on_request: started processing request
2026-09-12T17:53:39.873879Z  INFO request{method=GET uri=/api/migrations/fub/snapshots version=HTTP/1.1}: tower_http::trace::on_request: started processing request
2026-09-12T17:53:39.874346Z  INFO request{method=GET uri=/api/migrations/fub/imports version=HTTP/1.1}: tower_http::trace::on_request: started processing request
2026-09-12T17:53:39.874817Z  INFO request{method=GET uri=/api/migrations/fub/snapshots version=HTTP/1.1}: tower_http::trace::on_request: started processing request
2026-09-12T17:53:39.897037Z  INFO request{method=GET uri=/api/migrations/fub/imports version=HTTP/1.1}: tower_http::trace::on_response: finished processing request latency=24 ms status=200
2026-09-12T17:53:39.897570Z  INFO request{method=GET uri=/api/migrations/fub/ version=HTTP/1.1}: tower_http::trace::on_response: finished processing request latency=24 ms status=200
2026-09-12T17:53:39.899573Z  INFO request{method=GET uri=/api/migrations/fub/imports version=HTTP/1.1}: tower_http::trace::on_request: started processing request
2026-09-12T17:53:39.900146Z  INFO request{method=GET uri=/api/me version=HTTP/1.1}: tower_http::trace::on_request: started processing request
2026-09-12T17:53:39.900196Z  INFO request{method=GET uri=/api/migrations/fub/imports version=HTTP/1.1}: tower_http::trace::on_response: finished processing request latency=27 ms status=200
2026-09-12T17:53:39.900762Z  INFO request{method=GET uri=/api/migrations/fub/snapshots version=HTTP/1.1}: tower_http::trace::on_response: finished processing request latency=26 ms status=200
2026-09-12T17:53:39.900859Z  INFO request{method=GET uri=/api/migrations/fub/snapshots version=HTTP/1.1}: tower_http::trace::on_response: finished processing request latency=26 ms status=200
2026-09-12T17:53:39.902007Z  INFO request{method=GET uri=/api/me version=HTTP/1.1}: tower_http::trace::on_response: finished processing request latency=1 ms status=200
2026-09-12T17:53:39.903586Z  INFO request{method=GET uri=/api/migrations/fub/imports/153189d3-485c-49b0-b415-6309108a9188 version=HTTP/1.1}: tower_http::trace::on_request: started processing request
2026-09-12T17:53:39.907382Z  INFO request{method=GET uri=/api/migrations/fub/imports/153189d3-485c-49b0-b415-6309108a9188 version=HTTP/1.1}: tower_http::trace::on_request: started processing request
2026-09-12T17:53:39.907885Z  INFO request{method=GET uri=/api/migrations/fub/metadata-imports version=HTTP/1.1}: tower_http::trace::on_request: started processing request
2026-09-12T17:53:39.909786Z  INFO request{method=GET uri=/api/migrations/fub/snapshots/892214fb-86ce-419a-9715-fd1da4d9acb2 version=HTTP/1.1}: tower_http::trace::on_request: started processing request
2026-09-12T17:53:39.910953Z  INFO request{method=GET uri=/api/migrations/fub/imports version=HTTP/1.1}: tower_http::trace::on_response: finished processing request latency=36 ms status=200
2026-09-12T17:53:39.913378Z  INFO request{method=GET uri=/api/migrations/fub/snapshots/892214fb-86ce-419a-9715-fd1da4d9acb2 version=HTTP/1.1}: tower_http::trace::on_request: started processing request
2026-09-12T17:53:39.914136Z  INFO request{method=GET uri=/api/migrations/fub/imports version=HTTP/1.1}: tower_http::trace::on_response: finished processing request latency=14 ms status=200
2026-09-12T17:53:39.918013Z  INFO request{method=GET uri=/api/migrations/fub/imports/153189d3-485c-49b0-b415-6309108a9188 version=HTTP/1.1}: tower_http::trace::on_request: started processing request
2026-09-12T17:53:39.918240Z  INFO request{method=GET uri=/api/migrations/fub/imports/153189d3-485c-49b0-b415-6309108a9188 version=HTTP/1.1}: tower_http::trace::on_response: finished processing request latency=14 ms status=200
2026-09-12T17:53:39.922119Z  WARN sqlx::postgres::notice: there is no transaction in progress
2026-09-12T17:53:39.944030Z  INFO request{method=GET uri=/api/me version=HTTP/1.1}: tower_http::trace::on_request: started processing request
2026-09-12T17:53:39.945491Z  INFO request{method=GET uri=/api/me version=HTTP/1.1}: tower_http::trace::on_response: finished processing request latency=1 ms status=200
2026-09-12T17:53:39.968455Z  INFO request{method=GET uri=/api/migrations/fub/ version=HTTP/1.1}: tower_http::trace::on_request: started processing request
2026-09-12T17:53:39.968806Z  INFO request{method=GET uri=/api/migrations/fub/imports version=HTTP/1.1}: tower_http::trace::on_request: started processing request
2026-09-12T17:53:39.969406Z  INFO request{method=GET uri=/api/migrations/fub/imports version=HTTP/1.1}: tower_http::trace::on_request: started processing request
2026-09-12T17:53:39.969881Z  INFO request{method=GET uri=/api/migrations/fub/snapshots version=HTTP/1.1}: tower_http::trace::on_request: started processing request
2026-09-12T17:53:39.970482Z  INFO request{method=GET uri=/api/migrations/fub/imports version=HTTP/1.1}: tower_http::trace::on_request: started processing request
2026-09-12T17:53:39.971104Z  INFO request{method=GET uri=/api/migrations/fub/imports version=HTTP/1.1}: tower_http::trace::on_request: started processing request
2026-09-12T17:53:39.979111Z  INFO request{method=GET uri=/api/migrations/fub/imports version=HTTP/1.1}: tower_http::trace::on_response: finished processing request latency=10 ms status=200
2026-09-12T17:53:39.979325Z  INFO request{method=GET uri=/api/migrations/fub/ version=HTTP/1.1}: tower_http::trace::on_response: finished processing request latency=10 ms status=200
2026-09-12T17:53:39.982347Z  INFO request{method=GET uri=/api/migrations/fub/snapshots version=HTTP/1.1}: tower_http::trace::on_response: finished processing request latency=12 ms status=200
2026-09-12T17:53:39.982444Z  INFO request{method=GET uri=/api/migrations/fub/snapshots version=HTTP/1.1}: tower_http::trace::on_request: started processing request
2026-09-12T17:53:39.982534Z  INFO request{method=GET uri=/api/migrations/fub/imports version=HTTP/1.1}: tower_http::trace::on_response: finished processing request latency=11 ms status=200
2026-09-12T17:53:39.987003Z  INFO request{method=GET uri=/api/migrations/fub/imports/153189d3-485c-49b0-b415-6309108a9188 version=HTTP/1.1}: tower_http::trace::on_request: started processing request
2026-09-12T17:53:39.988944Z  INFO request{method=GET uri=/api/migrations/fub/imports version=HTTP/1.1}: tower_http::trace::on_response: finished processing request latency=18 ms status=200
2026-09-12T17:53:39.991559Z  INFO request{method=GET uri=/api/migrations/fub/snapshots version=HTTP/1.1}: tower_http::trace::on_response: finished processing request latency=9 ms status=200
2026-09-12T17:53:39.995470Z  INFO request{method=GET uri=/api/migrations/fub/snapshots/892214fb-86ce-419a-9715-fd1da4d9acb2 version=HTTP/1.1}: tower_http::trace::on_request: started processing request
2026-09-12T17:53:39.996707Z  INFO request{method=GET uri=/api/migrations/fub/imports/153189d3-485c-49b0-b415-6309108a9188 version=HTTP/1.1}: tower_http::trace::on_response: finished processing request latency=9 ms status=200
2026-09-12T17:53:39.997586Z  INFO request{method=GET uri=/api/migrations/fub/imports/153189d3-485c-49b0-b415-6309108a9188 version=HTTP/1.1}: tower_http::trace::on_request: started processing request
2026-09-12T17:53:39.997875Z  INFO request{method=GET uri=/api/migrations/fub/history-captures version=HTTP/1.1}: tower_http::trace::on_request: started processing request
2026-09-12T17:53:39.999810Z  INFO request{method=GET uri=/api/migrations/fub/imports/153189d3-485c-49b0-b415-6309108a9188 version=HTTP/1.1}: tower_http::trace::on_request: started processing request
2026-09-12T17:53:40.000168Z  INFO request{method=GET uri=/api/migrations/fub/activity-imports version=HTTP/1.1}: tower_http::trace::on_request: started processing request
2026-09-12T17:53:40.005200Z  INFO request{method=GET uri=/api/migrations/fub/snapshots/892214fb-86ce-419a-9715-fd1da4d9acb2 version=HTTP/1.1}: tower_http::trace::on_response: finished processing request latency=9 ms status=200
2026-09-12T17:53:40.007847Z  INFO request{method=GET uri=/api/migrations/fub/snapshots/892214fb-86ce-419a-9715-fd1da4d9acb2 version=HTTP/1.1}: tower_http::trace::on_request: started processing request
2026-09-12T17:53:40.011712Z  INFO request{method=GET uri=/api/migrations/fub/history-captures version=HTTP/1.1}: tower_http::trace::on_response: finished processing request latency=13 ms status=200
2026-09-12T17:53:40.013262Z  INFO request{method=GET uri=/api/migrations/fub/imports/153189d3-485c-49b0-b415-6309108a9188 version=HTTP/1.1}: tower_http::trace::on_response: finished processing request latency=15 ms status=200
2026-09-12T17:53:40.014279Z  INFO request{method=GET uri=/api/migrations/fub/snapshots/892214fb-86ce-419a-9715-fd1da4d9acb2 version=HTTP/1.1}: tower_http::trace::on_request: started processing request
2026-09-12T17:53:40.015464Z  INFO request{method=GET uri=/api/migrations/fub/imports/153189d3-485c-49b0-b415-6309108a9188/plans/58c034b2-bbe3-42bc-b0b1-31a7c056a48b/mappings version=HTTP/1.1}: tower_http::trace::on_request: started processing request
2026-09-12T17:53:40.017923Z  INFO request{method=GET uri=/api/migrations/fub/activity-imports version=HTTP/1.1}: tower_http::trace::on_response: finished processing request latency=17 ms status=200
2026-09-12T17:53:40.018161Z  INFO request{method=GET uri=/api/migrations/fub/imports/153189d3-485c-49b0-b415-6309108a9188 version=HTTP/1.1}: tower_http::trace::on_response: finished processing request latency=18 ms status=200
2026-09-12T17:53:40.020649Z  INFO request{method=GET uri=/api/migrations/fub/imports/153189d3-485c-49b0-b415-6309108a9188/results version=HTTP/1.1}: tower_http::trace::on_request: started processing request
2026-09-12T17:53:40.021495Z  INFO request{method=GET uri=/api/migrations/fub/snapshots/892214fb-86ce-419a-9715-fd1da4d9acb2 version=HTTP/1.1}: tower_http::trace::on_response: finished processing request latency=13 ms status=200
2026-09-12T17:53:40.022637Z  INFO request{method=GET uri=/api/migrations/fub/snapshots/892214fb-86ce-419a-9715-fd1da4d9acb2/previews/284b08bb-f92e-4810-aef7-062194fc9377 version=HTTP/1.1}: tower_http::trace::on_request: started processing request
2026-09-12T17:53:40.023322Z  INFO request{method=GET uri=/api/migrations/fub/imports version=HTTP/1.1}: tower_http::trace::on_response: finished processing request latency=53 ms status=200
2026-09-12T17:53:40.024760Z  INFO request{method=GET uri=/api/migrations/fub/history-captures/01375974-41c6-4916-bfd2-bca66e5af119 version=HTTP/1.1}: tower_http::trace::on_request: started processing request
2026-09-12T17:53:40.026215Z  INFO request{method=GET uri=/api/migrations/fub/snapshots/892214fb-86ce-419a-9715-fd1da4d9acb2 version=HTTP/1.1}: tower_http::trace::on_request: started processing request
2026-09-12T17:53:40.027282Z  INFO request{method=GET uri=/api/migrations/fub/snapshots/892214fb-86ce-419a-9715-fd1da4d9acb2 version=HTTP/1.1}: tower_http::trace::on_response: finished processing request latency=13 ms status=200
2026-09-12T17:53:40.031930Z  INFO request{method=GET uri=/api/migrations/fub/snapshots/892214fb-86ce-419a-9715-fd1da4d9acb2/previews/284b08bb-f92e-4810-aef7-062194fc9377 version=HTTP/1.1}: tower_http::trace::on_request: started processing request
2026-09-12T17:53:40.034121Z  INFO request{method=GET uri=/api/migrations/fub/imports/153189d3-485c-49b0-b415-6309108a9188/plans/58c034b2-bbe3-42bc-b0b1-31a7c056a48b/mappings version=HTTP/1.1}: tower_http::trace::on_response: finished processing request latency=18 ms status=200
2026-09-12T17:53:40.036504Z  INFO request{method=GET uri=/api/migrations/fub/imports/153189d3-485c-49b0-b415-6309108a9188 version=HTTP/1.1}: tower_http::trace::on_request: started processing request
2026-09-12T17:53:40.038203Z  INFO request{method=GET uri=/api/migrations/fub/imports/153189d3-485c-49b0-b415-6309108a9188/results version=HTTP/1.1}: tower_http::trace::on_response: finished processing request latency=17 ms status=200
2026-09-12T17:53:40.038498Z  INFO request{method=GET uri=/api/migrations/fub/snapshots/892214fb-86ce-419a-9715-fd1da4d9acb2/previews/284b08bb-f92e-4810-aef7-062194fc9377 version=HTTP/1.1}: tower_http::trace::on_response: finished processing request latency=15 ms status=200
2026-09-12T17:53:40.039793Z  INFO request{method=GET uri=/api/migrations/fub/snapshots/892214fb-86ce-419a-9715-fd1da4d9acb2 version=HTTP/1.1}: tower_http::trace::on_response: finished processing request latency=13 ms status=200
2026-09-12T17:53:40.041790Z  INFO request{method=GET uri=/api/migrations/fub/metadata-imports version=HTTP/1.1}: tower_http::trace::on_request: started processing request
2026-09-12T17:53:40.046023Z  INFO request{method=GET uri=/api/migrations/fub/history-captures/01375974-41c6-4916-bfd2-bca66e5af119 version=HTTP/1.1}: tower_http::trace::on_response: finished processing request latency=21 ms status=200
2026-09-12T17:53:40.048106Z  INFO request{method=GET uri=/api/migrations/fub/snapshots/892214fb-86ce-419a-9715-fd1da4d9acb2/previews/284b08bb-f92e-4810-aef7-062194fc9377 version=HTTP/1.1}: tower_http::trace::on_response: finished processing request latency=16 ms status=200
2026-09-12T17:53:40.049248Z  INFO request{method=GET uri=/api/migrations/fub/imports/153189d3-485c-49b0-b415-6309108a9188 version=HTTP/1.1}: tower_http::trace::on_response: finished processing request latency=12 ms status=200
2026-09-12T17:53:40.051408Z  INFO request{method=GET uri=/api/migrations/fub/metadata-imports version=HTTP/1.1}: tower_http::trace::on_response: finished processing request latency=9 ms status=200
2026-09-12T17:53:40.053692Z  INFO request{method=GET uri=/api/migrations/fub/history-captures/01375974-41c6-4916-bfd2-bca66e5af119/records version=HTTP/1.1}: tower_http::trace::on_request: started processing request
2026-09-12T17:53:40.063763Z  INFO request{method=GET uri=/api/migrations/fub/snapshots/892214fb-86ce-419a-9715-fd1da4d9acb2/previews/284b08bb-f92e-4810-aef7-062194fc9377/records version=HTTP/1.1}: tower_http::trace::on_request: started processing request
2026-09-12T17:53:40.064316Z  INFO request{method=GET uri=/api/migrations/fub/snapshots/892214fb-86ce-419a-9715-fd1da4d9acb2 version=HTTP/1.1}: tower_http::trace::on_request: started processing request
2026-09-12T17:53:40.072429Z  INFO request{method=GET uri=/api/migrations/fub/snapshots/892214fb-86ce-419a-9715-fd1da4d9acb2 version=HTTP/1.1}: tower_http::trace::on_response: finished processing request latency=8 ms status=200
2026-09-12T17:53:40.073667Z  INFO request{method=GET uri=/api/migrations/fub/snapshots/892214fb-86ce-419a-9715-fd1da4d9acb2/previews/284b08bb-f92e-4810-aef7-062194fc9377/records version=HTTP/1.1}: tower_http::trace::on_response: finished processing request latency=9 ms status=200
2026-09-12T17:53:40.096759Z  INFO request{method=GET uri=/api/migrations/fub/history-captures/01375974-41c6-4916-bfd2-bca66e5af119/records version=HTTP/1.1}: tower_http::trace::on_response: finished processing request latency=43 ms status=200
2026-09-12T17:53:40.477560Z  INFO request{method=GET uri=/api/migrations/fub/history-captures/01375974-41c6-4916-bfd2-bca66e5af119 version=HTTP/1.1}: tower_http::trace::on_request: started processing request
2026-09-12T17:53:40.496329Z  INFO request{method=GET uri=/api/migrations/fub/history-captures/01375974-41c6-4916-bfd2-bca66e5af119 version=HTTP/1.1}: tower_http::trace::on_response: finished processing request latency=18 ms status=200
2026-09-12T17:53:40.522537Z  INFO request{method=POST uri=/api/session version=HTTP/1.1}: tower_http::trace::on_request: started processing request
2026-09-12T17:53:40.766678Z  INFO request{method=POST uri=/api/session version=HTTP/1.1}: tower_http::trace::on_response: finished processing request latency=244 ms status=200
2026-09-12T17:53:40.771154Z  INFO request{method=GET uri=/api/migrations/fub/history-captures/01375974-41c6-4916-bfd2-bca66e5af119 version=HTTP/1.1}: tower_http::trace::on_request: started processing request
2026-09-12T17:53:40.787184Z  INFO request{method=GET uri=/api/migrations/fub/history-captures/01375974-41c6-4916-bfd2-bca66e5af119 version=HTTP/1.1}: tower_http::trace::on_response: finished processing request latency=16 ms status=200
2026-09-12T17:53:40.789639Z  INFO request{method=PUT uri=/api/organization/members/07a34b88-470b-4d11-a4c0-f8483871f67a/role version=HTTP/1.1}: tower_http::trace::on_request: started processing request
2026-09-12T17:53:40.807201Z  INFO request{method=PUT uri=/api/organization/members/07a34b88-470b-4d11-a4c0-f8483871f67a/role version=HTTP/1.1}: tower_http::trace::on_response: finished processing request latency=17 ms status=200
2026-09-12T17:53:40.811027Z  INFO request{method=GET uri=/api/migrations/fub/history-captures/01375974-41c6-4916-bfd2-bca66e5af119 version=HTTP/1.1}: tower_http::trace::on_request: started processing request
2026-09-12T17:53:40.812186Z  INFO request{method=GET uri=/api/migrations/fub/history-captures/01375974-41c6-4916-bfd2-bca66e5af119 version=HTTP/1.1}: tower_http::trace::on_response: finished processing request latency=1 ms status=403
2026-09-12T17:53:40.851243Z  INFO request{method=GET uri=/api/me version=HTTP/1.1}: tower_http::trace::on_request: started processing request
2026-09-12T17:53:40.856157Z  INFO request{method=GET uri=/api/me version=HTTP/1.1}: tower_http::trace::on_response: finished processing request latency=4 ms status=200
2026-09-12T17:53:40.909585Z  INFO request{method=PUT uri=/api/organization/members/07a34b88-470b-4d11-a4c0-f8483871f67a/role version=HTTP/1.1}: tower_http::trace::on_request: started processing request
2026-09-12T17:53:40.925546Z  INFO request{method=PUT uri=/api/organization/members/07a34b88-470b-4d11-a4c0-f8483871f67a/role version=HTTP/1.1}: tower_http::trace::on_response: finished processing request latency=15 ms status=200
2026-09-12T17:53:40.929370Z  INFO request{method=DELETE uri=/api/session version=HTTP/1.1}: tower_http::trace::on_request: started processing request
2026-09-12T17:53:40.936472Z  INFO request{method=DELETE uri=/api/session version=HTTP/1.1}: tower_http::trace::on_response: finished processing request latency=7 ms status=204
2026-09-12T17:53:40.966596Z  INFO request{method=GET uri=/api/me version=HTTP/1.1}: tower_http::trace::on_request: started processing request
2026-09-12T17:53:40.966682Z  INFO request{method=GET uri=/api/me version=HTTP/1.1}: tower_http::trace::on_response: finished processing request latency=0 ms status=401
2026-09-12T17:53:40.975528Z  INFO request{method=GET uri=/api/me version=HTTP/1.1}: tower_http::trace::on_request: started processing request
2026-09-12T17:53:40.975614Z  INFO request{method=GET uri=/api/me version=HTTP/1.1}: tower_http::trace::on_response: finished processing request latency=0 ms status=401
2026-09-12T17:53:40.980423Z  INFO request{method=GET uri=/api/me version=HTTP/1.1}: tower_http::trace::on_request: started processing request
2026-09-12T17:53:40.980501Z  INFO request{method=GET uri=/api/me version=HTTP/1.1}: tower_http::trace::on_response: finished processing request latency=0 ms status=401
2026-09-12T17:53:40.986693Z  INFO request{method=GET uri=/api/me version=HTTP/1.1}: tower_http::trace::on_request: started processing request
2026-09-12T17:53:40.986770Z  INFO request{method=GET uri=/api/me version=HTTP/1.1}: tower_http::trace::on_response: finished processing request latency=0 ms status=401
2026-09-12T17:53:41.008613Z  INFO request{method=GET uri=/api/me version=HTTP/1.1}: tower_http::trace::on_request: started processing request
2026-09-12T17:53:41.008707Z  INFO request{method=GET uri=/api/me version=HTTP/1.1}: tower_http::trace::on_response: finished processing request latency=0 ms status=401
2026-09-12T17:53:41.025748Z  INFO request{method=GET uri=/api/me version=HTTP/1.1}: tower_http::trace::on_request: started processing request
2026-09-12T17:53:41.025881Z  INFO request{method=GET uri=/api/me version=HTTP/1.1}: tower_http::trace::on_response: finished processing request latency=0 ms status=401
2026-09-12T17:53:41.031591Z  INFO request{method=GET uri=/api/me version=HTTP/1.1}: tower_http::trace::on_request: started processing request
2026-09-12T17:53:41.031664Z  INFO request{method=GET uri=/api/me version=HTTP/1.1}: tower_http::trace::on_response: finished processing request latency=0 ms status=401
2026-09-12T17:53:41.111508Z  INFO request{method=POST uri=/api/session version=HTTP/1.1}: tower_http::trace::on_request: started processing request
2026-09-12T17:53:41.353173Z  INFO request{method=POST uri=/api/session version=HTTP/1.1}: tower_http::trace::on_response: finished processing request latency=241 ms status=200
2026-09-12T17:53:41.376348Z  INFO request{method=GET uri=/api/me version=HTTP/1.1}: tower_http::trace::on_request: started processing request
2026-09-12T17:53:41.376842Z  INFO request{method=GET uri=/api/me version=HTTP/1.1}: tower_http::trace::on_request: started processing request
2026-09-12T17:53:41.379421Z  INFO request{method=GET uri=/api/me version=HTTP/1.1}: tower_http::trace::on_response: finished processing request latency=2 ms status=200
2026-09-12T17:53:41.379846Z  INFO request{method=GET uri=/api/me version=HTTP/1.1}: tower_http::trace::on_response: finished processing request latency=3 ms status=200
2026-09-12T17:53:41.415046Z  INFO request{method=GET uri=/api/me version=HTTP/1.1}: tower_http::trace::on_request: started processing request
2026-09-12T17:53:41.416837Z  INFO request{method=GET uri=/api/me version=HTTP/1.1}: tower_http::trace::on_response: finished processing request latency=1 ms status=200
2026-09-12T17:53:41.440642Z  INFO request{method=GET uri=/api/migrations/fub/ version=HTTP/1.1}: tower_http::trace::on_request: started processing request
2026-09-12T17:53:41.441004Z  INFO request{method=GET uri=/api/migrations/fub/imports version=HTTP/1.1}: tower_http::trace::on_request: started processing request
2026-09-12T17:53:41.441627Z  INFO request{method=GET uri=/api/migrations/fub/imports version=HTTP/1.1}: tower_http::trace::on_request: started processing request
2026-09-12T17:53:41.442074Z  INFO request{method=GET uri=/api/migrations/fub/snapshots version=HTTP/1.1}: tower_http::trace::on_request: started processing request
2026-09-12T17:53:41.443289Z  INFO request{method=GET uri=/api/migrations/fub/imports version=HTTP/1.1}: tower_http::trace::on_request: started processing request
2026-09-12T17:53:41.443828Z  INFO request{method=GET uri=/api/migrations/fub/snapshots version=HTTP/1.1}: tower_http::trace::on_request: started processing request
2026-09-12T17:53:41.469540Z  INFO request{method=GET uri=/api/migrations/fub/imports version=HTTP/1.1}: tower_http::trace::on_response: finished processing request latency=27 ms status=200
2026-09-12T17:53:41.470496Z  INFO request{method=GET uri=/api/migrations/fub/ version=HTTP/1.1}: tower_http::trace::on_response: finished processing request latency=29 ms status=200
2026-09-12T17:53:41.472733Z  INFO request{method=GET uri=/api/migrations/fub/imports version=HTTP/1.1}: tower_http::trace::on_request: started processing request
2026-09-12T17:53:41.473614Z  INFO request{method=GET uri=/api/migrations/fub/imports version=HTTP/1.1}: tower_http::trace::on_response: finished processing request latency=32 ms status=200
2026-09-12T17:53:41.474151Z  INFO request{method=GET uri=/api/migrations/fub/snapshots version=HTTP/1.1}: tower_http::trace::on_response: finished processing request latency=32 ms status=200
2026-09-12T17:53:41.474372Z  INFO request{method=GET uri=/api/migrations/fub/snapshots version=HTTP/1.1}: tower_http::trace::on_response: finished processing request latency=30 ms status=200
2026-09-12T17:53:41.475554Z  INFO request{method=GET uri=/api/migrations/fub/imports/153189d3-485c-49b0-b415-6309108a9188 version=HTTP/1.1}: tower_http::trace::on_request: started processing request
2026-09-12T17:53:41.476048Z  INFO request{method=GET uri=/api/migrations/fub/metadata-imports version=HTTP/1.1}: tower_http::trace::on_request: started processing request
2026-09-12T17:53:41.481456Z  INFO request{method=GET uri=/api/migrations/fub/imports version=HTTP/1.1}: tower_http::trace::on_response: finished processing request latency=38 ms status=200
2026-09-12T17:53:41.481988Z  INFO request{method=GET uri=/api/migrations/fub/imports/153189d3-485c-49b0-b415-6309108a9188 version=HTTP/1.1}: tower_http::trace::on_request: started processing request
2026-09-12T17:53:41.482563Z  INFO request{method=GET uri=/api/migrations/fub/snapshots/892214fb-86ce-419a-9715-fd1da4d9acb2 version=HTTP/1.1}: tower_http::trace::on_request: started processing request
2026-09-12T17:53:41.483634Z  INFO request{method=GET uri=/api/migrations/fub/snapshots/892214fb-86ce-419a-9715-fd1da4d9acb2 version=HTTP/1.1}: tower_http::trace::on_request: started processing request
2026-09-12T17:53:41.483799Z  INFO request{method=GET uri=/api/migrations/fub/imports version=HTTP/1.1}: tower_http::trace::on_response: finished processing request latency=11 ms status=200
2026-09-12T17:53:41.486728Z  INFO request{method=GET uri=/api/migrations/fub/imports/153189d3-485c-49b0-b415-6309108a9188 version=HTTP/1.1}: tower_http::trace::on_request: started processing request
2026-09-12T17:53:41.487358Z  INFO request{method=GET uri=/api/migrations/fub/imports/153189d3-485c-49b0-b415-6309108a9188 version=HTTP/1.1}: tower_http::trace::on_response: finished processing request latency=11 ms status=200
2026-09-12T17:53:41.489698Z  INFO request{method=GET uri=/api/migrations/fub/activity-imports version=HTTP/1.1}: tower_http::trace::on_request: started processing request
2026-09-12T17:53:41.490668Z  INFO request{method=GET uri=/api/migrations/fub/snapshots/892214fb-86ce-419a-9715-fd1da4d9acb2 version=HTTP/1.1}: tower_http::trace::on_response: finished processing request latency=8 ms status=200
2026-09-12T17:53:41.491090Z  INFO request{method=GET uri=/api/migrations/fub/metadata-imports version=HTTP/1.1}: tower_http::trace::on_response: finished processing request latency=15 ms status=200
2026-09-12T17:53:41.493821Z  INFO request{method=GET uri=/api/migrations/fub/imports/153189d3-485c-49b0-b415-6309108a9188 version=HTTP/1.1}: tower_http::trace::on_request: started processing request
2026-09-12T17:53:41.494391Z  INFO request{method=GET uri=/api/migrations/fub/history-captures version=HTTP/1.1}: tower_http::trace::on_request: started processing request
2026-09-12T17:53:41.494936Z  INFO request{method=GET uri=/api/migrations/fub/imports/153189d3-485c-49b0-b415-6309108a9188 version=HTTP/1.1}: tower_http::trace::on_response: finished processing request latency=12 ms status=200
2026-09-12T17:53:41.495090Z  INFO request{method=GET uri=/api/migrations/fub/snapshots/892214fb-86ce-419a-9715-fd1da4d9acb2 version=HTTP/1.1}: tower_http::trace::on_response: finished processing request latency=11 ms status=200
2026-09-12T17:53:41.497483Z  INFO request{method=GET uri=/api/migrations/fub/snapshots/892214fb-86ce-419a-9715-fd1da4d9acb2 version=HTTP/1.1}: tower_http::trace::on_request: started processing request
2026-09-12T17:53:41.497964Z  INFO request{method=GET uri=/api/migrations/fub/snapshots/892214fb-86ce-419a-9715-fd1da4d9acb2/previews/284b08bb-f92e-4810-aef7-062194fc9377 version=HTTP/1.1}: tower_http::trace::on_request: started processing request
2026-09-12T17:53:41.500493Z  INFO request{method=GET uri=/api/migrations/fub/imports/153189d3-485c-49b0-b415-6309108a9188 version=HTTP/1.1}: tower_http::trace::on_response: finished processing request latency=13 ms status=200
2026-09-12T17:53:41.501753Z  INFO request{method=GET uri=/api/migrations/fub/activity-imports version=HTTP/1.1}: tower_http::trace::on_response: finished processing request latency=12 ms status=200
2026-09-12T17:53:41.502976Z  INFO request{method=GET uri=/api/migrations/fub/snapshots/892214fb-86ce-419a-9715-fd1da4d9acb2 version=HTTP/1.1}: tower_http::trace::on_request: started processing request
2026-09-12T17:53:41.503672Z  INFO request{method=GET uri=/api/migrations/fub/imports/153189d3-485c-49b0-b415-6309108a9188/plans/58c034b2-bbe3-42bc-b0b1-31a7c056a48b/mappings version=HTTP/1.1}: tower_http::trace::on_request: started processing request
2026-09-12T17:53:41.506538Z  INFO request{method=GET uri=/api/migrations/fub/imports/153189d3-485c-49b0-b415-6309108a9188 version=HTTP/1.1}: tower_http::trace::on_response: finished processing request latency=12 ms status=200
2026-09-12T17:53:41.509002Z  INFO request{method=GET uri=/api/migrations/fub/snapshots/892214fb-86ce-419a-9715-fd1da4d9acb2 version=HTTP/1.1}: tower_http::trace::on_response: finished processing request latency=11 ms status=200
2026-09-12T17:53:41.509437Z  INFO request{method=GET uri=/api/migrations/fub/imports/153189d3-485c-49b0-b415-6309108a9188/results version=HTTP/1.1}: tower_http::trace::on_request: started processing request
2026-09-12T17:53:41.511346Z  INFO request{method=GET uri=/api/migrations/fub/snapshots/892214fb-86ce-419a-9715-fd1da4d9acb2/previews/284b08bb-f92e-4810-aef7-062194fc9377 version=HTTP/1.1}: tower_http::trace::on_request: started processing request
2026-09-12T17:53:41.512199Z  INFO request{method=GET uri=/api/migrations/fub/history-captures version=HTTP/1.1}: tower_http::trace::on_response: finished processing request latency=17 ms status=200
2026-09-12T17:53:41.513940Z  INFO request{method=GET uri=/api/migrations/fub/snapshots/892214fb-86ce-419a-9715-fd1da4d9acb2 version=HTTP/1.1}: tower_http::trace::on_response: finished processing request latency=10 ms status=200
2026-09-12T17:53:41.514679Z  INFO request{method=GET uri=/api/migrations/fub/snapshots/892214fb-86ce-419a-9715-fd1da4d9acb2 version=HTTP/1.1}: tower_http::trace::on_request: started processing request
2026-09-12T17:53:41.515451Z  INFO request{method=GET uri=/api/migrations/fub/snapshots/892214fb-86ce-419a-9715-fd1da4d9acb2/previews/284b08bb-f92e-4810-aef7-062194fc9377 version=HTTP/1.1}: tower_http::trace::on_response: finished processing request latency=17 ms status=200
2026-09-12T17:53:41.517059Z  INFO request{method=GET uri=/api/migrations/fub/history-captures/01375974-41c6-4916-bfd2-bca66e5af119 version=HTTP/1.1}: tower_http::trace::on_request: started processing request
2026-09-12T17:53:41.518578Z  INFO request{method=GET uri=/api/migrations/fub/imports/153189d3-485c-49b0-b415-6309108a9188/plans/58c034b2-bbe3-42bc-b0b1-31a7c056a48b/mappings version=HTTP/1.1}: tower_http::trace::on_response: finished processing request latency=14 ms status=200
2026-09-12T17:53:41.522833Z  INFO request{method=GET uri=/api/migrations/fub/imports/153189d3-485c-49b0-b415-6309108a9188/results version=HTTP/1.1}: tower_http::trace::on_response: finished processing request latency=13 ms status=200
2026-09-12T17:53:41.524282Z  INFO request{method=GET uri=/api/migrations/fub/snapshots/892214fb-86ce-419a-9715-fd1da4d9acb2 version=HTTP/1.1}: tower_http::trace::on_response: finished processing request latency=9 ms status=200
2026-09-12T17:53:41.525576Z  INFO request{method=GET uri=/api/migrations/fub/snapshots/892214fb-86ce-419a-9715-fd1da4d9acb2/previews/284b08bb-f92e-4810-aef7-062194fc9377 version=HTTP/1.1}: tower_http::trace::on_response: finished processing request latency=14 ms status=200
2026-09-12T17:53:41.528337Z  INFO request{method=GET uri=/api/migrations/fub/history-captures/01375974-41c6-4916-bfd2-bca66e5af119 version=HTTP/1.1}: tower_http::trace::on_response: finished processing request latency=11 ms status=200
2026-09-12T17:53:41.532568Z  INFO request{method=GET uri=/api/migrations/fub/snapshots/892214fb-86ce-419a-9715-fd1da4d9acb2/previews/284b08bb-f92e-4810-aef7-062194fc9377/records version=HTTP/1.1}: tower_http::trace::on_request: started processing request
2026-09-12T17:53:41.534863Z  INFO request{method=GET uri=/api/migrations/fub/history-captures/01375974-41c6-4916-bfd2-bca66e5af119/records version=HTTP/1.1}: tower_http::trace::on_request: started processing request
2026-09-12T17:53:41.538990Z  INFO request{method=GET uri=/api/migrations/fub/snapshots/892214fb-86ce-419a-9715-fd1da4d9acb2/previews/284b08bb-f92e-4810-aef7-062194fc9377/records version=HTTP/1.1}: tower_http::trace::on_response: finished processing request latency=6 ms status=200
2026-09-12T17:53:41.566308Z  INFO request{method=GET uri=/api/migrations/fub/history-captures/01375974-41c6-4916-bfd2-bca66e5af119/records version=HTTP/1.1}: tower_http::trace::on_response: finished processing request latency=31 ms status=200
2026-09-12T17:53:41.935592Z  INFO request{method=GET uri=/api/migrations/fub/history-captures/01375974-41c6-4916-bfd2-bca66e5af119 version=HTTP/1.1}: tower_http::trace::on_request: started processing request
2026-09-12T17:53:41.961889Z  INFO request{method=GET uri=/api/migrations/fub/history-captures/01375974-41c6-4916-bfd2-bca66e5af119 version=HTTP/1.1}: tower_http::trace::on_response: finished processing request latency=26 ms status=200
2026-09-12T17:53:41.969347Z  INFO request{method=PUT uri=/api/organization/members/07a34b88-470b-4d11-a4c0-f8483871f67a/role version=HTTP/1.1}: tower_http::trace::on_request: started processing request
2026-09-12T17:53:41.978860Z  INFO request{method=PUT uri=/api/organization/members/07a34b88-470b-4d11-a4c0-f8483871f67a/role version=HTTP/1.1}: tower_http::trace::on_response: finished processing request latency=9 ms status=200
2026-09-12T17:53:41.984320Z  INFO request{method=DELETE uri=/api/session version=HTTP/1.1}: tower_http::trace::on_request: started processing request
2026-09-12T17:53:41.992879Z  INFO request{method=DELETE uri=/api/session version=HTTP/1.1}: tower_http::trace::on_response: finished processing request latency=8 ms status=204
2026-09-12T17:53:42.029434Z  INFO request{method=GET uri=/api/me version=HTTP/1.1}: tower_http::trace::on_request: started processing request
2026-09-12T17:53:42.029512Z  INFO request{method=GET uri=/api/me version=HTTP/1.1}: tower_http::trace::on_response: finished processing request latency=0 ms status=401
2026-09-12T17:53:42.045352Z  INFO request{method=GET uri=/api/me version=HTTP/1.1}: tower_http::trace::on_request: started processing request
2026-09-12T17:53:42.045441Z  INFO request{method=GET uri=/api/me version=HTTP/1.1}: tower_http::trace::on_response: finished processing request latency=0 ms status=401
2026-09-12T17:53:42.092578Z  INFO request{method=POST uri=/api/session version=HTTP/1.1}: tower_http::trace::on_request: started processing request
2026-09-12T17:53:42.093908Z  INFO request{method=GET uri=/api/me version=HTTP/1.1}: tower_http::trace::on_request: started processing request
2026-09-12T17:53:42.093971Z  INFO request{method=GET uri=/api/me version=HTTP/1.1}: tower_http::trace::on_response: finished processing request latency=0 ms status=401
2026-09-12T17:55:33.262322Z  INFO request{method=GET uri=/api/me version=HTTP/1.1}: tower_http::trace::on_request: started processing request
2026-09-12T17:55:33.262424Z  INFO request{method=GET uri=/api/me version=HTTP/1.1}: tower_http::trace::on_response: finished processing request latency=0 ms status=401
2026-09-12T17:55:33.411765Z  INFO request{method=POST uri=/api/session version=HTTP/1.1}: tower_http::trace::on_request: started processing request
2026-09-12T17:55:33.665959Z  INFO request{method=POST uri=/api/session version=HTTP/1.1}: tower_http::trace::on_response: finished processing request latency=254 ms status=200
2026-09-12T17:55:33.675194Z  INFO request{method=GET uri=/api/me version=HTTP/1.1}: tower_http::trace::on_request: started processing request
2026-09-12T17:55:33.676871Z  INFO request{method=GET uri=/api/me version=HTTP/1.1}: tower_http::trace::on_response: finished processing request latency=1 ms status=200
2026-09-12T17:56:50.891762Z  INFO request{method=GET uri=/api/me version=HTTP/1.1}: tower_http::trace::on_request: started processing request
2026-09-12T17:56:50.892625Z  INFO request{method=GET uri=/api/me version=HTTP/1.1}: tower_http::trace::on_response: finished processing request latency=0 ms status=401
2026-09-12T17:56:50.894671Z  INFO request{method=GET uri=/api/me version=HTTP/1.1}: tower_http::trace::on_request: started processing request
2026-09-12T17:56:50.897576Z  INFO request{method=GET uri=/api/me version=HTTP/1.1}: tower_http::trace::on_response: finished processing request latency=2 ms status=401
2026-09-12T17:56:50.905134Z  INFO request{method=GET uri=/api/me version=HTTP/1.1}: tower_http::trace::on_request: started processing request
2026-09-12T17:56:50.907578Z  INFO request{method=GET uri=/api/me version=HTTP/1.1}: tower_http::trace::on_response: finished processing request latency=2 ms status=401
2026-09-12T17:56:50.943279Z  INFO request{method=GET uri=/api/me version=HTTP/1.1}: tower_http::trace::on_request: started processing request
2026-09-12T17:56:50.943365Z  INFO request{method=GET uri=/api/me version=HTTP/1.1}: tower_http::trace::on_response: finished processing request latency=0 ms status=401
2026-09-12T17:56:51.079546Z  INFO request{method=POST uri=/api/session version=HTTP/1.1}: tower_http::trace::on_request: started processing request
2026-09-12T17:56:51.398324Z  INFO request{method=POST uri=/api/session version=HTTP/1.1}: tower_http::trace::on_response: finished processing request latency=318 ms status=200
2026-09-12T17:56:51.405629Z  INFO request{method=GET uri=/api/me version=HTTP/1.1}: tower_http::trace::on_request: started processing request
2026-09-12T17:56:51.408222Z  INFO request{method=GET uri=/api/me version=HTTP/1.1}: tower_http::trace::on_response: finished processing request latency=2 ms status=200
2026-09-12T17:56:51.408590Z  INFO request{method=GET uri=/api/me version=HTTP/1.1}: tower_http::trace::on_request: started processing request
2026-09-12T17:56:51.410280Z  INFO request{method=GET uri=/api/me version=HTTP/1.1}: tower_http::trace::on_response: finished processing request latency=1 ms status=200
2026-09-12T17:56:51.449837Z  INFO request{method=GET uri=/api/migrations/fub/ version=HTTP/1.1}: tower_http::trace::on_request: started processing request
2026-09-12T17:56:51.451463Z  INFO request{method=GET uri=/api/migrations/fub/imports version=HTTP/1.1}: tower_http::trace::on_request: started processing request
2026-09-12T17:56:51.451474Z  INFO request{method=GET uri=/api/migrations/fub/imports version=HTTP/1.1}: tower_http::trace::on_request: started processing request
2026-09-12T17:56:51.451740Z  INFO request{method=GET uri=/api/migrations/fub/snapshots version=HTTP/1.1}: tower_http::trace::on_request: started processing request
2026-09-12T17:56:51.452618Z  INFO request{method=GET uri=/api/migrations/fub/snapshots version=HTTP/1.1}: tower_http::trace::on_request: started processing request
2026-09-12T17:56:51.453055Z  INFO request{method=GET uri=/api/migrations/fub/imports version=HTTP/1.1}: tower_http::trace::on_request: started processing request
2026-09-12T17:56:51.489114Z  INFO request{method=GET uri=/api/me version=HTTP/1.1}: tower_http::trace::on_request: started processing request
2026-09-12T17:56:51.490674Z  INFO request{method=GET uri=/api/me version=HTTP/1.1}: tower_http::trace::on_response: finished processing request latency=1 ms status=200
2026-09-12T17:56:51.519269Z  INFO request{method=GET uri=/api/migrations/fub/ version=HTTP/1.1}: tower_http::trace::on_request: started processing request
2026-09-12T17:56:51.520292Z  INFO request{method=GET uri=/api/migrations/fub/imports version=HTTP/1.1}: tower_http::trace::on_request: started processing request
2026-09-12T17:56:51.520548Z  INFO request{method=GET uri=/api/migrations/fub/snapshots version=HTTP/1.1}: tower_http::trace::on_request: started processing request
2026-09-12T17:56:51.521250Z  INFO request{method=GET uri=/api/migrations/fub/imports version=HTTP/1.1}: tower_http::trace::on_request: started processing request
2026-09-12T17:56:51.521798Z  INFO request{method=GET uri=/api/migrations/fub/imports version=HTTP/1.1}: tower_http::trace::on_request: started processing request
2026-09-12T17:56:51.522489Z  INFO request{method=GET uri=/api/migrations/fub/snapshots version=HTTP/1.1}: tower_http::trace::on_request: started processing request
2026-09-12T17:56:51.530006Z  INFO request{method=GET uri=/api/migrations/fub/ version=HTTP/1.1}: tower_http::trace::on_response: finished processing request latency=10 ms status=200
2026-09-12T17:56:51.532796Z  INFO request{method=GET uri=/api/migrations/fub/imports version=HTTP/1.1}: tower_http::trace::on_response: finished processing request latency=12 ms status=200
2026-09-12T17:56:51.532932Z  INFO request{method=GET uri=/api/migrations/fub/snapshots version=HTTP/1.1}: tower_http::trace::on_response: finished processing request latency=12 ms status=200
2026-09-12T17:56:51.535127Z  INFO request{method=GET uri=/api/migrations/fub/imports version=HTTP/1.1}: tower_http::trace::on_response: finished processing request latency=13 ms status=200
2026-09-12T17:56:51.537002Z  INFO request{method=GET uri=/api/migrations/fub/imports version=HTTP/1.1}: tower_http::trace::on_request: started processing request
2026-09-12T17:56:51.539502Z  INFO request{method=GET uri=/api/migrations/fub/imports version=HTTP/1.1}: tower_http::trace::on_response: finished processing request latency=17 ms status=200
2026-09-12T17:56:51.545595Z  INFO request{method=GET uri=/api/migrations/fub/imports/153189d3-485c-49b0-b415-6309108a9188 version=HTTP/1.1}: tower_http::trace::on_request: started processing request
2026-09-12T17:56:51.546330Z  INFO request{method=GET uri=/api/migrations/fub/snapshots/892214fb-86ce-419a-9715-fd1da4d9acb2 version=HTTP/1.1}: tower_http::trace::on_request: started processing request
2026-09-12T17:56:51.547330Z  INFO request{method=GET uri=/api/migrations/fub/imports/153189d3-485c-49b0-b415-6309108a9188 version=HTTP/1.1}: tower_http::trace::on_request: started processing request
2026-09-12T17:56:51.547825Z  INFO request{method=GET uri=/api/migrations/fub/metadata-imports version=HTTP/1.1}: tower_http::trace::on_request: started processing request
2026-09-12T17:56:51.560771Z  INFO request{method=GET uri=/api/migrations/fub/snapshots/892214fb-86ce-419a-9715-fd1da4d9acb2 version=HTTP/1.1}: tower_http::trace::on_response: finished processing request latency=14 ms status=200
2026-09-12T17:56:51.562560Z  INFO request{method=GET uri=/api/migrations/fub/imports/153189d3-485c-49b0-b415-6309108a9188 version=HTTP/1.1}: tower_http::trace::on_response: finished processing request latency=16 ms status=200
2026-09-12T17:56:51.562565Z  INFO request{method=GET uri=/api/migrations/fub/imports version=HTTP/1.1}: tower_http::trace::on_response: finished processing request latency=25 ms status=200
2026-09-12T17:56:51.564640Z  INFO request{method=GET uri=/api/migrations/fub/imports/153189d3-485c-49b0-b415-6309108a9188 version=HTTP/1.1}: tower_http::trace::on_response: finished processing request latency=17 ms status=200
2026-09-12T17:56:51.568835Z  INFO request{method=GET uri=/api/migrations/fub/imports/153189d3-485c-49b0-b415-6309108a9188 version=HTTP/1.1}: tower_http::trace::on_request: started processing request
2026-09-12T17:56:51.570483Z  INFO request{method=GET uri=/api/migrations/fub/activity-imports version=HTTP/1.1}: tower_http::trace::on_request: started processing request
2026-09-12T17:56:51.570538Z  INFO request{method=GET uri=/api/migrations/fub/metadata-imports version=HTTP/1.1}: tower_http::trace::on_response: finished processing request latency=22 ms status=200
2026-09-12T17:56:51.576006Z  INFO request{method=GET uri=/api/migrations/fub/snapshots version=HTTP/1.1}: tower_http::trace::on_response: finished processing request latency=53 ms status=200
2026-09-12T17:56:51.578001Z  INFO request{method=GET uri=/api/migrations/fub/snapshots/892214fb-86ce-419a-9715-fd1da4d9acb2/previews/284b08bb-f92e-4810-aef7-062194fc9377 version=HTTP/1.1}: tower_http::trace::on_request: started processing request
2026-09-12T17:56:51.578939Z  INFO request{method=GET uri=/api/migrations/fub/snapshots/892214fb-86ce-419a-9715-fd1da4d9acb2 version=HTTP/1.1}: tower_http::trace::on_request: started processing request
2026-09-12T17:56:51.579724Z  INFO request{method=GET uri=/api/migrations/fub/imports/153189d3-485c-49b0-b415-6309108a9188/plans/58c034b2-bbe3-42bc-b0b1-31a7c056a48b/mappings version=HTTP/1.1}: tower_http::trace::on_request: started processing request
2026-09-12T17:56:51.580451Z  INFO request{method=GET uri=/api/migrations/fub/imports/153189d3-485c-49b0-b415-6309108a9188/results version=HTTP/1.1}: tower_http::trace::on_request: started processing request
2026-09-12T17:56:51.586219Z  INFO request{method=GET uri=/api/migrations/fub/activity-imports version=HTTP/1.1}: tower_http::trace::on_response: finished processing request latency=15 ms status=200
2026-09-12T17:56:51.588666Z  INFO request{method=GET uri=/api/migrations/fub/imports/153189d3-485c-49b0-b415-6309108a9188 version=HTTP/1.1}: tower_http::trace::on_request: started processing request
2026-09-12T17:56:51.590630Z  INFO request{method=GET uri=/api/migrations/fub/imports/153189d3-485c-49b0-b415-6309108a9188/plans/58c034b2-bbe3-42bc-b0b1-31a7c056a48b/mappings version=HTTP/1.1}: tower_http::trace::on_response: finished processing request latency=10 ms status=200
2026-09-12T17:56:51.592798Z  INFO request{method=GET uri=/api/migrations/fub/snapshots/892214fb-86ce-419a-9715-fd1da4d9acb2 version=HTTP/1.1}: tower_http::trace::on_response: finished processing request latency=13 ms status=200
2026-09-12T17:56:51.593359Z  INFO request{method=GET uri=/api/migrations/fub/history-captures version=HTTP/1.1}: tower_http::trace::on_request: started processing request
2026-09-12T17:56:51.595234Z  INFO request{method=GET uri=/api/migrations/fub/snapshots/892214fb-86ce-419a-9715-fd1da4d9acb2 version=HTTP/1.1}: tower_http::trace::on_request: started processing request
2026-09-12T17:56:51.596808Z  INFO request{method=GET uri=/api/migrations/fub/snapshots/892214fb-86ce-419a-9715-fd1da4d9acb2/previews/284b08bb-f92e-4810-aef7-062194fc9377 version=HTTP/1.1}: tower_http::trace::on_response: finished processing request latency=18 ms status=200
2026-09-12T17:56:51.600190Z  INFO request{method=GET uri=/api/migrations/fub/snapshots/892214fb-86ce-419a-9715-fd1da4d9acb2 version=HTTP/1.1}: tower_http::trace::on_request: started processing request
2026-09-12T17:56:51.602220Z  INFO request{method=GET uri=/api/migrations/fub/imports/153189d3-485c-49b0-b415-6309108a9188 version=HTTP/1.1}: tower_http::trace::on_response: finished processing request latency=33 ms status=200
2026-09-12T17:56:51.604537Z  INFO request{method=GET uri=/api/migrations/fub/imports/153189d3-485c-49b0-b415-6309108a9188/results version=HTTP/1.1}: tower_http::trace::on_response: finished processing request latency=24 ms status=200
2026-09-12T17:56:51.605351Z  INFO request{method=GET uri=/api/migrations/fub/snapshots/892214fb-86ce-419a-9715-fd1da4d9acb2 version=HTTP/1.1}: tower_http::trace::on_response: finished processing request latency=10 ms status=200
2026-09-12T17:56:51.609058Z  INFO request{method=GET uri=/api/migrations/fub/imports/153189d3-485c-49b0-b415-6309108a9188 version=HTTP/1.1}: tower_http::trace::on_response: finished processing request latency=20 ms status=200
2026-09-12T17:56:51.612603Z  INFO request{method=GET uri=/api/migrations/fub/snapshots/892214fb-86ce-419a-9715-fd1da4d9acb2 version=HTTP/1.1}: tower_http::trace::on_request: started processing request
2026-09-12T17:56:51.612934Z  INFO request{method=GET uri=/api/migrations/fub/snapshots/892214fb-86ce-419a-9715-fd1da4d9acb2 version=HTTP/1.1}: tower_http::trace::on_response: finished processing request latency=12 ms status=200
2026-09-12T17:56:51.616176Z  INFO request{method=GET uri=/api/migrations/fub/history-captures version=HTTP/1.1}: tower_http::trace::on_response: finished processing request latency=22 ms status=200
2026-09-12T17:56:51.621413Z  INFO request{method=GET uri=/api/migrations/fub/snapshots/892214fb-86ce-419a-9715-fd1da4d9acb2 version=HTTP/1.1}: tower_http::trace::on_response: finished processing request latency=8 ms status=200
2026-09-12T17:56:51.622077Z  INFO request{method=GET uri=/api/migrations/fub/snapshots/892214fb-86ce-419a-9715-fd1da4d9acb2/previews/284b08bb-f92e-4810-aef7-062194fc9377 version=HTTP/1.1}: tower_http::trace::on_request: started processing request
2026-09-12T17:56:51.628762Z  INFO request{method=GET uri=/api/migrations/fub/history-captures/01375974-41c6-4916-bfd2-bca66e5af119 version=HTTP/1.1}: tower_http::trace::on_request: started processing request
2026-09-12T17:56:51.634077Z  INFO request{method=GET uri=/api/migrations/fub/snapshots/892214fb-86ce-419a-9715-fd1da4d9acb2/previews/284b08bb-f92e-4810-aef7-062194fc9377 version=HTTP/1.1}: tower_http::trace::on_response: finished processing request latency=12 ms status=200
2026-09-12T17:56:51.637719Z  INFO request{method=GET uri=/api/migrations/fub/history-captures/01375974-41c6-4916-bfd2-bca66e5af119 version=HTTP/1.1}: tower_http::trace::on_response: finished processing request latency=8 ms status=200
2026-09-12T17:56:51.644165Z  INFO request{method=GET uri=/api/migrations/fub/snapshots/892214fb-86ce-419a-9715-fd1da4d9acb2/previews/284b08bb-f92e-4810-aef7-062194fc9377/records version=HTTP/1.1}: tower_http::trace::on_request: started processing request
2026-09-12T17:56:51.648728Z  INFO request{method=GET uri=/api/migrations/fub/history-captures/01375974-41c6-4916-bfd2-bca66e5af119/records version=HTTP/1.1}: tower_http::trace::on_request: started processing request
2026-09-12T17:56:51.653039Z  INFO request{method=GET uri=/api/migrations/fub/snapshots/892214fb-86ce-419a-9715-fd1da4d9acb2/previews/284b08bb-f92e-4810-aef7-062194fc9377/records version=HTTP/1.1}: tower_http::trace::on_response: finished processing request latency=8 ms status=200
2026-09-12T17:56:51.681674Z  INFO request{method=GET uri=/api/migrations/fub/history-captures/01375974-41c6-4916-bfd2-bca66e5af119/records version=HTTP/1.1}: tower_http::trace::on_response: finished processing request latency=32 ms status=200
2026-09-12T17:56:52.026299Z  INFO request{method=GET uri=/api/migrations/fub/history-captures/01375974-41c6-4916-bfd2-bca66e5af119 version=HTTP/1.1}: tower_http::trace::on_request: started processing request
2026-09-12T17:56:52.050187Z  INFO request{method=GET uri=/api/migrations/fub/history-captures/01375974-41c6-4916-bfd2-bca66e5af119 version=HTTP/1.1}: tower_http::trace::on_response: finished processing request latency=23 ms status=200
2026-09-12T17:56:52.074829Z  INFO request{method=POST uri=/api/session version=HTTP/1.1}: tower_http::trace::on_request: started processing request
2026-09-12T17:56:52.329632Z  INFO request{method=POST uri=/api/session version=HTTP/1.1}: tower_http::trace::on_response: finished processing request latency=254 ms status=200
2026-09-12T17:56:52.335067Z  INFO request{method=GET uri=/api/migrations/fub/history-captures/01375974-41c6-4916-bfd2-bca66e5af119 version=HTTP/1.1}: tower_http::trace::on_request: started processing request
2026-09-12T17:56:52.347457Z  INFO request{method=GET uri=/api/migrations/fub/history-captures/01375974-41c6-4916-bfd2-bca66e5af119 version=HTTP/1.1}: tower_http::trace::on_response: finished processing request latency=12 ms status=200
2026-09-12T17:56:52.351245Z  INFO request{method=PUT uri=/api/organization/members/07a34b88-470b-4d11-a4c0-f8483871f67a/role version=HTTP/1.1}: tower_http::trace::on_request: started processing request
2026-09-12T17:56:52.359930Z  INFO request{method=PUT uri=/api/organization/members/07a34b88-470b-4d11-a4c0-f8483871f67a/role version=HTTP/1.1}: tower_http::trace::on_response: finished processing request latency=8 ms status=200
2026-09-12T17:56:52.365182Z  INFO request{method=GET uri=/api/migrations/fub/history-captures/01375974-41c6-4916-bfd2-bca66e5af119 version=HTTP/1.1}: tower_http::trace::on_request: started processing request
2026-09-12T17:56:52.366500Z  INFO request{method=GET uri=/api/migrations/fub/history-captures/01375974-41c6-4916-bfd2-bca66e5af119 version=HTTP/1.1}: tower_http::trace::on_response: finished processing request latency=1 ms status=403
2026-09-12T17:56:52.418040Z  INFO request{method=GET uri=/api/me version=HTTP/1.1}: tower_http::trace::on_request: started processing request
2026-09-12T17:56:52.424727Z  INFO request{method=GET uri=/api/me version=HTTP/1.1}: tower_http::trace::on_response: finished processing request latency=6 ms status=200
2026-09-12T17:56:52.568014Z  INFO request{method=PUT uri=/api/organization/members/07a34b88-470b-4d11-a4c0-f8483871f67a/role version=HTTP/1.1}: tower_http::trace::on_request: started processing request
2026-09-12T17:56:52.596133Z  INFO request{method=PUT uri=/api/organization/members/07a34b88-470b-4d11-a4c0-f8483871f67a/role version=HTTP/1.1}: tower_http::trace::on_response: finished processing request latency=28 ms status=200
2026-09-12T17:56:52.601379Z  INFO request{method=DELETE uri=/api/session version=HTTP/1.1}: tower_http::trace::on_request: started processing request
2026-09-12T17:56:52.609650Z  INFO request{method=DELETE uri=/api/session version=HTTP/1.1}: tower_http::trace::on_response: finished processing request latency=8 ms status=204
2026-09-12T17:56:52.645525Z  INFO request{method=GET uri=/api/me version=HTTP/1.1}: tower_http::trace::on_request: started processing request
2026-09-12T17:56:52.645613Z  INFO request{method=GET uri=/api/me version=HTTP/1.1}: tower_http::trace::on_response: finished processing request latency=0 ms status=401
2026-09-12T17:56:52.657732Z  INFO request{method=GET uri=/api/me version=HTTP/1.1}: tower_http::trace::on_request: started processing request
2026-09-12T17:56:52.657843Z  INFO request{method=GET uri=/api/me version=HTTP/1.1}: tower_http::trace::on_response: finished processing request latency=0 ms status=401
2026-09-12T17:56:52.662761Z  INFO request{method=GET uri=/api/me version=HTTP/1.1}: tower_http::trace::on_request: started processing request
2026-09-12T17:56:52.662858Z  INFO request{method=GET uri=/api/me version=HTTP/1.1}: tower_http::trace::on_response: finished processing request latency=0 ms status=401
2026-09-12T17:56:52.677409Z  INFO request{method=GET uri=/api/me version=HTTP/1.1}: tower_http::trace::on_request: started processing request
2026-09-12T17:56:52.677498Z  INFO request{method=GET uri=/api/me version=HTTP/1.1}: tower_http::trace::on_response: finished processing request latency=0 ms status=401
2026-09-12T17:56:52.708692Z  INFO request{method=GET uri=/api/me version=HTTP/1.1}: tower_http::trace::on_request: started processing request
2026-09-12T17:56:52.708837Z  INFO request{method=GET uri=/api/me version=HTTP/1.1}: tower_http::trace::on_response: finished processing request latency=0 ms status=401
2026-09-12T17:56:52.728622Z  INFO request{method=GET uri=/api/me version=HTTP/1.1}: tower_http::trace::on_request: started processing request
2026-09-12T17:56:52.728729Z  INFO request{method=GET uri=/api/me version=HTTP/1.1}: tower_http::trace::on_response: finished processing request latency=0 ms status=401
2026-09-12T17:56:52.737004Z  INFO request{method=GET uri=/api/me version=HTTP/1.1}: tower_http::trace::on_request: started processing request
2026-09-12T17:56:52.737099Z  INFO request{method=GET uri=/api/me version=HTTP/1.1}: tower_http::trace::on_response: finished processing request latency=0 ms status=401
2026-09-12T17:56:52.805829Z  INFO request{method=POST uri=/api/session version=HTTP/1.1}: tower_http::trace::on_request: started processing request
2026-09-12T17:56:53.060937Z  INFO request{method=POST uri=/api/session version=HTTP/1.1}: tower_http::trace::on_response: finished processing request latency=255 ms status=200
2026-09-12T17:56:53.086366Z  INFO request{method=GET uri=/api/me version=HTTP/1.1}: tower_http::trace::on_request: started processing request
2026-09-12T17:56:53.087874Z  INFO request{method=GET uri=/api/me version=HTTP/1.1}: tower_http::trace::on_request: started processing request
2026-09-12T17:56:53.091169Z  INFO request{method=GET uri=/api/me version=HTTP/1.1}: tower_http::trace::on_response: finished processing request latency=4 ms status=200
2026-09-12T17:56:53.091169Z  INFO request{method=GET uri=/api/me version=HTTP/1.1}: tower_http::trace::on_response: finished processing request latency=3 ms status=200
2026-09-12T17:56:53.154027Z  INFO request{method=GET uri=/api/me version=HTTP/1.1}: tower_http::trace::on_request: started processing request
2026-09-12T17:56:53.155745Z  INFO request{method=GET uri=/api/me version=HTTP/1.1}: tower_http::trace::on_response: finished processing request latency=1 ms status=200
2026-09-12T17:56:53.180029Z  INFO request{method=GET uri=/api/migrations/fub/ version=HTTP/1.1}: tower_http::trace::on_request: started processing request
2026-09-12T17:56:53.180830Z  INFO request{method=GET uri=/api/migrations/fub/imports version=HTTP/1.1}: tower_http::trace::on_request: started processing request
2026-09-12T17:56:53.181584Z  INFO request{method=GET uri=/api/migrations/fub/snapshots version=HTTP/1.1}: tower_http::trace::on_request: started processing request
2026-09-12T17:56:53.183200Z  INFO request{method=GET uri=/api/migrations/fub/imports version=HTTP/1.1}: tower_http::trace::on_request: started processing request
2026-09-12T17:56:53.183461Z  INFO request{method=GET uri=/api/migrations/fub/imports version=HTTP/1.1}: tower_http::trace::on_request: started processing request
2026-09-12T17:56:53.184434Z  INFO request{method=GET uri=/api/migrations/fub/imports version=HTTP/1.1}: tower_http::trace::on_request: started processing request
2026-09-12T17:56:53.192801Z  INFO request{method=GET uri=/api/migrations/fub/ version=HTTP/1.1}: tower_http::trace::on_response: finished processing request latency=12 ms status=200
2026-09-12T17:56:53.194180Z  INFO request{method=GET uri=/api/migrations/fub/imports version=HTTP/1.1}: tower_http::trace::on_response: finished processing request latency=13 ms status=200
2026-09-12T17:56:53.196772Z  INFO request{method=GET uri=/api/migrations/fub/snapshots version=HTTP/1.1}: tower_http::trace::on_response: finished processing request latency=15 ms status=200
2026-09-12T17:56:53.199567Z  INFO request{method=GET uri=/api/migrations/fub/imports version=HTTP/1.1}: tower_http::trace::on_response: finished processing request latency=16 ms status=200
2026-09-12T17:56:53.203882Z  INFO request{method=GET uri=/api/migrations/fub/snapshots version=HTTP/1.1}: tower_http::trace::on_request: started processing request
2026-09-12T17:56:53.204580Z  INFO request{method=GET uri=/api/migrations/fub/imports version=HTTP/1.1}: tower_http::trace::on_response: finished processing request latency=21 ms status=200
2026-09-12T17:56:53.209153Z  INFO request{method=GET uri=/api/migrations/fub/imports version=HTTP/1.1}: tower_http::trace::on_response: finished processing request latency=24 ms status=200
2026-09-12T17:56:53.213133Z  INFO request{method=GET uri=/api/migrations/fub/imports/153189d3-485c-49b0-b415-6309108a9188 version=HTTP/1.1}: tower_http::trace::on_request: started processing request
2026-09-12T17:56:53.213860Z  INFO request{method=GET uri=/api/migrations/fub/imports/153189d3-485c-49b0-b415-6309108a9188 version=HTTP/1.1}: tower_http::trace::on_request: started processing request
2026-09-12T17:56:53.216463Z  INFO request{method=GET uri=/api/migrations/fub/metadata-imports version=HTTP/1.1}: tower_http::trace::on_request: started processing request
2026-09-12T17:56:53.216665Z  INFO request{method=GET uri=/api/migrations/fub/snapshots/892214fb-86ce-419a-9715-fd1da4d9acb2 version=HTTP/1.1}: tower_http::trace::on_request: started processing request
2026-09-12T17:56:53.219586Z  INFO request{method=GET uri=/api/migrations/fub/imports/153189d3-485c-49b0-b415-6309108a9188 version=HTTP/1.1}: tower_http::trace::on_request: started processing request
2026-09-12T17:56:53.224998Z  INFO request{method=GET uri=/api/migrations/fub/snapshots version=HTTP/1.1}: tower_http::trace::on_response: finished processing request latency=21 ms status=200
2026-09-12T17:56:53.228005Z  INFO request{method=GET uri=/api/migrations/fub/imports/153189d3-485c-49b0-b415-6309108a9188 version=HTTP/1.1}: tower_http::trace::on_response: finished processing request latency=14 ms status=200
2026-09-12T17:56:53.228656Z  INFO request{method=GET uri=/api/migrations/fub/activity-imports version=HTTP/1.1}: tower_http::trace::on_request: started processing request
2026-09-12T17:56:53.229354Z  INFO request{method=GET uri=/api/migrations/fub/snapshots/892214fb-86ce-419a-9715-fd1da4d9acb2 version=HTTP/1.1}: tower_http::trace::on_response: finished processing request latency=12 ms status=200
2026-09-12T17:56:53.232033Z  INFO request{method=GET uri=/api/migrations/fub/imports/153189d3-485c-49b0-b415-6309108a9188 version=HTTP/1.1}: tower_http::trace::on_request: started processing request
2026-09-12T17:56:53.233082Z  INFO request{method=GET uri=/api/migrations/fub/imports/153189d3-485c-49b0-b415-6309108a9188 version=HTTP/1.1}: tower_http::trace::on_response: finished processing request latency=19 ms status=200
2026-09-12T17:56:53.234469Z  INFO request{method=GET uri=/api/migrations/fub/history-captures version=HTTP/1.1}: tower_http::trace::on_request: started processing request
2026-09-12T17:56:53.236998Z  INFO request{method=GET uri=/api/migrations/fub/metadata-imports version=HTTP/1.1}: tower_http::trace::on_response: finished processing request latency=20 ms status=200
2026-09-12T17:56:53.238335Z  INFO request{method=GET uri=/api/migrations/fub/snapshots/892214fb-86ce-419a-9715-fd1da4d9acb2 version=HTTP/1.1}: tower_http::trace::on_request: started processing request
2026-09-12T17:56:53.241477Z  INFO request{method=GET uri=/api/migrations/fub/snapshots/892214fb-86ce-419a-9715-fd1da4d9acb2 version=HTTP/1.1}: tower_http::trace::on_request: started processing request
2026-09-12T17:56:53.242678Z  INFO request{method=GET uri=/api/migrations/fub/imports/153189d3-485c-49b0-b415-6309108a9188 version=HTTP/1.1}: tower_http::trace::on_response: finished processing request latency=23 ms status=200
2026-09-12T17:56:53.245100Z  INFO request{method=GET uri=/api/migrations/fub/imports/153189d3-485c-49b0-b415-6309108a9188/plans/58c034b2-bbe3-42bc-b0b1-31a7c056a48b/mappings version=HTTP/1.1}: tower_http::trace::on_request: started processing request
2026-09-12T17:56:53.245614Z  INFO request{method=GET uri=/api/migrations/fub/activity-imports version=HTTP/1.1}: tower_http::trace::on_response: finished processing request latency=16 ms status=200
2026-09-12T17:56:53.247969Z  INFO request{method=GET uri=/api/migrations/fub/imports/153189d3-485c-49b0-b415-6309108a9188/results version=HTTP/1.1}: tower_http::trace::on_request: started processing request
2026-09-12T17:56:53.249495Z  INFO request{method=GET uri=/api/migrations/fub/imports/153189d3-485c-49b0-b415-6309108a9188 version=HTTP/1.1}: tower_http::trace::on_response: finished processing request latency=17 ms status=200
2026-09-12T17:56:53.250164Z  INFO request{method=GET uri=/api/migrations/fub/snapshots/892214fb-86ce-419a-9715-fd1da4d9acb2 version=HTTP/1.1}: tower_http::trace::on_response: finished processing request latency=11 ms status=200
2026-09-12T17:56:53.252591Z  INFO request{method=GET uri=/api/migrations/fub/snapshots/892214fb-86ce-419a-9715-fd1da4d9acb2/previews/284b08bb-f92e-4810-aef7-062194fc9377 version=HTTP/1.1}: tower_http::trace::on_request: started processing request
2026-09-12T17:56:53.253441Z  INFO request{method=GET uri=/api/migrations/fub/snapshots/892214fb-86ce-419a-9715-fd1da4d9acb2 version=HTTP/1.1}: tower_http::trace::on_request: started processing request
2026-09-12T17:56:53.257514Z  INFO request{method=GET uri=/api/migrations/fub/snapshots/892214fb-86ce-419a-9715-fd1da4d9acb2 version=HTTP/1.1}: tower_http::trace::on_response: finished processing request latency=16 ms status=200
2026-09-12T17:56:53.258391Z  INFO request{method=GET uri=/api/migrations/fub/history-captures version=HTTP/1.1}: tower_http::trace::on_response: finished processing request latency=23 ms status=200
2026-09-12T17:56:53.260997Z  INFO request{method=GET uri=/api/migrations/fub/snapshots/892214fb-86ce-419a-9715-fd1da4d9acb2 version=HTTP/1.1}: tower_http::trace::on_request: started processing request
2026-09-12T17:56:53.261555Z  INFO request{method=GET uri=/api/migrations/fub/snapshots/892214fb-86ce-419a-9715-fd1da4d9acb2/previews/284b08bb-f92e-4810-aef7-062194fc9377 version=HTTP/1.1}: tower_http::trace::on_request: started processing request
2026-09-12T17:56:53.262746Z  INFO request{method=GET uri=/api/migrations/fub/imports/153189d3-485c-49b0-b415-6309108a9188/plans/58c034b2-bbe3-42bc-b0b1-31a7c056a48b/mappings version=HTTP/1.1}: tower_http::trace::on_response: finished processing request latency=17 ms status=200
2026-09-12T17:56:53.267028Z  INFO request{method=GET uri=/api/migrations/fub/history-captures/01375974-41c6-4916-bfd2-bca66e5af119 version=HTTP/1.1}: tower_http::trace::on_request: started processing request
2026-09-12T17:56:53.268313Z  INFO request{method=GET uri=/api/migrations/fub/snapshots/892214fb-86ce-419a-9715-fd1da4d9acb2 version=HTTP/1.1}: tower_http::trace::on_response: finished processing request latency=14 ms status=200
2026-09-12T17:56:53.269164Z  INFO request{method=GET uri=/api/migrations/fub/imports/153189d3-485c-49b0-b415-6309108a9188/results version=HTTP/1.1}: tower_http::trace::on_response: finished processing request latency=21 ms status=200
2026-09-12T17:56:53.272493Z  INFO request{method=GET uri=/api/migrations/fub/snapshots/892214fb-86ce-419a-9715-fd1da4d9acb2/previews/284b08bb-f92e-4810-aef7-062194fc9377 version=HTTP/1.1}: tower_http::trace::on_response: finished processing request latency=19 ms status=200
2026-09-12T17:56:53.273795Z  INFO request{method=GET uri=/api/migrations/fub/snapshots/892214fb-86ce-419a-9715-fd1da4d9acb2 version=HTTP/1.1}: tower_http::trace::on_response: finished processing request latency=12 ms status=200
2026-09-12T17:56:53.279843Z  INFO request{method=GET uri=/api/migrations/fub/snapshots/892214fb-86ce-419a-9715-fd1da4d9acb2/previews/284b08bb-f92e-4810-aef7-062194fc9377 version=HTTP/1.1}: tower_http::trace::on_response: finished processing request latency=18 ms status=200
2026-09-12T17:56:53.279995Z  INFO request{method=GET uri=/api/migrations/fub/history-captures/01375974-41c6-4916-bfd2-bca66e5af119 version=HTTP/1.1}: tower_http::trace::on_response: finished processing request latency=12 ms status=200
2026-09-12T17:56:53.288880Z  INFO request{method=GET uri=/api/migrations/fub/snapshots/892214fb-86ce-419a-9715-fd1da4d9acb2/previews/284b08bb-f92e-4810-aef7-062194fc9377/records version=HTTP/1.1}: tower_http::trace::on_request: started processing request
2026-09-12T17:56:53.291710Z  INFO request{method=GET uri=/api/migrations/fub/history-captures/01375974-41c6-4916-bfd2-bca66e5af119/records version=HTTP/1.1}: tower_http::trace::on_request: started processing request
2026-09-12T17:56:53.298651Z  INFO request{method=GET uri=/api/migrations/fub/snapshots/892214fb-86ce-419a-9715-fd1da4d9acb2/previews/284b08bb-f92e-4810-aef7-062194fc9377/records version=HTTP/1.1}: tower_http::trace::on_response: finished processing request latency=9 ms status=200
2026-09-12T17:56:53.333262Z  INFO request{method=GET uri=/api/migrations/fub/history-captures/01375974-41c6-4916-bfd2-bca66e5af119/records version=HTTP/1.1}: tower_http::trace::on_response: finished processing request latency=41 ms status=200
2026-09-12T17:56:53.681979Z  INFO request{method=GET uri=/api/migrations/fub/history-captures/01375974-41c6-4916-bfd2-bca66e5af119 version=HTTP/1.1}: tower_http::trace::on_request: started processing request
2026-09-12T17:56:53.706823Z  INFO request{method=GET uri=/api/migrations/fub/history-captures/01375974-41c6-4916-bfd2-bca66e5af119 version=HTTP/1.1}: tower_http::trace::on_response: finished processing request latency=24 ms status=200
2026-09-12T17:56:53.714078Z  INFO request{method=PUT uri=/api/organization/members/07a34b88-470b-4d11-a4c0-f8483871f67a/role version=HTTP/1.1}: tower_http::trace::on_request: started processing request
2026-09-12T17:56:53.758227Z  INFO request{method=PUT uri=/api/organization/members/07a34b88-470b-4d11-a4c0-f8483871f67a/role version=HTTP/1.1}: tower_http::trace::on_response: finished processing request latency=44 ms status=200
2026-09-12T17:56:53.764338Z  INFO request{method=DELETE uri=/api/session version=HTTP/1.1}: tower_http::trace::on_request: started processing request
2026-09-12T17:56:53.769332Z  INFO request{method=DELETE uri=/api/session version=HTTP/1.1}: tower_http::trace::on_response: finished processing request latency=5 ms status=204
2026-09-12T17:56:53.820822Z  INFO request{method=GET uri=/api/me version=HTTP/1.1}: tower_http::trace::on_request: started processing request
2026-09-12T17:56:53.820919Z  INFO request{method=GET uri=/api/me version=HTTP/1.1}: tower_http::trace::on_response: finished processing request latency=0 ms status=401
2026-09-12T17:56:53.849976Z  INFO request{method=GET uri=/api/me version=HTTP/1.1}: tower_http::trace::on_request: started processing request
2026-09-12T17:56:53.850173Z  INFO request{method=GET uri=/api/me version=HTTP/1.1}: tower_http::trace::on_response: finished processing request latency=0 ms status=401
2026-09-12T17:56:53.888676Z  INFO request{method=POST uri=/api/session version=HTTP/1.1}: tower_http::trace::on_request: started processing request
2026-09-12T17:56:54.148370Z  INFO request{method=POST uri=/api/session version=HTTP/1.1}: tower_http::trace::on_response: finished processing request latency=259 ms status=200
2026-09-12T17:56:54.157017Z  INFO request{method=GET uri=/api/me version=HTTP/1.1}: tower_http::trace::on_request: started processing request
2026-09-12T17:56:54.159009Z  INFO request{method=GET uri=/api/me version=HTTP/1.1}: tower_http::trace::on_response: finished processing request latency=2 ms status=200
2026-09-12T17:56:54.173118Z  INFO request{method=GET uri=/api/me version=HTTP/1.1}: tower_http::trace::on_request: started processing request
2026-09-12T17:56:54.175306Z  INFO request{method=GET uri=/api/me version=HTTP/1.1}: tower_http::trace::on_response: finished processing request latency=2 ms status=200
2026-09-12T17:56:54.184020Z  INFO request{method=GET uri=/api/migrations/fub/history-captures/01375974-41c6-4916-bfd2-bca66e5af119 version=HTTP/1.1}: tower_http::trace::on_request: started processing request
2026-09-12T17:56:54.197682Z  INFO request{method=GET uri=/api/migrations/fub/ version=HTTP/1.1}: tower_http::trace::on_request: started processing request
2026-09-12T17:56:54.199082Z  INFO request{method=GET uri=/api/migrations/fub/imports version=HTTP/1.1}: tower_http::trace::on_request: started processing request
2026-09-12T17:56:54.200126Z  INFO request{method=GET uri=/api/migrations/fub/imports version=HTTP/1.1}: tower_http::trace::on_request: started processing request
2026-09-12T17:56:54.200776Z  INFO request{method=GET uri=/api/migrations/fub/snapshots version=HTTP/1.1}: tower_http::trace::on_request: started processing request
2026-09-12T17:56:54.201277Z  INFO request{method=GET uri=/api/migrations/fub/imports version=HTTP/1.1}: tower_http::trace::on_request: started processing request
2026-09-12T17:56:54.216231Z  INFO request{method=GET uri=/api/migrations/fub/history-captures/01375974-41c6-4916-bfd2-bca66e5af119 version=HTTP/1.1}: tower_http::trace::on_response: finished processing request latency=32 ms status=404
2026-09-12T17:56:54.219070Z  INFO request{method=GET uri=/api/migrations/fub/snapshots version=HTTP/1.1}: tower_http::trace::on_request: started processing request
2026-09-12T17:56:54.221603Z  INFO request{method=GET uri=/api/migrations/fub/ version=HTTP/1.1}: tower_http::trace::on_response: finished processing request latency=23 ms status=200
2026-09-12T17:56:54.223804Z  INFO request{method=GET uri=/api/migrations/fub/snapshots version=HTTP/1.1}: tower_http::trace::on_response: finished processing request latency=23 ms status=200
2026-09-12T17:56:54.224939Z  INFO request{method=GET uri=/api/migrations/fub/imports version=HTTP/1.1}: tower_http::trace::on_response: finished processing request latency=25 ms status=200
2026-09-12T17:56:54.226762Z  INFO request{method=GET uri=/api/migrations/fub/imports version=HTTP/1.1}: tower_http::trace::on_request: started processing request
2026-09-12T17:56:54.230407Z  INFO request{method=GET uri=/api/migrations/fub/imports version=HTTP/1.1}: tower_http::trace::on_response: finished processing request latency=30 ms status=200
2026-09-12T17:56:54.236762Z  WARN sqlx::postgres::notice: there is no transaction in progress
2026-09-12T17:56:54.264862Z  INFO request{method=GET uri=/api/me version=HTTP/1.1}: tower_http::trace::on_request: started processing request
2026-09-12T17:56:54.266676Z  INFO request{method=GET uri=/api/me version=HTTP/1.1}: tower_http::trace::on_response: finished processing request latency=1 ms status=200
2026-09-12T17:56:54.296769Z  INFO request{method=GET uri=/api/migrations/fub/ version=HTTP/1.1}: tower_http::trace::on_request: started processing request
2026-09-12T17:56:54.297153Z  INFO request{method=GET uri=/api/migrations/fub/imports version=HTTP/1.1}: tower_http::trace::on_request: started processing request
2026-09-12T17:56:54.298033Z  INFO request{method=GET uri=/api/migrations/fub/snapshots version=HTTP/1.1}: tower_http::trace::on_request: started processing request
2026-09-12T17:56:54.299467Z  INFO request{method=GET uri=/api/migrations/fub/imports version=HTTP/1.1}: tower_http::trace::on_request: started processing request
2026-09-12T17:56:54.301408Z  INFO request{method=GET uri=/api/migrations/fub/imports version=HTTP/1.1}: tower_http::trace::on_request: started processing request
2026-09-12T17:56:54.301721Z  INFO request{method=GET uri=/api/migrations/fub/imports version=HTTP/1.1}: tower_http::trace::on_request: started processing request
2026-09-12T17:56:54.309754Z  INFO request{method=GET uri=/api/migrations/fub/snapshots version=HTTP/1.1}: tower_http::trace::on_response: finished processing request latency=11 ms status=200
2026-09-12T17:56:54.311329Z  INFO request{method=GET uri=/api/migrations/fub/imports version=HTTP/1.1}: tower_http::trace::on_response: finished processing request latency=14 ms status=200
2026-09-12T17:56:54.311620Z  INFO request{method=GET uri=/api/migrations/fub/ version=HTTP/1.1}: tower_http::trace::on_response: finished processing request latency=14 ms status=200
2026-09-12T17:56:54.317261Z  INFO request{method=GET uri=/api/migrations/fub/snapshots version=HTTP/1.1}: tower_http::trace::on_request: started processing request
2026-09-12T17:56:54.318968Z  INFO request{method=GET uri=/api/migrations/fub/imports version=HTTP/1.1}: tower_http::trace::on_response: finished processing request latency=19 ms status=200
2026-09-12T17:56:54.322472Z  INFO request{method=GET uri=/api/migrations/fub/snapshots/3ddd8f22-1eae-484b-9ec0-5a89e7bc6f4c version=HTTP/1.1}: tower_http::trace::on_request: started processing request
2026-09-12T17:56:54.322826Z  INFO request{method=GET uri=/api/migrations/fub/imports/e63ca63f-ac6d-4a33-91d7-c9899d65ecdc version=HTTP/1.1}: tower_http::trace::on_request: started processing request
2026-09-12T17:56:54.324848Z  INFO request{method=GET uri=/api/migrations/fub/imports version=HTTP/1.1}: tower_http::trace::on_response: finished processing request latency=23 ms status=200
2026-09-12T17:56:54.329079Z  INFO request{method=GET uri=/api/migrations/fub/imports version=HTTP/1.1}: tower_http::trace::on_response: finished processing request latency=27 ms status=200
2026-09-12T17:56:54.330258Z  INFO request{method=GET uri=/api/migrations/fub/imports/e63ca63f-ac6d-4a33-91d7-c9899d65ecdc version=HTTP/1.1}: tower_http::trace::on_request: started processing request
2026-09-12T17:56:54.330853Z  INFO request{method=GET uri=/api/migrations/fub/metadata-imports version=HTTP/1.1}: tower_http::trace::on_request: started processing request
2026-09-12T17:56:54.333884Z  INFO request{method=GET uri=/api/migrations/fub/imports/e63ca63f-ac6d-4a33-91d7-c9899d65ecdc version=HTTP/1.1}: tower_http::trace::on_request: started processing request
2026-09-12T17:56:54.334890Z  INFO request{method=GET uri=/api/migrations/fub/snapshots version=HTTP/1.1}: tower_http::trace::on_response: finished processing request latency=17 ms status=200
2026-09-12T17:56:54.339510Z  INFO request{method=GET uri=/api/migrations/fub/activity-imports version=HTTP/1.1}: tower_http::trace::on_request: started processing request
2026-09-12T17:56:54.340177Z  INFO request{method=GET uri=/api/migrations/fub/imports/e63ca63f-ac6d-4a33-91d7-c9899d65ecdc version=HTTP/1.1}: tower_http::trace::on_response: finished processing request latency=17 ms status=200
2026-09-12T17:56:54.343262Z  INFO request{method=GET uri=/api/migrations/fub/snapshots/3ddd8f22-1eae-484b-9ec0-5a89e7bc6f4c version=HTTP/1.1}: tower_http::trace::on_response: finished processing request latency=20 ms status=200
2026-09-12T17:56:54.345691Z  INFO request{method=GET uri=/api/migrations/fub/imports/e63ca63f-ac6d-4a33-91d7-c9899d65ecdc version=HTTP/1.1}: tower_http::trace::on_request: started processing request
2026-09-12T17:56:54.347589Z  INFO request{method=GET uri=/api/migrations/fub/history-captures version=HTTP/1.1}: tower_http::trace::on_request: started processing request
2026-09-12T17:56:54.350980Z  INFO request{method=GET uri=/api/migrations/fub/imports/e63ca63f-ac6d-4a33-91d7-c9899d65ecdc version=HTTP/1.1}: tower_http::trace::on_response: finished processing request latency=20 ms status=200
2026-09-12T17:56:54.355292Z  INFO request{method=GET uri=/api/migrations/fub/snapshots/3ddd8f22-1eae-484b-9ec0-5a89e7bc6f4c version=HTTP/1.1}: tower_http::trace::on_request: started processing request
2026-09-12T17:56:54.356601Z  INFO request{method=GET uri=/api/migrations/fub/metadata-imports version=HTTP/1.1}: tower_http::trace::on_response: finished processing request latency=25 ms status=200
2026-09-12T17:56:54.359548Z  INFO request{method=GET uri=/api/migrations/fub/snapshots/3ddd8f22-1eae-484b-9ec0-5a89e7bc6f4c version=HTTP/1.1}: tower_http::trace::on_request: started processing request
2026-09-12T17:56:54.360117Z  INFO request{method=GET uri=/api/migrations/fub/imports/e63ca63f-ac6d-4a33-91d7-c9899d65ecdc version=HTTP/1.1}: tower_http::trace::on_response: finished processing request latency=26 ms status=200
2026-09-12T17:56:54.364061Z  INFO request{method=GET uri=/api/migrations/fub/activity-imports version=HTTP/1.1}: tower_http::trace::on_response: finished processing request latency=24 ms status=200
2026-09-12T17:56:54.364420Z  INFO request{method=GET uri=/api/migrations/fub/imports/e63ca63f-ac6d-4a33-91d7-c9899d65ecdc/plans/aa7b437a-9b03-410a-9831-2266e6a33017/mappings version=HTTP/1.1}: tower_http::trace::on_request: started processing request
2026-09-12T17:56:54.367968Z  INFO request{method=GET uri=/api/migrations/fub/imports/e63ca63f-ac6d-4a33-91d7-c9899d65ecdc/results version=HTTP/1.1}: tower_http::trace::on_request: started processing request
2026-09-12T17:56:54.369126Z  INFO request{method=GET uri=/api/migrations/fub/imports/e63ca63f-ac6d-4a33-91d7-c9899d65ecdc version=HTTP/1.1}: tower_http::trace::on_response: finished processing request latency=23 ms status=200
2026-09-12T17:56:54.370834Z  INFO request{method=GET uri=/api/migrations/fub/snapshots/3ddd8f22-1eae-484b-9ec0-5a89e7bc6f4c version=HTTP/1.1}: tower_http::trace::on_response: finished processing request latency=15 ms status=200
2026-09-12T17:56:54.373195Z  INFO request{method=GET uri=/api/migrations/fub/snapshots/3ddd8f22-1eae-484b-9ec0-5a89e7bc6f4c/previews/c25400a7-08fa-4ed8-940f-fee6f81a28be version=HTTP/1.1}: tower_http::trace::on_request: started processing request
2026-09-12T17:56:54.375444Z  INFO request{method=GET uri=/api/migrations/fub/snapshots/3ddd8f22-1eae-484b-9ec0-5a89e7bc6f4c version=HTTP/1.1}: tower_http::trace::on_request: started processing request
2026-09-12T17:56:54.377453Z  INFO request{method=GET uri=/api/migrations/fub/snapshots/3ddd8f22-1eae-484b-9ec0-5a89e7bc6f4c version=HTTP/1.1}: tower_http::trace::on_response: finished processing request latency=17 ms status=200
2026-09-12T17:56:54.381523Z  INFO request{method=GET uri=/api/migrations/fub/snapshots/3ddd8f22-1eae-484b-9ec0-5a89e7bc6f4c version=HTTP/1.1}: tower_http::trace::on_request: started processing request
2026-09-12T17:56:54.384445Z  INFO request{method=GET uri=/api/migrations/fub/history-captures version=HTTP/1.1}: tower_http::trace::on_response: finished processing request latency=36 ms status=200
2026-09-12T17:56:54.384741Z  INFO request{method=GET uri=/api/migrations/fub/imports/e63ca63f-ac6d-4a33-91d7-c9899d65ecdc/plans/aa7b437a-9b03-410a-9831-2266e6a33017/mappings version=HTTP/1.1}: tower_http::trace::on_response: finished processing request latency=20 ms status=200
2026-09-12T17:56:54.388445Z  INFO request{method=GET uri=/api/migrations/fub/snapshots/3ddd8f22-1eae-484b-9ec0-5a89e7bc6f4c/previews/c25400a7-08fa-4ed8-940f-fee6f81a28be version=HTTP/1.1}: tower_http::trace::on_request: started processing request
2026-09-12T17:56:54.389519Z  INFO request{method=GET uri=/api/migrations/fub/imports/e63ca63f-ac6d-4a33-91d7-c9899d65ecdc/results version=HTTP/1.1}: tower_http::trace::on_response: finished processing request latency=21 ms status=200
2026-09-12T17:56:54.392833Z  INFO request{method=GET uri=/api/migrations/fub/snapshots/3ddd8f22-1eae-484b-9ec0-5a89e7bc6f4c/previews/c25400a7-08fa-4ed8-940f-fee6f81a28be version=HTTP/1.1}: tower_http::trace::on_response: finished processing request latency=19 ms status=200
2026-09-12T17:56:54.394148Z  INFO request{method=GET uri=/api/migrations/fub/history-captures/8f23cd46-bcdf-42dd-b456-8893b01579bf version=HTTP/1.1}: tower_http::trace::on_request: started processing request
2026-09-12T17:56:54.394916Z  INFO request{method=GET uri=/api/migrations/fub/snapshots/3ddd8f22-1eae-484b-9ec0-5a89e7bc6f4c version=HTTP/1.1}: tower_http::trace::on_response: finished processing request latency=19 ms status=200
2026-09-12T17:56:54.398967Z  INFO request{method=GET uri=/api/migrations/fub/snapshots/3ddd8f22-1eae-484b-9ec0-5a89e7bc6f4c version=HTTP/1.1}: tower_http::trace::on_response: finished processing request latency=17 ms status=200
2026-09-12T17:56:54.403274Z  INFO request{method=GET uri=/api/migrations/fub/snapshots/3ddd8f22-1eae-484b-9ec0-5a89e7bc6f4c/previews/c25400a7-08fa-4ed8-940f-fee6f81a28be version=HTTP/1.1}: tower_http::trace::on_response: finished processing request latency=14 ms status=200
2026-09-12T17:56:54.406935Z  INFO request{method=GET uri=/api/migrations/fub/history-captures/8f23cd46-bcdf-42dd-b456-8893b01579bf version=HTTP/1.1}: tower_http::trace::on_response: finished processing request latency=12 ms status=200
2026-09-12T17:56:54.411872Z  INFO request{method=GET uri=/api/migrations/fub/snapshots/3ddd8f22-1eae-484b-9ec0-5a89e7bc6f4c/previews/c25400a7-08fa-4ed8-940f-fee6f81a28be/records version=HTTP/1.1}: tower_http::trace::on_request: started processing request
2026-09-12T17:56:54.414646Z  INFO request{method=GET uri=/api/migrations/fub/history-captures/8f23cd46-bcdf-42dd-b456-8893b01579bf/records version=HTTP/1.1}: tower_http::trace::on_request: started processing request
2026-09-12T17:56:54.418923Z  INFO request{method=GET uri=/api/migrations/fub/snapshots/3ddd8f22-1eae-484b-9ec0-5a89e7bc6f4c/previews/c25400a7-08fa-4ed8-940f-fee6f81a28be/records version=HTTP/1.1}: tower_http::trace::on_response: finished processing request latency=7 ms status=200
2026-09-12T17:56:54.423754Z  INFO request{method=GET uri=/api/migrations/fub/history-captures/8f23cd46-bcdf-42dd-b456-8893b01579bf/records version=HTTP/1.1}: tower_http::trace::on_response: finished processing request latency=9 ms status=200
2026-09-12T17:56:54.793290Z  INFO request{method=GET uri=/api/migrations/fub/history-captures version=HTTP/1.1}: tower_http::trace::on_request: started processing request
2026-09-12T17:56:54.839577Z  INFO request{method=GET uri=/api/migrations/fub/history-captures version=HTTP/1.1}: tower_http::trace::on_response: finished processing request latency=46 ms status=200
2026-09-12T17:58:14.385743Z  INFO request{method=GET uri=/api/me version=HTTP/1.1}: tower_http::trace::on_request: started processing request
2026-09-12T17:58:14.388509Z  INFO request{method=GET uri=/api/me version=HTTP/1.1}: tower_http::trace::on_request: started processing request
2026-09-12T17:58:14.389943Z  INFO request{method=GET uri=/api/me version=HTTP/1.1}: tower_http::trace::on_response: finished processing request latency=1 ms status=401
2026-09-12T17:58:14.389897Z  INFO request{method=GET uri=/api/me version=HTTP/1.1}: tower_http::trace::on_response: finished processing request latency=4 ms status=401
2026-09-12T17:58:14.398879Z  INFO request{method=GET uri=/api/me version=HTTP/1.1}: tower_http::trace::on_request: started processing request
2026-09-12T17:58:14.399218Z  INFO request{method=GET uri=/api/me version=HTTP/1.1}: tower_http::trace::on_response: finished processing request latency=0 ms status=401
2026-09-12T17:58:14.434251Z  INFO request{method=GET uri=/api/me version=HTTP/1.1}: tower_http::trace::on_request: started processing request
2026-09-12T17:58:14.434334Z  INFO request{method=GET uri=/api/me version=HTTP/1.1}: tower_http::trace::on_response: finished processing request latency=0 ms status=401
2026-09-12T17:58:14.550477Z  INFO request{method=POST uri=/api/session version=HTTP/1.1}: tower_http::trace::on_request: started processing request
2026-09-12T17:58:14.796212Z  INFO request{method=POST uri=/api/session version=HTTP/1.1}: tower_http::trace::on_response: finished processing request latency=245 ms status=200
2026-09-12T17:58:14.803027Z  INFO request{method=GET uri=/api/me version=HTTP/1.1}: tower_http::trace::on_request: started processing request
2026-09-12T17:58:14.804944Z  INFO request{method=GET uri=/api/me version=HTTP/1.1}: tower_http::trace::on_response: finished processing request latency=1 ms status=200
2026-09-12T17:58:14.843731Z  INFO request{method=GET uri=/api/migrations/fub/ version=HTTP/1.1}: tower_http::trace::on_request: started processing request
2026-09-12T17:58:14.844300Z  INFO request{method=GET uri=/api/migrations/fub/imports version=HTTP/1.1}: tower_http::trace::on_request: started processing request
2026-09-12T17:58:14.844900Z  INFO request{method=GET uri=/api/migrations/fub/snapshots version=HTTP/1.1}: tower_http::trace::on_request: started processing request
2026-09-12T17:58:14.845513Z  INFO request{method=GET uri=/api/migrations/fub/imports version=HTTP/1.1}: tower_http::trace::on_request: started processing request
2026-09-12T17:58:14.846056Z  INFO request{method=GET uri=/api/migrations/fub/snapshots version=HTTP/1.1}: tower_http::trace::on_request: started processing request
2026-09-12T17:58:14.846563Z  INFO request{method=GET uri=/api/migrations/fub/imports version=HTTP/1.1}: tower_http::trace::on_request: started processing request
2026-09-12T17:58:14.866812Z  INFO request{method=GET uri=/api/migrations/fub/snapshots version=HTTP/1.1}: tower_http::trace::on_response: finished processing request latency=20 ms status=200
2026-09-12T17:58:14.867350Z  INFO request{method=GET uri=/api/migrations/fub/imports version=HTTP/1.1}: tower_http::trace::on_response: finished processing request latency=23 ms status=200
2026-09-12T17:58:14.870276Z  INFO request{method=GET uri=/api/migrations/fub/imports version=HTTP/1.1}: tower_http::trace::on_request: started processing request
2026-09-12T17:58:14.870470Z  INFO request{method=GET uri=/api/migrations/fub/ version=HTTP/1.1}: tower_http::trace::on_response: finished processing request latency=26 ms status=200
2026-09-12T17:58:14.870500Z  INFO request{method=GET uri=/api/migrations/fub/snapshots version=HTTP/1.1}: tower_http::trace::on_response: finished processing request latency=25 ms status=200
2026-09-12T17:58:14.871040Z  INFO request{method=GET uri=/api/me version=HTTP/1.1}: tower_http::trace::on_request: started processing request
2026-09-12T17:58:14.873459Z  INFO request{method=GET uri=/api/me version=HTTP/1.1}: tower_http::trace::on_response: finished processing request latency=2 ms status=200
2026-09-12T17:58:14.873565Z  INFO request{method=GET uri=/api/migrations/fub/imports version=HTTP/1.1}: tower_http::trace::on_response: finished processing request latency=28 ms status=200
2026-09-12T17:58:14.879111Z  INFO request{method=GET uri=/api/migrations/fub/snapshots/b8eba334-9411-45a1-a983-3ca663b6651e version=HTTP/1.1}: tower_http::trace::on_request: started processing request
2026-09-12T17:58:14.884220Z  INFO request{method=GET uri=/api/migrations/fub/imports version=HTTP/1.1}: tower_http::trace::on_response: finished processing request latency=37 ms status=200
2026-09-12T17:58:14.884424Z  INFO request{method=GET uri=/api/migrations/fub/snapshots/b8eba334-9411-45a1-a983-3ca663b6651e version=HTTP/1.1}: tower_http::trace::on_request: started processing request
2026-09-12T17:58:14.885122Z  INFO request{method=GET uri=/api/migrations/fub/imports/9d4a6a4e-28ec-4ccd-9ed0-393a297284dd version=HTTP/1.1}: tower_http::trace::on_request: started processing request
2026-09-12T17:58:14.887942Z  INFO request{method=GET uri=/api/migrations/fub/imports version=HTTP/1.1}: tower_http::trace::on_response: finished processing request latency=17 ms status=200
2026-09-12T17:58:14.887953Z  INFO request{method=GET uri=/api/migrations/fub/imports/9d4a6a4e-28ec-4ccd-9ed0-393a297284dd version=HTTP/1.1}: tower_http::trace::on_request: started processing request
2026-09-12T17:58:14.888553Z  INFO request{method=GET uri=/api/migrations/fub/metadata-imports version=HTTP/1.1}: tower_http::trace::on_request: started processing request
2026-09-12T17:58:14.889281Z  INFO request{method=GET uri=/api/migrations/fub/snapshots/b8eba334-9411-45a1-a983-3ca663b6651e version=HTTP/1.1}: tower_http::trace::on_response: finished processing request latency=10 ms status=200
2026-09-12T17:58:14.896901Z  INFO request{method=GET uri=/api/migrations/fub/imports/9d4a6a4e-28ec-4ccd-9ed0-393a297284dd version=HTTP/1.1}: tower_http::trace::on_request: started processing request
2026-09-12T17:58:14.898893Z  INFO request{method=GET uri=/api/migrations/fub/activity-imports version=HTTP/1.1}: tower_http::trace::on_request: started processing request
2026-09-12T17:58:14.902045Z  INFO request{method=GET uri=/api/migrations/fub/snapshots/b8eba334-9411-45a1-a983-3ca663b6651e version=HTTP/1.1}: tower_http::trace::on_response: finished processing request latency=17 ms status=200
2026-09-12T17:58:14.902895Z  INFO request{method=GET uri=/api/migrations/fub/imports/9d4a6a4e-28ec-4ccd-9ed0-393a297284dd version=HTTP/1.1}: tower_http::trace::on_response: finished processing request latency=17 ms status=200
2026-09-12T17:58:14.935521Z  INFO request{method=GET uri=/api/me version=HTTP/1.1}: tower_http::trace::on_request: started processing request
2026-09-12T17:58:14.937035Z  INFO request{method=GET uri=/api/me version=HTTP/1.1}: tower_http::trace::on_response: finished processing request latency=1 ms status=200
2026-09-12T17:58:14.966782Z  INFO request{method=GET uri=/api/migrations/fub/ version=HTTP/1.1}: tower_http::trace::on_request: started processing request
2026-09-12T17:58:14.967475Z  INFO request{method=GET uri=/api/migrations/fub/imports version=HTTP/1.1}: tower_http::trace::on_request: started processing request
2026-09-12T17:58:14.967821Z  INFO request{method=GET uri=/api/migrations/fub/imports version=HTTP/1.1}: tower_http::trace::on_request: started processing request
2026-09-12T17:58:14.968458Z  INFO request{method=GET uri=/api/migrations/fub/snapshots version=HTTP/1.1}: tower_http::trace::on_request: started processing request
2026-09-12T17:58:14.969247Z  INFO request{method=GET uri=/api/migrations/fub/imports version=HTTP/1.1}: tower_http::trace::on_request: started processing request
2026-09-12T17:58:14.969988Z  INFO request{method=GET uri=/api/migrations/fub/imports version=HTTP/1.1}: tower_http::trace::on_request: started processing request
2026-09-12T17:58:15.007107Z  INFO request{method=GET uri=/api/migrations/fub/ version=HTTP/1.1}: tower_http::trace::on_response: finished processing request latency=40 ms status=200
2026-09-12T17:58:15.008094Z  INFO request{method=GET uri=/api/migrations/fub/imports version=HTTP/1.1}: tower_http::trace::on_response: finished processing request latency=40 ms status=200
2026-09-12T17:58:15.011282Z  INFO request{method=GET uri=/api/migrations/fub/snapshots version=HTTP/1.1}: tower_http::trace::on_request: started processing request
2026-09-12T17:58:15.011520Z  INFO request{method=GET uri=/api/migrations/fub/snapshots version=HTTP/1.1}: tower_http::trace::on_response: finished processing request latency=43 ms status=200
2026-09-12T17:58:15.012077Z  INFO request{method=GET uri=/api/migrations/fub/imports version=HTTP/1.1}: tower_http::trace::on_response: finished processing request latency=44 ms status=200
2026-09-12T17:58:15.016321Z  INFO request{method=GET uri=/api/migrations/fub/imports/9d4a6a4e-28ec-4ccd-9ed0-393a297284dd version=HTTP/1.1}: tower_http::trace::on_request: started processing request
2026-09-12T17:58:15.020591Z  INFO request{method=GET uri=/api/migrations/fub/imports version=HTTP/1.1}: tower_http::trace::on_response: finished processing request latency=51 ms status=200
2026-09-12T17:58:15.024210Z  INFO request{method=GET uri=/api/migrations/fub/snapshots/b8eba334-9411-45a1-a983-3ca663b6651e version=HTTP/1.1}: tower_http::trace::on_request: started processing request
2026-09-12T17:58:15.025858Z  INFO request{method=GET uri=/api/migrations/fub/imports/9d4a6a4e-28ec-4ccd-9ed0-393a297284dd version=HTTP/1.1}: tower_http::trace::on_request: started processing request
2026-09-12T17:58:15.025879Z  INFO request{method=GET uri=/api/migrations/fub/snapshots version=HTTP/1.1}: tower_http::trace::on_response: finished processing request latency=14 ms status=200
2026-09-12T17:58:15.026369Z  INFO request{method=GET uri=/api/migrations/fub/metadata-imports version=HTTP/1.1}: tower_http::trace::on_request: started processing request
2026-09-12T17:58:15.029601Z  INFO request{method=GET uri=/api/migrations/fub/imports version=HTTP/1.1}: tower_http::trace::on_response: finished processing request latency=59 ms status=200
2026-09-12T17:58:15.032672Z  INFO request{method=GET uri=/api/migrations/fub/imports/9d4a6a4e-28ec-4ccd-9ed0-393a297284dd version=HTTP/1.1}: tower_http::trace::on_request: started processing request
2026-09-12T17:58:15.034209Z  INFO request{method=GET uri=/api/migrations/fub/activity-imports version=HTTP/1.1}: tower_http::trace::on_request: started processing request
2026-09-12T17:58:15.035696Z  INFO request{method=GET uri=/api/migrations/fub/imports/9d4a6a4e-28ec-4ccd-9ed0-393a297284dd version=HTTP/1.1}: tower_http::trace::on_response: finished processing request latency=19 ms status=200
2026-09-12T17:58:15.038760Z  INFO request{method=GET uri=/api/migrations/fub/snapshots/b8eba334-9411-45a1-a983-3ca663b6651e version=HTTP/1.1}: tower_http::trace::on_request: started processing request
2026-09-12T17:58:15.039613Z  INFO request{method=GET uri=/api/migrations/fub/snapshots/b8eba334-9411-45a1-a983-3ca663b6651e version=HTTP/1.1}: tower_http::trace::on_response: finished processing request latency=16 ms status=200
2026-09-12T17:58:15.043228Z  INFO request{method=GET uri=/api/migrations/fub/imports/9d4a6a4e-28ec-4ccd-9ed0-393a297284dd version=HTTP/1.1}: tower_http::trace::on_request: started processing request
2026-09-12T17:58:15.043664Z  INFO request{method=GET uri=/api/migrations/fub/metadata-imports version=HTTP/1.1}: tower_http::trace::on_response: finished processing request latency=17 ms status=200
2026-09-12T17:58:15.047719Z  INFO request{method=GET uri=/api/migrations/fub/imports/9d4a6a4e-28ec-4ccd-9ed0-393a297284dd version=HTTP/1.1}: tower_http::trace::on_response: finished processing request latency=21 ms status=200
2026-09-12T17:58:15.048237Z  INFO request{method=GET uri=/api/migrations/fub/history-captures version=HTTP/1.1}: tower_http::trace::on_request: started processing request
2026-09-12T17:58:15.050966Z  INFO request{method=GET uri=/api/migrations/fub/activity-imports version=HTTP/1.1}: tower_http::trace::on_response: finished processing request latency=16 ms status=200
2026-09-12T17:58:15.051144Z  INFO request{method=GET uri=/api/migrations/fub/snapshots/b8eba334-9411-45a1-a983-3ca663b6651e version=HTTP/1.1}: tower_http::trace::on_request: started processing request
2026-09-12T17:58:15.053707Z  INFO request{method=GET uri=/api/migrations/fub/imports/9d4a6a4e-28ec-4ccd-9ed0-393a297284dd/plans/3fab4439-5389-4366-bf9c-c83283e05967/mappings version=HTTP/1.1}: tower_http::trace::on_request: started processing request
2026-09-12T17:58:15.054671Z  INFO request{method=GET uri=/api/migrations/fub/imports/9d4a6a4e-28ec-4ccd-9ed0-393a297284dd version=HTTP/1.1}: tower_http::trace::on_response: finished processing request latency=22 ms status=200
2026-09-12T17:58:15.055155Z  INFO request{method=GET uri=/api/migrations/fub/snapshots/b8eba334-9411-45a1-a983-3ca663b6651e version=HTTP/1.1}: tower_http::trace::on_response: finished processing request latency=16 ms status=200
2026-09-12T17:58:15.057874Z  INFO request{method=GET uri=/api/migrations/fub/imports/9d4a6a4e-28ec-4ccd-9ed0-393a297284dd/results version=HTTP/1.1}: tower_http::trace::on_request: started processing request
2026-09-12T17:58:15.059120Z  INFO request{method=GET uri=/api/migrations/fub/snapshots/b8eba334-9411-45a1-a983-3ca663b6651e/previews/d881beef-bcf5-4fe4-a5bd-946d7778b035 version=HTTP/1.1}: tower_http::trace::on_request: started processing request
2026-09-12T17:58:15.060480Z  INFO request{method=GET uri=/api/migrations/fub/imports/9d4a6a4e-28ec-4ccd-9ed0-393a297284dd version=HTTP/1.1}: tower_http::trace::on_response: finished processing request latency=17 ms status=200
2026-09-12T17:58:15.063739Z  INFO request{method=GET uri=/api/migrations/fub/snapshots/b8eba334-9411-45a1-a983-3ca663b6651e version=HTTP/1.1}: tower_http::trace::on_request: started processing request
2026-09-12T17:58:15.068954Z  INFO request{method=GET uri=/api/migrations/fub/snapshots/b8eba334-9411-45a1-a983-3ca663b6651e version=HTTP/1.1}: tower_http::trace::on_response: finished processing request latency=17 ms status=200
2026-09-12T17:58:15.069526Z  INFO request{method=GET uri=/api/migrations/fub/history-captures version=HTTP/1.1}: tower_http::trace::on_response: finished processing request latency=21 ms status=200
2026-09-12T17:58:15.070178Z  INFO request{method=GET uri=/api/migrations/fub/imports/9d4a6a4e-28ec-4ccd-9ed0-393a297284dd/plans/3fab4439-5389-4366-bf9c-c83283e05967/mappings version=HTTP/1.1}: tower_http::trace::on_response: finished processing request latency=16 ms status=200
2026-09-12T17:58:15.072780Z  INFO request{method=GET uri=/api/migrations/fub/snapshots/b8eba334-9411-45a1-a983-3ca663b6651e version=HTTP/1.1}: tower_http::trace::on_request: started processing request
2026-09-12T17:58:15.073445Z  INFO request{method=GET uri=/api/migrations/fub/snapshots/b8eba334-9411-45a1-a983-3ca663b6651e/previews/d881beef-bcf5-4fe4-a5bd-946d7778b035 version=HTTP/1.1}: tower_http::trace::on_request: started processing request
2026-09-12T17:58:15.076576Z  INFO request{method=GET uri=/api/migrations/fub/imports/9d4a6a4e-28ec-4ccd-9ed0-393a297284dd/results version=HTTP/1.1}: tower_http::trace::on_response: finished processing request latency=18 ms status=200
2026-09-12T17:58:15.077903Z  INFO request{method=GET uri=/api/migrations/fub/history-captures/a57f6d08-7e4d-4088-adae-ab9b7b11076c version=HTTP/1.1}: tower_http::trace::on_request: started processing request
2026-09-12T17:58:15.080229Z  INFO request{method=GET uri=/api/migrations/fub/snapshots/b8eba334-9411-45a1-a983-3ca663b6651e version=HTTP/1.1}: tower_http::trace::on_response: finished processing request latency=16 ms status=200
2026-09-12T17:58:15.083165Z  INFO request{method=GET uri=/api/migrations/fub/snapshots/b8eba334-9411-45a1-a983-3ca663b6651e/previews/d881beef-bcf5-4fe4-a5bd-946d7778b035 version=HTTP/1.1}: tower_http::trace::on_response: finished processing request latency=24 ms status=200
2026-09-12T17:58:15.091052Z  INFO request{method=GET uri=/api/migrations/fub/snapshots/b8eba334-9411-45a1-a983-3ca663b6651e version=HTTP/1.1}: tower_http::trace::on_response: finished processing request latency=18 ms status=200
2026-09-12T17:58:15.092717Z  INFO request{method=GET uri=/api/migrations/fub/snapshots/b8eba334-9411-45a1-a983-3ca663b6651e/previews/d881beef-bcf5-4fe4-a5bd-946d7778b035 version=HTTP/1.1}: tower_http::trace::on_response: finished processing request latency=19 ms status=200
2026-09-12T17:58:15.094712Z  INFO request{method=GET uri=/api/migrations/fub/history-captures/a57f6d08-7e4d-4088-adae-ab9b7b11076c version=HTTP/1.1}: tower_http::trace::on_response: finished processing request latency=16 ms status=200
2026-09-12T17:58:15.102006Z  INFO request{method=GET uri=/api/migrations/fub/snapshots/b8eba334-9411-45a1-a983-3ca663b6651e/previews/d881beef-bcf5-4fe4-a5bd-946d7778b035/records version=HTTP/1.1}: tower_http::trace::on_request: started processing request
2026-09-12T17:58:15.106095Z  INFO request{method=GET uri=/api/migrations/fub/history-captures/a57f6d08-7e4d-4088-adae-ab9b7b11076c/records version=HTTP/1.1}: tower_http::trace::on_request: started processing request
2026-09-12T17:58:15.109477Z  INFO request{method=GET uri=/api/migrations/fub/snapshots/b8eba334-9411-45a1-a983-3ca663b6651e/previews/d881beef-bcf5-4fe4-a5bd-946d7778b035/records version=HTTP/1.1}: tower_http::trace::on_response: finished processing request latency=7 ms status=200
2026-09-12T17:58:15.146655Z  INFO request{method=GET uri=/api/migrations/fub/history-captures/a57f6d08-7e4d-4088-adae-ab9b7b11076c/records version=HTTP/1.1}: tower_http::trace::on_response: finished processing request latency=40 ms status=200
2026-09-12T17:58:15.461054Z  INFO request{method=GET uri=/api/migrations/fub/history-captures/a57f6d08-7e4d-4088-adae-ab9b7b11076c version=HTTP/1.1}: tower_http::trace::on_request: started processing request
2026-09-12T17:58:15.485426Z  INFO request{method=GET uri=/api/migrations/fub/history-captures/a57f6d08-7e4d-4088-adae-ab9b7b11076c version=HTTP/1.1}: tower_http::trace::on_response: finished processing request latency=24 ms status=200
2026-09-12T17:59:28.324571Z  INFO request{method=GET uri=/api/me version=HTTP/1.1}: tower_http::trace::on_request: started processing request
2026-09-12T17:59:28.326603Z  INFO request{method=GET uri=/api/me version=HTTP/1.1}: tower_http::trace::on_response: finished processing request latency=2 ms status=401
2026-09-12T17:59:28.328742Z  INFO request{method=GET uri=/api/me version=HTTP/1.1}: tower_http::trace::on_request: started processing request
2026-09-12T17:59:28.330440Z  INFO request{method=GET uri=/api/me version=HTTP/1.1}: tower_http::trace::on_response: finished processing request latency=1 ms status=401
2026-09-12T17:59:28.332447Z  INFO request{method=GET uri=/api/me version=HTTP/1.1}: tower_http::trace::on_request: started processing request
2026-09-12T17:59:28.335158Z  INFO request{method=GET uri=/api/me version=HTTP/1.1}: tower_http::trace::on_response: finished processing request latency=2 ms status=401
2026-09-12T17:59:28.370541Z  INFO request{method=GET uri=/api/me version=HTTP/1.1}: tower_http::trace::on_request: started processing request
2026-09-12T17:59:28.370646Z  INFO request{method=GET uri=/api/me version=HTTP/1.1}: tower_http::trace::on_response: finished processing request latency=0 ms status=401
2026-09-12T17:59:28.496062Z  INFO request{method=POST uri=/api/session version=HTTP/1.1}: tower_http::trace::on_request: started processing request
2026-09-12T17:59:28.751138Z  INFO request{method=POST uri=/api/session version=HTTP/1.1}: tower_http::trace::on_response: finished processing request latency=255 ms status=200
2026-09-12T17:59:28.760766Z  INFO request{method=GET uri=/api/me version=HTTP/1.1}: tower_http::trace::on_request: started processing request
2026-09-12T17:59:28.763829Z  INFO request{method=GET uri=/api/me version=HTTP/1.1}: tower_http::trace::on_response: finished processing request latency=3 ms status=200
2026-09-12T17:59:28.803672Z  INFO request{method=GET uri=/api/migrations/fub/ version=HTTP/1.1}: tower_http::trace::on_request: started processing request
2026-09-12T17:59:28.805203Z  INFO request{method=GET uri=/api/migrations/fub/imports version=HTTP/1.1}: tower_http::trace::on_request: started processing request
2026-09-12T17:59:28.805764Z  INFO request{method=GET uri=/api/migrations/fub/imports version=HTTP/1.1}: tower_http::trace::on_request: started processing request
2026-09-12T17:59:28.806474Z  INFO request{method=GET uri=/api/migrations/fub/snapshots version=HTTP/1.1}: tower_http::trace::on_request: started processing request
2026-09-12T17:59:28.807033Z  INFO request{method=GET uri=/api/migrations/fub/imports version=HTTP/1.1}: tower_http::trace::on_request: started processing request
2026-09-12T17:59:28.807676Z  INFO request{method=GET uri=/api/migrations/fub/snapshots version=HTTP/1.1}: tower_http::trace::on_request: started processing request
2026-09-12T17:59:28.843602Z  INFO request{method=GET uri=/api/migrations/fub/ version=HTTP/1.1}: tower_http::trace::on_response: finished processing request latency=39 ms status=200
2026-09-12T17:59:28.844874Z  INFO request{method=GET uri=/api/migrations/fub/imports version=HTTP/1.1}: tower_http::trace::on_response: finished processing request latency=37 ms status=200
2026-09-12T17:59:28.846933Z  INFO request{method=GET uri=/api/migrations/fub/imports version=HTTP/1.1}: tower_http::trace::on_request: started processing request
2026-09-12T17:59:28.847816Z  INFO request{method=GET uri=/api/me version=HTTP/1.1}: tower_http::trace::on_request: started processing request
2026-09-12T17:59:28.849712Z  INFO request{method=GET uri=/api/migrations/fub/snapshots version=HTTP/1.1}: tower_http::trace::on_response: finished processing request latency=42 ms status=200
2026-09-12T17:59:28.850588Z  INFO request{method=GET uri=/api/migrations/fub/imports version=HTTP/1.1}: tower_http::trace::on_response: finished processing request latency=45 ms status=200
2026-09-12T17:59:28.850629Z  INFO request{method=GET uri=/api/me version=HTTP/1.1}: tower_http::trace::on_response: finished processing request latency=2 ms status=200
2026-09-12T17:59:28.853436Z  INFO request{method=GET uri=/api/migrations/fub/imports/9d4a6a4e-28ec-4ccd-9ed0-393a297284dd version=HTTP/1.1}: tower_http::trace::on_request: started processing request
2026-09-12T17:59:28.853974Z  INFO request{method=GET uri=/api/migrations/fub/activity-imports version=HTTP/1.1}: tower_http::trace::on_request: started processing request
2026-09-12T17:59:28.857173Z  INFO request{method=GET uri=/api/migrations/fub/imports version=HTTP/1.1}: tower_http::trace::on_response: finished processing request latency=51 ms status=200
2026-09-12T17:59:28.857385Z  INFO request{method=GET uri=/api/migrations/fub/snapshots/b8eba334-9411-45a1-a983-3ca663b6651e version=HTTP/1.1}: tower_http::trace::on_request: started processing request
2026-09-12T17:59:28.862445Z  INFO request{method=GET uri=/api/migrations/fub/imports/9d4a6a4e-28ec-4ccd-9ed0-393a297284dd version=HTTP/1.1}: tower_http::trace::on_request: started processing request
2026-09-12T17:59:28.862856Z  INFO request{method=GET uri=/api/migrations/fub/snapshots version=HTTP/1.1}: tower_http::trace::on_response: finished processing request latency=56 ms status=200
2026-09-12T17:59:28.865593Z  INFO request{method=GET uri=/api/migrations/fub/imports version=HTTP/1.1}: tower_http::trace::on_response: finished processing request latency=18 ms status=200
2026-09-12T17:59:28.869058Z  INFO request{method=GET uri=/api/migrations/fub/imports/9d4a6a4e-28ec-4ccd-9ed0-393a297284dd version=HTTP/1.1}: tower_http::trace::on_request: started processing request
2026-09-12T17:59:28.870681Z  INFO request{method=GET uri=/api/migrations/fub/metadata-imports version=HTTP/1.1}: tower_http::trace::on_request: started processing request
2026-09-12T17:59:28.872894Z  INFO request{method=GET uri=/api/migrations/fub/imports/9d4a6a4e-28ec-4ccd-9ed0-393a297284dd version=HTTP/1.1}: tower_http::trace::on_response: finished processing request latency=19 ms status=200
2026-09-12T17:59:28.874212Z  INFO request{method=GET uri=/api/migrations/fub/snapshots/b8eba334-9411-45a1-a983-3ca663b6651e version=HTTP/1.1}: tower_http::trace::on_response: finished processing request latency=16 ms status=200
2026-09-12T17:59:28.904221Z  INFO request{method=GET uri=/api/me version=HTTP/1.1}: tower_http::trace::on_request: started processing request
2026-09-12T17:59:28.906991Z  INFO request{method=GET uri=/api/me version=HTTP/1.1}: tower_http::trace::on_response: finished processing request latency=2 ms status=200
2026-09-12T17:59:28.934444Z  INFO request{method=GET uri=/api/migrations/fub/ version=HTTP/1.1}: tower_http::trace::on_request: started processing request
2026-09-12T17:59:28.934963Z  INFO request{method=GET uri=/api/migrations/fub/imports version=HTTP/1.1}: tower_http::trace::on_request: started processing request
2026-09-12T17:59:28.935528Z  INFO request{method=GET uri=/api/migrations/fub/snapshots version=HTTP/1.1}: tower_http::trace::on_request: started processing request
2026-09-12T17:59:28.936082Z  INFO request{method=GET uri=/api/migrations/fub/imports version=HTTP/1.1}: tower_http::trace::on_request: started processing request
2026-09-12T17:59:28.936813Z  INFO request{method=GET uri=/api/migrations/fub/snapshots version=HTTP/1.1}: tower_http::trace::on_request: started processing request
2026-09-12T17:59:28.937309Z  INFO request{method=GET uri=/api/migrations/fub/imports version=HTTP/1.1}: tower_http::trace::on_request: started processing request
2026-09-12T17:59:28.948560Z  INFO request{method=GET uri=/api/migrations/fub/imports version=HTTP/1.1}: tower_http::trace::on_response: finished processing request latency=13 ms status=200
2026-09-12T17:59:28.949346Z  INFO request{method=GET uri=/api/migrations/fub/snapshots version=HTTP/1.1}: tower_http::trace::on_response: finished processing request latency=13 ms status=200
2026-09-12T17:59:28.953718Z  INFO request{method=GET uri=/api/migrations/fub/imports version=HTTP/1.1}: tower_http::trace::on_request: started processing request
2026-09-12T17:59:28.960958Z  INFO request{method=GET uri=/api/migrations/fub/snapshots/b8eba334-9411-45a1-a983-3ca663b6651e version=HTTP/1.1}: tower_http::trace::on_request: started processing request
2026-09-12T17:59:28.962468Z  INFO request{method=GET uri=/api/migrations/fub/imports version=HTTP/1.1}: tower_http::trace::on_response: finished processing request latency=26 ms status=200
2026-09-12T17:59:28.967887Z  INFO request{method=GET uri=/api/migrations/fub/imports/9d4a6a4e-28ec-4ccd-9ed0-393a297284dd version=HTTP/1.1}: tower_http::trace::on_request: started processing request
2026-09-12T17:59:28.969382Z  INFO request{method=GET uri=/api/migrations/fub/imports version=HTTP/1.1}: tower_http::trace::on_response: finished processing request latency=32 ms status=200
2026-09-12T17:59:28.973023Z  INFO request{method=GET uri=/api/migrations/fub/imports/9d4a6a4e-28ec-4ccd-9ed0-393a297284dd version=HTTP/1.1}: tower_http::trace::on_request: started processing request
2026-09-12T17:59:28.977050Z  INFO request{method=GET uri=/api/migrations/fub/imports version=HTTP/1.1}: tower_http::trace::on_response: finished processing request latency=23 ms status=200
2026-09-12T17:59:28.977953Z  INFO request{method=GET uri=/api/migrations/fub/snapshots/b8eba334-9411-45a1-a983-3ca663b6651e version=HTTP/1.1}: tower_http::trace::on_response: finished processing request latency=16 ms status=200
2026-09-12T17:59:28.980923Z  INFO request{method=GET uri=/api/migrations/fub/metadata-imports version=HTTP/1.1}: tower_http::trace::on_request: started processing request
2026-09-12T17:59:28.981922Z  INFO request{method=GET uri=/api/migrations/fub/imports/9d4a6a4e-28ec-4ccd-9ed0-393a297284dd version=HTTP/1.1}: tower_http::trace::on_request: started processing request
2026-09-12T17:59:28.989075Z  INFO request{method=GET uri=/api/migrations/fub/imports/9d4a6a4e-28ec-4ccd-9ed0-393a297284dd version=HTTP/1.1}: tower_http::trace::on_response: finished processing request latency=21 ms status=200
2026-09-12T17:59:28.992814Z  INFO request{method=GET uri=/api/migrations/fub/imports/9d4a6a4e-28ec-4ccd-9ed0-393a297284dd version=HTTP/1.1}: tower_http::trace::on_response: finished processing request latency=19 ms status=200
2026-09-12T17:59:28.993231Z  INFO request{method=GET uri=/api/migrations/fub/activity-imports version=HTTP/1.1}: tower_http::trace::on_request: started processing request
2026-09-12T17:59:28.993921Z  INFO request{method=GET uri=/api/migrations/fub/ version=HTTP/1.1}: tower_http::trace::on_response: finished processing request latency=59 ms status=200
2026-09-12T17:59:28.995805Z  INFO request{method=GET uri=/api/migrations/fub/snapshots version=HTTP/1.1}: tower_http::trace::on_response: finished processing request latency=58 ms status=200
2026-09-12T17:59:28.995911Z  INFO request{method=GET uri=/api/migrations/fub/imports/9d4a6a4e-28ec-4ccd-9ed0-393a297284dd version=HTTP/1.1}: tower_http::trace::on_request: started processing request
2026-09-12T17:59:28.996845Z  INFO request{method=GET uri=/api/migrations/fub/history-captures version=HTTP/1.1}: tower_http::trace::on_request: started processing request
2026-09-12T17:59:28.997541Z  INFO request{method=GET uri=/api/migrations/fub/metadata-imports version=HTTP/1.1}: tower_http::trace::on_response: finished processing request latency=16 ms status=200
2026-09-12T17:59:28.998579Z  INFO request{method=GET uri=/api/migrations/fub/snapshots/b8eba334-9411-45a1-a983-3ca663b6651e/previews/d881beef-bcf5-4fe4-a5bd-946d7778b035 version=HTTP/1.1}: tower_http::trace::on_request: started processing request
2026-09-12T17:59:29.000962Z  INFO request{method=GET uri=/api/migrations/fub/snapshots/b8eba334-9411-45a1-a983-3ca663b6651e version=HTTP/1.1}: tower_http::trace::on_request: started processing request
2026-09-12T17:59:29.004986Z  INFO request{method=GET uri=/api/migrations/fub/imports/9d4a6a4e-28ec-4ccd-9ed0-393a297284dd version=HTTP/1.1}: tower_http::trace::on_response: finished processing request latency=23 ms status=200
2026-09-12T17:59:29.007013Z  INFO request{method=GET uri=/api/migrations/fub/activity-imports version=HTTP/1.1}: tower_http::trace::on_response: finished processing request latency=13 ms status=200
2026-09-12T17:59:29.007805Z  INFO request{method=GET uri=/api/migrations/fub/imports/9d4a6a4e-28ec-4ccd-9ed0-393a297284dd/plans/3fab4439-5389-4366-bf9c-c83283e05967/mappings version=HTTP/1.1}: tower_http::trace::on_request: started processing request
2026-09-12T17:59:29.009844Z  INFO request{method=GET uri=/api/migrations/fub/imports/9d4a6a4e-28ec-4ccd-9ed0-393a297284dd/results version=HTTP/1.1}: tower_http::trace::on_request: started processing request
2026-09-12T17:59:29.011881Z  INFO request{method=GET uri=/api/migrations/fub/imports/9d4a6a4e-28ec-4ccd-9ed0-393a297284dd version=HTTP/1.1}: tower_http::trace::on_response: finished processing request latency=16 ms status=200
2026-09-12T17:59:29.014358Z  INFO request{method=GET uri=/api/migrations/fub/snapshots/b8eba334-9411-45a1-a983-3ca663b6651e version=HTTP/1.1}: tower_http::trace::on_response: finished processing request latency=13 ms status=200
2026-09-12T17:59:29.015376Z  INFO request{method=GET uri=/api/migrations/fub/snapshots/b8eba334-9411-45a1-a983-3ca663b6651e version=HTTP/1.1}: tower_http::trace::on_request: started processing request
2026-09-12T17:59:29.017190Z  INFO request{method=GET uri=/api/migrations/fub/snapshots/b8eba334-9411-45a1-a983-3ca663b6651e version=HTTP/1.1}: tower_http::trace::on_request: started processing request
2026-09-12T17:59:29.017540Z  INFO request{method=GET uri=/api/migrations/fub/snapshots/b8eba334-9411-45a1-a983-3ca663b6651e/previews/d881beef-bcf5-4fe4-a5bd-946d7778b035 version=HTTP/1.1}: tower_http::trace::on_response: finished processing request latency=19 ms status=200
2026-09-12T17:59:29.020361Z  INFO request{method=GET uri=/api/migrations/fub/snapshots/b8eba334-9411-45a1-a983-3ca663b6651e version=HTTP/1.1}: tower_http::trace::on_request: started processing request
2026-09-12T17:59:29.024065Z  INFO request{method=GET uri=/api/migrations/fub/history-captures version=HTTP/1.1}: tower_http::trace::on_response: finished processing request latency=27 ms status=200
2026-09-12T17:59:29.025077Z  INFO request{method=GET uri=/api/migrations/fub/snapshots/b8eba334-9411-45a1-a983-3ca663b6651e version=HTTP/1.1}: tower_http::trace::on_response: finished processing request latency=9 ms status=200
2026-09-12T17:59:29.026646Z  INFO request{method=GET uri=/api/migrations/fub/imports/9d4a6a4e-28ec-4ccd-9ed0-393a297284dd/plans/3fab4439-5389-4366-bf9c-c83283e05967/mappings version=HTTP/1.1}: tower_http::trace::on_response: finished processing request latency=18 ms status=200
2026-09-12T17:59:29.029957Z  INFO request{method=GET uri=/api/migrations/fub/imports/9d4a6a4e-28ec-4ccd-9ed0-393a297284dd/results version=HTTP/1.1}: tower_http::trace::on_response: finished processing request latency=20 ms status=200
2026-09-12T17:59:29.030049Z  INFO request{method=GET uri=/api/migrations/fub/history-captures/a57f6d08-7e4d-4088-adae-ab9b7b11076c version=HTTP/1.1}: tower_http::trace::on_request: started processing request
2026-09-12T17:59:29.030431Z  INFO request{method=GET uri=/api/migrations/fub/snapshots/b8eba334-9411-45a1-a983-3ca663b6651e version=HTTP/1.1}: tower_http::trace::on_response: finished processing request latency=13 ms status=200
2026-09-12T17:59:29.034957Z  INFO request{method=GET uri=/api/migrations/fub/snapshots/b8eba334-9411-45a1-a983-3ca663b6651e version=HTTP/1.1}: tower_http::trace::on_response: finished processing request latency=14 ms status=200
2026-09-12T17:59:29.040655Z  INFO request{method=GET uri=/api/migrations/fub/snapshots/b8eba334-9411-45a1-a983-3ca663b6651e/previews/d881beef-bcf5-4fe4-a5bd-946d7778b035 version=HTTP/1.1}: tower_http::trace::on_request: started processing request
2026-09-12T17:59:29.041205Z  INFO request{method=GET uri=/api/migrations/fub/history-captures/a57f6d08-7e4d-4088-adae-ab9b7b11076c version=HTTP/1.1}: tower_http::trace::on_response: finished processing request latency=11 ms status=200
2026-09-12T17:59:29.048366Z  INFO request{method=GET uri=/api/migrations/fub/history-captures/a57f6d08-7e4d-4088-adae-ab9b7b11076c/records version=HTTP/1.1}: tower_http::trace::on_request: started processing request
2026-09-12T17:59:29.049259Z  INFO request{method=GET uri=/api/migrations/fub/snapshots/b8eba334-9411-45a1-a983-3ca663b6651e/previews/d881beef-bcf5-4fe4-a5bd-946d7778b035 version=HTTP/1.1}: tower_http::trace::on_response: finished processing request latency=8 ms status=200
2026-09-12T17:59:29.059077Z  INFO request{method=GET uri=/api/migrations/fub/snapshots/b8eba334-9411-45a1-a983-3ca663b6651e/previews/d881beef-bcf5-4fe4-a5bd-946d7778b035/records version=HTTP/1.1}: tower_http::trace::on_request: started processing request
2026-09-12T17:59:29.065751Z  INFO request{method=GET uri=/api/migrations/fub/snapshots/b8eba334-9411-45a1-a983-3ca663b6651e/previews/d881beef-bcf5-4fe4-a5bd-946d7778b035/records version=HTTP/1.1}: tower_http::trace::on_response: finished processing request latency=6 ms status=200
2026-09-12T17:59:29.086930Z  INFO request{method=GET uri=/api/migrations/fub/history-captures/a57f6d08-7e4d-4088-adae-ab9b7b11076c/records version=HTTP/1.1}: tower_http::trace::on_response: finished processing request latency=38 ms status=200
2026-09-12T17:59:29.443519Z  INFO request{method=GET uri=/api/migrations/fub/history-captures/a57f6d08-7e4d-4088-adae-ab9b7b11076c version=HTTP/1.1}: tower_http::trace::on_request: started processing request
2026-09-12T17:59:29.461026Z  INFO request{method=GET uri=/api/migrations/fub/history-captures/a57f6d08-7e4d-4088-adae-ab9b7b11076c version=HTTP/1.1}: tower_http::trace::on_response: finished processing request latency=17 ms status=200
2026-09-12T17:59:29.512939Z  INFO request{method=POST uri=/api/migrations/fub/history-captures version=HTTP/1.1}: tower_http::trace::on_request: started processing request
2026-09-12T17:59:29.551807Z  INFO request{method=POST uri=/api/migrations/fub/history-captures version=HTTP/1.1}: tower_http::trace::on_response: finished processing request latency=38 ms status=201
2026-09-12T17:59:29.561270Z  INFO request{method=GET uri=/api/migrations/fub/history-captures/89e8abe2-9c1e-4e21-b13e-8b516618bfa4 version=HTTP/1.1}: tower_http::trace::on_request: started processing request
2026-09-12T17:59:29.561863Z  INFO request{method=GET uri=/api/migrations/fub/imports version=HTTP/1.1}: tower_http::trace::on_request: started processing request
2026-09-12T17:59:29.562530Z  INFO request{method=GET uri=/api/migrations/fub/imports/9d4a6a4e-28ec-4ccd-9ed0-393a297284dd version=HTTP/1.1}: tower_http::trace::on_request: started processing request
2026-09-12T17:59:29.563105Z  INFO request{method=GET uri=/api/migrations/fub/history-captures version=HTTP/1.1}: tower_http::trace::on_request: started processing request
2026-09-12T17:59:29.566672Z  INFO request{method=GET uri=/api/migrations/fub/history-captures/89e8abe2-9c1e-4e21-b13e-8b516618bfa4 version=HTTP/1.1}: tower_http::trace::on_request: started processing request
2026-09-12T17:59:29.575083Z  INFO request{method=GET uri=/api/migrations/fub/history-captures/89e8abe2-9c1e-4e21-b13e-8b516618bfa4 version=HTTP/1.1}: tower_http::trace::on_response: finished processing request latency=13 ms status=200
2026-09-12T17:59:29.575842Z  INFO request{method=GET uri=/api/migrations/fub/imports version=HTTP/1.1}: tower_http::trace::on_response: finished processing request latency=13 ms status=200
2026-09-12T17:59:29.578180Z  INFO request{method=GET uri=/api/migrations/fub/imports/9d4a6a4e-28ec-4ccd-9ed0-393a297284dd version=HTTP/1.1}: tower_http::trace::on_response: finished processing request latency=15 ms status=200
2026-09-12T17:59:29.581071Z  INFO request{method=GET uri=/api/migrations/fub/history-captures/89e8abe2-9c1e-4e21-b13e-8b516618bfa4/records version=HTTP/1.1}: tower_http::trace::on_request: started processing request
2026-09-12T17:59:29.587866Z  INFO request{method=GET uri=/api/migrations/fub/history-captures version=HTTP/1.1}: tower_http::trace::on_response: finished processing request latency=24 ms status=200
2026-09-12T17:59:29.592899Z  INFO request{method=GET uri=/api/migrations/fub/history-captures/89e8abe2-9c1e-4e21-b13e-8b516618bfa4 version=HTTP/1.1}: tower_http::trace::on_response: finished processing request latency=26 ms status=200
2026-09-12T17:59:29.596688Z  INFO request{method=GET uri=/api/migrations/fub/history-captures/89e8abe2-9c1e-4e21-b13e-8b516618bfa4/records version=HTTP/1.1}: tower_http::trace::on_response: finished processing request latency=15 ms status=200
2026-09-12T17:59:29.938659Z  INFO request{method=GET uri=/api/migrations/fub/history-captures/89e8abe2-9c1e-4e21-b13e-8b516618bfa4 version=HTTP/1.1}: tower_http::trace::on_request: started processing request
2026-09-12T17:59:29.969117Z  INFO request{method=GET uri=/api/migrations/fub/history-captures/89e8abe2-9c1e-4e21-b13e-8b516618bfa4 version=HTTP/1.1}: tower_http::trace::on_response: finished processing request latency=30 ms status=200
2026-09-12T17:59:30.586208Z  INFO request{method=GET uri=/api/migrations/fub/history-captures/89e8abe2-9c1e-4e21-b13e-8b516618bfa4 version=HTTP/1.1}: tower_http::trace::on_request: started processing request
2026-09-12T17:59:30.635013Z  INFO request{method=GET uri=/api/migrations/fub/history-captures/89e8abe2-9c1e-4e21-b13e-8b516618bfa4 version=HTTP/1.1}: tower_http::trace::on_response: finished processing request latency=48 ms status=200
2026-09-12T17:59:30.641961Z  INFO request{method=POST uri=/api/migrations/fub/history-captures/89e8abe2-9c1e-4e21-b13e-8b516618bfa4/cancel version=HTTP/1.1}: tower_http::trace::on_request: started processing request
2026-09-12T17:59:30.657061Z  INFO request{method=POST uri=/api/migrations/fub/history-captures/89e8abe2-9c1e-4e21-b13e-8b516618bfa4/cancel version=HTTP/1.1}: tower_http::trace::on_response: finished processing request latency=15 ms status=200
2026-09-12T17:59:30.662546Z  INFO request{method=GET uri=/api/migrations/fub/history-captures/89e8abe2-9c1e-4e21-b13e-8b516618bfa4 version=HTTP/1.1}: tower_http::trace::on_request: started processing request
2026-09-12T17:59:30.672268Z  INFO request{method=GET uri=/api/migrations/fub/history-captures/89e8abe2-9c1e-4e21-b13e-8b516618bfa4 version=HTTP/1.1}: tower_http::trace::on_response: finished processing request latency=9 ms status=200
2026-09-12T17:59:51.259610Z  INFO request{method=GET uri=/api/me version=HTTP/1.1}: tower_http::trace::on_request: started processing request
2026-09-12T17:59:51.262689Z  INFO request{method=GET uri=/api/me version=HTTP/1.1}: tower_http::trace::on_response: finished processing request latency=3 ms status=401
2026-09-12T17:59:51.263190Z  INFO request{method=GET uri=/api/me version=HTTP/1.1}: tower_http::trace::on_request: started processing request
2026-09-12T17:59:51.263377Z  INFO request{method=GET uri=/api/me version=HTTP/1.1}: tower_http::trace::on_response: finished processing request latency=0 ms status=401
2026-09-12T17:59:51.269095Z  INFO request{method=GET uri=/api/me version=HTTP/1.1}: tower_http::trace::on_request: started processing request
2026-09-12T17:59:51.272620Z  INFO request{method=GET uri=/api/me version=HTTP/1.1}: tower_http::trace::on_response: finished processing request latency=3 ms status=401
2026-09-12T17:59:51.309955Z  INFO request{method=GET uri=/api/me version=HTTP/1.1}: tower_http::trace::on_request: started processing request
2026-09-12T17:59:51.310062Z  INFO request{method=GET uri=/api/me version=HTTP/1.1}: tower_http::trace::on_response: finished processing request latency=0 ms status=401
2026-09-12T17:59:51.434229Z  INFO request{method=POST uri=/api/session version=HTTP/1.1}: tower_http::trace::on_request: started processing request
2026-09-12T17:59:51.688816Z  INFO request{method=POST uri=/api/session version=HTTP/1.1}: tower_http::trace::on_response: finished processing request latency=254 ms status=200
2026-09-12T17:59:51.695139Z  INFO request{method=GET uri=/api/me version=HTTP/1.1}: tower_http::trace::on_request: started processing request
2026-09-12T17:59:51.697444Z  INFO request{method=GET uri=/api/me version=HTTP/1.1}: tower_http::trace::on_response: finished processing request latency=2 ms status=200
2026-09-12T17:59:51.736252Z  INFO request{method=GET uri=/api/migrations/fub/ version=HTTP/1.1}: tower_http::trace::on_request: started processing request
2026-09-12T17:59:51.736432Z  INFO request{method=GET uri=/api/migrations/fub/imports version=HTTP/1.1}: tower_http::trace::on_request: started processing request
2026-09-12T17:59:51.736493Z  INFO request{method=GET uri=/api/migrations/fub/imports version=HTTP/1.1}: tower_http::trace::on_request: started processing request
2026-09-12T17:59:51.736915Z  INFO request{method=GET uri=/api/migrations/fub/snapshots version=HTTP/1.1}: tower_http::trace::on_request: started processing request
2026-09-12T17:59:51.737490Z  INFO request{method=GET uri=/api/migrations/fub/snapshots version=HTTP/1.1}: tower_http::trace::on_request: started processing request
2026-09-12T17:59:51.738053Z  INFO request{method=GET uri=/api/migrations/fub/imports version=HTTP/1.1}: tower_http::trace::on_request: started processing request
2026-09-12T17:59:51.761050Z  INFO request{method=GET uri=/api/migrations/fub/ version=HTTP/1.1}: tower_http::trace::on_response: finished processing request latency=24 ms status=200
2026-09-12T17:59:51.762404Z  INFO request{method=GET uri=/api/migrations/fub/imports version=HTTP/1.1}: tower_http::trace::on_response: finished processing request latency=25 ms status=200
2026-09-12T17:59:51.763872Z  INFO request{method=GET uri=/api/migrations/fub/snapshots version=HTTP/1.1}: tower_http::trace::on_response: finished processing request latency=26 ms status=200
2026-09-12T17:59:51.763954Z  INFO request{method=GET uri=/api/migrations/fub/imports version=HTTP/1.1}: tower_http::trace::on_request: started processing request
2026-09-12T17:59:51.764091Z  INFO request{method=GET uri=/api/migrations/fub/snapshots version=HTTP/1.1}: tower_http::trace::on_response: finished processing request latency=27 ms status=200
2026-09-12T17:59:51.765008Z  INFO request{method=GET uri=/api/me version=HTTP/1.1}: tower_http::trace::on_request: started processing request
2026-09-12T17:59:51.766701Z  INFO request{method=GET uri=/api/me version=HTTP/1.1}: tower_http::trace::on_response: finished processing request latency=1 ms status=200
2026-09-12T17:59:51.767882Z  INFO request{method=GET uri=/api/migrations/fub/imports version=HTTP/1.1}: tower_http::trace::on_response: finished processing request latency=31 ms status=200
2026-09-12T17:59:51.770684Z  INFO request{method=GET uri=/api/migrations/fub/imports/153189d3-485c-49b0-b415-6309108a9188 version=HTTP/1.1}: tower_http::trace::on_request: started processing request
2026-09-12T17:59:51.771029Z  INFO request{method=GET uri=/api/migrations/fub/metadata-imports version=HTTP/1.1}: tower_http::trace::on_request: started processing request
2026-09-12T17:59:51.771843Z  INFO request{method=GET uri=/api/migrations/fub/snapshots/892214fb-86ce-419a-9715-fd1da4d9acb2 version=HTTP/1.1}: tower_http::trace::on_request: started processing request
2026-09-12T17:59:51.772452Z  INFO request{method=GET uri=/api/migrations/fub/snapshots/892214fb-86ce-419a-9715-fd1da4d9acb2 version=HTTP/1.1}: tower_http::trace::on_request: started processing request
2026-09-12T17:59:51.776654Z  INFO request{method=GET uri=/api/migrations/fub/imports version=HTTP/1.1}: tower_http::trace::on_response: finished processing request latency=38 ms status=200
2026-09-12T17:59:51.781834Z  INFO request{method=GET uri=/api/migrations/fub/imports version=HTTP/1.1}: tower_http::trace::on_response: finished processing request latency=17 ms status=200
2026-09-12T17:59:51.784929Z  INFO request{method=GET uri=/api/migrations/fub/snapshots/892214fb-86ce-419a-9715-fd1da4d9acb2 version=HTTP/1.1}: tower_http::trace::on_response: finished processing request latency=13 ms status=200
2026-09-12T17:59:51.786281Z  INFO request{method=GET uri=/api/migrations/fub/imports/153189d3-485c-49b0-b415-6309108a9188 version=HTTP/1.1}: tower_http::trace::on_request: started processing request
2026-09-12T17:59:51.786505Z  INFO request{method=GET uri=/api/migrations/fub/imports/153189d3-485c-49b0-b415-6309108a9188 version=HTTP/1.1}: tower_http::trace::on_response: finished processing request latency=15 ms status=200
2026-09-12T17:59:51.788999Z  WARN sqlx::postgres::notice: there is no transaction in progress
2026-09-12T17:59:51.789384Z  WARN sqlx::postgres::notice: there is no transaction in progress
2026-09-12T17:59:51.818848Z  INFO request{method=GET uri=/api/me version=HTTP/1.1}: tower_http::trace::on_request: started processing request
2026-09-12T17:59:51.820455Z  INFO request{method=GET uri=/api/me version=HTTP/1.1}: tower_http::trace::on_response: finished processing request latency=1 ms status=200
2026-09-12T17:59:51.846316Z  INFO request{method=GET uri=/api/migrations/fub/ version=HTTP/1.1}: tower_http::trace::on_request: started processing request
2026-09-12T17:59:51.846736Z  INFO request{method=GET uri=/api/migrations/fub/imports version=HTTP/1.1}: tower_http::trace::on_request: started processing request
2026-09-12T17:59:51.847292Z  INFO request{method=GET uri=/api/migrations/fub/imports version=HTTP/1.1}: tower_http::trace::on_request: started processing request
2026-09-12T17:59:51.848043Z  INFO request{method=GET uri=/api/migrations/fub/snapshots version=HTTP/1.1}: tower_http::trace::on_request: started processing request
2026-09-12T17:59:51.848491Z  INFO request{method=GET uri=/api/migrations/fub/imports version=HTTP/1.1}: tower_http::trace::on_request: started processing request
2026-09-12T17:59:51.849361Z  INFO request{method=GET uri=/api/migrations/fub/snapshots version=HTTP/1.1}: tower_http::trace::on_request: started processing request
2026-09-12T17:59:51.856384Z  INFO request{method=GET uri=/api/migrations/fub/ version=HTTP/1.1}: tower_http::trace::on_response: finished processing request latency=10 ms status=200
2026-09-12T17:59:51.857267Z  INFO request{method=GET uri=/api/migrations/fub/imports version=HTTP/1.1}: tower_http::trace::on_response: finished processing request latency=10 ms status=200
2026-09-12T17:59:51.860575Z  INFO request{method=GET uri=/api/migrations/fub/imports version=HTTP/1.1}: tower_http::trace::on_request: started processing request
2026-09-12T17:59:51.863704Z  INFO request{method=GET uri=/api/migrations/fub/imports version=HTTP/1.1}: tower_http::trace::on_response: finished processing request latency=16 ms status=200
2026-09-12T17:59:51.867080Z  INFO request{method=GET uri=/api/migrations/fub/imports version=HTTP/1.1}: tower_http::trace::on_response: finished processing request latency=18 ms status=200
2026-09-12T17:59:51.868718Z  INFO request{method=GET uri=/api/migrations/fub/snapshots version=HTTP/1.1}: tower_http::trace::on_response: finished processing request latency=19 ms status=200
2026-09-12T17:59:51.873217Z  INFO request{method=GET uri=/api/migrations/fub/imports/153189d3-485c-49b0-b415-6309108a9188 version=HTTP/1.1}: tower_http::trace::on_request: started processing request
2026-09-12T17:59:51.875491Z  INFO request{method=GET uri=/api/migrations/fub/imports version=HTTP/1.1}: tower_http::trace::on_response: finished processing request latency=14 ms status=200
2026-09-12T17:59:51.877506Z  INFO request{method=GET uri=/api/migrations/fub/imports/153189d3-485c-49b0-b415-6309108a9188 version=HTTP/1.1}: tower_http::trace::on_request: started processing request
2026-09-12T17:59:51.877983Z  INFO request{method=GET uri=/api/migrations/fub/metadata-imports version=HTTP/1.1}: tower_http::trace::on_request: started processing request
2026-09-12T17:59:51.879290Z  INFO request{method=GET uri=/api/migrations/fub/imports/153189d3-485c-49b0-b415-6309108a9188 version=HTTP/1.1}: tower_http::trace::on_request: started processing request
2026-09-12T17:59:51.879740Z  INFO request{method=GET uri=/api/migrations/fub/activity-imports version=HTTP/1.1}: tower_http::trace::on_request: started processing request
2026-09-12T17:59:51.884302Z  INFO request{method=GET uri=/api/migrations/fub/imports/153189d3-485c-49b0-b415-6309108a9188 version=HTTP/1.1}: tower_http::trace::on_response: finished processing request latency=11 ms status=200
2026-09-12T17:59:51.887935Z  INFO request{method=GET uri=/api/migrations/fub/snapshots/892214fb-86ce-419a-9715-fd1da4d9acb2 version=HTTP/1.1}: tower_http::trace::on_request: started processing request
2026-09-12T17:59:51.889660Z  INFO request{method=GET uri=/api/migrations/fub/imports/153189d3-485c-49b0-b415-6309108a9188 version=HTTP/1.1}: tower_http::trace::on_response: finished processing request latency=12 ms status=200
2026-09-12T17:59:51.894245Z  INFO request{method=GET uri=/api/migrations/fub/imports/153189d3-485c-49b0-b415-6309108a9188 version=HTTP/1.1}: tower_http::trace::on_response: finished processing request latency=14 ms status=200
2026-09-12T17:59:51.894490Z  INFO request{method=GET uri=/api/migrations/fub/imports/153189d3-485c-49b0-b415-6309108a9188 version=HTTP/1.1}: tower_http::trace::on_request: started processing request
2026-09-12T17:59:51.897446Z  INFO request{method=GET uri=/api/migrations/fub/history-captures version=HTTP/1.1}: tower_http::trace::on_request: started processing request
2026-09-12T17:59:51.898461Z  INFO request{method=GET uri=/api/migrations/fub/metadata-imports version=HTTP/1.1}: tower_http::trace::on_response: finished processing request latency=20 ms status=200
2026-09-12T17:59:51.902763Z  INFO request{method=GET uri=/api/migrations/fub/activity-imports version=HTTP/1.1}: tower_http::trace::on_response: finished processing request latency=23 ms status=200
2026-09-12T17:59:51.903173Z  INFO request{method=GET uri=/api/migrations/fub/snapshots/892214fb-86ce-419a-9715-fd1da4d9acb2 version=HTTP/1.1}: tower_http::trace::on_request: started processing request
2026-09-12T17:59:51.904691Z  INFO request{method=GET uri=/api/migrations/fub/snapshots version=HTTP/1.1}: tower_http::trace::on_response: finished processing request latency=56 ms status=200
2026-09-12T17:59:51.905536Z  INFO request{method=GET uri=/api/migrations/fub/imports/153189d3-485c-49b0-b415-6309108a9188/plans/58c034b2-bbe3-42bc-b0b1-31a7c056a48b/mappings version=HTTP/1.1}: tower_http::trace::on_request: started processing request
2026-09-12T17:59:51.907690Z  INFO request{method=GET uri=/api/migrations/fub/imports/153189d3-485c-49b0-b415-6309108a9188/results version=HTTP/1.1}: tower_http::trace::on_request: started processing request
2026-09-12T17:59:51.910195Z  INFO request{method=GET uri=/api/migrations/fub/snapshots/892214fb-86ce-419a-9715-fd1da4d9acb2 version=HTTP/1.1}: tower_http::trace::on_response: finished processing request latency=22 ms status=200
2026-09-12T17:59:51.911464Z  INFO request{method=GET uri=/api/migrations/fub/imports/153189d3-485c-49b0-b415-6309108a9188 version=HTTP/1.1}: tower_http::trace::on_response: finished processing request latency=17 ms status=200
2026-09-12T17:59:51.913398Z  INFO request{method=GET uri=/api/migrations/fub/snapshots/892214fb-86ce-419a-9715-fd1da4d9acb2 version=HTTP/1.1}: tower_http::trace::on_request: started processing request
2026-09-12T17:59:51.914606Z  INFO request{method=GET uri=/api/migrations/fub/snapshots/892214fb-86ce-419a-9715-fd1da4d9acb2 version=HTTP/1.1}: tower_http::trace::on_request: started processing request
2026-09-12T17:59:51.918372Z  INFO request{method=GET uri=/api/migrations/fub/snapshots/892214fb-86ce-419a-9715-fd1da4d9acb2 version=HTTP/1.1}: tower_http::trace::on_response: finished processing request latency=15 ms status=200
2026-09-12T17:59:51.919817Z  INFO request{method=GET uri=/api/migrations/fub/history-captures version=HTTP/1.1}: tower_http::trace::on_response: finished processing request latency=22 ms status=200
2026-09-12T17:59:51.920260Z  INFO request{method=GET uri=/api/migrations/fub/imports/153189d3-485c-49b0-b415-6309108a9188/plans/58c034b2-bbe3-42bc-b0b1-31a7c056a48b/mappings version=HTTP/1.1}: tower_http::trace::on_response: finished processing request latency=14 ms status=200
2026-09-12T17:59:51.922456Z  INFO request{method=GET uri=/api/migrations/fub/snapshots/892214fb-86ce-419a-9715-fd1da4d9acb2 version=HTTP/1.1}: tower_http::trace::on_request: started processing request
2026-09-12T17:59:51.923630Z  INFO request{method=GET uri=/api/migrations/fub/snapshots/892214fb-86ce-419a-9715-fd1da4d9acb2/previews/284b08bb-f92e-4810-aef7-062194fc9377 version=HTTP/1.1}: tower_http::trace::on_request: started processing request
2026-09-12T17:59:51.925421Z  INFO request{method=GET uri=/api/migrations/fub/imports/153189d3-485c-49b0-b415-6309108a9188/results version=HTTP/1.1}: tower_http::trace::on_response: finished processing request latency=17 ms status=200
2026-09-12T17:59:51.928789Z  INFO request{method=GET uri=/api/migrations/fub/snapshots/892214fb-86ce-419a-9715-fd1da4d9acb2 version=HTTP/1.1}: tower_http::trace::on_response: finished processing request latency=15 ms status=200
2026-09-12T17:59:51.929924Z  INFO request{method=GET uri=/api/migrations/fub/history-captures/01375974-41c6-4916-bfd2-bca66e5af119 version=HTTP/1.1}: tower_http::trace::on_request: started processing request
2026-09-12T17:59:51.931596Z  INFO request{method=GET uri=/api/migrations/fub/snapshots/892214fb-86ce-419a-9715-fd1da4d9acb2 version=HTTP/1.1}: tower_http::trace::on_response: finished processing request latency=17 ms status=200
2026-09-12T17:59:51.933593Z  INFO request{method=GET uri=/api/migrations/fub/snapshots/892214fb-86ce-419a-9715-fd1da4d9acb2 version=HTTP/1.1}: tower_http::trace::on_response: finished processing request latency=11 ms status=200
2026-09-12T17:59:51.938238Z  INFO request{method=GET uri=/api/migrations/fub/snapshots/892214fb-86ce-419a-9715-fd1da4d9acb2/previews/284b08bb-f92e-4810-aef7-062194fc9377 version=HTTP/1.1}: tower_http::trace::on_request: started processing request
2026-09-12T17:59:51.940244Z  INFO request{method=GET uri=/api/migrations/fub/history-captures/01375974-41c6-4916-bfd2-bca66e5af119 version=HTTP/1.1}: tower_http::trace::on_response: finished processing request latency=10 ms status=200
2026-09-12T17:59:51.942148Z  INFO request{method=GET uri=/api/migrations/fub/snapshots/892214fb-86ce-419a-9715-fd1da4d9acb2/previews/284b08bb-f92e-4810-aef7-062194fc9377 version=HTTP/1.1}: tower_http::trace::on_response: finished processing request latency=18 ms status=200
2026-09-12T17:59:51.949010Z  INFO request{method=GET uri=/api/migrations/fub/snapshots/892214fb-86ce-419a-9715-fd1da4d9acb2/previews/284b08bb-f92e-4810-aef7-062194fc9377 version=HTTP/1.1}: tower_http::trace::on_response: finished processing request latency=10 ms status=200
2026-09-12T17:59:51.950448Z  INFO request{method=GET uri=/api/migrations/fub/history-captures/01375974-41c6-4916-bfd2-bca66e5af119/records version=HTTP/1.1}: tower_http::trace::on_request: started processing request
2026-09-12T17:59:51.959000Z  INFO request{method=GET uri=/api/migrations/fub/snapshots/892214fb-86ce-419a-9715-fd1da4d9acb2/previews/284b08bb-f92e-4810-aef7-062194fc9377/records version=HTTP/1.1}: tower_http::trace::on_request: started processing request
2026-09-12T17:59:51.965793Z  INFO request{method=GET uri=/api/migrations/fub/snapshots/892214fb-86ce-419a-9715-fd1da4d9acb2/previews/284b08bb-f92e-4810-aef7-062194fc9377/records version=HTTP/1.1}: tower_http::trace::on_response: finished processing request latency=6 ms status=200
2026-09-12T17:59:51.987738Z  INFO request{method=GET uri=/api/migrations/fub/history-captures/01375974-41c6-4916-bfd2-bca66e5af119/records version=HTTP/1.1}: tower_http::trace::on_response: finished processing request latency=37 ms status=200
2026-09-12T17:59:52.351097Z  INFO request{method=GET uri=/api/migrations/fub/history-captures/01375974-41c6-4916-bfd2-bca66e5af119 version=HTTP/1.1}: tower_http::trace::on_request: started processing request
2026-09-12T17:59:52.378601Z  INFO request{method=GET uri=/api/migrations/fub/history-captures/01375974-41c6-4916-bfd2-bca66e5af119 version=HTTP/1.1}: tower_http::trace::on_response: finished processing request latency=27 ms status=200
2026-09-12T17:59:52.384873Z  INFO request{method=GET uri=/api/migrations/fub/ version=HTTP/1.1}: tower_http::trace::on_request: started processing request
2026-09-12T17:59:52.396151Z  INFO request{method=GET uri=/api/migrations/fub/ version=HTTP/1.1}: tower_http::trace::on_response: finished processing request latency=11 ms status=200
2026-09-12T17:59:52.401906Z  INFO request{method=DELETE uri=/api/migrations/fub/connections/efa91f71-c0aa-4421-859e-804ebecd3d7a version=HTTP/1.1}: tower_http::trace::on_request: started processing request
2026-09-12T17:59:52.414372Z  INFO request{method=DELETE uri=/api/migrations/fub/connections/efa91f71-c0aa-4421-859e-804ebecd3d7a version=HTTP/1.1}: tower_http::trace::on_response: finished processing request latency=12 ms status=204
2026-09-12T17:59:52.419997Z  INFO request{method=GET uri=/api/migrations/fub/history-captures/01375974-41c6-4916-bfd2-bca66e5af119 version=HTTP/1.1}: tower_http::trace::on_request: started processing request
2026-09-12T17:59:52.430264Z  INFO request{method=GET uri=/api/migrations/fub/history-captures/01375974-41c6-4916-bfd2-bca66e5af119 version=HTTP/1.1}: tower_http::trace::on_response: finished processing request latency=10 ms status=200
2026-09-12T17:59:52.436714Z  INFO request{method=GET uri=/api/migrations/fub/history-captures/01375974-41c6-4916-bfd2-bca66e5af119/records version=HTTP/1.1}: tower_http::trace::on_request: started processing request
2026-09-12T17:59:52.485251Z  INFO request{method=GET uri=/api/migrations/fub/history-captures/01375974-41c6-4916-bfd2-bca66e5af119/records version=HTTP/1.1}: tower_http::trace::on_response: finished processing request latency=48 ms status=200
2026-09-12T17:59:52.499588Z  INFO request{method=GET uri=/api/migrations/fub/history-captures/01375974-41c6-4916-bfd2-bca66e5af119/records version=HTTP/1.1}: tower_http::trace::on_request: started processing request
2026-09-12T17:59:52.546804Z  INFO request{method=GET uri=/api/migrations/fub/history-captures/01375974-41c6-4916-bfd2-bca66e5af119/records version=HTTP/1.1}: tower_http::trace::on_response: finished processing request latency=47 ms status=200
2026-09-12T17:59:52.562029Z  INFO request{method=GET uri=/api/migrations/fub/history-captures/01375974-41c6-4916-bfd2-bca66e5af119/records version=HTTP/1.1}: tower_http::trace::on_request: started processing request
2026-09-12T17:59:52.601987Z  INFO request{method=GET uri=/api/migrations/fub/history-captures/01375974-41c6-4916-bfd2-bca66e5af119/records version=HTTP/1.1}: tower_http::trace::on_response: finished processing request latency=39 ms status=200
2026-09-12T17:59:52.614801Z  INFO request{method=GET uri=/api/migrations/fub/history-captures/01375974-41c6-4916-bfd2-bca66e5af119/records version=HTTP/1.1}: tower_http::trace::on_request: started processing request
2026-09-12T17:59:52.653657Z  INFO request{method=GET uri=/api/migrations/fub/history-captures/01375974-41c6-4916-bfd2-bca66e5af119/records version=HTTP/1.1}: tower_http::trace::on_response: finished processing request latency=38 ms status=200
2026-09-12T17:59:52.665863Z  INFO request{method=GET uri=/api/migrations/fub/history-captures/01375974-41c6-4916-bfd2-bca66e5af119/records version=HTTP/1.1}: tower_http::trace::on_request: started processing request
2026-09-12T17:59:52.707571Z  INFO request{method=GET uri=/api/migrations/fub/history-captures/01375974-41c6-4916-bfd2-bca66e5af119/records version=HTTP/1.1}: tower_http::trace::on_response: finished processing request latency=41 ms status=200
2026-09-12T17:59:52.722106Z  INFO request{method=GET uri=/api/migrations/fub/history-captures/01375974-41c6-4916-bfd2-bca66e5af119/records version=HTTP/1.1}: tower_http::trace::on_request: started processing request
2026-09-12T17:59:52.760809Z  INFO request{method=GET uri=/api/migrations/fub/history-captures/01375974-41c6-4916-bfd2-bca66e5af119/records version=HTTP/1.1}: tower_http::trace::on_response: finished processing request latency=38 ms status=200
2026-09-12T17:59:52.773717Z  INFO request{method=GET uri=/api/migrations/fub/history-captures/01375974-41c6-4916-bfd2-bca66e5af119/records version=HTTP/1.1}: tower_http::trace::on_request: started processing request
2026-09-12T17:59:52.809717Z  INFO request{method=GET uri=/api/migrations/fub/history-captures/01375974-41c6-4916-bfd2-bca66e5af119/records version=HTTP/1.1}: tower_http::trace::on_response: finished processing request latency=36 ms status=200
2026-09-12T17:59:52.822961Z  INFO request{method=GET uri=/api/migrations/fub/history-captures/01375974-41c6-4916-bfd2-bca66e5af119/records version=HTTP/1.1}: tower_http::trace::on_request: started processing request
2026-09-12T17:59:52.859087Z  INFO request{method=GET uri=/api/migrations/fub/history-captures/01375974-41c6-4916-bfd2-bca66e5af119/records version=HTTP/1.1}: tower_http::trace::on_response: finished processing request latency=36 ms status=200
2026-09-12T17:59:52.872450Z  INFO request{method=GET uri=/api/migrations/fub/history-captures/01375974-41c6-4916-bfd2-bca66e5af119/records version=HTTP/1.1}: tower_http::trace::on_request: started processing request
2026-09-12T17:59:52.881707Z  INFO request{method=GET uri=/api/migrations/fub/history-captures/01375974-41c6-4916-bfd2-bca66e5af119/records version=HTTP/1.1}: tower_http::trace::on_response: finished processing request latency=9 ms status=200
2026-09-12T17:59:52.929089Z  INFO request{method=GET uri=/api/me version=HTTP/1.1}: tower_http::trace::on_request: started processing request
2026-09-12T17:59:52.931761Z  INFO request{method=GET uri=/api/me version=HTTP/1.1}: tower_http::trace::on_response: finished processing request latency=2 ms status=200
2026-09-12T17:59:52.966244Z  INFO request{method=GET uri=/api/me version=HTTP/1.1}: tower_http::trace::on_request: started processing request
2026-09-12T17:59:52.968034Z  INFO request{method=GET uri=/api/me version=HTTP/1.1}: tower_http::trace::on_response: finished processing request latency=1 ms status=200
2026-09-12T17:59:52.995020Z  INFO request{method=GET uri=/api/migrations/fub/ version=HTTP/1.1}: tower_http::trace::on_request: started processing request
2026-09-12T17:59:52.995505Z  INFO request{method=GET uri=/api/migrations/fub/imports version=HTTP/1.1}: tower_http::trace::on_request: started processing request
2026-09-12T17:59:52.996014Z  INFO request{method=GET uri=/api/migrations/fub/snapshots version=HTTP/1.1}: tower_http::trace::on_request: started processing request
2026-09-12T17:59:52.996617Z  INFO request{method=GET uri=/api/migrations/fub/imports version=HTTP/1.1}: tower_http::trace::on_request: started processing request
2026-09-12T17:59:52.997436Z  INFO request{method=GET uri=/api/migrations/fub/snapshots version=HTTP/1.1}: tower_http::trace::on_request: started processing request
2026-09-12T17:59:52.998148Z  INFO request{method=GET uri=/api/migrations/fub/imports version=HTTP/1.1}: tower_http::trace::on_request: started processing request
2026-09-12T17:59:53.005183Z  INFO request{method=GET uri=/api/migrations/fub/ version=HTTP/1.1}: tower_http::trace::on_response: finished processing request latency=10 ms status=200
2026-09-12T17:59:53.007378Z  INFO request{method=GET uri=/api/migrations/fub/imports version=HTTP/1.1}: tower_http::trace::on_response: finished processing request latency=10 ms status=200
2026-09-12T17:59:53.007378Z  INFO request{method=GET uri=/api/migrations/fub/snapshots version=HTTP/1.1}: tower_http::trace::on_response: finished processing request latency=9 ms status=200
2026-09-12T17:59:53.008775Z  INFO request{method=GET uri=/api/migrations/fub/snapshots version=HTTP/1.1}: tower_http::trace::on_response: finished processing request latency=12 ms status=200
2026-09-12T17:59:53.011318Z  INFO request{method=GET uri=/api/migrations/fub/imports version=HTTP/1.1}: tower_http::trace::on_request: started processing request
2026-09-12T17:59:53.018467Z  INFO request{method=GET uri=/api/migrations/fub/imports version=HTTP/1.1}: tower_http::trace::on_response: finished processing request latency=22 ms status=200
2026-09-12T17:59:53.021839Z  INFO request{method=GET uri=/api/migrations/fub/imports/153189d3-485c-49b0-b415-6309108a9188 version=HTTP/1.1}: tower_http::trace::on_request: started processing request
2026-09-12T17:59:53.022421Z  INFO request{method=GET uri=/api/migrations/fub/metadata-imports version=HTTP/1.1}: tower_http::trace::on_request: started processing request
2026-09-12T17:59:53.024798Z  INFO request{method=GET uri=/api/migrations/fub/imports version=HTTP/1.1}: tower_http::trace::on_response: finished processing request latency=26 ms status=200
2026-09-12T17:59:53.028479Z  INFO request{method=GET uri=/api/migrations/fub/snapshots/892214fb-86ce-419a-9715-fd1da4d9acb2 version=HTTP/1.1}: tower_http::trace::on_request: started processing request
2026-09-12T17:59:53.028631Z  INFO request{method=GET uri=/api/migrations/fub/snapshots/892214fb-86ce-419a-9715-fd1da4d9acb2 version=HTTP/1.1}: tower_http::trace::on_request: started processing request
2026-09-12T17:59:53.032393Z  INFO request{method=GET uri=/api/migrations/fub/imports version=HTTP/1.1}: tower_http::trace::on_response: finished processing request latency=21 ms status=200
2026-09-12T17:59:53.034587Z  INFO request{method=GET uri=/api/migrations/fub/imports/153189d3-485c-49b0-b415-6309108a9188 version=HTTP/1.1}: tower_http::trace::on_request: started processing request
2026-09-12T17:59:53.035571Z  INFO request{method=GET uri=/api/migrations/fub/imports/153189d3-485c-49b0-b415-6309108a9188 version=HTTP/1.1}: tower_http::trace::on_request: started processing request
2026-09-12T17:59:53.040240Z  INFO request{method=GET uri=/api/migrations/fub/metadata-imports version=HTTP/1.1}: tower_http::trace::on_response: finished processing request latency=17 ms status=200
2026-09-12T17:59:53.040504Z  INFO request{method=GET uri=/api/migrations/fub/imports/153189d3-485c-49b0-b415-6309108a9188 version=HTTP/1.1}: tower_http::trace::on_response: finished processing request latency=18 ms status=200
2026-09-12T17:59:53.041164Z  INFO request{method=GET uri=/api/migrations/fub/snapshots/892214fb-86ce-419a-9715-fd1da4d9acb2 version=HTTP/1.1}: tower_http::trace::on_response: finished processing request latency=12 ms status=200
2026-09-12T17:59:53.044606Z  INFO request{method=GET uri=/api/migrations/fub/activity-imports version=HTTP/1.1}: tower_http::trace::on_request: started processing request
2026-09-12T17:59:53.044647Z  INFO request{method=GET uri=/api/migrations/fub/snapshots/892214fb-86ce-419a-9715-fd1da4d9acb2 version=HTTP/1.1}: tower_http::trace::on_response: finished processing request latency=16 ms status=200
2026-09-12T17:59:53.045461Z  INFO request{method=GET uri=/api/migrations/fub/imports/153189d3-485c-49b0-b415-6309108a9188 version=HTTP/1.1}: tower_http::trace::on_request: started processing request
2026-09-12T17:59:53.046922Z  INFO request{method=GET uri=/api/migrations/fub/history-captures version=HTTP/1.1}: tower_http::trace::on_request: started processing request
2026-09-12T17:59:53.049140Z  INFO request{method=GET uri=/api/migrations/fub/imports/153189d3-485c-49b0-b415-6309108a9188 version=HTTP/1.1}: tower_http::trace::on_response: finished processing request latency=14 ms status=200
2026-09-12T17:59:53.050470Z  INFO request{method=GET uri=/api/migrations/fub/snapshots/892214fb-86ce-419a-9715-fd1da4d9acb2 version=HTTP/1.1}: tower_http::trace::on_request: started processing request
2026-09-12T17:59:53.052448Z  INFO request{method=GET uri=/api/migrations/fub/snapshots/892214fb-86ce-419a-9715-fd1da4d9acb2/previews/284b08bb-f92e-4810-aef7-062194fc9377 version=HTTP/1.1}: tower_http::trace::on_request: started processing request
2026-09-12T17:59:53.055306Z  INFO request{method=GET uri=/api/migrations/fub/imports/153189d3-485c-49b0-b415-6309108a9188 version=HTTP/1.1}: tower_http::trace::on_response: finished processing request latency=19 ms status=200
2026-09-12T17:59:53.058522Z  INFO request{method=GET uri=/api/migrations/fub/snapshots/892214fb-86ce-419a-9715-fd1da4d9acb2/previews/284b08bb-f92e-4810-aef7-062194fc9377 version=HTTP/1.1}: tower_http::trace::on_request: started processing request
2026-09-12T17:59:53.061584Z  INFO request{method=GET uri=/api/migrations/fub/snapshots/892214fb-86ce-419a-9715-fd1da4d9acb2 version=HTTP/1.1}: tower_http::trace::on_response: finished processing request latency=11 ms status=200
2026-09-12T17:59:53.062271Z  INFO request{method=GET uri=/api/migrations/fub/history-captures version=HTTP/1.1}: tower_http::trace::on_response: finished processing request latency=15 ms status=200
2026-09-12T17:59:53.062468Z  INFO request{method=GET uri=/api/migrations/fub/activity-imports version=HTTP/1.1}: tower_http::trace::on_response: finished processing request latency=17 ms status=200
2026-09-12T17:59:53.065299Z  INFO request{method=GET uri=/api/migrations/fub/snapshots/892214fb-86ce-419a-9715-fd1da4d9acb2 version=HTTP/1.1}: tower_http::trace::on_request: started processing request
2026-09-12T17:59:53.066501Z  INFO request{method=GET uri=/api/migrations/fub/imports/153189d3-485c-49b0-b415-6309108a9188/plans/58c034b2-bbe3-42bc-b0b1-31a7c056a48b/mappings version=HTTP/1.1}: tower_http::trace::on_request: started processing request
2026-09-12T17:59:53.067124Z  INFO request{method=GET uri=/api/migrations/fub/imports/153189d3-485c-49b0-b415-6309108a9188/results version=HTTP/1.1}: tower_http::trace::on_request: started processing request
2026-09-12T17:59:53.068391Z  INFO request{method=GET uri=/api/migrations/fub/snapshots/892214fb-86ce-419a-9715-fd1da4d9acb2/previews/284b08bb-f92e-4810-aef7-062194fc9377 version=HTTP/1.1}: tower_http::trace::on_response: finished processing request latency=15 ms status=200
2026-09-12T17:59:53.070379Z  INFO request{method=GET uri=/api/migrations/fub/imports/153189d3-485c-49b0-b415-6309108a9188 version=HTTP/1.1}: tower_http::trace::on_response: finished processing request latency=25 ms status=200
2026-09-12T17:59:53.070628Z  INFO request{method=GET uri=/api/migrations/fub/snapshots/892214fb-86ce-419a-9715-fd1da4d9acb2 version=HTTP/1.1}: tower_http::trace::on_request: started processing request
2026-09-12T17:59:53.073343Z  INFO request{method=GET uri=/api/migrations/fub/history-captures/01375974-41c6-4916-bfd2-bca66e5af119 version=HTTP/1.1}: tower_http::trace::on_request: started processing request
2026-09-12T17:59:53.076233Z  INFO request{method=GET uri=/api/migrations/fub/snapshots/892214fb-86ce-419a-9715-fd1da4d9acb2 version=HTTP/1.1}: tower_http::trace::on_response: finished processing request latency=10 ms status=200
2026-09-12T17:59:53.078821Z  INFO request{method=GET uri=/api/migrations/fub/imports/153189d3-485c-49b0-b415-6309108a9188/plans/58c034b2-bbe3-42bc-b0b1-31a7c056a48b/mappings version=HTTP/1.1}: tower_http::trace::on_response: finished processing request latency=12 ms status=200
2026-09-12T17:59:53.079418Z  INFO request{method=GET uri=/api/migrations/fub/snapshots/892214fb-86ce-419a-9715-fd1da4d9acb2/previews/284b08bb-f92e-4810-aef7-062194fc9377 version=HTTP/1.1}: tower_http::trace::on_response: finished processing request latency=20 ms status=200
2026-09-12T17:59:53.080020Z  INFO request{method=GET uri=/api/migrations/fub/snapshots/892214fb-86ce-419a-9715-fd1da4d9acb2/previews/284b08bb-f92e-4810-aef7-062194fc9377/records version=HTTP/1.1}: tower_http::trace::on_request: started processing request
2026-09-12T17:59:53.082713Z  INFO request{method=GET uri=/api/migrations/fub/imports/153189d3-485c-49b0-b415-6309108a9188/results version=HTTP/1.1}: tower_http::trace::on_response: finished processing request latency=15 ms status=200
2026-09-12T17:59:53.083014Z  INFO request{method=GET uri=/api/migrations/fub/snapshots/892214fb-86ce-419a-9715-fd1da4d9acb2 version=HTTP/1.1}: tower_http::trace::on_response: finished processing request latency=12 ms status=200
2026-09-12T17:59:53.089098Z  INFO request{method=GET uri=/api/migrations/fub/history-captures/01375974-41c6-4916-bfd2-bca66e5af119 version=HTTP/1.1}: tower_http::trace::on_response: finished processing request latency=15 ms status=200
2026-09-12T17:59:53.089280Z  INFO request{method=GET uri=/api/migrations/fub/snapshots/892214fb-86ce-419a-9715-fd1da4d9acb2/previews/284b08bb-f92e-4810-aef7-062194fc9377/records version=HTTP/1.1}: tower_http::trace::on_response: finished processing request latency=9 ms status=200
2026-09-12T17:59:53.097507Z  INFO request{method=GET uri=/api/migrations/fub/history-captures/01375974-41c6-4916-bfd2-bca66e5af119/records version=HTTP/1.1}: tower_http::trace::on_request: started processing request
2026-09-12T17:59:53.136019Z  INFO request{method=GET uri=/api/migrations/fub/history-captures/01375974-41c6-4916-bfd2-bca66e5af119/records version=HTTP/1.1}: tower_http::trace::on_response: finished processing request latency=38 ms status=200
