2026-09-12T17:23:27.802788Z  INFO crm_api::telemetry: telemetry initialized service.name=crm-api
Synthetic-only QA API listening on 127.0.0.1:13010; database crm_010d1_qa
2026-09-12T17:23:46.023272Z  INFO request{method=POST uri=/api/session version=HTTP/1.1}: tower_http::trace::on_request: started processing request
2026-09-12T17:23:46.282642Z  INFO request{method=POST uri=/api/session version=HTTP/1.1}: tower_http::trace::on_response: finished processing request latency=259 ms status=200
2026-09-12T17:23:46.284691Z  INFO request{method=POST uri=/api/platform/organizations version=HTTP/1.1}: tower_http::trace::on_request: started processing request
2026-09-12T17:23:46.317973Z  INFO request{method=POST uri=/api/platform/organizations version=HTTP/1.1}: tower_http::trace::on_response: finished processing request latency=33 ms status=201
2026-09-12T17:23:46.319831Z  INFO request{method=POST uri=/api/platform/organizations/818e5fe2-1c72-4ee7-8cd4-2ba8b3ded90f/invitations version=HTTP/1.1}: tower_http::trace::on_request: started processing request
2026-09-12T17:23:46.329311Z  INFO request{method=POST uri=/api/platform/organizations/818e5fe2-1c72-4ee7-8cd4-2ba8b3ded90f/invitations version=HTTP/1.1}: tower_http::trace::on_response: finished processing request latency=9 ms status=201
2026-09-12T17:23:46.331991Z  INFO request{method=POST uri=/api/invitations/accept version=HTTP/1.1}: tower_http::trace::on_request: started processing request
2026-09-12T17:23:46.597574Z  INFO request{method=POST uri=/api/invitations/accept version=HTTP/1.1}: tower_http::trace::on_response: finished processing request latency=265 ms status=200
2026-09-12T17:23:46.599252Z  INFO request{method=GET uri=/api/me version=HTTP/1.1}: tower_http::trace::on_request: started processing request
2026-09-12T17:23:46.601323Z  INFO request{method=GET uri=/api/me version=HTTP/1.1}: tower_http::trace::on_response: finished processing request latency=2 ms status=200
2026-09-12T17:23:46.602867Z  INFO request{method=POST uri=/api/organization/invitations version=HTTP/1.1}: tower_http::trace::on_request: started processing request
2026-09-12T17:23:46.612694Z  INFO request{method=POST uri=/api/organization/invitations version=HTTP/1.1}: tower_http::trace::on_response: finished processing request latency=9 ms status=201
2026-09-12T17:23:46.615144Z  INFO request{method=POST uri=/api/invitations/accept version=HTTP/1.1}: tower_http::trace::on_request: started processing request
2026-09-12T17:23:46.877530Z  INFO request{method=POST uri=/api/invitations/accept version=HTTP/1.1}: tower_http::trace::on_response: finished processing request latency=262 ms status=200
2026-09-12T17:23:46.879249Z  INFO request{method=POST uri=/api/organization/invitations version=HTTP/1.1}: tower_http::trace::on_request: started processing request
2026-09-12T17:23:46.900014Z  INFO request{method=POST uri=/api/organization/invitations version=HTTP/1.1}: tower_http::trace::on_response: finished processing request latency=20 ms status=201
2026-09-12T17:23:46.902597Z  INFO request{method=POST uri=/api/invitations/accept version=HTTP/1.1}: tower_http::trace::on_request: started processing request
2026-09-12T17:23:47.165062Z  INFO request{method=POST uri=/api/invitations/accept version=HTTP/1.1}: tower_http::trace::on_response: finished processing request latency=262 ms status=200
2026-09-12T17:23:47.167042Z  INFO request{method=GET uri=/api/me version=HTTP/1.1}: tower_http::trace::on_request: started processing request
2026-09-12T17:23:47.168263Z  INFO request{method=GET uri=/api/me version=HTTP/1.1}: tower_http::trace::on_response: finished processing request latency=1 ms status=200
2026-09-12T17:23:47.169737Z  INFO request{method=PUT uri=/api/organization/members/049c7232-4f77-44fe-bcbf-26f18edf0aa4/status version=HTTP/1.1}: tower_http::trace::on_request: started processing request
2026-09-12T17:23:47.187430Z  INFO request{method=PUT uri=/api/organization/members/049c7232-4f77-44fe-bcbf-26f18edf0aa4/status version=HTTP/1.1}: tower_http::trace::on_response: finished processing request latency=17 ms status=200
2026-09-12T17:23:47.189071Z  INFO request{method=POST uri=/api/organization/invitations version=HTTP/1.1}: tower_http::trace::on_request: started processing request
2026-09-12T17:23:47.198483Z  INFO request{method=POST uri=/api/organization/invitations version=HTTP/1.1}: tower_http::trace::on_response: finished processing request latency=9 ms status=201
2026-09-12T17:23:47.201285Z  INFO request{method=POST uri=/api/invitations/accept version=HTTP/1.1}: tower_http::trace::on_request: started processing request
2026-09-12T17:23:47.459178Z  INFO request{method=POST uri=/api/invitations/accept version=HTTP/1.1}: tower_http::trace::on_response: finished processing request latency=257 ms status=200
2026-09-12T17:23:47.460710Z  INFO request{method=GET uri=/api/me version=HTTP/1.1}: tower_http::trace::on_request: started processing request
2026-09-12T17:23:47.465731Z  INFO request{method=GET uri=/api/me version=HTTP/1.1}: tower_http::trace::on_response: finished processing request latency=5 ms status=200
2026-09-12T17:23:47.467590Z  INFO request{method=GET uri=/api/me version=HTTP/1.1}: tower_http::trace::on_request: started processing request
2026-09-12T17:23:47.468907Z  INFO request{method=GET uri=/api/me version=HTTP/1.1}: tower_http::trace::on_response: finished processing request latency=1 ms status=200
2026-09-12T17:23:47.470401Z  INFO request{method=GET uri=/api/me version=HTTP/1.1}: tower_http::trace::on_request: started processing request
2026-09-12T17:23:47.472798Z  INFO request{method=GET uri=/api/me version=HTTP/1.1}: tower_http::trace::on_response: finished processing request latency=2 ms status=200
2026-09-12T17:23:47.475644Z  INFO request{method=POST uri=/api/session version=HTTP/1.1}: tower_http::trace::on_request: started processing request
2026-09-12T17:23:47.716814Z  INFO request{method=POST uri=/api/session version=HTTP/1.1}: tower_http::trace::on_response: finished processing request latency=241 ms status=200
2026-09-12T17:23:47.718576Z  INFO request{method=POST uri=/api/migrations/fub/connections version=HTTP/1.1}: tower_http::trace::on_request: started processing request
2026-09-12T17:23:47.758499Z  INFO request{method=POST uri=/api/migrations/fub/connections version=HTTP/1.1}: tower_http::trace::on_response: finished processing request latency=39 ms status=201
2026-09-12T17:23:47.760763Z  INFO request{method=POST uri=/api/migrations/fub/snapshots version=HTTP/1.1}: tower_http::trace::on_request: started processing request
2026-09-12T17:23:47.772321Z  INFO request{method=POST uri=/api/migrations/fub/snapshots version=HTTP/1.1}: tower_http::trace::on_response: finished processing request latency=11 ms status=201
2026-09-12T17:23:47.774716Z  INFO request{method=GET uri=/api/migrations/fub/snapshots/892214fb-86ce-419a-9715-fd1da4d9acb2 version=HTTP/1.1}: tower_http::trace::on_request: started processing request
2026-09-12T17:23:47.787379Z  INFO request{method=GET uri=/api/migrations/fub/snapshots/892214fb-86ce-419a-9715-fd1da4d9acb2 version=HTTP/1.1}: tower_http::trace::on_response: finished processing request latency=12 ms status=200
2026-09-12T17:23:47.789144Z  INFO request{method=POST uri=/api/migrations/fub/snapshots/892214fb-86ce-419a-9715-fd1da4d9acb2/confirm version=HTTP/1.1}: tower_http::trace::on_request: started processing request
2026-09-12T17:23:47.806936Z  INFO request{method=POST uri=/api/migrations/fub/snapshots/892214fb-86ce-419a-9715-fd1da4d9acb2/confirm version=HTTP/1.1}: tower_http::trace::on_response: finished processing request latency=17 ms status=202
2026-09-12T17:23:47.808907Z  INFO request{method=GET uri=/api/migrations/fub/snapshots/892214fb-86ce-419a-9715-fd1da4d9acb2 version=HTTP/1.1}: tower_http::trace::on_request: started processing request
2026-09-12T17:23:47.819971Z  INFO request{method=GET uri=/api/migrations/fub/snapshots/892214fb-86ce-419a-9715-fd1da4d9acb2 version=HTTP/1.1}: tower_http::trace::on_response: finished processing request latency=11 ms status=200
2026-09-12T17:23:48.234087Z  INFO request{method=GET uri=/api/migrations/fub/snapshots/892214fb-86ce-419a-9715-fd1da4d9acb2 version=HTTP/1.1}: tower_http::trace::on_request: started processing request
2026-09-12T17:23:48.255442Z  INFO request{method=GET uri=/api/migrations/fub/snapshots/892214fb-86ce-419a-9715-fd1da4d9acb2 version=HTTP/1.1}: tower_http::trace::on_response: finished processing request latency=21 ms status=200
2026-09-12T17:23:48.668525Z  INFO request{method=GET uri=/api/migrations/fub/snapshots/892214fb-86ce-419a-9715-fd1da4d9acb2 version=HTTP/1.1}: tower_http::trace::on_request: started processing request
2026-09-12T17:23:48.744744Z  INFO settle{organization_id=818e5fe2-1c72-4ee7-8cd4-2ba8b3ded90f snapshot_id=892214fb-86ce-419a-9715-fd1da4d9acb2 stream=identity attempt=1}: crm_app::domain::migration::snapshot_worker: snapshot capture settled outcome="success" raw_bytes=100 retained_bytes=183
2026-09-12T17:23:48.758670Z  INFO request{method=GET uri=/api/migrations/fub/snapshots/892214fb-86ce-419a-9715-fd1da4d9acb2 version=HTTP/1.1}: tower_http::trace::on_response: finished processing request latency=90 ms status=200
2026-09-12T17:23:48.778115Z  INFO settle{organization_id=818e5fe2-1c72-4ee7-8cd4-2ba8b3ded90f snapshot_id=892214fb-86ce-419a-9715-fd1da4d9acb2 stream=users attempt=1}: crm_app::domain::migration::snapshot_worker: snapshot capture settled outcome="success" raw_bytes=357 retained_bytes=1171
2026-09-12T17:23:48.806557Z  INFO settle{organization_id=818e5fe2-1c72-4ee7-8cd4-2ba8b3ded90f snapshot_id=892214fb-86ce-419a-9715-fd1da4d9acb2 stream=stages attempt=1}: crm_app::domain::migration::snapshot_worker: snapshot capture settled outcome="success" raw_bytes=253 retained_bytes=953
2026-09-12T17:23:48.828377Z  INFO settle{organization_id=818e5fe2-1c72-4ee7-8cd4-2ba8b3ded90f snapshot_id=892214fb-86ce-419a-9715-fd1da4d9acb2 stream=custom_fields attempt=1}: crm_app::domain::migration::snapshot_worker: snapshot capture settled outcome="success" raw_bytes=496 retained_bytes=1619
2026-09-12T17:23:48.856619Z  INFO settle{organization_id=818e5fe2-1c72-4ee7-8cd4-2ba8b3ded90f snapshot_id=892214fb-86ce-419a-9715-fd1da4d9acb2 stream=people attempt=1}: crm_app::domain::migration::snapshot_worker: snapshot capture settled outcome="success" raw_bytes=1126 retained_bytes=3083
2026-09-12T17:23:48.885098Z  INFO settle{organization_id=818e5fe2-1c72-4ee7-8cd4-2ba8b3ded90f snapshot_id=892214fb-86ce-419a-9715-fd1da4d9acb2 stream=notes attempt=1}: crm_app::domain::migration::snapshot_worker: snapshot capture settled outcome="success" raw_bytes=569 retained_bytes=1583
2026-09-12T17:23:48.912495Z  INFO settle{organization_id=818e5fe2-1c72-4ee7-8cd4-2ba8b3ded90f snapshot_id=892214fb-86ce-419a-9715-fd1da4d9acb2 stream=note_detail attempt=1}: crm_app::domain::migration::snapshot_worker: snapshot capture settled outcome="success" raw_bytes=610 retained_bytes=1509
2026-09-12T17:23:48.937537Z  INFO settle{organization_id=818e5fe2-1c72-4ee7-8cd4-2ba8b3ded90f snapshot_id=892214fb-86ce-419a-9715-fd1da4d9acb2 stream=note_detail attempt=1}: crm_app::domain::migration::snapshot_worker: snapshot capture settled outcome="content_inaccessible" raw_bytes=44 retained_bytes=176
2026-09-12T17:23:48.957760Z  INFO settle{organization_id=818e5fe2-1c72-4ee7-8cd4-2ba8b3ded90f snapshot_id=892214fb-86ce-419a-9715-fd1da4d9acb2 stream=tasks_completed attempt=1}: crm_app::domain::migration::snapshot_worker: snapshot capture settled outcome="success" raw_bytes=784 retained_bytes=2016
2026-09-12T17:23:48.978253Z  INFO settle{organization_id=818e5fe2-1c72-4ee7-8cd4-2ba8b3ded90f snapshot_id=892214fb-86ce-419a-9715-fd1da4d9acb2 stream=tasks_open attempt=1}: crm_app::domain::migration::snapshot_worker: snapshot capture settled outcome="success" raw_bytes=732 retained_bytes=1912
2026-09-12T17:23:49.171437Z  INFO request{method=GET uri=/api/migrations/fub/snapshots/892214fb-86ce-419a-9715-fd1da4d9acb2 version=HTTP/1.1}: tower_http::trace::on_request: started processing request
2026-09-12T17:23:49.195751Z  INFO request{method=GET uri=/api/migrations/fub/snapshots/892214fb-86ce-419a-9715-fd1da4d9acb2 version=HTTP/1.1}: tower_http::trace::on_response: finished processing request latency=24 ms status=200
2026-09-12T17:23:49.198149Z  INFO request{method=POST uri=/api/migrations/fub/snapshots/892214fb-86ce-419a-9715-fd1da4d9acb2/previews version=HTTP/1.1}: tower_http::trace::on_request: started processing request
2026-09-12T17:23:49.225933Z  INFO request{method=POST uri=/api/migrations/fub/snapshots/892214fb-86ce-419a-9715-fd1da4d9acb2/previews version=HTTP/1.1}: tower_http::trace::on_response: finished processing request latency=27 ms status=202
2026-09-12T17:23:49.229650Z  INFO request{method=GET uri=/api/migrations/fub/snapshots/892214fb-86ce-419a-9715-fd1da4d9acb2/previews/284b08bb-f92e-4810-aef7-062194fc9377 version=HTTP/1.1}: tower_http::trace::on_request: started processing request
2026-09-12T17:23:49.248636Z  INFO request{method=GET uri=/api/migrations/fub/snapshots/892214fb-86ce-419a-9715-fd1da4d9acb2/previews/284b08bb-f92e-4810-aef7-062194fc9377 version=HTTP/1.1}: tower_http::trace::on_response: finished processing request latency=19 ms status=200
2026-09-12T17:23:49.668876Z  INFO request{method=GET uri=/api/migrations/fub/snapshots/892214fb-86ce-419a-9715-fd1da4d9acb2/previews/284b08bb-f92e-4810-aef7-062194fc9377 version=HTTP/1.1}: tower_http::trace::on_request: started processing request
2026-09-12T17:23:49.715361Z  INFO request{method=GET uri=/api/migrations/fub/snapshots/892214fb-86ce-419a-9715-fd1da4d9acb2/previews/284b08bb-f92e-4810-aef7-062194fc9377 version=HTTP/1.1}: tower_http::trace::on_response: finished processing request latency=46 ms status=200
2026-09-12T17:23:50.127900Z  INFO request{method=GET uri=/api/migrations/fub/snapshots/892214fb-86ce-419a-9715-fd1da4d9acb2/previews/284b08bb-f92e-4810-aef7-062194fc9377 version=HTTP/1.1}: tower_http::trace::on_request: started processing request
2026-09-12T17:23:50.162109Z  INFO request{method=GET uri=/api/migrations/fub/snapshots/892214fb-86ce-419a-9715-fd1da4d9acb2/previews/284b08bb-f92e-4810-aef7-062194fc9377 version=HTTP/1.1}: tower_http::trace::on_response: finished processing request latency=34 ms status=200
2026-09-12T17:23:50.567956Z  INFO request{method=GET uri=/api/migrations/fub/snapshots/892214fb-86ce-419a-9715-fd1da4d9acb2/previews/284b08bb-f92e-4810-aef7-062194fc9377 version=HTTP/1.1}: tower_http::trace::on_request: started processing request
2026-09-12T17:23:50.598250Z  INFO request{method=GET uri=/api/migrations/fub/snapshots/892214fb-86ce-419a-9715-fd1da4d9acb2/previews/284b08bb-f92e-4810-aef7-062194fc9377 version=HTTP/1.1}: tower_http::trace::on_response: finished processing request latency=30 ms status=200
2026-09-12T17:23:51.005832Z  INFO request{method=GET uri=/api/migrations/fub/snapshots/892214fb-86ce-419a-9715-fd1da4d9acb2/previews/284b08bb-f92e-4810-aef7-062194fc9377 version=HTTP/1.1}: tower_http::trace::on_request: started processing request
2026-09-12T17:23:51.039974Z  INFO request{method=GET uri=/api/migrations/fub/snapshots/892214fb-86ce-419a-9715-fd1da4d9acb2/previews/284b08bb-f92e-4810-aef7-062194fc9377 version=HTTP/1.1}: tower_http::trace::on_response: finished processing request latency=34 ms status=200
2026-09-12T17:23:51.042840Z  INFO request{method=POST uri=/api/migrations/fub/imports version=HTTP/1.1}: tower_http::trace::on_request: started processing request
2026-09-12T17:23:51.090031Z  INFO request{method=POST uri=/api/migrations/fub/imports version=HTTP/1.1}: tower_http::trace::on_response: finished processing request latency=47 ms status=201
2026-09-12T17:23:51.093878Z  INFO request{method=GET uri=/api/migrations/fub/imports/153189d3-485c-49b0-b415-6309108a9188 version=HTTP/1.1}: tower_http::trace::on_request: started processing request
2026-09-12T17:23:51.115475Z  INFO request{method=GET uri=/api/migrations/fub/imports/153189d3-485c-49b0-b415-6309108a9188 version=HTTP/1.1}: tower_http::trace::on_response: finished processing request latency=21 ms status=200
2026-09-12T17:23:51.529650Z  INFO request{method=GET uri=/api/migrations/fub/imports/153189d3-485c-49b0-b415-6309108a9188 version=HTTP/1.1}: tower_http::trace::on_request: started processing request
2026-09-12T17:23:51.551552Z  INFO request{method=GET uri=/api/migrations/fub/imports/153189d3-485c-49b0-b415-6309108a9188 version=HTTP/1.1}: tower_http::trace::on_response: finished processing request latency=21 ms status=200
2026-09-12T17:23:51.958463Z  INFO request{method=GET uri=/api/migrations/fub/imports/153189d3-485c-49b0-b415-6309108a9188 version=HTTP/1.1}: tower_http::trace::on_request: started processing request
2026-09-12T17:23:51.985534Z  INFO request{method=GET uri=/api/migrations/fub/imports/153189d3-485c-49b0-b415-6309108a9188 version=HTTP/1.1}: tower_http::trace::on_response: finished processing request latency=27 ms status=200
2026-09-12T17:23:52.396883Z  INFO request{method=GET uri=/api/migrations/fub/imports/153189d3-485c-49b0-b415-6309108a9188 version=HTTP/1.1}: tower_http::trace::on_request: started processing request
2026-09-12T17:23:52.435324Z  INFO request{method=GET uri=/api/migrations/fub/imports/153189d3-485c-49b0-b415-6309108a9188 version=HTTP/1.1}: tower_http::trace::on_response: finished processing request latency=38 ms status=200
2026-09-12T17:23:52.839468Z  INFO request{method=GET uri=/api/migrations/fub/imports/153189d3-485c-49b0-b415-6309108a9188 version=HTTP/1.1}: tower_http::trace::on_request: started processing request
2026-09-12T17:23:52.851005Z  INFO request{method=GET uri=/api/migrations/fub/imports/153189d3-485c-49b0-b415-6309108a9188 version=HTTP/1.1}: tower_http::trace::on_response: finished processing request latency=11 ms status=200
2026-09-12T17:23:53.262785Z  INFO request{method=GET uri=/api/migrations/fub/imports/153189d3-485c-49b0-b415-6309108a9188 version=HTTP/1.1}: tower_http::trace::on_request: started processing request
2026-09-12T17:23:53.278117Z  INFO request{method=GET uri=/api/migrations/fub/imports/153189d3-485c-49b0-b415-6309108a9188 version=HTTP/1.1}: tower_http::trace::on_response: finished processing request latency=15 ms status=200
2026-09-12T17:23:53.281086Z  INFO request{method=GET uri=/api/migrations/fub/imports/153189d3-485c-49b0-b415-6309108a9188/plans/b6d3cb07-7e2c-487f-8457-3e568d346b11/mappings version=HTTP/1.1}: tower_http::trace::on_request: started processing request
2026-09-12T17:23:53.307155Z  INFO request{method=GET uri=/api/migrations/fub/imports/153189d3-485c-49b0-b415-6309108a9188/plans/b6d3cb07-7e2c-487f-8457-3e568d346b11/mappings version=HTTP/1.1}: tower_http::trace::on_response: finished processing request latency=26 ms status=200
2026-09-12T17:23:53.310779Z  INFO request{method=GET uri=/api/migrations/fub/imports/153189d3-485c-49b0-b415-6309108a9188/plans/b6d3cb07-7e2c-487f-8457-3e568d346b11/mappings version=HTTP/1.1}: tower_http::trace::on_request: started processing request
2026-09-12T17:23:53.330996Z  INFO request{method=GET uri=/api/migrations/fub/imports/153189d3-485c-49b0-b415-6309108a9188/plans/b6d3cb07-7e2c-487f-8457-3e568d346b11/mappings version=HTTP/1.1}: tower_http::trace::on_response: finished processing request latency=20 ms status=200
2026-09-12T17:23:53.334031Z  INFO request{method=GET uri=/api/stages version=HTTP/1.1}: tower_http::trace::on_request: started processing request
2026-09-12T17:23:53.341515Z  INFO request{method=GET uri=/api/stages version=HTTP/1.1}: tower_http::trace::on_response: finished processing request latency=7 ms status=200
2026-09-12T17:23:53.344651Z  INFO request{method=POST uri=/api/migrations/fub/imports/153189d3-485c-49b0-b415-6309108a9188/plans version=HTTP/1.1}: tower_http::trace::on_request: started processing request
2026-09-12T17:23:53.379478Z  INFO request{method=POST uri=/api/migrations/fub/imports/153189d3-485c-49b0-b415-6309108a9188/plans version=HTTP/1.1}: tower_http::trace::on_response: finished processing request latency=34 ms status=202
2026-09-12T17:23:53.382873Z  INFO request{method=GET uri=/api/migrations/fub/imports/153189d3-485c-49b0-b415-6309108a9188 version=HTTP/1.1}: tower_http::trace::on_request: started processing request
2026-09-12T17:23:53.395660Z  INFO request{method=GET uri=/api/migrations/fub/imports/153189d3-485c-49b0-b415-6309108a9188 version=HTTP/1.1}: tower_http::trace::on_response: finished processing request latency=12 ms status=200
2026-09-12T17:23:53.814107Z  INFO request{method=GET uri=/api/migrations/fub/imports/153189d3-485c-49b0-b415-6309108a9188 version=HTTP/1.1}: tower_http::trace::on_request: started processing request
2026-09-12T17:23:53.832627Z  INFO request{method=GET uri=/api/migrations/fub/imports/153189d3-485c-49b0-b415-6309108a9188 version=HTTP/1.1}: tower_http::trace::on_response: finished processing request latency=18 ms status=200
2026-09-12T17:23:54.242595Z  INFO request{method=GET uri=/api/migrations/fub/imports/153189d3-485c-49b0-b415-6309108a9188 version=HTTP/1.1}: tower_http::trace::on_request: started processing request
2026-09-12T17:23:54.271050Z  INFO request{method=GET uri=/api/migrations/fub/imports/153189d3-485c-49b0-b415-6309108a9188 version=HTTP/1.1}: tower_http::trace::on_response: finished processing request latency=28 ms status=200
2026-09-12T17:23:54.676043Z  INFO request{method=GET uri=/api/migrations/fub/imports/153189d3-485c-49b0-b415-6309108a9188 version=HTTP/1.1}: tower_http::trace::on_request: started processing request
2026-09-12T17:23:54.706124Z  INFO request{method=GET uri=/api/migrations/fub/imports/153189d3-485c-49b0-b415-6309108a9188 version=HTTP/1.1}: tower_http::trace::on_response: finished processing request latency=30 ms status=200
2026-09-12T17:23:55.119542Z  INFO request{method=GET uri=/api/migrations/fub/imports/153189d3-485c-49b0-b415-6309108a9188 version=HTTP/1.1}: tower_http::trace::on_request: started processing request
2026-09-12T17:23:55.133387Z  INFO request{method=GET uri=/api/migrations/fub/imports/153189d3-485c-49b0-b415-6309108a9188 version=HTTP/1.1}: tower_http::trace::on_response: finished processing request latency=13 ms status=200
2026-09-12T17:23:55.136853Z  INFO request{method=POST uri=/api/migrations/fub/imports/153189d3-485c-49b0-b415-6309108a9188/confirm version=HTTP/1.1}: tower_http::trace::on_request: started processing request
2026-09-12T17:23:55.208182Z  INFO request{method=POST uri=/api/migrations/fub/imports/153189d3-485c-49b0-b415-6309108a9188/confirm version=HTTP/1.1}: tower_http::trace::on_response: finished processing request latency=71 ms status=202
2026-09-12T17:23:55.210093Z  INFO request{method=GET uri=/api/migrations/fub/imports/153189d3-485c-49b0-b415-6309108a9188 version=HTTP/1.1}: tower_http::trace::on_request: started processing request
2026-09-12T17:23:55.217933Z  INFO request{method=GET uri=/api/migrations/fub/imports/153189d3-485c-49b0-b415-6309108a9188 version=HTTP/1.1}: tower_http::trace::on_response: finished processing request latency=7 ms status=200
2026-09-12T17:23:55.626802Z  INFO request{method=GET uri=/api/migrations/fub/imports/153189d3-485c-49b0-b415-6309108a9188 version=HTTP/1.1}: tower_http::trace::on_request: started processing request
2026-09-12T17:23:55.671899Z  INFO request{method=GET uri=/api/migrations/fub/imports/153189d3-485c-49b0-b415-6309108a9188 version=HTTP/1.1}: tower_http::trace::on_response: finished processing request latency=45 ms status=200
2026-09-12T17:23:56.081147Z  INFO request{method=GET uri=/api/migrations/fub/imports/153189d3-485c-49b0-b415-6309108a9188 version=HTTP/1.1}: tower_http::trace::on_request: started processing request
2026-09-12T17:23:56.110887Z  INFO request{method=GET uri=/api/migrations/fub/imports/153189d3-485c-49b0-b415-6309108a9188 version=HTTP/1.1}: tower_http::trace::on_response: finished processing request latency=29 ms status=200
2026-09-12T17:23:56.527651Z  INFO request{method=GET uri=/api/migrations/fub/imports/153189d3-485c-49b0-b415-6309108a9188 version=HTTP/1.1}: tower_http::trace::on_request: started processing request
2026-09-12T17:23:56.542074Z  INFO request{method=GET uri=/api/migrations/fub/imports/153189d3-485c-49b0-b415-6309108a9188 version=HTTP/1.1}: tower_http::trace::on_response: finished processing request latency=14 ms status=200
2026-09-12T17:23:56.954488Z  INFO request{method=GET uri=/api/migrations/fub/imports/153189d3-485c-49b0-b415-6309108a9188 version=HTTP/1.1}: tower_http::trace::on_request: started processing request
2026-09-12T17:23:56.965923Z  INFO request{method=GET uri=/api/migrations/fub/imports/153189d3-485c-49b0-b415-6309108a9188 version=HTTP/1.1}: tower_http::trace::on_response: finished processing request latency=11 ms status=200
2026-09-12T17:23:56.968209Z  INFO request{method=GET uri=/api/migrations/fub/imports/153189d3-485c-49b0-b415-6309108a9188/results version=HTTP/1.1}: tower_http::trace::on_request: started processing request
2026-09-12T17:23:56.978090Z  INFO request{method=GET uri=/api/migrations/fub/imports/153189d3-485c-49b0-b415-6309108a9188/results version=HTTP/1.1}: tower_http::trace::on_response: finished processing request latency=9 ms status=200
2026-09-12T17:23:56.981825Z  INFO request{method=POST uri=/api/platform/organizations version=HTTP/1.1}: tower_http::trace::on_request: started processing request
2026-09-12T17:23:57.001431Z  INFO request{method=POST uri=/api/platform/organizations version=HTTP/1.1}: tower_http::trace::on_response: finished processing request latency=19 ms status=201
2026-09-12T17:23:57.004069Z  INFO request{method=POST uri=/api/platform/organizations/1171938e-8da2-435c-8465-88d0b523df38/invitations version=HTTP/1.1}: tower_http::trace::on_request: started processing request
2026-09-12T17:23:57.016578Z  INFO request{method=POST uri=/api/platform/organizations/1171938e-8da2-435c-8465-88d0b523df38/invitations version=HTTP/1.1}: tower_http::trace::on_response: finished processing request latency=12 ms status=201
2026-09-12T17:23:57.021295Z  INFO request{method=POST uri=/api/invitations/accept version=HTTP/1.1}: tower_http::trace::on_request: started processing request
2026-09-12T17:23:57.312497Z  INFO request{method=POST uri=/api/invitations/accept version=HTTP/1.1}: tower_http::trace::on_response: finished processing request latency=291 ms status=200
2026-09-12T17:23:57.314317Z  INFO request{method=GET uri=/api/me version=HTTP/1.1}: tower_http::trace::on_request: started processing request
2026-09-12T17:23:57.315261Z  INFO request{method=GET uri=/api/me version=HTTP/1.1}: tower_http::trace::on_response: finished processing request latency=0 ms status=200
2026-09-12T17:23:57.316546Z  INFO request{method=POST uri=/api/organization/invitations version=HTTP/1.1}: tower_http::trace::on_request: started processing request
2026-09-12T17:23:57.324100Z  INFO request{method=POST uri=/api/organization/invitations version=HTTP/1.1}: tower_http::trace::on_response: finished processing request latency=7 ms status=201
2026-09-12T17:23:57.326635Z  INFO request{method=POST uri=/api/invitations/accept version=HTTP/1.1}: tower_http::trace::on_request: started processing request
2026-09-12T17:23:57.600552Z  INFO request{method=POST uri=/api/invitations/accept version=HTTP/1.1}: tower_http::trace::on_response: finished processing request latency=273 ms status=200
2026-09-12T17:23:57.602191Z  INFO request{method=POST uri=/api/organization/invitations version=HTTP/1.1}: tower_http::trace::on_request: started processing request
2026-09-12T17:23:57.613180Z  INFO request{method=POST uri=/api/organization/invitations version=HTTP/1.1}: tower_http::trace::on_response: finished processing request latency=10 ms status=201
2026-09-12T17:23:57.615771Z  INFO request{method=POST uri=/api/invitations/accept version=HTTP/1.1}: tower_http::trace::on_request: started processing request
2026-09-12T17:23:57.872262Z  INFO request{method=POST uri=/api/invitations/accept version=HTTP/1.1}: tower_http::trace::on_response: finished processing request latency=256 ms status=200
2026-09-12T17:23:57.874062Z  INFO request{method=GET uri=/api/me version=HTTP/1.1}: tower_http::trace::on_request: started processing request
2026-09-12T17:23:57.876342Z  INFO request{method=GET uri=/api/me version=HTTP/1.1}: tower_http::trace::on_response: finished processing request latency=2 ms status=200
2026-09-12T17:23:57.877785Z  INFO request{method=PUT uri=/api/organization/members/4d0867e8-5b55-4cf2-9e14-d97d8e028e72/status version=HTTP/1.1}: tower_http::trace::on_request: started processing request
2026-09-12T17:23:57.899014Z  INFO request{method=PUT uri=/api/organization/members/4d0867e8-5b55-4cf2-9e14-d97d8e028e72/status version=HTTP/1.1}: tower_http::trace::on_response: finished processing request latency=21 ms status=200
2026-09-12T17:23:57.900682Z  INFO request{method=POST uri=/api/organization/invitations version=HTTP/1.1}: tower_http::trace::on_request: started processing request
2026-09-12T17:23:57.907587Z  INFO request{method=POST uri=/api/organization/invitations version=HTTP/1.1}: tower_http::trace::on_response: finished processing request latency=6 ms status=201
2026-09-12T17:23:57.910035Z  INFO request{method=POST uri=/api/invitations/accept version=HTTP/1.1}: tower_http::trace::on_request: started processing request
2026-09-12T17:23:58.179608Z  INFO request{method=POST uri=/api/invitations/accept version=HTTP/1.1}: tower_http::trace::on_response: finished processing request latency=269 ms status=200
2026-09-12T17:23:58.181331Z  INFO request{method=GET uri=/api/me version=HTTP/1.1}: tower_http::trace::on_request: started processing request
2026-09-12T17:23:58.184247Z  INFO request{method=GET uri=/api/me version=HTTP/1.1}: tower_http::trace::on_response: finished processing request latency=2 ms status=200
2026-09-12T17:23:58.185419Z  INFO request{method=GET uri=/api/me version=HTTP/1.1}: tower_http::trace::on_request: started processing request
2026-09-12T17:23:58.186400Z  INFO request{method=GET uri=/api/me version=HTTP/1.1}: tower_http::trace::on_response: finished processing request latency=0 ms status=200
2026-09-12T17:23:58.187461Z  INFO request{method=GET uri=/api/me version=HTTP/1.1}: tower_http::trace::on_request: started processing request
2026-09-12T17:23:58.188682Z  INFO request{method=GET uri=/api/me version=HTTP/1.1}: tower_http::trace::on_response: finished processing request latency=1 ms status=200
2026-09-12T17:23:58.191514Z  INFO request{method=POST uri=/api/session version=HTTP/1.1}: tower_http::trace::on_request: started processing request
2026-09-12T17:23:58.436997Z  INFO request{method=POST uri=/api/session version=HTTP/1.1}: tower_http::trace::on_response: finished processing request latency=245 ms status=200
2026-09-12T17:23:58.439068Z  INFO request{method=POST uri=/api/migrations/fub/connections version=HTTP/1.1}: tower_http::trace::on_request: started processing request
2026-09-12T17:23:58.457051Z  INFO request{method=POST uri=/api/migrations/fub/connections version=HTTP/1.1}: tower_http::trace::on_response: finished processing request latency=18 ms status=201
2026-09-12T17:23:58.459565Z  INFO request{method=POST uri=/api/migrations/fub/snapshots version=HTTP/1.1}: tower_http::trace::on_request: started processing request
2026-09-12T17:23:58.468822Z  INFO request{method=POST uri=/api/migrations/fub/snapshots version=HTTP/1.1}: tower_http::trace::on_response: finished processing request latency=9 ms status=201
2026-09-12T17:23:58.471275Z  INFO request{method=GET uri=/api/migrations/fub/snapshots/3ddd8f22-1eae-484b-9ec0-5a89e7bc6f4c version=HTTP/1.1}: tower_http::trace::on_request: started processing request
2026-09-12T17:23:58.480625Z  INFO request{method=GET uri=/api/migrations/fub/snapshots/3ddd8f22-1eae-484b-9ec0-5a89e7bc6f4c version=HTTP/1.1}: tower_http::trace::on_response: finished processing request latency=9 ms status=200
2026-09-12T17:23:58.482252Z  INFO request{method=POST uri=/api/migrations/fub/snapshots/3ddd8f22-1eae-484b-9ec0-5a89e7bc6f4c/confirm version=HTTP/1.1}: tower_http::trace::on_request: started processing request
2026-09-12T17:23:58.494288Z  INFO request{method=POST uri=/api/migrations/fub/snapshots/3ddd8f22-1eae-484b-9ec0-5a89e7bc6f4c/confirm version=HTTP/1.1}: tower_http::trace::on_response: finished processing request latency=12 ms status=202
2026-09-12T17:23:58.496095Z  INFO request{method=GET uri=/api/migrations/fub/snapshots/3ddd8f22-1eae-484b-9ec0-5a89e7bc6f4c version=HTTP/1.1}: tower_http::trace::on_request: started processing request
2026-09-12T17:23:58.503788Z  INFO request{method=GET uri=/api/migrations/fub/snapshots/3ddd8f22-1eae-484b-9ec0-5a89e7bc6f4c version=HTTP/1.1}: tower_http::trace::on_response: finished processing request latency=7 ms status=200
2026-09-12T17:23:58.702068Z  INFO settle{organization_id=1171938e-8da2-435c-8465-88d0b523df38 snapshot_id=3ddd8f22-1eae-484b-9ec0-5a89e7bc6f4c stream=identity attempt=1}: crm_app::domain::migration::snapshot_worker: snapshot capture settled outcome="success" raw_bytes=100 retained_bytes=183
2026-09-12T17:23:58.729419Z  INFO settle{organization_id=1171938e-8da2-435c-8465-88d0b523df38 snapshot_id=3ddd8f22-1eae-484b-9ec0-5a89e7bc6f4c stream=users attempt=1}: crm_app::domain::migration::snapshot_worker: snapshot capture settled outcome="success" raw_bytes=357 retained_bytes=1171
2026-09-12T17:23:58.759938Z  INFO settle{organization_id=1171938e-8da2-435c-8465-88d0b523df38 snapshot_id=3ddd8f22-1eae-484b-9ec0-5a89e7bc6f4c stream=stages attempt=1}: crm_app::domain::migration::snapshot_worker: snapshot capture settled outcome="success" raw_bytes=253 retained_bytes=953
2026-09-12T17:23:58.784170Z  INFO settle{organization_id=1171938e-8da2-435c-8465-88d0b523df38 snapshot_id=3ddd8f22-1eae-484b-9ec0-5a89e7bc6f4c stream=custom_fields attempt=1}: crm_app::domain::migration::snapshot_worker: snapshot capture settled outcome="success" raw_bytes=496 retained_bytes=1619
2026-09-12T17:23:58.810140Z  INFO settle{organization_id=1171938e-8da2-435c-8465-88d0b523df38 snapshot_id=3ddd8f22-1eae-484b-9ec0-5a89e7bc6f4c stream=people attempt=1}: crm_app::domain::migration::snapshot_worker: snapshot capture settled outcome="success" raw_bytes=1126 retained_bytes=3083
2026-09-12T17:23:58.838029Z  INFO settle{organization_id=1171938e-8da2-435c-8465-88d0b523df38 snapshot_id=3ddd8f22-1eae-484b-9ec0-5a89e7bc6f4c stream=notes attempt=1}: crm_app::domain::migration::snapshot_worker: snapshot capture settled outcome="success" raw_bytes=569 retained_bytes=1583
2026-09-12T17:23:58.858618Z  INFO settle{organization_id=1171938e-8da2-435c-8465-88d0b523df38 snapshot_id=3ddd8f22-1eae-484b-9ec0-5a89e7bc6f4c stream=note_detail attempt=1}: crm_app::domain::migration::snapshot_worker: snapshot capture settled outcome="success" raw_bytes=610 retained_bytes=1509
2026-09-12T17:23:58.888451Z  INFO settle{organization_id=1171938e-8da2-435c-8465-88d0b523df38 snapshot_id=3ddd8f22-1eae-484b-9ec0-5a89e7bc6f4c stream=note_detail attempt=1}: crm_app::domain::migration::snapshot_worker: snapshot capture settled outcome="content_inaccessible" raw_bytes=44 retained_bytes=176
2026-09-12T17:23:58.909859Z  INFO settle{organization_id=1171938e-8da2-435c-8465-88d0b523df38 snapshot_id=3ddd8f22-1eae-484b-9ec0-5a89e7bc6f4c stream=tasks_completed attempt=1}: crm_app::domain::migration::snapshot_worker: snapshot capture settled outcome="success" raw_bytes=784 retained_bytes=2016
2026-09-12T17:23:58.912188Z  INFO request{method=GET uri=/api/migrations/fub/snapshots/3ddd8f22-1eae-484b-9ec0-5a89e7bc6f4c version=HTTP/1.1}: tower_http::trace::on_request: started processing request
2026-09-12T17:23:58.923133Z  INFO request{method=GET uri=/api/migrations/fub/snapshots/3ddd8f22-1eae-484b-9ec0-5a89e7bc6f4c version=HTTP/1.1}: tower_http::trace::on_response: finished processing request latency=10 ms status=200
2026-09-12T17:23:58.927861Z  INFO settle{organization_id=1171938e-8da2-435c-8465-88d0b523df38 snapshot_id=3ddd8f22-1eae-484b-9ec0-5a89e7bc6f4c stream=tasks_open attempt=1}: crm_app::domain::migration::snapshot_worker: snapshot capture settled outcome="success" raw_bytes=732 retained_bytes=1912
2026-09-12T17:23:59.328111Z  INFO request{method=GET uri=/api/migrations/fub/snapshots/3ddd8f22-1eae-484b-9ec0-5a89e7bc6f4c version=HTTP/1.1}: tower_http::trace::on_request: started processing request
2026-09-12T17:23:59.349274Z  INFO request{method=GET uri=/api/migrations/fub/snapshots/3ddd8f22-1eae-484b-9ec0-5a89e7bc6f4c version=HTTP/1.1}: tower_http::trace::on_response: finished processing request latency=21 ms status=200
2026-09-12T17:23:59.352110Z  INFO request{method=POST uri=/api/migrations/fub/snapshots/3ddd8f22-1eae-484b-9ec0-5a89e7bc6f4c/previews version=HTTP/1.1}: tower_http::trace::on_request: started processing request
2026-09-12T17:23:59.378893Z  INFO request{method=POST uri=/api/migrations/fub/snapshots/3ddd8f22-1eae-484b-9ec0-5a89e7bc6f4c/previews version=HTTP/1.1}: tower_http::trace::on_response: finished processing request latency=26 ms status=202
2026-09-12T17:23:59.382463Z  INFO request{method=GET uri=/api/migrations/fub/snapshots/3ddd8f22-1eae-484b-9ec0-5a89e7bc6f4c/previews/c25400a7-08fa-4ed8-940f-fee6f81a28be version=HTTP/1.1}: tower_http::trace::on_request: started processing request
2026-09-12T17:23:59.396445Z  INFO request{method=GET uri=/api/migrations/fub/snapshots/3ddd8f22-1eae-484b-9ec0-5a89e7bc6f4c/previews/c25400a7-08fa-4ed8-940f-fee6f81a28be version=HTTP/1.1}: tower_http::trace::on_response: finished processing request latency=14 ms status=200
2026-09-12T17:23:59.809035Z  INFO request{method=GET uri=/api/migrations/fub/snapshots/3ddd8f22-1eae-484b-9ec0-5a89e7bc6f4c/previews/c25400a7-08fa-4ed8-940f-fee6f81a28be version=HTTP/1.1}: tower_http::trace::on_request: started processing request
2026-09-12T17:23:59.835388Z  INFO request{method=GET uri=/api/migrations/fub/snapshots/3ddd8f22-1eae-484b-9ec0-5a89e7bc6f4c/previews/c25400a7-08fa-4ed8-940f-fee6f81a28be version=HTTP/1.1}: tower_http::trace::on_response: finished processing request latency=26 ms status=200
2026-09-12T17:24:00.245291Z  INFO request{method=GET uri=/api/migrations/fub/snapshots/3ddd8f22-1eae-484b-9ec0-5a89e7bc6f4c/previews/c25400a7-08fa-4ed8-940f-fee6f81a28be version=HTTP/1.1}: tower_http::trace::on_request: started processing request
2026-09-12T17:24:00.304341Z  INFO request{method=GET uri=/api/migrations/fub/snapshots/3ddd8f22-1eae-484b-9ec0-5a89e7bc6f4c/previews/c25400a7-08fa-4ed8-940f-fee6f81a28be version=HTTP/1.1}: tower_http::trace::on_response: finished processing request latency=59 ms status=200
2026-09-12T17:24:00.711279Z  INFO request{method=GET uri=/api/migrations/fub/snapshots/3ddd8f22-1eae-484b-9ec0-5a89e7bc6f4c/previews/c25400a7-08fa-4ed8-940f-fee6f81a28be version=HTTP/1.1}: tower_http::trace::on_request: started processing request
2026-09-12T17:24:00.745309Z  INFO request{method=GET uri=/api/migrations/fub/snapshots/3ddd8f22-1eae-484b-9ec0-5a89e7bc6f4c/previews/c25400a7-08fa-4ed8-940f-fee6f81a28be version=HTTP/1.1}: tower_http::trace::on_response: finished processing request latency=34 ms status=200
2026-09-12T17:24:01.162087Z  INFO request{method=GET uri=/api/migrations/fub/snapshots/3ddd8f22-1eae-484b-9ec0-5a89e7bc6f4c/previews/c25400a7-08fa-4ed8-940f-fee6f81a28be version=HTTP/1.1}: tower_http::trace::on_request: started processing request
2026-09-12T17:24:01.187531Z  INFO request{method=GET uri=/api/migrations/fub/snapshots/3ddd8f22-1eae-484b-9ec0-5a89e7bc6f4c/previews/c25400a7-08fa-4ed8-940f-fee6f81a28be version=HTTP/1.1}: tower_http::trace::on_response: finished processing request latency=25 ms status=200
2026-09-12T17:24:01.194407Z  INFO request{method=POST uri=/api/migrations/fub/imports version=HTTP/1.1}: tower_http::trace::on_request: started processing request
2026-09-12T17:24:01.236979Z  INFO request{method=POST uri=/api/migrations/fub/imports version=HTTP/1.1}: tower_http::trace::on_response: finished processing request latency=42 ms status=201
2026-09-12T17:24:01.242274Z  INFO request{method=GET uri=/api/migrations/fub/imports/e63ca63f-ac6d-4a33-91d7-c9899d65ecdc version=HTTP/1.1}: tower_http::trace::on_request: started processing request
2026-09-12T17:24:01.258068Z  INFO request{method=GET uri=/api/migrations/fub/imports/e63ca63f-ac6d-4a33-91d7-c9899d65ecdc version=HTTP/1.1}: tower_http::trace::on_response: finished processing request latency=15 ms status=200
2026-09-12T17:24:01.663052Z  INFO request{method=GET uri=/api/migrations/fub/imports/e63ca63f-ac6d-4a33-91d7-c9899d65ecdc version=HTTP/1.1}: tower_http::trace::on_request: started processing request
2026-09-12T17:24:01.702981Z  INFO request{method=GET uri=/api/migrations/fub/imports/e63ca63f-ac6d-4a33-91d7-c9899d65ecdc version=HTTP/1.1}: tower_http::trace::on_response: finished processing request latency=40 ms status=200
2026-09-12T17:24:02.117029Z  INFO request{method=GET uri=/api/migrations/fub/imports/e63ca63f-ac6d-4a33-91d7-c9899d65ecdc version=HTTP/1.1}: tower_http::trace::on_request: started processing request
2026-09-12T17:24:02.135656Z  INFO request{method=GET uri=/api/migrations/fub/imports/e63ca63f-ac6d-4a33-91d7-c9899d65ecdc version=HTTP/1.1}: tower_http::trace::on_response: finished processing request latency=18 ms status=200
2026-09-12T17:24:02.543575Z  INFO request{method=GET uri=/api/migrations/fub/imports/e63ca63f-ac6d-4a33-91d7-c9899d65ecdc version=HTTP/1.1}: tower_http::trace::on_request: started processing request
2026-09-12T17:24:02.557302Z  INFO request{method=GET uri=/api/migrations/fub/imports/e63ca63f-ac6d-4a33-91d7-c9899d65ecdc version=HTTP/1.1}: tower_http::trace::on_response: finished processing request latency=13 ms status=200
2026-09-12T17:24:02.964477Z  INFO request{method=GET uri=/api/migrations/fub/imports/e63ca63f-ac6d-4a33-91d7-c9899d65ecdc version=HTTP/1.1}: tower_http::trace::on_request: started processing request
2026-09-12T17:24:02.970167Z  INFO request{method=GET uri=/api/migrations/fub/imports/e63ca63f-ac6d-4a33-91d7-c9899d65ecdc version=HTTP/1.1}: tower_http::trace::on_response: finished processing request latency=5 ms status=200
2026-09-12T17:24:02.971891Z  INFO request{method=GET uri=/api/migrations/fub/imports/e63ca63f-ac6d-4a33-91d7-c9899d65ecdc/plans/79ca85aa-3084-4e5c-a981-7ae08ed572c3/mappings version=HTTP/1.1}: tower_http::trace::on_request: started processing request
2026-09-12T17:24:02.978791Z  INFO request{method=GET uri=/api/migrations/fub/imports/e63ca63f-ac6d-4a33-91d7-c9899d65ecdc/plans/79ca85aa-3084-4e5c-a981-7ae08ed572c3/mappings version=HTTP/1.1}: tower_http::trace::on_response: finished processing request latency=6 ms status=200
2026-09-12T17:24:02.980624Z  INFO request{method=GET uri=/api/migrations/fub/imports/e63ca63f-ac6d-4a33-91d7-c9899d65ecdc/plans/79ca85aa-3084-4e5c-a981-7ae08ed572c3/mappings version=HTTP/1.1}: tower_http::trace::on_request: started processing request
2026-09-12T17:24:02.988591Z  INFO request{method=GET uri=/api/migrations/fub/imports/e63ca63f-ac6d-4a33-91d7-c9899d65ecdc/plans/79ca85aa-3084-4e5c-a981-7ae08ed572c3/mappings version=HTTP/1.1}: tower_http::trace::on_response: finished processing request latency=7 ms status=200
2026-09-12T17:24:02.990463Z  INFO request{method=GET uri=/api/stages version=HTTP/1.1}: tower_http::trace::on_request: started processing request
2026-09-12T17:24:02.994722Z  INFO request{method=GET uri=/api/stages version=HTTP/1.1}: tower_http::trace::on_response: finished processing request latency=4 ms status=200
2026-09-12T17:24:02.996215Z  INFO request{method=POST uri=/api/migrations/fub/imports/e63ca63f-ac6d-4a33-91d7-c9899d65ecdc/plans version=HTTP/1.1}: tower_http::trace::on_request: started processing request
2026-09-12T17:24:03.011491Z  INFO request{method=POST uri=/api/migrations/fub/imports/e63ca63f-ac6d-4a33-91d7-c9899d65ecdc/plans version=HTTP/1.1}: tower_http::trace::on_response: finished processing request latency=15 ms status=202
2026-09-12T17:24:03.013078Z  INFO request{method=GET uri=/api/migrations/fub/imports/e63ca63f-ac6d-4a33-91d7-c9899d65ecdc version=HTTP/1.1}: tower_http::trace::on_request: started processing request
2026-09-12T17:24:03.019378Z  INFO request{method=GET uri=/api/migrations/fub/imports/e63ca63f-ac6d-4a33-91d7-c9899d65ecdc version=HTTP/1.1}: tower_http::trace::on_response: finished processing request latency=6 ms status=200
2026-09-12T17:24:03.428534Z  INFO request{method=GET uri=/api/migrations/fub/imports/e63ca63f-ac6d-4a33-91d7-c9899d65ecdc version=HTTP/1.1}: tower_http::trace::on_request: started processing request
2026-09-12T17:24:03.447613Z  INFO request{method=GET uri=/api/migrations/fub/imports/e63ca63f-ac6d-4a33-91d7-c9899d65ecdc version=HTTP/1.1}: tower_http::trace::on_response: finished processing request latency=19 ms status=200
2026-09-12T17:24:03.853099Z  INFO request{method=GET uri=/api/migrations/fub/imports/e63ca63f-ac6d-4a33-91d7-c9899d65ecdc version=HTTP/1.1}: tower_http::trace::on_request: started processing request
2026-09-12T17:24:03.874370Z  INFO request{method=GET uri=/api/migrations/fub/imports/e63ca63f-ac6d-4a33-91d7-c9899d65ecdc version=HTTP/1.1}: tower_http::trace::on_response: finished processing request latency=21 ms status=200
2026-09-12T17:24:04.287907Z  INFO request{method=GET uri=/api/migrations/fub/imports/e63ca63f-ac6d-4a33-91d7-c9899d65ecdc version=HTTP/1.1}: tower_http::trace::on_request: started processing request
2026-09-12T17:24:04.302839Z  INFO request{method=GET uri=/api/migrations/fub/imports/e63ca63f-ac6d-4a33-91d7-c9899d65ecdc version=HTTP/1.1}: tower_http::trace::on_response: finished processing request latency=15 ms status=200
2026-09-12T17:24:04.708453Z  INFO request{method=GET uri=/api/migrations/fub/imports/e63ca63f-ac6d-4a33-91d7-c9899d65ecdc version=HTTP/1.1}: tower_http::trace::on_request: started processing request
2026-09-12T17:24:04.758724Z  INFO request{method=GET uri=/api/migrations/fub/imports/e63ca63f-ac6d-4a33-91d7-c9899d65ecdc version=HTTP/1.1}: tower_http::trace::on_response: finished processing request latency=50 ms status=200
2026-09-12T17:24:05.172377Z  INFO request{method=GET uri=/api/migrations/fub/imports/e63ca63f-ac6d-4a33-91d7-c9899d65ecdc version=HTTP/1.1}: tower_http::trace::on_request: started processing request
2026-09-12T17:24:05.198047Z  INFO request{method=GET uri=/api/migrations/fub/imports/e63ca63f-ac6d-4a33-91d7-c9899d65ecdc version=HTTP/1.1}: tower_http::trace::on_response: finished processing request latency=25 ms status=200
2026-09-12T17:24:05.204183Z  INFO request{method=POST uri=/api/migrations/fub/imports/e63ca63f-ac6d-4a33-91d7-c9899d65ecdc/confirm version=HTTP/1.1}: tower_http::trace::on_request: started processing request
2026-09-12T17:24:05.276049Z  INFO request{method=POST uri=/api/migrations/fub/imports/e63ca63f-ac6d-4a33-91d7-c9899d65ecdc/confirm version=HTTP/1.1}: tower_http::trace::on_response: finished processing request latency=71 ms status=202
2026-09-12T17:24:05.278175Z  INFO request{method=GET uri=/api/migrations/fub/imports/e63ca63f-ac6d-4a33-91d7-c9899d65ecdc version=HTTP/1.1}: tower_http::trace::on_request: started processing request
2026-09-12T17:24:05.287182Z  INFO request{method=GET uri=/api/migrations/fub/imports/e63ca63f-ac6d-4a33-91d7-c9899d65ecdc version=HTTP/1.1}: tower_http::trace::on_response: finished processing request latency=9 ms status=200
2026-09-12T17:24:05.695183Z  INFO request{method=GET uri=/api/migrations/fub/imports/e63ca63f-ac6d-4a33-91d7-c9899d65ecdc version=HTTP/1.1}: tower_http::trace::on_request: started processing request
2026-09-12T17:24:05.724607Z  INFO request{method=GET uri=/api/migrations/fub/imports/e63ca63f-ac6d-4a33-91d7-c9899d65ecdc version=HTTP/1.1}: tower_http::trace::on_response: finished processing request latency=29 ms status=200
2026-09-12T17:24:06.138070Z  INFO request{method=GET uri=/api/migrations/fub/imports/e63ca63f-ac6d-4a33-91d7-c9899d65ecdc version=HTTP/1.1}: tower_http::trace::on_request: started processing request
2026-09-12T17:24:06.165039Z  INFO request{method=GET uri=/api/migrations/fub/imports/e63ca63f-ac6d-4a33-91d7-c9899d65ecdc version=HTTP/1.1}: tower_http::trace::on_response: finished processing request latency=27 ms status=200
2026-09-12T17:24:06.578723Z  INFO request{method=GET uri=/api/migrations/fub/imports/e63ca63f-ac6d-4a33-91d7-c9899d65ecdc version=HTTP/1.1}: tower_http::trace::on_request: started processing request
2026-09-12T17:24:06.595284Z  INFO request{method=GET uri=/api/migrations/fub/imports/e63ca63f-ac6d-4a33-91d7-c9899d65ecdc version=HTTP/1.1}: tower_http::trace::on_response: finished processing request latency=16 ms status=200
2026-09-12T17:24:07.001894Z  INFO request{method=GET uri=/api/migrations/fub/imports/e63ca63f-ac6d-4a33-91d7-c9899d65ecdc version=HTTP/1.1}: tower_http::trace::on_request: started processing request
2026-09-12T17:24:07.015744Z  INFO request{method=GET uri=/api/migrations/fub/imports/e63ca63f-ac6d-4a33-91d7-c9899d65ecdc version=HTTP/1.1}: tower_http::trace::on_response: finished processing request latency=13 ms status=200
2026-09-12T17:24:07.018975Z  INFO request{method=GET uri=/api/migrations/fub/imports/e63ca63f-ac6d-4a33-91d7-c9899d65ecdc/results version=HTTP/1.1}: tower_http::trace::on_request: started processing request
2026-09-12T17:24:07.031915Z  INFO request{method=GET uri=/api/migrations/fub/imports/e63ca63f-ac6d-4a33-91d7-c9899d65ecdc/results version=HTTP/1.1}: tower_http::trace::on_response: finished processing request latency=12 ms status=200
2026-09-12T17:24:07.037763Z  INFO request{method=POST uri=/api/platform/organizations version=HTTP/1.1}: tower_http::trace::on_request: started processing request
2026-09-12T17:24:07.064978Z  INFO request{method=POST uri=/api/platform/organizations version=HTTP/1.1}: tower_http::trace::on_response: finished processing request latency=27 ms status=201
2026-09-12T17:24:07.067682Z  INFO request{method=POST uri=/api/platform/organizations/be9b2fbe-9c14-41b9-a87b-256eb2ef7210/invitations version=HTTP/1.1}: tower_http::trace::on_request: started processing request
2026-09-12T17:24:07.078331Z  INFO request{method=POST uri=/api/platform/organizations/be9b2fbe-9c14-41b9-a87b-256eb2ef7210/invitations version=HTTP/1.1}: tower_http::trace::on_response: finished processing request latency=10 ms status=201
2026-09-12T17:24:07.081775Z  INFO request{method=POST uri=/api/invitations/accept version=HTTP/1.1}: tower_http::trace::on_request: started processing request
2026-09-12T17:24:07.366976Z  INFO request{method=POST uri=/api/invitations/accept version=HTTP/1.1}: tower_http::trace::on_response: finished processing request latency=285 ms status=200
2026-09-12T17:24:07.368953Z  INFO request{method=GET uri=/api/me version=HTTP/1.1}: tower_http::trace::on_request: started processing request
2026-09-12T17:24:07.372797Z  INFO request{method=GET uri=/api/me version=HTTP/1.1}: tower_http::trace::on_response: finished processing request latency=3 ms status=200
2026-09-12T17:24:07.374431Z  INFO request{method=POST uri=/api/organization/invitations version=HTTP/1.1}: tower_http::trace::on_request: started processing request
2026-09-12T17:24:07.382742Z  INFO request{method=POST uri=/api/organization/invitations version=HTTP/1.1}: tower_http::trace::on_response: finished processing request latency=8 ms status=201
2026-09-12T17:24:07.385361Z  INFO request{method=POST uri=/api/invitations/accept version=HTTP/1.1}: tower_http::trace::on_request: started processing request
2026-09-12T17:24:07.651909Z  INFO request{method=POST uri=/api/invitations/accept version=HTTP/1.1}: tower_http::trace::on_response: finished processing request latency=266 ms status=200
2026-09-12T17:24:07.653770Z  INFO request{method=POST uri=/api/organization/invitations version=HTTP/1.1}: tower_http::trace::on_request: started processing request
2026-09-12T17:24:07.662842Z  INFO request{method=POST uri=/api/organization/invitations version=HTTP/1.1}: tower_http::trace::on_response: finished processing request latency=9 ms status=201
2026-09-12T17:24:07.665323Z  INFO request{method=POST uri=/api/invitations/accept version=HTTP/1.1}: tower_http::trace::on_request: started processing request
2026-09-12T17:24:07.916217Z  INFO request{method=POST uri=/api/invitations/accept version=HTTP/1.1}: tower_http::trace::on_response: finished processing request latency=250 ms status=200
2026-09-12T17:24:07.917851Z  INFO request{method=GET uri=/api/me version=HTTP/1.1}: tower_http::trace::on_request: started processing request
2026-09-12T17:24:07.918874Z  INFO request{method=GET uri=/api/me version=HTTP/1.1}: tower_http::trace::on_response: finished processing request latency=1 ms status=200
2026-09-12T17:24:07.920067Z  INFO request{method=PUT uri=/api/organization/members/b6805dae-c24b-4401-b4a5-53036f6babab/status version=HTTP/1.1}: tower_http::trace::on_request: started processing request
2026-09-12T17:24:07.942531Z  INFO request{method=PUT uri=/api/organization/members/b6805dae-c24b-4401-b4a5-53036f6babab/status version=HTTP/1.1}: tower_http::trace::on_response: finished processing request latency=22 ms status=200
2026-09-12T17:24:07.944504Z  INFO request{method=POST uri=/api/organization/invitations version=HTTP/1.1}: tower_http::trace::on_request: started processing request
2026-09-12T17:24:07.959583Z  INFO request{method=POST uri=/api/organization/invitations version=HTTP/1.1}: tower_http::trace::on_response: finished processing request latency=15 ms status=201
2026-09-12T17:24:07.962025Z  INFO request{method=POST uri=/api/invitations/accept version=HTTP/1.1}: tower_http::trace::on_request: started processing request
2026-09-12T17:24:08.229039Z  INFO request{method=POST uri=/api/invitations/accept version=HTTP/1.1}: tower_http::trace::on_response: finished processing request latency=267 ms status=200
2026-09-12T17:24:08.230731Z  INFO request{method=GET uri=/api/me version=HTTP/1.1}: tower_http::trace::on_request: started processing request
2026-09-12T17:24:08.235514Z  INFO request{method=GET uri=/api/me version=HTTP/1.1}: tower_http::trace::on_response: finished processing request latency=4 ms status=200
2026-09-12T17:24:08.236816Z  INFO request{method=GET uri=/api/me version=HTTP/1.1}: tower_http::trace::on_request: started processing request
2026-09-12T17:24:08.237394Z  INFO request{method=GET uri=/api/me version=HTTP/1.1}: tower_http::trace::on_response: finished processing request latency=0 ms status=200
2026-09-12T17:24:08.238479Z  INFO request{method=GET uri=/api/me version=HTTP/1.1}: tower_http::trace::on_request: started processing request
2026-09-12T17:24:08.239014Z  INFO request{method=GET uri=/api/me version=HTTP/1.1}: tower_http::trace::on_response: finished processing request latency=0 ms status=200
2026-09-12T17:24:08.242410Z  INFO request{method=POST uri=/api/session version=HTTP/1.1}: tower_http::trace::on_request: started processing request
2026-09-12T17:24:08.498458Z  INFO request{method=POST uri=/api/session version=HTTP/1.1}: tower_http::trace::on_response: finished processing request latency=256 ms status=200
2026-09-12T17:24:08.500369Z  INFO request{method=POST uri=/api/migrations/fub/connections version=HTTP/1.1}: tower_http::trace::on_request: started processing request
2026-09-12T17:24:08.525587Z  INFO request{method=POST uri=/api/migrations/fub/connections version=HTTP/1.1}: tower_http::trace::on_response: finished processing request latency=25 ms status=201
2026-09-12T17:24:08.528432Z  INFO request{method=POST uri=/api/migrations/fub/snapshots version=HTTP/1.1}: tower_http::trace::on_request: started processing request
2026-09-12T17:24:08.540400Z  INFO request{method=POST uri=/api/migrations/fub/snapshots version=HTTP/1.1}: tower_http::trace::on_response: finished processing request latency=11 ms status=201
2026-09-12T17:24:08.545441Z  INFO request{method=GET uri=/api/migrations/fub/snapshots/b8eba334-9411-45a1-a983-3ca663b6651e version=HTTP/1.1}: tower_http::trace::on_request: started processing request
2026-09-12T17:24:08.556116Z  INFO request{method=GET uri=/api/migrations/fub/snapshots/b8eba334-9411-45a1-a983-3ca663b6651e version=HTTP/1.1}: tower_http::trace::on_response: finished processing request latency=10 ms status=200
2026-09-12T17:24:08.558060Z  INFO request{method=POST uri=/api/migrations/fub/snapshots/b8eba334-9411-45a1-a983-3ca663b6651e/confirm version=HTTP/1.1}: tower_http::trace::on_request: started processing request
2026-09-12T17:24:08.571150Z  INFO request{method=POST uri=/api/migrations/fub/snapshots/b8eba334-9411-45a1-a983-3ca663b6651e/confirm version=HTTP/1.1}: tower_http::trace::on_response: finished processing request latency=13 ms status=202
2026-09-12T17:24:08.572846Z  INFO request{method=GET uri=/api/migrations/fub/snapshots/b8eba334-9411-45a1-a983-3ca663b6651e version=HTTP/1.1}: tower_http::trace::on_request: started processing request
2026-09-12T17:24:08.581659Z  INFO request{method=GET uri=/api/migrations/fub/snapshots/b8eba334-9411-45a1-a983-3ca663b6651e version=HTTP/1.1}: tower_http::trace::on_response: finished processing request latency=8 ms status=200
2026-09-12T17:24:08.734535Z  INFO settle{organization_id=be9b2fbe-9c14-41b9-a87b-256eb2ef7210 snapshot_id=b8eba334-9411-45a1-a983-3ca663b6651e stream=identity attempt=1}: crm_app::domain::migration::snapshot_worker: snapshot capture settled outcome="success" raw_bytes=100 retained_bytes=183
2026-09-12T17:24:08.766172Z  INFO settle{organization_id=be9b2fbe-9c14-41b9-a87b-256eb2ef7210 snapshot_id=b8eba334-9411-45a1-a983-3ca663b6651e stream=users attempt=1}: crm_app::domain::migration::snapshot_worker: snapshot capture settled outcome="success" raw_bytes=357 retained_bytes=1171
2026-09-12T17:24:08.795663Z  INFO settle{organization_id=be9b2fbe-9c14-41b9-a87b-256eb2ef7210 snapshot_id=b8eba334-9411-45a1-a983-3ca663b6651e stream=stages attempt=1}: crm_app::domain::migration::snapshot_worker: snapshot capture settled outcome="success" raw_bytes=253 retained_bytes=953
2026-09-12T17:24:08.824627Z  INFO settle{organization_id=be9b2fbe-9c14-41b9-a87b-256eb2ef7210 snapshot_id=b8eba334-9411-45a1-a983-3ca663b6651e stream=custom_fields attempt=1}: crm_app::domain::migration::snapshot_worker: snapshot capture settled outcome="success" raw_bytes=496 retained_bytes=1619
2026-09-12T17:24:08.869922Z  INFO settle{organization_id=be9b2fbe-9c14-41b9-a87b-256eb2ef7210 snapshot_id=b8eba334-9411-45a1-a983-3ca663b6651e stream=people attempt=1}: crm_app::domain::migration::snapshot_worker: snapshot capture settled outcome="success" raw_bytes=1126 retained_bytes=3083
2026-09-12T17:24:08.898747Z  INFO settle{organization_id=be9b2fbe-9c14-41b9-a87b-256eb2ef7210 snapshot_id=b8eba334-9411-45a1-a983-3ca663b6651e stream=notes attempt=1}: crm_app::domain::migration::snapshot_worker: snapshot capture settled outcome="success" raw_bytes=569 retained_bytes=1583
2026-09-12T17:24:08.924272Z  INFO settle{organization_id=be9b2fbe-9c14-41b9-a87b-256eb2ef7210 snapshot_id=b8eba334-9411-45a1-a983-3ca663b6651e stream=note_detail attempt=1}: crm_app::domain::migration::snapshot_worker: snapshot capture settled outcome="success" raw_bytes=610 retained_bytes=1509
2026-09-12T17:24:08.947346Z  INFO settle{organization_id=be9b2fbe-9c14-41b9-a87b-256eb2ef7210 snapshot_id=b8eba334-9411-45a1-a983-3ca663b6651e stream=note_detail attempt=1}: crm_app::domain::migration::snapshot_worker: snapshot capture settled outcome="content_inaccessible" raw_bytes=44 retained_bytes=176
2026-09-12T17:24:08.970105Z  INFO settle{organization_id=be9b2fbe-9c14-41b9-a87b-256eb2ef7210 snapshot_id=b8eba334-9411-45a1-a983-3ca663b6651e stream=tasks_completed attempt=1}: crm_app::domain::migration::snapshot_worker: snapshot capture settled outcome="success" raw_bytes=784 retained_bytes=2016
2026-09-12T17:24:08.989424Z  INFO settle{organization_id=be9b2fbe-9c14-41b9-a87b-256eb2ef7210 snapshot_id=b8eba334-9411-45a1-a983-3ca663b6651e stream=tasks_open attempt=1}: crm_app::domain::migration::snapshot_worker: snapshot capture settled outcome="success" raw_bytes=732 retained_bytes=1912
2026-09-12T17:24:08.991325Z  INFO request{method=GET uri=/api/migrations/fub/snapshots/b8eba334-9411-45a1-a983-3ca663b6651e version=HTTP/1.1}: tower_http::trace::on_request: started processing request
2026-09-12T17:24:09.000242Z  INFO request{method=GET uri=/api/migrations/fub/snapshots/b8eba334-9411-45a1-a983-3ca663b6651e version=HTTP/1.1}: tower_http::trace::on_response: finished processing request latency=8 ms status=200
2026-09-12T17:24:09.414754Z  INFO request{method=GET uri=/api/migrations/fub/snapshots/b8eba334-9411-45a1-a983-3ca663b6651e version=HTTP/1.1}: tower_http::trace::on_request: started processing request
2026-09-12T17:24:09.447722Z  INFO request{method=GET uri=/api/migrations/fub/snapshots/b8eba334-9411-45a1-a983-3ca663b6651e version=HTTP/1.1}: tower_http::trace::on_response: finished processing request latency=33 ms status=200
2026-09-12T17:24:09.450217Z  INFO request{method=POST uri=/api/migrations/fub/snapshots/b8eba334-9411-45a1-a983-3ca663b6651e/previews version=HTTP/1.1}: tower_http::trace::on_request: started processing request
2026-09-12T17:24:09.479937Z  INFO request{method=POST uri=/api/migrations/fub/snapshots/b8eba334-9411-45a1-a983-3ca663b6651e/previews version=HTTP/1.1}: tower_http::trace::on_response: finished processing request latency=29 ms status=202
2026-09-12T17:24:09.486719Z  INFO request{method=GET uri=/api/migrations/fub/snapshots/b8eba334-9411-45a1-a983-3ca663b6651e/previews/d881beef-bcf5-4fe4-a5bd-946d7778b035 version=HTTP/1.1}: tower_http::trace::on_request: started processing request
2026-09-12T17:24:09.519402Z  INFO request{method=GET uri=/api/migrations/fub/snapshots/b8eba334-9411-45a1-a983-3ca663b6651e/previews/d881beef-bcf5-4fe4-a5bd-946d7778b035 version=HTTP/1.1}: tower_http::trace::on_response: finished processing request latency=32 ms status=200
2026-09-12T17:24:09.929718Z  INFO request{method=GET uri=/api/migrations/fub/snapshots/b8eba334-9411-45a1-a983-3ca663b6651e/previews/d881beef-bcf5-4fe4-a5bd-946d7778b035 version=HTTP/1.1}: tower_http::trace::on_request: started processing request
2026-09-12T17:24:09.960353Z  INFO request{method=GET uri=/api/migrations/fub/snapshots/b8eba334-9411-45a1-a983-3ca663b6651e/previews/d881beef-bcf5-4fe4-a5bd-946d7778b035 version=HTTP/1.1}: tower_http::trace::on_response: finished processing request latency=30 ms status=200
2026-09-12T17:24:10.373630Z  INFO request{method=GET uri=/api/migrations/fub/snapshots/b8eba334-9411-45a1-a983-3ca663b6651e/previews/d881beef-bcf5-4fe4-a5bd-946d7778b035 version=HTTP/1.1}: tower_http::trace::on_request: started processing request
2026-09-12T17:24:10.407360Z  INFO request{method=GET uri=/api/migrations/fub/snapshots/b8eba334-9411-45a1-a983-3ca663b6651e/previews/d881beef-bcf5-4fe4-a5bd-946d7778b035 version=HTTP/1.1}: tower_http::trace::on_response: finished processing request latency=33 ms status=200
2026-09-12T17:24:10.820031Z  INFO request{method=GET uri=/api/migrations/fub/snapshots/b8eba334-9411-45a1-a983-3ca663b6651e/previews/d881beef-bcf5-4fe4-a5bd-946d7778b035 version=HTTP/1.1}: tower_http::trace::on_request: started processing request
2026-09-12T17:24:10.831146Z  INFO request{method=GET uri=/api/migrations/fub/snapshots/b8eba334-9411-45a1-a983-3ca663b6651e/previews/d881beef-bcf5-4fe4-a5bd-946d7778b035 version=HTTP/1.1}: tower_http::trace::on_response: finished processing request latency=11 ms status=200
2026-09-12T17:24:10.833224Z  INFO request{method=POST uri=/api/migrations/fub/imports version=HTTP/1.1}: tower_http::trace::on_request: started processing request
2026-09-12T17:24:10.856834Z  INFO request{method=POST uri=/api/migrations/fub/imports version=HTTP/1.1}: tower_http::trace::on_response: finished processing request latency=23 ms status=201
2026-09-12T17:24:10.859838Z  INFO request{method=GET uri=/api/migrations/fub/imports/9d4a6a4e-28ec-4ccd-9ed0-393a297284dd version=HTTP/1.1}: tower_http::trace::on_request: started processing request
2026-09-12T17:24:10.867523Z  INFO request{method=GET uri=/api/migrations/fub/imports/9d4a6a4e-28ec-4ccd-9ed0-393a297284dd version=HTTP/1.1}: tower_http::trace::on_response: finished processing request latency=7 ms status=200
2026-09-12T17:24:11.278587Z  INFO request{method=GET uri=/api/migrations/fub/imports/9d4a6a4e-28ec-4ccd-9ed0-393a297284dd version=HTTP/1.1}: tower_http::trace::on_request: started processing request
2026-09-12T17:24:11.295763Z  INFO request{method=GET uri=/api/migrations/fub/imports/9d4a6a4e-28ec-4ccd-9ed0-393a297284dd version=HTTP/1.1}: tower_http::trace::on_response: finished processing request latency=17 ms status=200
2026-09-12T17:24:11.705951Z  INFO request{method=GET uri=/api/migrations/fub/imports/9d4a6a4e-28ec-4ccd-9ed0-393a297284dd version=HTTP/1.1}: tower_http::trace::on_request: started processing request
2026-09-12T17:24:11.738011Z  INFO request{method=GET uri=/api/migrations/fub/imports/9d4a6a4e-28ec-4ccd-9ed0-393a297284dd version=HTTP/1.1}: tower_http::trace::on_response: finished processing request latency=32 ms status=200
2026-09-12T17:24:12.152189Z  INFO request{method=GET uri=/api/migrations/fub/imports/9d4a6a4e-28ec-4ccd-9ed0-393a297284dd version=HTTP/1.1}: tower_http::trace::on_request: started processing request
2026-09-12T17:24:12.192529Z  INFO request{method=GET uri=/api/migrations/fub/imports/9d4a6a4e-28ec-4ccd-9ed0-393a297284dd version=HTTP/1.1}: tower_http::trace::on_response: finished processing request latency=40 ms status=200
2026-09-12T17:24:12.605621Z  INFO request{method=GET uri=/api/migrations/fub/imports/9d4a6a4e-28ec-4ccd-9ed0-393a297284dd version=HTTP/1.1}: tower_http::trace::on_request: started processing request
2026-09-12T17:24:12.619704Z  INFO request{method=GET uri=/api/migrations/fub/imports/9d4a6a4e-28ec-4ccd-9ed0-393a297284dd version=HTTP/1.1}: tower_http::trace::on_response: finished processing request latency=14 ms status=200
2026-09-12T17:24:13.029015Z  INFO request{method=GET uri=/api/migrations/fub/imports/9d4a6a4e-28ec-4ccd-9ed0-393a297284dd version=HTTP/1.1}: tower_http::trace::on_request: started processing request
2026-09-12T17:24:13.036988Z  INFO request{method=GET uri=/api/migrations/fub/imports/9d4a6a4e-28ec-4ccd-9ed0-393a297284dd version=HTTP/1.1}: tower_http::trace::on_response: finished processing request latency=8 ms status=200
2026-09-12T17:24:13.038800Z  INFO request{method=GET uri=/api/migrations/fub/imports/9d4a6a4e-28ec-4ccd-9ed0-393a297284dd/plans/47a2ce3d-94e9-4bac-9f78-23e2413cdaae/mappings version=HTTP/1.1}: tower_http::trace::on_request: started processing request
2026-09-12T17:24:13.046665Z  INFO request{method=GET uri=/api/migrations/fub/imports/9d4a6a4e-28ec-4ccd-9ed0-393a297284dd/plans/47a2ce3d-94e9-4bac-9f78-23e2413cdaae/mappings version=HTTP/1.1}: tower_http::trace::on_response: finished processing request latency=7 ms status=200
2026-09-12T17:24:13.048391Z  INFO request{method=GET uri=/api/migrations/fub/imports/9d4a6a4e-28ec-4ccd-9ed0-393a297284dd/plans/47a2ce3d-94e9-4bac-9f78-23e2413cdaae/mappings version=HTTP/1.1}: tower_http::trace::on_request: started processing request
2026-09-12T17:24:13.055759Z  INFO request{method=GET uri=/api/migrations/fub/imports/9d4a6a4e-28ec-4ccd-9ed0-393a297284dd/plans/47a2ce3d-94e9-4bac-9f78-23e2413cdaae/mappings version=HTTP/1.1}: tower_http::trace::on_response: finished processing request latency=7 ms status=200
2026-09-12T17:24:13.057339Z  INFO request{method=GET uri=/api/stages version=HTTP/1.1}: tower_http::trace::on_request: started processing request
2026-09-12T17:24:13.061708Z  INFO request{method=GET uri=/api/stages version=HTTP/1.1}: tower_http::trace::on_response: finished processing request latency=4 ms status=200
2026-09-12T17:24:13.063415Z  INFO request{method=POST uri=/api/migrations/fub/imports/9d4a6a4e-28ec-4ccd-9ed0-393a297284dd/plans version=HTTP/1.1}: tower_http::trace::on_request: started processing request
2026-09-12T17:24:13.080744Z  INFO request{method=POST uri=/api/migrations/fub/imports/9d4a6a4e-28ec-4ccd-9ed0-393a297284dd/plans version=HTTP/1.1}: tower_http::trace::on_response: finished processing request latency=17 ms status=202
2026-09-12T17:24:13.082259Z  INFO request{method=GET uri=/api/migrations/fub/imports/9d4a6a4e-28ec-4ccd-9ed0-393a297284dd version=HTTP/1.1}: tower_http::trace::on_request: started processing request
2026-09-12T17:24:13.088540Z  INFO request{method=GET uri=/api/migrations/fub/imports/9d4a6a4e-28ec-4ccd-9ed0-393a297284dd version=HTTP/1.1}: tower_http::trace::on_response: finished processing request latency=6 ms status=200
2026-09-12T17:24:13.501102Z  INFO request{method=GET uri=/api/migrations/fub/imports/9d4a6a4e-28ec-4ccd-9ed0-393a297284dd version=HTTP/1.1}: tower_http::trace::on_request: started processing request
2026-09-12T17:24:13.514306Z  INFO request{method=GET uri=/api/migrations/fub/imports/9d4a6a4e-28ec-4ccd-9ed0-393a297284dd version=HTTP/1.1}: tower_http::trace::on_response: finished processing request latency=13 ms status=200
2026-09-12T17:24:13.919132Z  INFO request{method=GET uri=/api/migrations/fub/imports/9d4a6a4e-28ec-4ccd-9ed0-393a297284dd version=HTTP/1.1}: tower_http::trace::on_request: started processing request
2026-09-12T17:24:13.929990Z  INFO request{method=GET uri=/api/migrations/fub/imports/9d4a6a4e-28ec-4ccd-9ed0-393a297284dd version=HTTP/1.1}: tower_http::trace::on_response: finished processing request latency=10 ms status=200
2026-09-12T17:24:14.336334Z  INFO request{method=GET uri=/api/migrations/fub/imports/9d4a6a4e-28ec-4ccd-9ed0-393a297284dd version=HTTP/1.1}: tower_http::trace::on_request: started processing request
2026-09-12T17:24:14.360064Z  INFO request{method=GET uri=/api/migrations/fub/imports/9d4a6a4e-28ec-4ccd-9ed0-393a297284dd version=HTTP/1.1}: tower_http::trace::on_response: finished processing request latency=23 ms status=200
2026-09-12T17:24:14.764935Z  INFO request{method=GET uri=/api/migrations/fub/imports/9d4a6a4e-28ec-4ccd-9ed0-393a297284dd version=HTTP/1.1}: tower_http::trace::on_request: started processing request
2026-09-12T17:24:14.787505Z  INFO request{method=GET uri=/api/migrations/fub/imports/9d4a6a4e-28ec-4ccd-9ed0-393a297284dd version=HTTP/1.1}: tower_http::trace::on_response: finished processing request latency=22 ms status=200
2026-09-12T17:24:15.191178Z  INFO request{method=GET uri=/api/migrations/fub/imports/9d4a6a4e-28ec-4ccd-9ed0-393a297284dd version=HTTP/1.1}: tower_http::trace::on_request: started processing request
2026-09-12T17:24:15.214127Z  INFO request{method=GET uri=/api/migrations/fub/imports/9d4a6a4e-28ec-4ccd-9ed0-393a297284dd version=HTTP/1.1}: tower_http::trace::on_response: finished processing request latency=23 ms status=200
2026-09-12T17:24:15.217546Z  INFO request{method=POST uri=/api/migrations/fub/imports/9d4a6a4e-28ec-4ccd-9ed0-393a297284dd/confirm version=HTTP/1.1}: tower_http::trace::on_request: started processing request
2026-09-12T17:24:15.289189Z  INFO request{method=POST uri=/api/migrations/fub/imports/9d4a6a4e-28ec-4ccd-9ed0-393a297284dd/confirm version=HTTP/1.1}: tower_http::trace::on_response: finished processing request latency=71 ms status=202
2026-09-12T17:24:15.291115Z  INFO request{method=GET uri=/api/migrations/fub/imports/9d4a6a4e-28ec-4ccd-9ed0-393a297284dd version=HTTP/1.1}: tower_http::trace::on_request: started processing request
2026-09-12T17:24:15.302170Z  INFO request{method=GET uri=/api/migrations/fub/imports/9d4a6a4e-28ec-4ccd-9ed0-393a297284dd version=HTTP/1.1}: tower_http::trace::on_response: finished processing request latency=11 ms status=200
2026-09-12T17:24:15.711926Z  INFO request{method=GET uri=/api/migrations/fub/imports/9d4a6a4e-28ec-4ccd-9ed0-393a297284dd version=HTTP/1.1}: tower_http::trace::on_request: started processing request
2026-09-12T17:24:15.730476Z  INFO request{method=GET uri=/api/migrations/fub/imports/9d4a6a4e-28ec-4ccd-9ed0-393a297284dd version=HTTP/1.1}: tower_http::trace::on_response: finished processing request latency=18 ms status=200
2026-09-12T17:24:16.145633Z  INFO request{method=GET uri=/api/migrations/fub/imports/9d4a6a4e-28ec-4ccd-9ed0-393a297284dd version=HTTP/1.1}: tower_http::trace::on_request: started processing request
2026-09-12T17:24:16.164020Z  INFO request{method=GET uri=/api/migrations/fub/imports/9d4a6a4e-28ec-4ccd-9ed0-393a297284dd version=HTTP/1.1}: tower_http::trace::on_response: finished processing request latency=18 ms status=200
2026-09-12T17:24:16.577652Z  INFO request{method=GET uri=/api/migrations/fub/imports/9d4a6a4e-28ec-4ccd-9ed0-393a297284dd version=HTTP/1.1}: tower_http::trace::on_request: started processing request
2026-09-12T17:24:16.599833Z  INFO request{method=GET uri=/api/migrations/fub/imports/9d4a6a4e-28ec-4ccd-9ed0-393a297284dd version=HTTP/1.1}: tower_http::trace::on_response: finished processing request latency=22 ms status=200
2026-09-12T17:24:17.014779Z  INFO request{method=GET uri=/api/migrations/fub/imports/9d4a6a4e-28ec-4ccd-9ed0-393a297284dd version=HTTP/1.1}: tower_http::trace::on_request: started processing request
2026-09-12T17:24:17.036994Z  INFO request{method=GET uri=/api/migrations/fub/imports/9d4a6a4e-28ec-4ccd-9ed0-393a297284dd version=HTTP/1.1}: tower_http::trace::on_response: finished processing request latency=22 ms status=200
2026-09-12T17:24:17.040769Z  INFO request{method=GET uri=/api/migrations/fub/imports/9d4a6a4e-28ec-4ccd-9ed0-393a297284dd/results version=HTTP/1.1}: tower_http::trace::on_request: started processing request
2026-09-12T17:24:17.053522Z  INFO request{method=GET uri=/api/migrations/fub/imports/9d4a6a4e-28ec-4ccd-9ed0-393a297284dd/results version=HTTP/1.1}: tower_http::trace::on_response: finished processing request latency=12 ms status=200
2026-09-12T17:25:14.988712Z  INFO request{method=GET uri=/api/me version=HTTP/1.1}: tower_http::trace::on_request: started processing request
2026-09-12T17:25:14.990583Z  INFO request{method=GET uri=/api/me version=HTTP/1.1}: tower_http::trace::on_response: finished processing request latency=1 ms status=401
2026-09-12T17:25:14.990640Z  INFO request{method=GET uri=/api/me version=HTTP/1.1}: tower_http::trace::on_request: started processing request
2026-09-12T17:25:14.990906Z  INFO request{method=GET uri=/api/me version=HTTP/1.1}: tower_http::trace::on_response: finished processing request latency=0 ms status=401
2026-09-12T17:25:15.001933Z  INFO request{method=GET uri=/api/me version=HTTP/1.1}: tower_http::trace::on_request: started processing request
2026-09-12T17:25:15.002145Z  INFO request{method=GET uri=/api/me version=HTTP/1.1}: tower_http::trace::on_response: finished processing request latency=0 ms status=401
2026-09-12T17:25:15.040007Z  INFO request{method=GET uri=/api/me version=HTTP/1.1}: tower_http::trace::on_request: started processing request
2026-09-12T17:25:15.040095Z  INFO request{method=GET uri=/api/me version=HTTP/1.1}: tower_http::trace::on_response: finished processing request latency=0 ms status=401
2026-09-12T17:25:15.171030Z  INFO request{method=POST uri=/api/session version=HTTP/1.1}: tower_http::trace::on_request: started processing request
2026-09-12T17:25:15.435368Z  INFO request{method=POST uri=/api/session version=HTTP/1.1}: tower_http::trace::on_response: finished processing request latency=264 ms status=200
2026-09-12T17:25:15.441736Z  INFO request{method=GET uri=/api/me version=HTTP/1.1}: tower_http::trace::on_request: started processing request
2026-09-12T17:25:15.443908Z  INFO request{method=GET uri=/api/me version=HTTP/1.1}: tower_http::trace::on_request: started processing request
2026-09-12T17:25:15.444042Z  INFO request{method=GET uri=/api/me version=HTTP/1.1}: tower_http::trace::on_response: finished processing request latency=2 ms status=200
2026-09-12T17:25:15.445352Z  INFO request{method=GET uri=/api/me version=HTTP/1.1}: tower_http::trace::on_response: finished processing request latency=1 ms status=200
2026-09-12T17:25:15.511850Z  INFO request{method=GET uri=/api/me version=HTTP/1.1}: tower_http::trace::on_request: started processing request
2026-09-12T17:25:15.514254Z  INFO request{method=GET uri=/api/me version=HTTP/1.1}: tower_http::trace::on_response: finished processing request latency=2 ms status=200
2026-09-12T17:25:15.540209Z  INFO request{method=GET uri=/api/migrations/fub/ version=HTTP/1.1}: tower_http::trace::on_request: started processing request
2026-09-12T17:25:15.543038Z  INFO request{method=GET uri=/api/migrations/fub/snapshots version=HTTP/1.1}: tower_http::trace::on_request: started processing request
2026-09-12T17:25:15.543038Z  INFO request{method=GET uri=/api/migrations/fub/imports version=HTTP/1.1}: tower_http::trace::on_request: started processing request
2026-09-12T17:25:15.543486Z  INFO request{method=GET uri=/api/migrations/fub/imports version=HTTP/1.1}: tower_http::trace::on_request: started processing request
2026-09-12T17:25:15.543979Z  INFO request{method=GET uri=/api/migrations/fub/snapshots version=HTTP/1.1}: tower_http::trace::on_request: started processing request
2026-09-12T17:25:15.544513Z  INFO request{method=GET uri=/api/migrations/fub/imports version=HTTP/1.1}: tower_http::trace::on_request: started processing request
2026-09-12T17:25:15.610068Z  INFO request{method=GET uri=/api/migrations/fub/ version=HTTP/1.1}: tower_http::trace::on_response: finished processing request latency=69 ms status=200
2026-09-12T17:25:15.610182Z  INFO request{method=GET uri=/api/migrations/fub/imports version=HTTP/1.1}: tower_http::trace::on_response: finished processing request latency=67 ms status=200
2026-09-12T17:25:15.614348Z  INFO request{method=GET uri=/api/migrations/fub/imports version=HTTP/1.1}: tower_http::trace::on_request: started processing request
2026-09-12T17:25:15.614923Z  INFO request{method=GET uri=/api/migrations/fub/imports version=HTTP/1.1}: tower_http::trace::on_response: finished processing request latency=70 ms status=200
2026-09-12T17:25:15.617480Z  INFO request{method=GET uri=/api/migrations/fub/snapshots version=HTTP/1.1}: tower_http::trace::on_response: finished processing request latency=74 ms status=200
2026-09-12T17:25:15.621067Z  INFO request{method=GET uri=/api/migrations/fub/imports/153189d3-485c-49b0-b415-6309108a9188 version=HTTP/1.1}: tower_http::trace::on_request: started processing request
2026-09-12T17:25:15.622964Z  INFO request{method=GET uri=/api/migrations/fub/imports version=HTTP/1.1}: tower_http::trace::on_response: finished processing request latency=79 ms status=200
2026-09-12T17:25:15.627748Z  INFO request{method=GET uri=/api/migrations/fub/imports/153189d3-485c-49b0-b415-6309108a9188 version=HTTP/1.1}: tower_http::trace::on_request: started processing request
2026-09-12T17:25:15.628567Z  INFO request{method=GET uri=/api/migrations/fub/snapshots version=HTTP/1.1}: tower_http::trace::on_response: finished processing request latency=84 ms status=200
2026-09-12T17:25:15.628589Z  INFO request{method=GET uri=/api/migrations/fub/activity-imports version=HTTP/1.1}: tower_http::trace::on_request: started processing request
2026-09-12T17:25:15.629333Z  INFO request{method=GET uri=/api/migrations/fub/snapshots/892214fb-86ce-419a-9715-fd1da4d9acb2 version=HTTP/1.1}: tower_http::trace::on_request: started processing request
2026-09-12T17:25:15.632037Z  INFO request{method=GET uri=/api/migrations/fub/imports/153189d3-485c-49b0-b415-6309108a9188 version=HTTP/1.1}: tower_http::trace::on_request: started processing request
2026-09-12T17:25:15.633290Z  INFO request{method=GET uri=/api/migrations/fub/imports version=HTTP/1.1}: tower_http::trace::on_response: finished processing request latency=18 ms status=200
2026-09-12T17:25:15.636270Z  INFO request{method=GET uri=/api/migrations/fub/metadata-imports version=HTTP/1.1}: tower_http::trace::on_request: started processing request
2026-09-12T17:25:15.638189Z  INFO request{method=GET uri=/api/migrations/fub/imports/153189d3-485c-49b0-b415-6309108a9188 version=HTTP/1.1}: tower_http::trace::on_response: finished processing request latency=17 ms status=200
2026-09-12T17:25:15.641260Z  INFO request{method=GET uri=/api/migrations/fub/snapshots/892214fb-86ce-419a-9715-fd1da4d9acb2 version=HTTP/1.1}: tower_http::trace::on_request: started processing request
2026-09-12T17:25:15.645835Z  INFO request{method=GET uri=/api/migrations/fub/snapshots/892214fb-86ce-419a-9715-fd1da4d9acb2 version=HTTP/1.1}: tower_http::trace::on_response: finished processing request latency=16 ms status=200
2026-09-12T17:25:15.648542Z  INFO request{method=GET uri=/api/migrations/fub/imports/153189d3-485c-49b0-b415-6309108a9188 version=HTTP/1.1}: tower_http::trace::on_request: started processing request
2026-09-12T17:25:15.650051Z  INFO request{method=GET uri=/api/migrations/fub/imports/153189d3-485c-49b0-b415-6309108a9188 version=HTTP/1.1}: tower_http::trace::on_response: finished processing request latency=22 ms status=200
2026-09-12T17:25:15.650381Z  INFO request{method=GET uri=/api/migrations/fub/activity-imports version=HTTP/1.1}: tower_http::trace::on_response: finished processing request latency=21 ms status=200
2026-09-12T17:25:15.652987Z  INFO request{method=GET uri=/api/migrations/fub/history-captures version=HTTP/1.1}: tower_http::trace::on_request: started processing request
2026-09-12T17:25:15.653482Z  INFO request{method=GET uri=/api/migrations/fub/snapshots/892214fb-86ce-419a-9715-fd1da4d9acb2 version=HTTP/1.1}: tower_http::trace::on_request: started processing request
2026-09-12T17:25:15.656647Z  INFO request{method=GET uri=/api/migrations/fub/imports/153189d3-485c-49b0-b415-6309108a9188 version=HTTP/1.1}: tower_http::trace::on_response: finished processing request latency=24 ms status=200
2026-09-12T17:25:15.659524Z  INFO request{method=GET uri=/api/migrations/fub/imports/153189d3-485c-49b0-b415-6309108a9188/plans/58c034b2-bbe3-42bc-b0b1-31a7c056a48b/mappings version=HTTP/1.1}: tower_http::trace::on_request: started processing request
2026-09-12T17:25:15.660189Z  INFO request{method=GET uri=/api/migrations/fub/snapshots/892214fb-86ce-419a-9715-fd1da4d9acb2 version=HTTP/1.1}: tower_http::trace::on_response: finished processing request latency=18 ms status=200
2026-09-12T17:25:15.660693Z  INFO request{method=GET uri=/api/migrations/fub/metadata-imports version=HTTP/1.1}: tower_http::trace::on_response: finished processing request latency=24 ms status=200
2026-09-12T17:25:15.663512Z  INFO request{method=GET uri=/api/migrations/fub/imports/153189d3-485c-49b0-b415-6309108a9188/results version=HTTP/1.1}: tower_http::trace::on_request: started processing request
2026-09-12T17:25:15.664050Z  INFO request{method=GET uri=/api/migrations/fub/snapshots/892214fb-86ce-419a-9715-fd1da4d9acb2/previews/284b08bb-f92e-4810-aef7-062194fc9377 version=HTTP/1.1}: tower_http::trace::on_request: started processing request
2026-09-12T17:25:15.666792Z  INFO request{method=GET uri=/api/migrations/fub/imports/153189d3-485c-49b0-b415-6309108a9188 version=HTTP/1.1}: tower_http::trace::on_response: finished processing request latency=18 ms status=200
2026-09-12T17:25:15.670281Z  INFO request{method=GET uri=/api/migrations/fub/snapshots/892214fb-86ce-419a-9715-fd1da4d9acb2 version=HTTP/1.1}: tower_http::trace::on_request: started processing request
2026-09-12T17:25:15.672212Z  INFO request{method=GET uri=/api/migrations/fub/history-captures version=HTTP/1.1}: tower_http::trace::on_response: finished processing request latency=19 ms status=200
2026-09-12T17:25:15.672732Z  INFO request{method=GET uri=/api/migrations/fub/snapshots/892214fb-86ce-419a-9715-fd1da4d9acb2 version=HTTP/1.1}: tower_http::trace::on_response: finished processing request latency=19 ms status=200
2026-09-12T17:25:15.675791Z  INFO request{method=GET uri=/api/migrations/fub/snapshots/892214fb-86ce-419a-9715-fd1da4d9acb2 version=HTTP/1.1}: tower_http::trace::on_request: started processing request
2026-09-12T17:25:15.676649Z  INFO request{method=GET uri=/api/migrations/fub/snapshots/892214fb-86ce-419a-9715-fd1da4d9acb2/previews/284b08bb-f92e-4810-aef7-062194fc9377 version=HTTP/1.1}: tower_http::trace::on_request: started processing request
2026-09-12T17:25:15.677650Z  INFO request{method=GET uri=/api/migrations/fub/imports/153189d3-485c-49b0-b415-6309108a9188/plans/58c034b2-bbe3-42bc-b0b1-31a7c056a48b/mappings version=HTTP/1.1}: tower_http::trace::on_response: finished processing request latency=18 ms status=200
2026-09-12T17:25:15.680445Z  INFO request{method=GET uri=/api/migrations/fub/snapshots/892214fb-86ce-419a-9715-fd1da4d9acb2/previews/284b08bb-f92e-4810-aef7-062194fc9377 version=HTTP/1.1}: tower_http::trace::on_response: finished processing request latency=16 ms status=200
2026-09-12T17:25:15.684480Z  INFO request{method=GET uri=/api/migrations/fub/imports/153189d3-485c-49b0-b415-6309108a9188/results version=HTTP/1.1}: tower_http::trace::on_response: finished processing request latency=20 ms status=200
2026-09-12T17:25:15.687075Z  INFO request{method=GET uri=/api/migrations/fub/snapshots/892214fb-86ce-419a-9715-fd1da4d9acb2 version=HTTP/1.1}: tower_http::trace::on_response: finished processing request latency=11 ms status=200
2026-09-12T17:25:15.688208Z  INFO request{method=GET uri=/api/migrations/fub/snapshots/892214fb-86ce-419a-9715-fd1da4d9acb2 version=HTTP/1.1}: tower_http::trace::on_response: finished processing request latency=17 ms status=200
2026-09-12T17:25:15.688695Z  INFO request{method=GET uri=/api/migrations/fub/snapshots/892214fb-86ce-419a-9715-fd1da4d9acb2/previews/284b08bb-f92e-4810-aef7-062194fc9377 version=HTTP/1.1}: tower_http::trace::on_response: finished processing request latency=12 ms status=200
2026-09-12T17:25:15.697997Z  INFO request{method=GET uri=/api/migrations/fub/snapshots/892214fb-86ce-419a-9715-fd1da4d9acb2/previews/284b08bb-f92e-4810-aef7-062194fc9377/records version=HTTP/1.1}: tower_http::trace::on_request: started processing request
2026-09-12T17:25:15.705301Z  INFO request{method=GET uri=/api/migrations/fub/snapshots/892214fb-86ce-419a-9715-fd1da4d9acb2/previews/284b08bb-f92e-4810-aef7-062194fc9377/records version=HTTP/1.1}: tower_http::trace::on_response: finished processing request latency=7 ms status=200
2026-09-12T17:25:16.053307Z  INFO request{method=POST uri=/api/migrations/fub/history-captures version=HTTP/1.1}: tower_http::trace::on_request: started processing request
2026-09-12T17:25:16.094174Z  INFO request{method=POST uri=/api/migrations/fub/history-captures version=HTTP/1.1}: tower_http::trace::on_response: finished processing request latency=40 ms status=201
2026-09-12T17:25:16.102148Z  INFO request{method=GET uri=/api/migrations/fub/history-captures/01375974-41c6-4916-bfd2-bca66e5af119 version=HTTP/1.1}: tower_http::trace::on_request: started processing request
2026-09-12T17:25:16.102786Z  INFO request{method=GET uri=/api/migrations/fub/imports version=HTTP/1.1}: tower_http::trace::on_request: started processing request
2026-09-12T17:25:16.103416Z  INFO request{method=GET uri=/api/migrations/fub/imports/153189d3-485c-49b0-b415-6309108a9188 version=HTTP/1.1}: tower_http::trace::on_request: started processing request
2026-09-12T17:25:16.104200Z  INFO request{method=GET uri=/api/migrations/fub/history-captures version=HTTP/1.1}: tower_http::trace::on_request: started processing request
2026-09-12T17:25:16.106724Z  INFO request{method=GET uri=/api/migrations/fub/history-captures/01375974-41c6-4916-bfd2-bca66e5af119 version=HTTP/1.1}: tower_http::trace::on_request: started processing request
2026-09-12T17:25:16.118389Z  INFO request{method=GET uri=/api/migrations/fub/history-captures/01375974-41c6-4916-bfd2-bca66e5af119 version=HTTP/1.1}: tower_http::trace::on_response: finished processing request latency=16 ms status=200
2026-09-12T17:25:16.122622Z  INFO request{method=GET uri=/api/migrations/fub/imports version=HTTP/1.1}: tower_http::trace::on_response: finished processing request latency=19 ms status=200
2026-09-12T17:25:16.126262Z  INFO request{method=GET uri=/api/migrations/fub/imports/153189d3-485c-49b0-b415-6309108a9188 version=HTTP/1.1}: tower_http::trace::on_response: finished processing request latency=22 ms status=200
2026-09-12T17:25:16.126557Z  INFO request{method=GET uri=/api/migrations/fub/history-captures/01375974-41c6-4916-bfd2-bca66e5af119/records version=HTTP/1.1}: tower_http::trace::on_request: started processing request
2026-09-12T17:25:16.134829Z  INFO request{method=GET uri=/api/migrations/fub/history-captures version=HTTP/1.1}: tower_http::trace::on_response: finished processing request latency=30 ms status=200
2026-09-12T17:25:16.140372Z  INFO request{method=GET uri=/api/migrations/fub/history-captures/01375974-41c6-4916-bfd2-bca66e5af119 version=HTTP/1.1}: tower_http::trace::on_response: finished processing request latency=33 ms status=200
2026-09-12T17:25:16.145410Z  INFO request{method=GET uri=/api/migrations/fub/history-captures/01375974-41c6-4916-bfd2-bca66e5af119/records version=HTTP/1.1}: tower_http::trace::on_response: finished processing request latency=18 ms status=200
2026-09-12T17:26:03.825545Z  INFO request{method=GET uri=/api/me version=HTTP/1.1}: tower_http::trace::on_request: started processing request
2026-09-12T17:26:03.831504Z  INFO request{method=GET uri=/api/me version=HTTP/1.1}: tower_http::trace::on_response: finished processing request latency=5 ms status=200
2026-09-12T17:26:03.838318Z  INFO request{method=GET uri=/api/me version=HTTP/1.1}: tower_http::trace::on_request: started processing request
2026-09-12T17:26:03.840749Z  INFO request{method=GET uri=/api/me version=HTTP/1.1}: tower_http::trace::on_response: finished processing request latency=2 ms status=200
2026-09-12T17:26:03.874279Z  INFO request{method=GET uri=/api/migrations/fub/ version=HTTP/1.1}: tower_http::trace::on_request: started processing request
2026-09-12T17:26:03.875003Z  INFO request{method=GET uri=/api/migrations/fub/imports version=HTTP/1.1}: tower_http::trace::on_request: started processing request
2026-09-12T17:26:03.875467Z  INFO request{method=GET uri=/api/migrations/fub/snapshots version=HTTP/1.1}: tower_http::trace::on_request: started processing request
2026-09-12T17:26:03.875995Z  INFO request{method=GET uri=/api/migrations/fub/imports version=HTTP/1.1}: tower_http::trace::on_request: started processing request
2026-09-12T17:26:03.876481Z  INFO request{method=GET uri=/api/migrations/fub/imports version=HTTP/1.1}: tower_http::trace::on_request: started processing request
2026-09-12T17:26:03.876918Z  INFO request{method=GET uri=/api/migrations/fub/imports version=HTTP/1.1}: tower_http::trace::on_request: started processing request
2026-09-12T17:26:03.907744Z  INFO request{method=GET uri=/api/migrations/fub/imports version=HTTP/1.1}: tower_http::trace::on_response: finished processing request latency=32 ms status=200
2026-09-12T17:26:03.911087Z  INFO request{method=GET uri=/api/migrations/fub/ version=HTTP/1.1}: tower_http::trace::on_response: finished processing request latency=36 ms status=200
2026-09-12T17:26:03.912318Z  INFO request{method=GET uri=/api/migrations/fub/imports version=HTTP/1.1}: tower_http::trace::on_response: finished processing request latency=35 ms status=200
2026-09-12T17:26:03.913666Z  INFO request{method=GET uri=/api/migrations/fub/snapshots version=HTTP/1.1}: tower_http::trace::on_response: finished processing request latency=38 ms status=200
2026-09-12T17:26:03.915676Z  INFO request{method=GET uri=/api/migrations/fub/snapshots version=HTTP/1.1}: tower_http::trace::on_request: started processing request
2026-09-12T17:26:03.919017Z  INFO request{method=GET uri=/api/migrations/fub/imports/153189d3-485c-49b0-b415-6309108a9188 version=HTTP/1.1}: tower_http::trace::on_request: started processing request
2026-09-12T17:26:03.920244Z  INFO request{method=GET uri=/api/migrations/fub/imports version=HTTP/1.1}: tower_http::trace::on_response: finished processing request latency=44 ms status=200
2026-09-12T17:26:03.954087Z  INFO request{method=GET uri=/api/me version=HTTP/1.1}: tower_http::trace::on_request: started processing request
2026-09-12T17:26:03.955515Z  INFO request{method=GET uri=/api/me version=HTTP/1.1}: tower_http::trace::on_response: finished processing request latency=1 ms status=200
2026-09-12T17:26:03.998587Z  INFO request{method=GET uri=/api/migrations/fub/ version=HTTP/1.1}: tower_http::trace::on_request: started processing request
2026-09-12T17:26:03.999044Z  INFO request{method=GET uri=/api/migrations/fub/imports version=HTTP/1.1}: tower_http::trace::on_request: started processing request
2026-09-12T17:26:03.999532Z  INFO request{method=GET uri=/api/migrations/fub/snapshots version=HTTP/1.1}: tower_http::trace::on_request: started processing request
2026-09-12T17:26:04.000054Z  INFO request{method=GET uri=/api/migrations/fub/imports version=HTTP/1.1}: tower_http::trace::on_request: started processing request
2026-09-12T17:26:04.000598Z  INFO request{method=GET uri=/api/migrations/fub/snapshots version=HTTP/1.1}: tower_http::trace::on_request: started processing request
2026-09-12T17:26:04.000991Z  INFO request{method=GET uri=/api/migrations/fub/imports version=HTTP/1.1}: tower_http::trace::on_request: started processing request
2026-09-12T17:26:04.057197Z  INFO request{method=GET uri=/api/migrations/fub/snapshots version=HTTP/1.1}: tower_http::trace::on_response: finished processing request latency=57 ms status=200
2026-09-12T17:26:04.059492Z  INFO request{method=GET uri=/api/migrations/fub/ version=HTTP/1.1}: tower_http::trace::on_response: finished processing request latency=60 ms status=200
2026-09-12T17:26:04.059868Z  INFO request{method=GET uri=/api/migrations/fub/imports version=HTTP/1.1}: tower_http::trace::on_request: started processing request
2026-09-12T17:26:04.059908Z  INFO request{method=GET uri=/api/migrations/fub/snapshots version=HTTP/1.1}: tower_http::trace::on_response: finished processing request latency=59 ms status=200
2026-09-12T17:26:04.060972Z  INFO request{method=GET uri=/api/migrations/fub/imports version=HTTP/1.1}: tower_http::trace::on_response: finished processing request latency=61 ms status=200
2026-09-12T17:26:04.061835Z  INFO request{method=GET uri=/api/me version=HTTP/1.1}: tower_http::trace::on_request: started processing request
2026-09-12T17:26:04.063071Z  INFO request{method=GET uri=/api/migrations/fub/snapshots/892214fb-86ce-419a-9715-fd1da4d9acb2 version=HTTP/1.1}: tower_http::trace::on_request: started processing request
2026-09-12T17:26:04.063077Z  INFO request{method=GET uri=/api/me version=HTTP/1.1}: tower_http::trace::on_response: finished processing request latency=1 ms status=200
2026-09-12T17:26:04.069846Z  INFO request{method=GET uri=/api/migrations/fub/imports version=HTTP/1.1}: tower_http::trace::on_response: finished processing request latency=69 ms status=200
2026-09-12T17:26:04.072705Z  INFO request{method=GET uri=/api/migrations/fub/snapshots/892214fb-86ce-419a-9715-fd1da4d9acb2 version=HTTP/1.1}: tower_http::trace::on_request: started processing request
2026-09-12T17:26:04.074430Z  INFO request{method=GET uri=/api/migrations/fub/imports version=HTTP/1.1}: tower_http::trace::on_response: finished processing request latency=73 ms status=200
2026-09-12T17:26:04.078276Z  INFO request{method=GET uri=/api/migrations/fub/imports/153189d3-485c-49b0-b415-6309108a9188 version=HTTP/1.1}: tower_http::trace::on_request: started processing request
2026-09-12T17:26:04.079424Z  INFO request{method=GET uri=/api/migrations/fub/snapshots/892214fb-86ce-419a-9715-fd1da4d9acb2 version=HTTP/1.1}: tower_http::trace::on_response: finished processing request latency=16 ms status=200
2026-09-12T17:26:04.081208Z  INFO request{method=GET uri=/api/migrations/fub/imports version=HTTP/1.1}: tower_http::trace::on_response: finished processing request latency=21 ms status=200
2026-09-12T17:26:04.084573Z  INFO request{method=GET uri=/api/migrations/fub/imports/153189d3-485c-49b0-b415-6309108a9188 version=HTTP/1.1}: tower_http::trace::on_request: started processing request
2026-09-12T17:26:04.085670Z  INFO request{method=GET uri=/api/migrations/fub/metadata-imports version=HTTP/1.1}: tower_http::trace::on_request: started processing request
2026-09-12T17:26:04.089649Z  WARN sqlx::postgres::notice: there is no transaction in progress
2026-09-12T17:26:04.116316Z  INFO request{method=GET uri=/api/me version=HTTP/1.1}: tower_http::trace::on_request: started processing request
2026-09-12T17:26:04.118481Z  INFO request{method=GET uri=/api/me version=HTTP/1.1}: tower_http::trace::on_response: finished processing request latency=2 ms status=200
2026-09-12T17:26:04.144601Z  INFO request{method=GET uri=/api/migrations/fub/ version=HTTP/1.1}: tower_http::trace::on_request: started processing request
2026-09-12T17:26:04.145049Z  INFO request{method=GET uri=/api/migrations/fub/imports version=HTTP/1.1}: tower_http::trace::on_request: started processing request
2026-09-12T17:26:04.145549Z  INFO request{method=GET uri=/api/migrations/fub/imports version=HTTP/1.1}: tower_http::trace::on_request: started processing request
2026-09-12T17:26:04.146044Z  INFO request{method=GET uri=/api/migrations/fub/snapshots version=HTTP/1.1}: tower_http::trace::on_request: started processing request
2026-09-12T17:26:04.146853Z  INFO request{method=GET uri=/api/migrations/fub/imports version=HTTP/1.1}: tower_http::trace::on_request: started processing request
2026-09-12T17:26:04.147385Z  INFO request{method=GET uri=/api/migrations/fub/snapshots version=HTTP/1.1}: tower_http::trace::on_request: started processing request
2026-09-12T17:26:04.160280Z  INFO request{method=GET uri=/api/migrations/fub/imports version=HTTP/1.1}: tower_http::trace::on_response: finished processing request latency=15 ms status=200
2026-09-12T17:26:04.163354Z  INFO request{method=GET uri=/api/migrations/fub/imports version=HTTP/1.1}: tower_http::trace::on_response: finished processing request latency=16 ms status=200
2026-09-12T17:26:04.166160Z  INFO request{method=GET uri=/api/migrations/fub/snapshots version=HTTP/1.1}: tower_http::trace::on_response: finished processing request latency=20 ms status=200
2026-09-12T17:26:04.166547Z  INFO request{method=GET uri=/api/migrations/fub/imports version=HTTP/1.1}: tower_http::trace::on_request: started processing request
2026-09-12T17:26:04.168705Z  INFO request{method=GET uri=/api/migrations/fub/imports/153189d3-485c-49b0-b415-6309108a9188 version=HTTP/1.1}: tower_http::trace::on_request: started processing request
2026-09-12T17:26:04.173689Z  INFO request{method=GET uri=/api/migrations/fub/imports/153189d3-485c-49b0-b415-6309108a9188 version=HTTP/1.1}: tower_http::trace::on_request: started processing request
2026-09-12T17:26:04.178002Z  INFO request{method=GET uri=/api/migrations/fub/snapshots version=HTTP/1.1}: tower_http::trace::on_response: finished processing request latency=30 ms status=200
2026-09-12T17:26:04.180544Z  INFO request{method=GET uri=/api/migrations/fub/imports version=HTTP/1.1}: tower_http::trace::on_response: finished processing request latency=14 ms status=200
2026-09-12T17:26:04.182082Z  INFO request{method=GET uri=/api/migrations/fub/activity-imports version=HTTP/1.1}: tower_http::trace::on_request: started processing request
2026-09-12T17:26:04.183946Z  INFO request{method=GET uri=/api/migrations/fub/snapshots/892214fb-86ce-419a-9715-fd1da4d9acb2 version=HTTP/1.1}: tower_http::trace::on_request: started processing request
2026-09-12T17:26:04.184596Z  INFO request{method=GET uri=/api/migrations/fub/imports/153189d3-485c-49b0-b415-6309108a9188 version=HTTP/1.1}: tower_http::trace::on_response: finished processing request latency=15 ms status=200
2026-09-12T17:26:04.187413Z  INFO request{method=GET uri=/api/migrations/fub/snapshots/892214fb-86ce-419a-9715-fd1da4d9acb2 version=HTTP/1.1}: tower_http::trace::on_request: started processing request
2026-09-12T17:26:04.191244Z  INFO request{method=GET uri=/api/migrations/fub/imports/153189d3-485c-49b0-b415-6309108a9188 version=HTTP/1.1}: tower_http::trace::on_response: finished processing request latency=17 ms status=200
2026-09-12T17:26:04.194700Z  INFO request{method=GET uri=/api/migrations/fub/activity-imports version=HTTP/1.1}: tower_http::trace::on_response: finished processing request latency=12 ms status=200
2026-09-12T17:26:04.195747Z  INFO request{method=GET uri=/api/migrations/fub/imports/153189d3-485c-49b0-b415-6309108a9188 version=HTTP/1.1}: tower_http::trace::on_request: started processing request
2026-09-12T17:26:04.199176Z  INFO request{method=GET uri=/api/migrations/fub/history-captures version=HTTP/1.1}: tower_http::trace::on_request: started processing request
2026-09-12T17:26:04.200569Z  INFO request{method=GET uri=/api/migrations/fub/snapshots/892214fb-86ce-419a-9715-fd1da4d9acb2 version=HTTP/1.1}: tower_http::trace::on_response: finished processing request latency=16 ms status=200
2026-09-12T17:26:04.202125Z  INFO request{method=GET uri=/api/migrations/fub/ version=HTTP/1.1}: tower_http::trace::on_response: finished processing request latency=57 ms status=200
2026-09-12T17:26:04.203991Z  INFO request{method=GET uri=/api/migrations/fub/snapshots/892214fb-86ce-419a-9715-fd1da4d9acb2 version=HTTP/1.1}: tower_http::trace::on_request: started processing request
2026-09-12T17:26:04.204741Z  INFO request{method=GET uri=/api/migrations/fub/imports/153189d3-485c-49b0-b415-6309108a9188/plans/58c034b2-bbe3-42bc-b0b1-31a7c056a48b/mappings version=HTTP/1.1}: tower_http::trace::on_request: started processing request
2026-09-12T17:26:04.205747Z  INFO request{method=GET uri=/api/migrations/fub/snapshots/892214fb-86ce-419a-9715-fd1da4d9acb2 version=HTTP/1.1}: tower_http::trace::on_response: finished processing request latency=18 ms status=200
2026-09-12T17:26:04.210070Z  INFO request{method=GET uri=/api/migrations/fub/imports/153189d3-485c-49b0-b415-6309108a9188/results version=HTTP/1.1}: tower_http::trace::on_request: started processing request
2026-09-12T17:26:04.214097Z  INFO request{method=GET uri=/api/migrations/fub/imports version=HTTP/1.1}: tower_http::trace::on_response: finished processing request latency=68 ms status=200
2026-09-12T17:26:04.214440Z  INFO request{method=GET uri=/api/migrations/fub/imports/153189d3-485c-49b0-b415-6309108a9188 version=HTTP/1.1}: tower_http::trace::on_response: finished processing request latency=18 ms status=200
2026-09-12T17:26:04.217757Z  INFO request{method=GET uri=/api/migrations/fub/snapshots/892214fb-86ce-419a-9715-fd1da4d9acb2 version=HTTP/1.1}: tower_http::trace::on_request: started processing request
2026-09-12T17:26:04.218306Z  INFO request{method=GET uri=/api/migrations/fub/snapshots/892214fb-86ce-419a-9715-fd1da4d9acb2/previews/284b08bb-f92e-4810-aef7-062194fc9377 version=HTTP/1.1}: tower_http::trace::on_request: started processing request
2026-09-12T17:26:04.219252Z  INFO request{method=GET uri=/api/migrations/fub/snapshots/892214fb-86ce-419a-9715-fd1da4d9acb2 version=HTTP/1.1}: tower_http::trace::on_response: finished processing request latency=15 ms status=200
2026-09-12T17:26:04.225274Z  INFO request{method=GET uri=/api/migrations/fub/snapshots/892214fb-86ce-419a-9715-fd1da4d9acb2/previews/284b08bb-f92e-4810-aef7-062194fc9377 version=HTTP/1.1}: tower_http::trace::on_request: started processing request
2026-09-12T17:26:04.225857Z  INFO request{method=GET uri=/api/migrations/fub/history-captures version=HTTP/1.1}: tower_http::trace::on_response: finished processing request latency=26 ms status=200
2026-09-12T17:26:04.227296Z  INFO request{method=GET uri=/api/migrations/fub/imports/153189d3-485c-49b0-b415-6309108a9188/plans/58c034b2-bbe3-42bc-b0b1-31a7c056a48b/mappings version=HTTP/1.1}: tower_http::trace::on_response: finished processing request latency=22 ms status=200
2026-09-12T17:26:04.227973Z  INFO request{method=GET uri=/api/migrations/fub/imports/153189d3-485c-49b0-b415-6309108a9188 version=HTTP/1.1}: tower_http::trace::on_request: started processing request
2026-09-12T17:26:04.229868Z  INFO request{method=GET uri=/api/migrations/fub/metadata-imports version=HTTP/1.1}: tower_http::trace::on_request: started processing request
2026-09-12T17:26:04.233785Z  INFO request{method=GET uri=/api/migrations/fub/imports/153189d3-485c-49b0-b415-6309108a9188/results version=HTTP/1.1}: tower_http::trace::on_response: finished processing request latency=23 ms status=200
2026-09-12T17:26:04.234057Z  INFO request{method=GET uri=/api/migrations/fub/snapshots/892214fb-86ce-419a-9715-fd1da4d9acb2 version=HTTP/1.1}: tower_http::trace::on_response: finished processing request latency=16 ms status=200
2026-09-12T17:26:04.237489Z  INFO request{method=GET uri=/api/migrations/fub/history-captures/01375974-41c6-4916-bfd2-bca66e5af119 version=HTTP/1.1}: tower_http::trace::on_request: started processing request
2026-09-12T17:26:04.240535Z  INFO request{method=GET uri=/api/migrations/fub/snapshots/892214fb-86ce-419a-9715-fd1da4d9acb2/previews/284b08bb-f92e-4810-aef7-062194fc9377 version=HTTP/1.1}: tower_http::trace::on_response: finished processing request latency=22 ms status=200
2026-09-12T17:26:04.243981Z  INFO request{method=GET uri=/api/migrations/fub/imports/153189d3-485c-49b0-b415-6309108a9188 version=HTTP/1.1}: tower_http::trace::on_response: finished processing request latency=16 ms status=200
2026-09-12T17:26:04.246005Z  INFO request{method=GET uri=/api/migrations/fub/snapshots/892214fb-86ce-419a-9715-fd1da4d9acb2/previews/284b08bb-f92e-4810-aef7-062194fc9377 version=HTTP/1.1}: tower_http::trace::on_response: finished processing request latency=20 ms status=200
2026-09-12T17:26:04.248709Z  INFO request{method=GET uri=/api/migrations/fub/metadata-imports version=HTTP/1.1}: tower_http::trace::on_response: finished processing request latency=18 ms status=200
2026-09-12T17:26:04.249601Z  INFO request{method=GET uri=/api/migrations/fub/snapshots/892214fb-86ce-419a-9715-fd1da4d9acb2 version=HTTP/1.1}: tower_http::trace::on_request: started processing request
2026-09-12T17:26:04.254692Z  INFO request{method=GET uri=/api/migrations/fub/history-captures/01375974-41c6-4916-bfd2-bca66e5af119 version=HTTP/1.1}: tower_http::trace::on_response: finished processing request latency=17 ms status=200
2026-09-12T17:26:04.256419Z  INFO request{method=GET uri=/api/migrations/fub/snapshots/892214fb-86ce-419a-9715-fd1da4d9acb2/previews/284b08bb-f92e-4810-aef7-062194fc9377/records version=HTTP/1.1}: tower_http::trace::on_request: started processing request
2026-09-12T17:26:04.259321Z  INFO request{method=GET uri=/api/migrations/fub/snapshots/892214fb-86ce-419a-9715-fd1da4d9acb2 version=HTTP/1.1}: tower_http::trace::on_response: finished processing request latency=9 ms status=200
2026-09-12T17:26:04.268237Z  INFO request{method=GET uri=/api/migrations/fub/history-captures/01375974-41c6-4916-bfd2-bca66e5af119/records version=HTTP/1.1}: tower_http::trace::on_request: started processing request
2026-09-12T17:26:04.270887Z  INFO request{method=GET uri=/api/migrations/fub/snapshots/892214fb-86ce-419a-9715-fd1da4d9acb2/previews/284b08bb-f92e-4810-aef7-062194fc9377/records version=HTTP/1.1}: tower_http::trace::on_response: finished processing request latency=14 ms status=200
2026-09-12T17:26:04.277951Z  INFO request{method=GET uri=/api/migrations/fub/history-captures/01375974-41c6-4916-bfd2-bca66e5af119/records version=HTTP/1.1}: tower_http::trace::on_response: finished processing request latency=9 ms status=200
2026-09-12T17:26:05.247895Z  INFO request{method=POST uri=/api/migrations/fub/history-captures/01375974-41c6-4916-bfd2-bca66e5af119/confirm version=HTTP/1.1}: tower_http::trace::on_request: started processing request
2026-09-12T17:26:05.286998Z  INFO request{method=POST uri=/api/migrations/fub/history-captures/01375974-41c6-4916-bfd2-bca66e5af119/confirm version=HTTP/1.1}: tower_http::trace::on_response: finished processing request latency=39 ms status=202
2026-09-12T17:26:05.296323Z  INFO request{method=GET uri=/api/migrations/fub/imports version=HTTP/1.1}: tower_http::trace::on_request: started processing request
2026-09-12T17:26:05.296693Z  INFO request{method=GET uri=/api/migrations/fub/imports/153189d3-485c-49b0-b415-6309108a9188 version=HTTP/1.1}: tower_http::trace::on_request: started processing request
2026-09-12T17:26:05.297286Z  INFO request{method=GET uri=/api/migrations/fub/history-captures version=HTTP/1.1}: tower_http::trace::on_request: started processing request
2026-09-12T17:26:05.297804Z  INFO request{method=GET uri=/api/migrations/fub/history-captures/01375974-41c6-4916-bfd2-bca66e5af119 version=HTTP/1.1}: tower_http::trace::on_request: started processing request
2026-09-12T17:26:05.308436Z  INFO request{method=GET uri=/api/migrations/fub/imports version=HTTP/1.1}: tower_http::trace::on_response: finished processing request latency=12 ms status=200
2026-09-12T17:26:05.312270Z  INFO request{method=GET uri=/api/migrations/fub/imports/153189d3-485c-49b0-b415-6309108a9188 version=HTTP/1.1}: tower_http::trace::on_response: finished processing request latency=15 ms status=200
2026-09-12T17:26:05.317746Z  INFO request{method=GET uri=/api/migrations/fub/history-captures version=HTTP/1.1}: tower_http::trace::on_response: finished processing request latency=20 ms status=200
2026-09-12T17:26:05.321528Z  INFO request{method=GET uri=/api/migrations/fub/history-captures/01375974-41c6-4916-bfd2-bca66e5af119 version=HTTP/1.1}: tower_http::trace::on_response: finished processing request latency=23 ms status=200
2026-09-12T17:26:05.705725Z  INFO request{method=GET uri=/api/migrations/fub/history-captures/01375974-41c6-4916-bfd2-bca66e5af119 version=HTTP/1.1}: tower_http::trace::on_request: started processing request
2026-09-12T17:26:05.730478Z  INFO request{method=GET uri=/api/migrations/fub/history-captures/01375974-41c6-4916-bfd2-bca66e5af119 version=HTTP/1.1}: tower_http::trace::on_response: finished processing request latency=24 ms status=200
2026-09-12T17:26:05.763367Z  INFO request{method=POST uri=/api/migrations/fub/history-captures/01375974-41c6-4916-bfd2-bca66e5af119/confirm version=HTTP/1.1}: tower_http::trace::on_request: started processing request
2026-09-12T17:26:05.775421Z  INFO request{method=POST uri=/api/migrations/fub/history-captures/01375974-41c6-4916-bfd2-bca66e5af119/confirm version=HTTP/1.1}: tower_http::trace::on_response: finished processing request latency=12 ms status=202
2026-09-12T17:26:05.782958Z  INFO request{method=GET uri=/api/migrations/fub/imports version=HTTP/1.1}: tower_http::trace::on_request: started processing request
2026-09-12T17:26:05.783932Z  INFO request{method=GET uri=/api/migrations/fub/imports/153189d3-485c-49b0-b415-6309108a9188 version=HTTP/1.1}: tower_http::trace::on_request: started processing request
2026-09-12T17:26:05.784526Z  INFO request{method=GET uri=/api/migrations/fub/history-captures version=HTTP/1.1}: tower_http::trace::on_request: started processing request
2026-09-12T17:26:05.785117Z  INFO request{method=GET uri=/api/migrations/fub/history-captures/01375974-41c6-4916-bfd2-bca66e5af119 version=HTTP/1.1}: tower_http::trace::on_request: started processing request
2026-09-12T17:26:05.785696Z  INFO request{method=GET uri=/api/migrations/fub/history-captures/01375974-41c6-4916-bfd2-bca66e5af119 version=HTTP/1.1}: tower_http::trace::on_request: started processing request
2026-09-12T17:26:05.798100Z  INFO request{method=GET uri=/api/migrations/fub/imports version=HTTP/1.1}: tower_http::trace::on_response: finished processing request latency=15 ms status=200
2026-09-12T17:26:05.805441Z  INFO request{method=GET uri=/api/migrations/fub/history-captures version=HTTP/1.1}: tower_http::trace::on_response: finished processing request latency=20 ms status=200
2026-09-12T17:26:05.809504Z  INFO request{method=GET uri=/api/migrations/fub/history-captures/01375974-41c6-4916-bfd2-bca66e5af119 version=HTTP/1.1}: tower_http::trace::on_response: finished processing request latency=23 ms status=200
2026-09-12T17:26:05.811650Z  INFO request{method=GET uri=/api/migrations/fub/imports/153189d3-485c-49b0-b415-6309108a9188 version=HTTP/1.1}: tower_http::trace::on_response: finished processing request latency=27 ms status=200
2026-09-12T17:26:05.817878Z  INFO request{method=GET uri=/api/migrations/fub/history-captures/01375974-41c6-4916-bfd2-bca66e5af119 version=HTTP/1.1}: tower_http::trace::on_request: started processing request
2026-09-12T17:26:05.818772Z  INFO request{method=GET uri=/api/migrations/fub/history-captures/01375974-41c6-4916-bfd2-bca66e5af119 version=HTTP/1.1}: tower_http::trace::on_response: finished processing request latency=33 ms status=200
2026-09-12T17:26:05.828826Z  INFO request{method=GET uri=/api/migrations/fub/history-captures/01375974-41c6-4916-bfd2-bca66e5af119 version=HTTP/1.1}: tower_http::trace::on_response: finished processing request latency=10 ms status=200
2026-09-12T17:27:21.502713Z  INFO request{method=GET uri=/api/me version=HTTP/1.1}: tower_http::trace::on_request: started processing request
2026-09-12T17:27:21.505790Z  INFO request{method=GET uri=/api/me version=HTTP/1.1}: tower_http::trace::on_response: finished processing request latency=3 ms status=200
2026-09-12T17:27:21.516181Z  INFO request{method=GET uri=/api/me version=HTTP/1.1}: tower_http::trace::on_request: started processing request
2026-09-12T17:27:21.518460Z  INFO request{method=GET uri=/api/me version=HTTP/1.1}: tower_http::trace::on_response: finished processing request latency=2 ms status=200
2026-09-12T17:27:21.550841Z  INFO request{method=GET uri=/api/migrations/fub/ version=HTTP/1.1}: tower_http::trace::on_request: started processing request
2026-09-12T17:27:21.551438Z  INFO request{method=GET uri=/api/migrations/fub/imports version=HTTP/1.1}: tower_http::trace::on_request: started processing request
2026-09-12T17:27:21.551945Z  INFO request{method=GET uri=/api/migrations/fub/snapshots version=HTTP/1.1}: tower_http::trace::on_request: started processing request
2026-09-12T17:27:21.552448Z  INFO request{method=GET uri=/api/migrations/fub/imports version=HTTP/1.1}: tower_http::trace::on_request: started processing request
2026-09-12T17:27:21.553007Z  INFO request{method=GET uri=/api/migrations/fub/imports version=HTTP/1.1}: tower_http::trace::on_request: started processing request
2026-09-12T17:27:21.553481Z  INFO request{method=GET uri=/api/migrations/fub/snapshots version=HTTP/1.1}: tower_http::trace::on_request: started processing request
2026-09-12T17:27:21.578453Z  INFO request{method=GET uri=/api/migrations/fub/imports version=HTTP/1.1}: tower_http::trace::on_response: finished processing request latency=25 ms status=200
2026-09-12T17:27:21.580927Z  INFO request{method=GET uri=/api/migrations/fub/ version=HTTP/1.1}: tower_http::trace::on_response: finished processing request latency=30 ms status=200
2026-09-12T17:27:21.585074Z  INFO request{method=GET uri=/api/migrations/fub/imports version=HTTP/1.1}: tower_http::trace::on_response: finished processing request latency=33 ms status=200
2026-09-12T17:27:21.585811Z  INFO request{method=GET uri=/api/migrations/fub/imports version=HTTP/1.1}: tower_http::trace::on_request: started processing request
2026-09-12T17:27:21.588121Z  INFO request{method=GET uri=/api/migrations/fub/snapshots version=HTTP/1.1}: tower_http::trace::on_response: finished processing request latency=36 ms status=200
2026-09-12T17:27:21.588743Z  INFO request{method=GET uri=/api/migrations/fub/imports/153189d3-485c-49b0-b415-6309108a9188 version=HTTP/1.1}: tower_http::trace::on_request: started processing request
2026-09-12T17:27:21.589942Z  INFO request{method=GET uri=/api/migrations/fub/activity-imports version=HTTP/1.1}: tower_http::trace::on_request: started processing request
2026-09-12T17:27:21.590105Z  INFO request{method=GET uri=/api/migrations/fub/imports version=HTTP/1.1}: tower_http::trace::on_response: finished processing request latency=37 ms status=200
2026-09-12T17:27:21.593778Z  INFO request{method=GET uri=/api/migrations/fub/snapshots version=HTTP/1.1}: tower_http::trace::on_response: finished processing request latency=40 ms status=200
2026-09-12T17:27:21.596951Z  INFO request{method=GET uri=/api/migrations/fub/imports version=HTTP/1.1}: tower_http::trace::on_response: finished processing request latency=11 ms status=200
2026-09-12T17:27:21.599924Z  INFO request{method=GET uri=/api/migrations/fub/imports/153189d3-485c-49b0-b415-6309108a9188 version=HTTP/1.1}: tower_http::trace::on_response: finished processing request latency=11 ms status=200
2026-09-12T17:27:21.602569Z  INFO request{method=GET uri=/api/migrations/fub/activity-imports version=HTTP/1.1}: tower_http::trace::on_response: finished processing request latency=12 ms status=200
2026-09-12T17:27:21.638665Z  INFO request{method=GET uri=/api/me version=HTTP/1.1}: tower_http::trace::on_request: started processing request
2026-09-12T17:27:21.640141Z  INFO request{method=GET uri=/api/me version=HTTP/1.1}: tower_http::trace::on_response: finished processing request latency=1 ms status=200
2026-09-12T17:27:21.692479Z  INFO request{method=GET uri=/api/migrations/fub/ version=HTTP/1.1}: tower_http::trace::on_request: started processing request
2026-09-12T17:27:21.692877Z  INFO request{method=GET uri=/api/migrations/fub/imports version=HTTP/1.1}: tower_http::trace::on_request: started processing request
2026-09-12T17:27:21.693430Z  INFO request{method=GET uri=/api/migrations/fub/snapshots version=HTTP/1.1}: tower_http::trace::on_request: started processing request
2026-09-12T17:27:21.693882Z  INFO request{method=GET uri=/api/migrations/fub/imports version=HTTP/1.1}: tower_http::trace::on_request: started processing request
2026-09-12T17:27:21.694403Z  INFO request{method=GET uri=/api/migrations/fub/snapshots version=HTTP/1.1}: tower_http::trace::on_request: started processing request
2026-09-12T17:27:21.695052Z  INFO request{method=GET uri=/api/migrations/fub/imports version=HTTP/1.1}: tower_http::trace::on_request: started processing request
2026-09-12T17:27:21.704438Z  INFO request{method=GET uri=/api/migrations/fub/imports version=HTTP/1.1}: tower_http::trace::on_response: finished processing request latency=11 ms status=200
2026-09-12T17:27:21.704744Z  INFO request{method=GET uri=/api/migrations/fub/ version=HTTP/1.1}: tower_http::trace::on_response: finished processing request latency=12 ms status=200
2026-09-12T17:27:21.708093Z  INFO request{method=GET uri=/api/migrations/fub/imports version=HTTP/1.1}: tower_http::trace::on_response: finished processing request latency=14 ms status=200
2026-09-12T17:27:21.709217Z  INFO request{method=GET uri=/api/migrations/fub/imports version=HTTP/1.1}: tower_http::trace::on_request: started processing request
2026-09-12T17:27:21.709876Z  INFO request{method=GET uri=/api/migrations/fub/snapshots version=HTTP/1.1}: tower_http::trace::on_response: finished processing request latency=16 ms status=200
2026-09-12T17:27:21.712839Z  INFO request{method=GET uri=/api/me version=HTTP/1.1}: tower_http::trace::on_request: started processing request
2026-09-12T17:27:21.713027Z  INFO request{method=GET uri=/api/migrations/fub/snapshots version=HTTP/1.1}: tower_http::trace::on_response: finished processing request latency=18 ms status=200
2026-09-12T17:27:21.713515Z  INFO request{method=GET uri=/api/migrations/fub/imports/153189d3-485c-49b0-b415-6309108a9188 version=HTTP/1.1}: tower_http::trace::on_request: started processing request
2026-09-12T17:27:21.714180Z  INFO request{method=GET uri=/api/me version=HTTP/1.1}: tower_http::trace::on_response: finished processing request latency=1 ms status=200
2026-09-12T17:27:21.715441Z  INFO request{method=GET uri=/api/migrations/fub/imports/153189d3-485c-49b0-b415-6309108a9188 version=HTTP/1.1}: tower_http::trace::on_request: started processing request
2026-09-12T17:27:21.718336Z  INFO request{method=GET uri=/api/migrations/fub/metadata-imports version=HTTP/1.1}: tower_http::trace::on_request: started processing request
2026-09-12T17:27:21.719003Z  INFO request{method=GET uri=/api/migrations/fub/snapshots/892214fb-86ce-419a-9715-fd1da4d9acb2 version=HTTP/1.1}: tower_http::trace::on_request: started processing request
2026-09-12T17:27:21.720663Z  INFO request{method=GET uri=/api/migrations/fub/imports version=HTTP/1.1}: tower_http::trace::on_response: finished processing request latency=25 ms status=200
2026-09-12T17:27:21.724181Z  INFO request{method=GET uri=/api/migrations/fub/snapshots/892214fb-86ce-419a-9715-fd1da4d9acb2 version=HTTP/1.1}: tower_http::trace::on_request: started processing request
2026-09-12T17:27:21.726224Z  INFO request{method=GET uri=/api/migrations/fub/imports version=HTTP/1.1}: tower_http::trace::on_response: finished processing request latency=17 ms status=200
2026-09-12T17:27:21.729324Z  INFO request{method=GET uri=/api/migrations/fub/imports/153189d3-485c-49b0-b415-6309108a9188 version=HTTP/1.1}: tower_http::trace::on_response: finished processing request latency=15 ms status=200
2026-09-12T17:27:21.732812Z  INFO request{method=GET uri=/api/migrations/fub/imports/153189d3-485c-49b0-b415-6309108a9188 version=HTTP/1.1}: tower_http::trace::on_request: started processing request
2026-09-12T17:27:21.733649Z  INFO request{method=GET uri=/api/migrations/fub/activity-imports version=HTTP/1.1}: tower_http::trace::on_request: started processing request
2026-09-12T17:27:21.735350Z  INFO request{method=GET uri=/api/migrations/fub/imports/153189d3-485c-49b0-b415-6309108a9188 version=HTTP/1.1}: tower_http::trace::on_response: finished processing request latency=19 ms status=200
2026-09-12T17:27:21.737542Z  WARN sqlx::postgres::notice: there is no transaction in progress
2026-09-12T17:27:21.765981Z  INFO request{method=GET uri=/api/me version=HTTP/1.1}: tower_http::trace::on_request: started processing request
2026-09-12T17:27:21.768214Z  INFO request{method=GET uri=/api/me version=HTTP/1.1}: tower_http::trace::on_response: finished processing request latency=2 ms status=200
2026-09-12T17:27:21.795529Z  INFO request{method=GET uri=/api/migrations/fub/ version=HTTP/1.1}: tower_http::trace::on_request: started processing request
2026-09-12T17:27:21.796400Z  INFO request{method=GET uri=/api/migrations/fub/imports version=HTTP/1.1}: tower_http::trace::on_request: started processing request
2026-09-12T17:27:21.796992Z  INFO request{method=GET uri=/api/migrations/fub/snapshots version=HTTP/1.1}: tower_http::trace::on_request: started processing request
2026-09-12T17:27:21.797418Z  INFO request{method=GET uri=/api/migrations/fub/imports version=HTTP/1.1}: tower_http::trace::on_request: started processing request
2026-09-12T17:27:21.798241Z  INFO request{method=GET uri=/api/migrations/fub/snapshots version=HTTP/1.1}: tower_http::trace::on_request: started processing request
2026-09-12T17:27:21.800072Z  INFO request{method=GET uri=/api/migrations/fub/imports version=HTTP/1.1}: tower_http::trace::on_request: started processing request
2026-09-12T17:27:21.832179Z  INFO request{method=GET uri=/api/migrations/fub/ version=HTTP/1.1}: tower_http::trace::on_response: finished processing request latency=36 ms status=200
2026-09-12T17:27:21.836359Z  INFO request{method=GET uri=/api/migrations/fub/imports version=HTTP/1.1}: tower_http::trace::on_request: started processing request
2026-09-12T17:27:21.839672Z  INFO request{method=GET uri=/api/migrations/fub/snapshots version=HTTP/1.1}: tower_http::trace::on_response: finished processing request latency=41 ms status=200
2026-09-12T17:27:21.842449Z  INFO request{method=GET uri=/api/migrations/fub/imports version=HTTP/1.1}: tower_http::trace::on_response: finished processing request latency=46 ms status=200
2026-09-12T17:27:21.842896Z  INFO request{method=GET uri=/api/migrations/fub/imports version=HTTP/1.1}: tower_http::trace::on_response: finished processing request latency=45 ms status=200
2026-09-12T17:27:21.848133Z  INFO request{method=GET uri=/api/migrations/fub/imports version=HTTP/1.1}: tower_http::trace::on_response: finished processing request latency=48 ms status=200
2026-09-12T17:27:21.848252Z  INFO request{method=GET uri=/api/migrations/fub/snapshots/892214fb-86ce-419a-9715-fd1da4d9acb2 version=HTTP/1.1}: tower_http::trace::on_request: started processing request
2026-09-12T17:27:21.848154Z  INFO request{method=GET uri=/api/migrations/fub/snapshots version=HTTP/1.1}: tower_http::trace::on_response: finished processing request latency=51 ms status=200
2026-09-12T17:27:21.853223Z  INFO request{method=GET uri=/api/migrations/fub/imports/153189d3-485c-49b0-b415-6309108a9188 version=HTTP/1.1}: tower_http::trace::on_request: started processing request
2026-09-12T17:27:21.854434Z  INFO request{method=GET uri=/api/migrations/fub/imports/153189d3-485c-49b0-b415-6309108a9188 version=HTTP/1.1}: tower_http::trace::on_request: started processing request
2026-09-12T17:27:21.855157Z  INFO request{method=GET uri=/api/migrations/fub/metadata-imports version=HTTP/1.1}: tower_http::trace::on_request: started processing request
2026-09-12T17:27:21.858603Z  INFO request{method=GET uri=/api/migrations/fub/imports/153189d3-485c-49b0-b415-6309108a9188 version=HTTP/1.1}: tower_http::trace::on_request: started processing request
2026-09-12T17:27:21.862513Z  INFO request{method=GET uri=/api/migrations/fub/snapshots/892214fb-86ce-419a-9715-fd1da4d9acb2 version=HTTP/1.1}: tower_http::trace::on_response: finished processing request latency=14 ms status=200
2026-09-12T17:27:21.862860Z  INFO request{method=GET uri=/api/migrations/fub/imports version=HTTP/1.1}: tower_http::trace::on_response: finished processing request latency=26 ms status=200
2026-09-12T17:27:21.866248Z  INFO request{method=GET uri=/api/migrations/fub/snapshots/892214fb-86ce-419a-9715-fd1da4d9acb2 version=HTTP/1.1}: tower_http::trace::on_request: started processing request
2026-09-12T17:27:21.868234Z  INFO request{method=GET uri=/api/migrations/fub/imports/153189d3-485c-49b0-b415-6309108a9188 version=HTTP/1.1}: tower_http::trace::on_response: finished processing request latency=13 ms status=200
2026-09-12T17:27:21.868350Z  INFO request{method=GET uri=/api/migrations/fub/activity-imports version=HTTP/1.1}: tower_http::trace::on_request: started processing request
2026-09-12T17:27:21.873037Z  INFO request{method=GET uri=/api/migrations/fub/imports/153189d3-485c-49b0-b415-6309108a9188 version=HTTP/1.1}: tower_http::trace::on_response: finished processing request latency=19 ms status=200
2026-09-12T17:27:21.875892Z  INFO request{method=GET uri=/api/migrations/fub/metadata-imports version=HTTP/1.1}: tower_http::trace::on_response: finished processing request latency=20 ms status=200
2026-09-12T17:27:21.878047Z  INFO request{method=GET uri=/api/migrations/fub/snapshots/892214fb-86ce-419a-9715-fd1da4d9acb2/previews/284b08bb-f92e-4810-aef7-062194fc9377 version=HTTP/1.1}: tower_http::trace::on_request: started processing request
2026-09-12T17:27:21.878604Z  INFO request{method=GET uri=/api/migrations/fub/imports/153189d3-485c-49b0-b415-6309108a9188 version=HTTP/1.1}: tower_http::trace::on_request: started processing request
2026-09-12T17:27:21.881639Z  INFO request{method=GET uri=/api/migrations/fub/history-captures version=HTTP/1.1}: tower_http::trace::on_request: started processing request
2026-09-12T17:27:21.882093Z  INFO request{method=GET uri=/api/migrations/fub/imports/153189d3-485c-49b0-b415-6309108a9188 version=HTTP/1.1}: tower_http::trace::on_response: finished processing request latency=23 ms status=200
2026-09-12T17:27:21.888480Z  INFO request{method=GET uri=/api/migrations/fub/snapshots/892214fb-86ce-419a-9715-fd1da4d9acb2 version=HTTP/1.1}: tower_http::trace::on_request: started processing request
2026-09-12T17:27:21.890496Z  INFO request{method=GET uri=/api/migrations/fub/activity-imports version=HTTP/1.1}: tower_http::trace::on_response: finished processing request latency=22 ms status=200
2026-09-12T17:27:21.891166Z  INFO request{method=GET uri=/api/migrations/fub/snapshots/892214fb-86ce-419a-9715-fd1da4d9acb2 version=HTTP/1.1}: tower_http::trace::on_response: finished processing request latency=24 ms status=200
2026-09-12T17:27:21.895493Z  INFO request{method=GET uri=/api/migrations/fub/snapshots/892214fb-86ce-419a-9715-fd1da4d9acb2 version=HTTP/1.1}: tower_http::trace::on_request: started processing request
2026-09-12T17:27:21.895731Z  INFO request{method=GET uri=/api/migrations/fub/imports/153189d3-485c-49b0-b415-6309108a9188/plans/58c034b2-bbe3-42bc-b0b1-31a7c056a48b/mappings version=HTTP/1.1}: tower_http::trace::on_request: started processing request
2026-09-12T17:27:21.896779Z  INFO request{method=GET uri=/api/migrations/fub/imports/153189d3-485c-49b0-b415-6309108a9188 version=HTTP/1.1}: tower_http::trace::on_response: finished processing request latency=18 ms status=200
2026-09-12T17:27:21.900707Z  INFO request{method=GET uri=/api/migrations/fub/imports/153189d3-485c-49b0-b415-6309108a9188/results version=HTTP/1.1}: tower_http::trace::on_request: started processing request
2026-09-12T17:27:21.901502Z  INFO request{method=GET uri=/api/migrations/fub/snapshots/892214fb-86ce-419a-9715-fd1da4d9acb2/previews/284b08bb-f92e-4810-aef7-062194fc9377 version=HTTP/1.1}: tower_http::trace::on_response: finished processing request latency=23 ms status=200
2026-09-12T17:27:21.903025Z  INFO request{method=GET uri=/api/migrations/fub/snapshots/892214fb-86ce-419a-9715-fd1da4d9acb2 version=HTTP/1.1}: tower_http::trace::on_response: finished processing request latency=14 ms status=200
2026-09-12T17:27:21.904907Z  INFO request{method=GET uri=/api/migrations/fub/snapshots/892214fb-86ce-419a-9715-fd1da4d9acb2 version=HTTP/1.1}: tower_http::trace::on_request: started processing request
2026-09-12T17:27:21.905494Z  INFO request{method=GET uri=/api/migrations/fub/snapshots/892214fb-86ce-419a-9715-fd1da4d9acb2/previews/284b08bb-f92e-4810-aef7-062194fc9377 version=HTTP/1.1}: tower_http::trace::on_request: started processing request
2026-09-12T17:27:21.906028Z  INFO request{method=GET uri=/api/migrations/fub/history-captures version=HTTP/1.1}: tower_http::trace::on_response: finished processing request latency=24 ms status=200
2026-09-12T17:27:21.909176Z  INFO request{method=GET uri=/api/migrations/fub/imports/153189d3-485c-49b0-b415-6309108a9188/plans/58c034b2-bbe3-42bc-b0b1-31a7c056a48b/mappings version=HTTP/1.1}: tower_http::trace::on_response: finished processing request latency=13 ms status=200
2026-09-12T17:27:21.910647Z  INFO request{method=GET uri=/api/migrations/fub/snapshots/892214fb-86ce-419a-9715-fd1da4d9acb2 version=HTTP/1.1}: tower_http::trace::on_response: finished processing request latency=15 ms status=200
2026-09-12T17:27:21.914162Z  INFO request{method=GET uri=/api/migrations/fub/snapshots/892214fb-86ce-419a-9715-fd1da4d9acb2/previews/284b08bb-f92e-4810-aef7-062194fc9377/records version=HTTP/1.1}: tower_http::trace::on_request: started processing request
2026-09-12T17:27:21.918526Z  INFO request{method=GET uri=/api/migrations/fub/history-captures/01375974-41c6-4916-bfd2-bca66e5af119 version=HTTP/1.1}: tower_http::trace::on_request: started processing request
2026-09-12T17:27:21.919301Z  INFO request{method=GET uri=/api/migrations/fub/imports/153189d3-485c-49b0-b415-6309108a9188/results version=HTTP/1.1}: tower_http::trace::on_response: finished processing request latency=18 ms status=200
2026-09-12T17:27:21.919994Z  INFO request{method=GET uri=/api/migrations/fub/snapshots/892214fb-86ce-419a-9715-fd1da4d9acb2 version=HTTP/1.1}: tower_http::trace::on_response: finished processing request latency=15 ms status=200
2026-09-12T17:27:21.922382Z  INFO request{method=GET uri=/api/migrations/fub/snapshots/892214fb-86ce-419a-9715-fd1da4d9acb2/previews/284b08bb-f92e-4810-aef7-062194fc9377 version=HTTP/1.1}: tower_http::trace::on_response: finished processing request latency=16 ms status=200
2026-09-12T17:27:21.926613Z  INFO request{method=GET uri=/api/migrations/fub/snapshots/892214fb-86ce-419a-9715-fd1da4d9acb2/previews/284b08bb-f92e-4810-aef7-062194fc9377/records version=HTTP/1.1}: tower_http::trace::on_response: finished processing request latency=12 ms status=200
2026-09-12T17:27:21.931497Z  INFO request{method=GET uri=/api/migrations/fub/history-captures/01375974-41c6-4916-bfd2-bca66e5af119 version=HTTP/1.1}: tower_http::trace::on_response: finished processing request latency=13 ms status=200
2026-09-12T17:27:21.939490Z  INFO request{method=GET uri=/api/migrations/fub/history-captures/01375974-41c6-4916-bfd2-bca66e5af119/records version=HTTP/1.1}: tower_http::trace::on_request: started processing request
2026-09-12T17:27:21.948230Z  INFO request{method=GET uri=/api/migrations/fub/history-captures/01375974-41c6-4916-bfd2-bca66e5af119/records version=HTTP/1.1}: tower_http::trace::on_response: finished processing request latency=8 ms status=200
2026-09-12T17:27:22.295001Z  INFO request{method=GET uri=/api/migrations/fub/history-captures/01375974-41c6-4916-bfd2-bca66e5af119 version=HTTP/1.1}: tower_http::trace::on_request: started processing request
2026-09-12T17:27:22.313641Z  INFO request{method=GET uri=/api/migrations/fub/history-captures/01375974-41c6-4916-bfd2-bca66e5af119 version=HTTP/1.1}: tower_http::trace::on_response: finished processing request latency=18 ms status=200
2026-09-12T17:27:22.748303Z  INFO settle{organization_id=818e5fe2-1c72-4ee7-8cd4-2ba8b3ded90f run_id=01375974-41c6-4916-bfd2-bca66e5af119}: crm_app::domain::migration::history_capture_worker: history capture settled raw_bytes=100 retained_bytes=195 outcome="accepted"
2026-09-12T17:27:23.917625Z  INFO request{method=GET uri=/api/migrations/fub/history-captures version=HTTP/1.1}: tower_http::trace::on_request: started processing request
2026-09-12T17:27:23.937841Z  INFO request{method=GET uri=/api/migrations/fub/history-captures version=HTTP/1.1}: tower_http::trace::on_response: finished processing request latency=20 ms status=200
2026-09-12T17:27:23.940808Z  INFO request{method=GET uri=/api/migrations/fub/history-captures/01375974-41c6-4916-bfd2-bca66e5af119 version=HTTP/1.1}: tower_http::trace::on_request: started processing request
2026-09-12T17:27:23.952607Z  INFO request{method=GET uri=/api/migrations/fub/history-captures/01375974-41c6-4916-bfd2-bca66e5af119 version=HTTP/1.1}: tower_http::trace::on_response: finished processing request latency=11 ms status=200
2026-09-12T17:27:25.026997Z  INFO settle{organization_id=818e5fe2-1c72-4ee7-8cd4-2ba8b3ded90f run_id=01375974-41c6-4916-bfd2-bca66e5af119}: crm_app::domain::migration::history_capture_worker: history capture settled raw_bytes=40965 retained_bytes=98982 outcome="accepted"
2026-09-12T17:27:25.491179Z  INFO request{method=GET uri=/api/migrations/fub/history-captures/01375974-41c6-4916-bfd2-bca66e5af119 version=HTTP/1.1}: tower_http::trace::on_request: started processing request
2026-09-12T17:27:25.513175Z  INFO request{method=GET uri=/api/migrations/fub/history-captures/01375974-41c6-4916-bfd2-bca66e5af119 version=HTTP/1.1}: tower_http::trace::on_response: finished processing request latency=22 ms status=200
2026-09-12T17:27:25.521244Z  INFO request{method=GET uri=/api/migrations/fub/history-captures/01375974-41c6-4916-bfd2-bca66e5af119/records version=HTTP/1.1}: tower_http::trace::on_request: started processing request
2026-09-12T17:27:25.590788Z  INFO request{method=GET uri=/api/migrations/fub/history-captures/01375974-41c6-4916-bfd2-bca66e5af119/records version=HTTP/1.1}: tower_http::trace::on_response: finished processing request latency=69 ms status=200
2026-09-12T17:27:25.630147Z  INFO request{method=GET uri=/api/migrations/fub/imports version=HTTP/1.1}: tower_http::trace::on_request: started processing request
2026-09-12T17:27:25.630475Z  INFO request{method=GET uri=/api/migrations/fub/imports/153189d3-485c-49b0-b415-6309108a9188 version=HTTP/1.1}: tower_http::trace::on_request: started processing request
2026-09-12T17:27:25.631061Z  INFO request{method=GET uri=/api/migrations/fub/history-captures version=HTTP/1.1}: tower_http::trace::on_request: started processing request
2026-09-12T17:27:25.631636Z  INFO request{method=GET uri=/api/migrations/fub/history-captures/01375974-41c6-4916-bfd2-bca66e5af119 version=HTTP/1.1}: tower_http::trace::on_request: started processing request
2026-09-12T17:27:25.641534Z  INFO request{method=GET uri=/api/migrations/fub/imports version=HTTP/1.1}: tower_http::trace::on_response: finished processing request latency=11 ms status=200
2026-09-12T17:27:25.644120Z  INFO request{method=GET uri=/api/migrations/fub/imports/153189d3-485c-49b0-b415-6309108a9188 version=HTTP/1.1}: tower_http::trace::on_response: finished processing request latency=13 ms status=200
2026-09-12T17:27:25.651309Z  INFO request{method=GET uri=/api/migrations/fub/history-captures version=HTTP/1.1}: tower_http::trace::on_response: finished processing request latency=20 ms status=200
2026-09-12T17:27:25.658384Z  INFO request{method=GET uri=/api/migrations/fub/history-captures/01375974-41c6-4916-bfd2-bca66e5af119 version=HTTP/1.1}: tower_http::trace::on_response: finished processing request latency=26 ms status=200
2026-09-12T17:27:25.858342Z  INFO request{method=GET uri=/api/migrations/fub/history-captures/01375974-41c6-4916-bfd2-bca66e5af119/records version=HTTP/1.1}: tower_http::trace::on_request: started processing request
2026-09-12T17:27:25.932619Z  INFO request{method=GET uri=/api/migrations/fub/history-captures/01375974-41c6-4916-bfd2-bca66e5af119/records version=HTTP/1.1}: tower_http::trace::on_response: finished processing request latency=74 ms status=200
2026-09-12T17:27:25.975475Z  INFO request{method=GET uri=/api/migrations/fub/history-captures/01375974-41c6-4916-bfd2-bca66e5af119/records version=HTTP/1.1}: tower_http::trace::on_request: started processing request
2026-09-12T17:27:26.030019Z  INFO request{method=GET uri=/api/migrations/fub/history-captures/01375974-41c6-4916-bfd2-bca66e5af119/records version=HTTP/1.1}: tower_http::trace::on_response: finished processing request latency=54 ms status=200
2026-09-12T17:27:26.481772Z  INFO request{method=GET uri=/api/migrations/fub/history-captures/01375974-41c6-4916-bfd2-bca66e5af119/records version=HTTP/1.1}: tower_http::trace::on_request: started processing request
2026-09-12T17:27:26.569212Z  INFO request{method=GET uri=/api/migrations/fub/history-captures/01375974-41c6-4916-bfd2-bca66e5af119/records version=HTTP/1.1}: tower_http::trace::on_response: finished processing request latency=87 ms status=200
2026-09-12T17:27:26.954914Z  INFO settle{organization_id=818e5fe2-1c72-4ee7-8cd4-2ba8b3ded90f run_id=01375974-41c6-4916-bfd2-bca66e5af119}: crm_app::domain::migration::history_capture_worker: history capture settled raw_bytes=40987 retained_bytes=99108 outcome="accepted"
2026-09-12T17:27:27.038127Z  INFO request{method=GET uri=/api/migrations/fub/history-captures/01375974-41c6-4916-bfd2-bca66e5af119/records version=HTTP/1.1}: tower_http::trace::on_request: started processing request
2026-09-12T17:27:27.078937Z  INFO request{method=GET uri=/api/migrations/fub/history-captures/01375974-41c6-4916-bfd2-bca66e5af119/records version=HTTP/1.1}: tower_http::trace::on_response: finished processing request latency=40 ms status=200
2026-09-12T17:27:27.125466Z  INFO request{method=GET uri=/api/migrations/fub/imports version=HTTP/1.1}: tower_http::trace::on_request: started processing request
2026-09-12T17:27:27.125908Z  INFO request{method=GET uri=/api/migrations/fub/imports/153189d3-485c-49b0-b415-6309108a9188 version=HTTP/1.1}: tower_http::trace::on_request: started processing request
2026-09-12T17:27:27.126471Z  INFO request{method=GET uri=/api/migrations/fub/history-captures version=HTTP/1.1}: tower_http::trace::on_request: started processing request
2026-09-12T17:27:27.126967Z  INFO request{method=GET uri=/api/migrations/fub/history-captures/01375974-41c6-4916-bfd2-bca66e5af119 version=HTTP/1.1}: tower_http::trace::on_request: started processing request
2026-09-12T17:27:27.135460Z  INFO request{method=GET uri=/api/migrations/fub/imports/153189d3-485c-49b0-b415-6309108a9188 version=HTTP/1.1}: tower_http::trace::on_response: finished processing request latency=9 ms status=200
2026-09-12T17:27:27.139908Z  INFO request{method=GET uri=/api/migrations/fub/history-captures version=HTTP/1.1}: tower_http::trace::on_response: finished processing request latency=13 ms status=200
2026-09-12T17:27:27.143618Z  INFO request{method=GET uri=/api/migrations/fub/imports version=HTTP/1.1}: tower_http::trace::on_response: finished processing request latency=18 ms status=200
2026-09-12T17:27:27.145978Z  INFO request{method=GET uri=/api/migrations/fub/history-captures/01375974-41c6-4916-bfd2-bca66e5af119 version=HTTP/1.1}: tower_http::trace::on_response: finished processing request latency=19 ms status=200
2026-09-12T17:27:28.145680Z  INFO request{method=GET uri=/api/migrations/fub/history-captures/01375974-41c6-4916-bfd2-bca66e5af119 version=HTTP/1.1}: tower_http::trace::on_request: started processing request
2026-09-12T17:27:28.164347Z  INFO request{method=GET uri=/api/migrations/fub/history-captures/01375974-41c6-4916-bfd2-bca66e5af119 version=HTTP/1.1}: tower_http::trace::on_response: finished processing request latency=18 ms status=200
2026-09-12T17:28:00.597156Z  INFO request{method=GET uri=/api/me version=HTTP/1.1}: tower_http::trace::on_request: started processing request
2026-09-12T17:28:00.609466Z  INFO request{method=GET uri=/api/me version=HTTP/1.1}: tower_http::trace::on_response: finished processing request latency=12 ms status=200
2026-09-12T17:28:00.613134Z  INFO request{method=GET uri=/api/me version=HTTP/1.1}: tower_http::trace::on_request: started processing request
2026-09-12T17:28:00.615296Z  INFO request{method=GET uri=/api/me version=HTTP/1.1}: tower_http::trace::on_response: finished processing request latency=2 ms status=200
2026-09-12T17:28:00.648332Z  INFO request{method=GET uri=/api/migrations/fub/ version=HTTP/1.1}: tower_http::trace::on_request: started processing request
2026-09-12T17:28:00.648790Z  INFO request{method=GET uri=/api/migrations/fub/imports version=HTTP/1.1}: tower_http::trace::on_request: started processing request
2026-09-12T17:28:00.649293Z  INFO request{method=GET uri=/api/migrations/fub/snapshots version=HTTP/1.1}: tower_http::trace::on_request: started processing request
2026-09-12T17:28:00.649796Z  INFO request{method=GET uri=/api/migrations/fub/imports version=HTTP/1.1}: tower_http::trace::on_request: started processing request
2026-09-12T17:28:00.650304Z  INFO request{method=GET uri=/api/migrations/fub/imports version=HTTP/1.1}: tower_http::trace::on_request: started processing request
2026-09-12T17:28:00.650871Z  INFO request{method=GET uri=/api/migrations/fub/imports version=HTTP/1.1}: tower_http::trace::on_request: started processing request
2026-09-12T17:28:00.681445Z  INFO request{method=GET uri=/api/migrations/fub/imports version=HTTP/1.1}: tower_http::trace::on_response: finished processing request latency=32 ms status=200
2026-09-12T17:28:00.682902Z  INFO request{method=GET uri=/api/migrations/fub/ version=HTTP/1.1}: tower_http::trace::on_response: finished processing request latency=34 ms status=200
2026-09-12T17:28:00.687058Z  INFO request{method=GET uri=/api/migrations/fub/imports version=HTTP/1.1}: tower_http::trace::on_response: finished processing request latency=36 ms status=200
2026-09-12T17:28:00.689001Z  INFO request{method=GET uri=/api/migrations/fub/snapshots version=HTTP/1.1}: tower_http::trace::on_response: finished processing request latency=39 ms status=200
2026-09-12T17:28:00.692120Z  INFO request{method=GET uri=/api/migrations/fub/imports version=HTTP/1.1}: tower_http::trace::on_response: finished processing request latency=41 ms status=200
2026-09-12T17:28:00.692698Z  INFO request{method=GET uri=/api/migrations/fub/snapshots version=HTTP/1.1}: tower_http::trace::on_request: started processing request
2026-09-12T17:28:00.694093Z  INFO request{method=GET uri=/api/migrations/fub/imports/153189d3-485c-49b0-b415-6309108a9188 version=HTTP/1.1}: tower_http::trace::on_request: started processing request
2026-09-12T17:28:00.696260Z  INFO request{method=GET uri=/api/migrations/fub/imports/153189d3-485c-49b0-b415-6309108a9188 version=HTTP/1.1}: tower_http::trace::on_request: started processing request
2026-09-12T17:28:00.697099Z  INFO request{method=GET uri=/api/migrations/fub/activity-imports version=HTTP/1.1}: tower_http::trace::on_request: started processing request
2026-09-12T17:28:00.701224Z  INFO request{method=GET uri=/api/migrations/fub/imports version=HTTP/1.1}: tower_http::trace::on_response: finished processing request latency=51 ms status=200
2026-09-12T17:28:00.708530Z  WARN sqlx::postgres::notice: there is no transaction in progress
2026-09-12T17:28:00.742288Z  INFO request{method=GET uri=/api/me version=HTTP/1.1}: tower_http::trace::on_request: started processing request
2026-09-12T17:28:00.743848Z  INFO request{method=GET uri=/api/me version=HTTP/1.1}: tower_http::trace::on_response: finished processing request latency=1 ms status=200
2026-09-12T17:28:00.801079Z  INFO request{method=GET uri=/api/migrations/fub/ version=HTTP/1.1}: tower_http::trace::on_request: started processing request
2026-09-12T17:28:00.801569Z  INFO request{method=GET uri=/api/migrations/fub/imports version=HTTP/1.1}: tower_http::trace::on_request: started processing request
2026-09-12T17:28:00.802399Z  INFO request{method=GET uri=/api/migrations/fub/imports version=HTTP/1.1}: tower_http::trace::on_request: started processing request
2026-09-12T17:28:00.802916Z  INFO request{method=GET uri=/api/migrations/fub/snapshots version=HTTP/1.1}: tower_http::trace::on_request: started processing request
2026-09-12T17:28:00.803453Z  INFO request{method=GET uri=/api/migrations/fub/snapshots version=HTTP/1.1}: tower_http::trace::on_request: started processing request
2026-09-12T17:28:00.804070Z  INFO request{method=GET uri=/api/migrations/fub/imports version=HTTP/1.1}: tower_http::trace::on_request: started processing request
2026-09-12T17:28:00.829762Z  INFO request{method=GET uri=/api/migrations/fub/imports version=HTTP/1.1}: tower_http::trace::on_response: finished processing request latency=27 ms status=200
2026-09-12T17:28:00.829998Z  INFO request{method=GET uri=/api/migrations/fub/ version=HTTP/1.1}: tower_http::trace::on_response: finished processing request latency=28 ms status=200
2026-09-12T17:28:00.833483Z  INFO request{method=GET uri=/api/migrations/fub/imports version=HTTP/1.1}: tower_http::trace::on_request: started processing request
2026-09-12T17:28:00.834208Z  INFO request{method=GET uri=/api/me version=HTTP/1.1}: tower_http::trace::on_request: started processing request
2026-09-12T17:28:00.835202Z  INFO request{method=GET uri=/api/migrations/fub/imports version=HTTP/1.1}: tower_http::trace::on_response: finished processing request latency=33 ms status=200
2026-09-12T17:28:00.835317Z  INFO request{method=GET uri=/api/migrations/fub/snapshots version=HTTP/1.1}: tower_http::trace::on_response: finished processing request latency=32 ms status=200
2026-09-12T17:28:00.835563Z  INFO request{method=GET uri=/api/me version=HTTP/1.1}: tower_http::trace::on_response: finished processing request latency=1 ms status=200
2026-09-12T17:28:00.835844Z  INFO request{method=GET uri=/api/migrations/fub/snapshots version=HTTP/1.1}: tower_http::trace::on_response: finished processing request latency=32 ms status=200
2026-09-12T17:28:00.838906Z  INFO request{method=GET uri=/api/migrations/fub/imports/153189d3-485c-49b0-b415-6309108a9188 version=HTTP/1.1}: tower_http::trace::on_request: started processing request
2026-09-12T17:28:00.839444Z  INFO request{method=GET uri=/api/migrations/fub/metadata-imports version=HTTP/1.1}: tower_http::trace::on_request: started processing request
2026-09-12T17:28:00.844827Z  INFO request{method=GET uri=/api/migrations/fub/imports/153189d3-485c-49b0-b415-6309108a9188 version=HTTP/1.1}: tower_http::trace::on_request: started processing request
2026-09-12T17:28:00.846521Z  INFO request{method=GET uri=/api/migrations/fub/snapshots/892214fb-86ce-419a-9715-fd1da4d9acb2 version=HTTP/1.1}: tower_http::trace::on_request: started processing request
2026-09-12T17:28:00.847940Z  INFO request{method=GET uri=/api/migrations/fub/imports version=HTTP/1.1}: tower_http::trace::on_response: finished processing request latency=43 ms status=200
2026-09-12T17:28:00.852795Z  INFO request{method=GET uri=/api/migrations/fub/imports version=HTTP/1.1}: tower_http::trace::on_response: finished processing request latency=19 ms status=200
2026-09-12T17:28:00.855841Z  INFO request{method=GET uri=/api/migrations/fub/imports/153189d3-485c-49b0-b415-6309108a9188 version=HTTP/1.1}: tower_http::trace::on_response: finished processing request latency=16 ms status=200
2026-09-12T17:28:00.856364Z  INFO request{method=GET uri=/api/migrations/fub/snapshots/892214fb-86ce-419a-9715-fd1da4d9acb2 version=HTTP/1.1}: tower_http::trace::on_request: started processing request
2026-09-12T17:28:00.864321Z  INFO request{method=GET uri=/api/migrations/fub/imports/153189d3-485c-49b0-b415-6309108a9188 version=HTTP/1.1}: tower_http::trace::on_request: started processing request
2026-09-12T17:28:00.864617Z  INFO request{method=GET uri=/api/migrations/fub/metadata-imports version=HTTP/1.1}: tower_http::trace::on_response: finished processing request latency=25 ms status=200
2026-09-12T17:28:00.867609Z  INFO request{method=GET uri=/api/migrations/fub/activity-imports version=HTTP/1.1}: tower_http::trace::on_request: started processing request
2026-09-12T17:28:00.869829Z  WARN sqlx::postgres::notice: there is no transaction in progress
2026-09-12T17:28:00.905551Z  INFO request{method=GET uri=/api/me version=HTTP/1.1}: tower_http::trace::on_request: started processing request
2026-09-12T17:28:00.908687Z  INFO request{method=GET uri=/api/me version=HTTP/1.1}: tower_http::trace::on_response: finished processing request latency=3 ms status=200
2026-09-12T17:28:00.995358Z  INFO request{method=GET uri=/api/migrations/fub/ version=HTTP/1.1}: tower_http::trace::on_request: started processing request
2026-09-12T17:28:00.995649Z  INFO request{method=GET uri=/api/migrations/fub/imports version=HTTP/1.1}: tower_http::trace::on_request: started processing request
2026-09-12T17:28:00.996101Z  INFO request{method=GET uri=/api/migrations/fub/snapshots version=HTTP/1.1}: tower_http::trace::on_request: started processing request
2026-09-12T17:28:00.996838Z  INFO request{method=GET uri=/api/migrations/fub/imports version=HTTP/1.1}: tower_http::trace::on_request: started processing request
2026-09-12T17:28:00.998055Z  INFO request{method=GET uri=/api/migrations/fub/imports version=HTTP/1.1}: tower_http::trace::on_request: started processing request
2026-09-12T17:28:00.998218Z  INFO request{method=GET uri=/api/migrations/fub/imports version=HTTP/1.1}: tower_http::trace::on_request: started processing request
2026-09-12T17:28:01.024839Z  INFO request{method=GET uri=/api/migrations/fub/ version=HTTP/1.1}: tower_http::trace::on_response: finished processing request latency=29 ms status=200
2026-09-12T17:28:01.029077Z  INFO request{method=GET uri=/api/migrations/fub/imports version=HTTP/1.1}: tower_http::trace::on_response: finished processing request latency=32 ms status=200
2026-09-12T17:28:01.030184Z  INFO request{method=GET uri=/api/migrations/fub/snapshots version=HTTP/1.1}: tower_http::trace::on_response: finished processing request latency=34 ms status=200
2026-09-12T17:28:01.031252Z  INFO request{method=GET uri=/api/migrations/fub/snapshots version=HTTP/1.1}: tower_http::trace::on_request: started processing request
2026-09-12T17:28:01.039842Z  INFO request{method=GET uri=/api/migrations/fub/imports version=HTTP/1.1}: tower_http::trace::on_response: finished processing request latency=41 ms status=200
2026-09-12T17:28:01.040744Z  INFO request{method=GET uri=/api/migrations/fub/imports/153189d3-485c-49b0-b415-6309108a9188 version=HTTP/1.1}: tower_http::trace::on_request: started processing request
2026-09-12T17:28:01.041397Z  INFO request{method=GET uri=/api/migrations/fub/metadata-imports version=HTTP/1.1}: tower_http::trace::on_request: started processing request
2026-09-12T17:28:01.045123Z  INFO request{method=GET uri=/api/migrations/fub/snapshots/892214fb-86ce-419a-9715-fd1da4d9acb2 version=HTTP/1.1}: tower_http::trace::on_request: started processing request
2026-09-12T17:28:01.047842Z  INFO request{method=GET uri=/api/migrations/fub/snapshots version=HTTP/1.1}: tower_http::trace::on_response: finished processing request latency=16 ms status=200
2026-09-12T17:28:01.052722Z  INFO request{method=GET uri=/api/migrations/fub/imports/153189d3-485c-49b0-b415-6309108a9188 version=HTTP/1.1}: tower_http::trace::on_request: started processing request
2026-09-12T17:28:01.059154Z  INFO request{method=GET uri=/api/migrations/fub/metadata-imports version=HTTP/1.1}: tower_http::trace::on_response: finished processing request latency=17 ms status=200
2026-09-12T17:28:01.062891Z  INFO request{method=GET uri=/api/migrations/fub/imports/153189d3-485c-49b0-b415-6309108a9188 version=HTTP/1.1}: tower_http::trace::on_response: finished processing request latency=22 ms status=200
2026-09-12T17:28:01.062903Z  INFO request{method=GET uri=/api/migrations/fub/history-captures version=HTTP/1.1}: tower_http::trace::on_request: started processing request
2026-09-12T17:28:01.063219Z  INFO request{method=GET uri=/api/migrations/fub/snapshots/892214fb-86ce-419a-9715-fd1da4d9acb2 version=HTTP/1.1}: tower_http::trace::on_response: finished processing request latency=18 ms status=200
2026-09-12T17:28:01.067104Z  INFO request{method=GET uri=/api/migrations/fub/snapshots/892214fb-86ce-419a-9715-fd1da4d9acb2 version=HTTP/1.1}: tower_http::trace::on_request: started processing request
2026-09-12T17:28:01.070422Z  INFO request{method=GET uri=/api/migrations/fub/snapshots/892214fb-86ce-419a-9715-fd1da4d9acb2 version=HTTP/1.1}: tower_http::trace::on_request: started processing request
2026-09-12T17:28:01.077529Z  INFO request{method=GET uri=/api/migrations/fub/imports version=HTTP/1.1}: tower_http::trace::on_response: finished processing request latency=81 ms status=200
2026-09-12T17:28:01.079032Z  INFO request{method=GET uri=/api/migrations/fub/snapshots/892214fb-86ce-419a-9715-fd1da4d9acb2 version=HTTP/1.1}: tower_http::trace::on_response: finished processing request latency=11 ms status=200
2026-09-12T17:28:01.080282Z  INFO request{method=GET uri=/api/migrations/fub/snapshots/892214fb-86ce-419a-9715-fd1da4d9acb2/previews/284b08bb-f92e-4810-aef7-062194fc9377 version=HTTP/1.1}: tower_http::trace::on_request: started processing request
2026-09-12T17:28:01.083487Z  INFO request{method=GET uri=/api/migrations/fub/imports/153189d3-485c-49b0-b415-6309108a9188 version=HTTP/1.1}: tower_http::trace::on_response: finished processing request latency=30 ms status=200
2026-09-12T17:28:01.086057Z  INFO request{method=GET uri=/api/migrations/fub/imports/153189d3-485c-49b0-b415-6309108a9188 version=HTTP/1.1}: tower_http::trace::on_request: started processing request
2026-09-12T17:28:01.092322Z  INFO request{method=GET uri=/api/migrations/fub/imports version=HTTP/1.1}: tower_http::trace::on_response: finished processing request latency=94 ms status=200
2026-09-12T17:28:01.093790Z  INFO request{method=GET uri=/api/migrations/fub/snapshots/892214fb-86ce-419a-9715-fd1da4d9acb2/previews/284b08bb-f92e-4810-aef7-062194fc9377 version=HTTP/1.1}: tower_http::trace::on_request: started processing request
2026-09-12T17:28:01.096429Z  INFO request{method=GET uri=/api/migrations/fub/snapshots/892214fb-86ce-419a-9715-fd1da4d9acb2 version=HTTP/1.1}: tower_http::trace::on_response: finished processing request latency=26 ms status=200
2026-09-12T17:28:01.100465Z  INFO request{method=GET uri=/api/migrations/fub/history-captures version=HTTP/1.1}: tower_http::trace::on_response: finished processing request latency=37 ms status=200
2026-09-12T17:28:01.101033Z  INFO request{method=GET uri=/api/migrations/fub/imports/153189d3-485c-49b0-b415-6309108a9188 version=HTTP/1.1}: tower_http::trace::on_request: started processing request
2026-09-12T17:28:01.101727Z  INFO request{method=GET uri=/api/migrations/fub/activity-imports version=HTTP/1.1}: tower_http::trace::on_request: started processing request
2026-09-12T17:28:01.102003Z  INFO request{method=GET uri=/api/migrations/fub/snapshots/892214fb-86ce-419a-9715-fd1da4d9acb2/previews/284b08bb-f92e-4810-aef7-062194fc9377 version=HTTP/1.1}: tower_http::trace::on_response: finished processing request latency=21 ms status=200
2026-09-12T17:28:01.105288Z  INFO request{method=GET uri=/api/migrations/fub/imports/153189d3-485c-49b0-b415-6309108a9188 version=HTTP/1.1}: tower_http::trace::on_response: finished processing request latency=19 ms status=200
2026-09-12T17:28:01.106575Z  INFO request{method=GET uri=/api/migrations/fub/history-captures/01375974-41c6-4916-bfd2-bca66e5af119 version=HTTP/1.1}: tower_http::trace::on_request: started processing request
2026-09-12T17:28:01.111571Z  INFO request{method=GET uri=/api/migrations/fub/snapshots/892214fb-86ce-419a-9715-fd1da4d9acb2/previews/284b08bb-f92e-4810-aef7-062194fc9377 version=HTTP/1.1}: tower_http::trace::on_response: finished processing request latency=17 ms status=200
2026-09-12T17:28:01.115411Z  INFO request{method=GET uri=/api/migrations/fub/snapshots/892214fb-86ce-419a-9715-fd1da4d9acb2 version=HTTP/1.1}: tower_http::trace::on_request: started processing request
2026-09-12T17:28:01.116221Z  INFO request{method=GET uri=/api/migrations/fub/imports/153189d3-485c-49b0-b415-6309108a9188/plans/58c034b2-bbe3-42bc-b0b1-31a7c056a48b/mappings version=HTTP/1.1}: tower_http::trace::on_request: started processing request
2026-09-12T17:28:01.116548Z  INFO request{method=GET uri=/api/migrations/fub/imports/153189d3-485c-49b0-b415-6309108a9188 version=HTTP/1.1}: tower_http::trace::on_response: finished processing request latency=15 ms status=200
2026-09-12T17:28:01.116648Z  INFO request{method=GET uri=/api/migrations/fub/imports/153189d3-485c-49b0-b415-6309108a9188/results version=HTTP/1.1}: tower_http::trace::on_request: started processing request
2026-09-12T17:28:01.122936Z  INFO request{method=GET uri=/api/migrations/fub/activity-imports version=HTTP/1.1}: tower_http::trace::on_response: finished processing request latency=21 ms status=200
2026-09-12T17:28:01.125325Z  INFO request{method=GET uri=/api/migrations/fub/history-captures/01375974-41c6-4916-bfd2-bca66e5af119 version=HTTP/1.1}: tower_http::trace::on_response: finished processing request latency=18 ms status=200
2026-09-12T17:28:01.125786Z  INFO request{method=GET uri=/api/migrations/fub/snapshots/892214fb-86ce-419a-9715-fd1da4d9acb2/previews/284b08bb-f92e-4810-aef7-062194fc9377/records version=HTTP/1.1}: tower_http::trace::on_request: started processing request
2026-09-12T17:28:01.127808Z  INFO request{method=GET uri=/api/migrations/fub/snapshots/892214fb-86ce-419a-9715-fd1da4d9acb2 version=HTTP/1.1}: tower_http::trace::on_request: started processing request
2026-09-12T17:28:01.132201Z  INFO request{method=GET uri=/api/migrations/fub/imports/153189d3-485c-49b0-b415-6309108a9188/results version=HTTP/1.1}: tower_http::trace::on_response: finished processing request latency=15 ms status=200
2026-09-12T17:28:01.134363Z  INFO request{method=GET uri=/api/migrations/fub/snapshots/892214fb-86ce-419a-9715-fd1da4d9acb2 version=HTTP/1.1}: tower_http::trace::on_response: finished processing request latency=18 ms status=200
2026-09-12T17:28:01.136690Z  INFO request{method=GET uri=/api/migrations/fub/history-captures/01375974-41c6-4916-bfd2-bca66e5af119/records version=HTTP/1.1}: tower_http::trace::on_request: started processing request
2026-09-12T17:28:01.137707Z  INFO request{method=GET uri=/api/migrations/fub/snapshots/892214fb-86ce-419a-9715-fd1da4d9acb2/previews/284b08bb-f92e-4810-aef7-062194fc9377/records version=HTTP/1.1}: tower_http::trace::on_response: finished processing request latency=11 ms status=200
2026-09-12T17:28:01.138197Z  INFO request{method=GET uri=/api/migrations/fub/imports/153189d3-485c-49b0-b415-6309108a9188/plans/58c034b2-bbe3-42bc-b0b1-31a7c056a48b/mappings version=HTTP/1.1}: tower_http::trace::on_response: finished processing request latency=21 ms status=200
2026-09-12T17:28:01.139012Z  INFO request{method=GET uri=/api/migrations/fub/snapshots/892214fb-86ce-419a-9715-fd1da4d9acb2 version=HTTP/1.1}: tower_http::trace::on_response: finished processing request latency=11 ms status=200
2026-09-12T17:28:01.180713Z  INFO request{method=GET uri=/api/migrations/fub/history-captures/01375974-41c6-4916-bfd2-bca66e5af119/records version=HTTP/1.1}: tower_http::trace::on_response: finished processing request latency=44 ms status=200
2026-09-12T17:28:01.504757Z  INFO request{method=GET uri=/api/migrations/fub/history-captures/01375974-41c6-4916-bfd2-bca66e5af119 version=HTTP/1.1}: tower_http::trace::on_request: started processing request
2026-09-12T17:28:01.533916Z  INFO request{method=GET uri=/api/migrations/fub/history-captures/01375974-41c6-4916-bfd2-bca66e5af119 version=HTTP/1.1}: tower_http::trace::on_response: finished processing request latency=29 ms status=200
2026-09-12T17:28:01.998051Z  INFO request{method=GET uri=/api/migrations/fub/history-captures/01375974-41c6-4916-bfd2-bca66e5af119 version=HTTP/1.1}: tower_http::trace::on_request: started processing request
2026-09-12T17:28:02.025952Z  INFO request{method=GET uri=/api/migrations/fub/history-captures/01375974-41c6-4916-bfd2-bca66e5af119 version=HTTP/1.1}: tower_http::trace::on_response: finished processing request latency=27 ms status=200
2026-09-12T17:28:02.490310Z  INFO request{method=GET uri=/api/migrations/fub/history-captures/01375974-41c6-4916-bfd2-bca66e5af119 version=HTTP/1.1}: tower_http::trace::on_request: started processing request
2026-09-12T17:28:02.509477Z  INFO request{method=GET uri=/api/migrations/fub/history-captures/01375974-41c6-4916-bfd2-bca66e5af119 version=HTTP/1.1}: tower_http::trace::on_response: finished processing request latency=19 ms status=200
2026-09-12T17:28:02.743574Z  INFO settle{organization_id=818e5fe2-1c72-4ee7-8cd4-2ba8b3ded90f run_id=01375974-41c6-4916-bfd2-bca66e5af119}: crm_app::domain::migration::history_capture_worker: history capture settled raw_bytes=534 retained_bytes=1141 outcome="accepted"
2026-09-12T17:28:02.968623Z  INFO request{method=GET uri=/api/migrations/fub/history-captures/01375974-41c6-4916-bfd2-bca66e5af119 version=HTTP/1.1}: tower_http::trace::on_request: started processing request
2026-09-12T17:28:03.035737Z  INFO settle{organization_id=818e5fe2-1c72-4ee7-8cd4-2ba8b3ded90f run_id=01375974-41c6-4916-bfd2-bca66e5af119}: crm_app::domain::migration::history_capture_worker: history capture settled raw_bytes=39510 retained_bytes=102373 outcome="accepted"
2026-09-12T17:28:03.047526Z  INFO request{method=GET uri=/api/migrations/fub/history-captures/01375974-41c6-4916-bfd2-bca66e5af119 version=HTTP/1.1}: tower_http::trace::on_response: finished processing request latency=78 ms status=200
2026-09-12T17:28:03.070525Z  INFO settle{organization_id=818e5fe2-1c72-4ee7-8cd4-2ba8b3ded90f run_id=01375974-41c6-4916-bfd2-bca66e5af119}: crm_app::domain::migration::history_capture_worker: history capture settled raw_bytes=517 retained_bytes=1209 outcome="accepted"
2026-09-12T17:28:03.108492Z  INFO request{method=GET uri=/api/migrations/fub/history-captures version=HTTP/1.1}: tower_http::trace::on_request: started processing request
2026-09-12T17:28:03.132715Z  INFO request{method=GET uri=/api/migrations/fub/history-captures/01375974-41c6-4916-bfd2-bca66e5af119 version=HTTP/1.1}: tower_http::trace::on_request: started processing request
2026-09-12T17:28:03.336208Z  INFO settle{organization_id=818e5fe2-1c72-4ee7-8cd4-2ba8b3ded90f run_id=01375974-41c6-4916-bfd2-bca66e5af119}: crm_app::domain::migration::history_capture_worker: history capture settled raw_bytes=55784 retained_bytes=113119 outcome="accepted"
2026-09-12T17:28:03.343966Z  INFO request{method=GET uri=/api/migrations/fub/history-captures version=HTTP/1.1}: tower_http::trace::on_response: finished processing request latency=235 ms status=200
2026-09-12T17:28:03.349940Z  INFO request{method=GET uri=/api/migrations/fub/history-captures/01375974-41c6-4916-bfd2-bca66e5af119 version=HTTP/1.1}: tower_http::trace::on_response: finished processing request latency=217 ms status=200
2026-09-12T17:28:03.369013Z  INFO settle{organization_id=818e5fe2-1c72-4ee7-8cd4-2ba8b3ded90f run_id=01375974-41c6-4916-bfd2-bca66e5af119}: crm_app::domain::migration::history_capture_worker: history capture settled raw_bytes=691 retained_bytes=1299 outcome="accepted"
2026-09-12T17:28:03.506792Z  INFO request{method=GET uri=/api/migrations/fub/history-captures/01375974-41c6-4916-bfd2-bca66e5af119 version=HTTP/1.1}: tower_http::trace::on_request: started processing request
2026-09-12T17:28:03.520384Z  INFO request{method=GET uri=/api/migrations/fub/history-captures/01375974-41c6-4916-bfd2-bca66e5af119 version=HTTP/1.1}: tower_http::trace::on_response: finished processing request latency=13 ms status=200
2026-09-12T17:28:03.528965Z  INFO request{method=GET uri=/api/migrations/fub/history-captures/01375974-41c6-4916-bfd2-bca66e5af119/records version=HTTP/1.1}: tower_http::trace::on_request: started processing request
2026-09-12T17:28:03.587025Z  INFO request{method=GET uri=/api/migrations/fub/history-captures/01375974-41c6-4916-bfd2-bca66e5af119/records version=HTTP/1.1}: tower_http::trace::on_response: finished processing request latency=58 ms status=200
2026-09-12T17:28:03.603055Z  INFO request{method=GET uri=/api/migrations/fub/history-captures/01375974-41c6-4916-bfd2-bca66e5af119/records version=HTTP/1.1}: tower_http::trace::on_request: started processing request
2026-09-12T17:28:03.644265Z  INFO request{method=GET uri=/api/migrations/fub/history-captures/01375974-41c6-4916-bfd2-bca66e5af119/records version=HTTP/1.1}: tower_http::trace::on_response: finished processing request latency=41 ms status=200
2026-09-12T17:28:03.657821Z  INFO request{method=GET uri=/api/migrations/fub/history-captures/01375974-41c6-4916-bfd2-bca66e5af119/records version=HTTP/1.1}: tower_http::trace::on_request: started processing request
2026-09-12T17:28:03.696193Z  INFO request{method=GET uri=/api/migrations/fub/history-captures/01375974-41c6-4916-bfd2-bca66e5af119/records version=HTTP/1.1}: tower_http::trace::on_response: finished processing request latency=38 ms status=200
2026-09-12T17:28:03.710315Z  INFO request{method=GET uri=/api/migrations/fub/history-captures/01375974-41c6-4916-bfd2-bca66e5af119/records version=HTTP/1.1}: tower_http::trace::on_request: started processing request
2026-09-12T17:28:03.745705Z  INFO request{method=GET uri=/api/migrations/fub/history-captures/01375974-41c6-4916-bfd2-bca66e5af119/records version=HTTP/1.1}: tower_http::trace::on_response: finished processing request latency=35 ms status=200
2026-09-12T17:28:03.757705Z  INFO request{method=GET uri=/api/migrations/fub/history-captures/01375974-41c6-4916-bfd2-bca66e5af119/records version=HTTP/1.1}: tower_http::trace::on_request: started processing request
2026-09-12T17:28:03.795083Z  INFO request{method=GET uri=/api/migrations/fub/history-captures/01375974-41c6-4916-bfd2-bca66e5af119/records version=HTTP/1.1}: tower_http::trace::on_response: finished processing request latency=37 ms status=200
2026-09-12T17:28:03.808841Z  INFO request{method=GET uri=/api/migrations/fub/history-captures/01375974-41c6-4916-bfd2-bca66e5af119/records version=HTTP/1.1}: tower_http::trace::on_request: started processing request
2026-09-12T17:28:03.858150Z  INFO request{method=GET uri=/api/migrations/fub/history-captures/01375974-41c6-4916-bfd2-bca66e5af119/records version=HTTP/1.1}: tower_http::trace::on_response: finished processing request latency=49 ms status=200
2026-09-12T17:28:03.872257Z  INFO request{method=GET uri=/api/migrations/fub/history-captures/01375974-41c6-4916-bfd2-bca66e5af119/records version=HTTP/1.1}: tower_http::trace::on_request: started processing request
2026-09-12T17:28:03.908764Z  INFO request{method=GET uri=/api/migrations/fub/history-captures/01375974-41c6-4916-bfd2-bca66e5af119/records version=HTTP/1.1}: tower_http::trace::on_response: finished processing request latency=36 ms status=200
2026-09-12T17:28:03.920672Z  INFO request{method=GET uri=/api/migrations/fub/history-captures/01375974-41c6-4916-bfd2-bca66e5af119/records version=HTTP/1.1}: tower_http::trace::on_request: started processing request
2026-09-12T17:28:03.960535Z  INFO request{method=GET uri=/api/migrations/fub/history-captures/01375974-41c6-4916-bfd2-bca66e5af119/records version=HTTP/1.1}: tower_http::trace::on_response: finished processing request latency=39 ms status=200
2026-09-12T17:28:03.972958Z  INFO request{method=GET uri=/api/migrations/fub/history-captures/01375974-41c6-4916-bfd2-bca66e5af119/records version=HTTP/1.1}: tower_http::trace::on_request: started processing request
2026-09-12T17:28:03.984739Z  INFO request{method=GET uri=/api/migrations/fub/history-captures/01375974-41c6-4916-bfd2-bca66e5af119/records version=HTTP/1.1}: tower_http::trace::on_response: finished processing request latency=11 ms status=200
2026-09-12T17:28:04.018599Z  INFO request{method=GET uri=/api/migrations/fub/imports version=HTTP/1.1}: tower_http::trace::on_request: started processing request
2026-09-12T17:28:04.019098Z  INFO request{method=GET uri=/api/migrations/fub/imports/153189d3-485c-49b0-b415-6309108a9188 version=HTTP/1.1}: tower_http::trace::on_request: started processing request
2026-09-12T17:28:04.019604Z  INFO request{method=GET uri=/api/migrations/fub/history-captures version=HTTP/1.1}: tower_http::trace::on_request: started processing request
2026-09-12T17:28:04.020197Z  INFO request{method=GET uri=/api/migrations/fub/history-captures/01375974-41c6-4916-bfd2-bca66e5af119 version=HTTP/1.1}: tower_http::trace::on_request: started processing request
2026-09-12T17:28:04.027823Z  INFO request{method=GET uri=/api/migrations/fub/imports/153189d3-485c-49b0-b415-6309108a9188 version=HTTP/1.1}: tower_http::trace::on_response: finished processing request latency=8 ms status=200
2026-09-12T17:28:04.032935Z  INFO request{method=GET uri=/api/migrations/fub/imports version=HTTP/1.1}: tower_http::trace::on_response: finished processing request latency=14 ms status=200
2026-09-12T17:28:04.035494Z  INFO request{method=GET uri=/api/migrations/fub/history-captures/01375974-41c6-4916-bfd2-bca66e5af119 version=HTTP/1.1}: tower_http::trace::on_response: finished processing request latency=15 ms status=200
2026-09-12T17:28:04.040594Z  INFO request{method=GET uri=/api/migrations/fub/history-captures version=HTTP/1.1}: tower_http::trace::on_response: finished processing request latency=20 ms status=200
2026-09-12T17:28:04.540005Z  INFO request{method=GET uri=/api/migrations/fub/history-captures/01375974-41c6-4916-bfd2-bca66e5af119/records version=HTTP/1.1}: tower_http::trace::on_request: started processing request
2026-09-12T17:28:04.568677Z  INFO request{method=GET uri=/api/migrations/fub/history-captures/01375974-41c6-4916-bfd2-bca66e5af119/records version=HTTP/1.1}: tower_http::trace::on_response: finished processing request latency=28 ms status=200
2026-09-12T17:28:04.927159Z  INFO request{method=GET uri=/api/me version=HTTP/1.1}: tower_http::trace::on_request: started processing request
2026-09-12T17:28:04.936344Z  INFO request{method=GET uri=/api/me version=HTTP/1.1}: tower_http::trace::on_response: finished processing request latency=9 ms status=200
2026-09-12T17:28:04.995248Z  INFO request{method=GET uri=/api/me version=HTTP/1.1}: tower_http::trace::on_request: started processing request
2026-09-12T17:28:04.999185Z  INFO request{method=GET uri=/api/me version=HTTP/1.1}: tower_http::trace::on_response: finished processing request latency=3 ms status=200
2026-09-12T17:28:05.026382Z  INFO request{method=GET uri=/api/migrations/fub/ version=HTTP/1.1}: tower_http::trace::on_request: started processing request
2026-09-12T17:28:05.026816Z  INFO request{method=GET uri=/api/migrations/fub/imports version=HTTP/1.1}: tower_http::trace::on_request: started processing request
2026-09-12T17:28:05.027493Z  INFO request{method=GET uri=/api/migrations/fub/imports version=HTTP/1.1}: tower_http::trace::on_request: started processing request
2026-09-12T17:28:05.028183Z  INFO request{method=GET uri=/api/migrations/fub/snapshots version=HTTP/1.1}: tower_http::trace::on_request: started processing request
2026-09-12T17:28:05.028756Z  INFO request{method=GET uri=/api/migrations/fub/snapshots version=HTTP/1.1}: tower_http::trace::on_request: started processing request
2026-09-12T17:28:05.031038Z  INFO request{method=GET uri=/api/migrations/fub/imports version=HTTP/1.1}: tower_http::trace::on_request: started processing request
2026-09-12T17:28:05.039149Z  INFO request{method=GET uri=/api/migrations/fub/imports version=HTTP/1.1}: tower_http::trace::on_response: finished processing request latency=12 ms status=200
2026-09-12T17:28:05.039974Z  INFO request{method=GET uri=/api/migrations/fub/ version=HTTP/1.1}: tower_http::trace::on_response: finished processing request latency=13 ms status=200
2026-09-12T17:28:05.042701Z  INFO request{method=GET uri=/api/migrations/fub/imports version=HTTP/1.1}: tower_http::trace::on_request: started processing request
2026-09-12T17:28:05.042858Z  INFO request{method=GET uri=/api/migrations/fub/imports version=HTTP/1.1}: tower_http::trace::on_response: finished processing request latency=15 ms status=200
2026-09-12T17:28:05.044048Z  INFO request{method=GET uri=/api/migrations/fub/snapshots version=HTTP/1.1}: tower_http::trace::on_response: finished processing request latency=15 ms status=200
2026-09-12T17:28:05.044092Z  INFO request{method=GET uri=/api/migrations/fub/snapshots version=HTTP/1.1}: tower_http::trace::on_response: finished processing request latency=15 ms status=200
2026-09-12T17:28:05.047479Z  INFO request{method=GET uri=/api/migrations/fub/imports/153189d3-485c-49b0-b415-6309108a9188 version=HTTP/1.1}: tower_http::trace::on_request: started processing request
2026-09-12T17:28:05.051177Z  INFO request{method=GET uri=/api/migrations/fub/imports/153189d3-485c-49b0-b415-6309108a9188 version=HTTP/1.1}: tower_http::trace::on_request: started processing request
2026-09-12T17:28:05.052154Z  INFO request{method=GET uri=/api/migrations/fub/metadata-imports version=HTTP/1.1}: tower_http::trace::on_request: started processing request
2026-09-12T17:28:05.053150Z  INFO request{method=GET uri=/api/migrations/fub/snapshots/892214fb-86ce-419a-9715-fd1da4d9acb2 version=HTTP/1.1}: tower_http::trace::on_request: started processing request
2026-09-12T17:28:05.054747Z  INFO request{method=GET uri=/api/migrations/fub/imports version=HTTP/1.1}: tower_http::trace::on_response: finished processing request latency=23 ms status=200
2026-09-12T17:28:05.057665Z  INFO request{method=GET uri=/api/migrations/fub/snapshots/892214fb-86ce-419a-9715-fd1da4d9acb2 version=HTTP/1.1}: tower_http::trace::on_request: started processing request
2026-09-12T17:28:05.058578Z  INFO request{method=GET uri=/api/migrations/fub/imports version=HTTP/1.1}: tower_http::trace::on_response: finished processing request latency=15 ms status=200
2026-09-12T17:28:05.062524Z  INFO request{method=GET uri=/api/migrations/fub/imports/153189d3-485c-49b0-b415-6309108a9188 version=HTTP/1.1}: tower_http::trace::on_request: started processing request
2026-09-12T17:28:05.063715Z  INFO request{method=GET uri=/api/migrations/fub/imports/153189d3-485c-49b0-b415-6309108a9188 version=HTTP/1.1}: tower_http::trace::on_response: finished processing request latency=16 ms status=200
2026-09-12T17:28:05.067223Z  INFO request{method=GET uri=/api/migrations/fub/activity-imports version=HTTP/1.1}: tower_http::trace::on_request: started processing request
2026-09-12T17:28:05.067450Z  INFO request{method=GET uri=/api/migrations/fub/imports/153189d3-485c-49b0-b415-6309108a9188 version=HTTP/1.1}: tower_http::trace::on_response: finished processing request latency=16 ms status=200
2026-09-12T17:28:05.068533Z  INFO request{method=GET uri=/api/migrations/fub/snapshots/892214fb-86ce-419a-9715-fd1da4d9acb2 version=HTTP/1.1}: tower_http::trace::on_response: finished processing request latency=15 ms status=200
2026-09-12T17:28:05.069959Z  INFO request{method=GET uri=/api/migrations/fub/imports/153189d3-485c-49b0-b415-6309108a9188 version=HTTP/1.1}: tower_http::trace::on_request: started processing request
2026-09-12T17:28:05.071995Z  INFO request{method=GET uri=/api/migrations/fub/metadata-imports version=HTTP/1.1}: tower_http::trace::on_response: finished processing request latency=19 ms status=200
2026-09-12T17:28:05.072802Z  INFO request{method=GET uri=/api/migrations/fub/history-captures version=HTTP/1.1}: tower_http::trace::on_request: started processing request
2026-09-12T17:28:05.076940Z  INFO request{method=GET uri=/api/migrations/fub/snapshots/892214fb-86ce-419a-9715-fd1da4d9acb2 version=HTTP/1.1}: tower_http::trace::on_request: started processing request
2026-09-12T17:28:05.077146Z  INFO request{method=GET uri=/api/migrations/fub/snapshots/892214fb-86ce-419a-9715-fd1da4d9acb2 version=HTTP/1.1}: tower_http::trace::on_response: finished processing request latency=19 ms status=200
2026-09-12T17:28:05.079549Z  INFO request{method=GET uri=/api/migrations/fub/imports/153189d3-485c-49b0-b415-6309108a9188/plans/58c034b2-bbe3-42bc-b0b1-31a7c056a48b/mappings version=HTTP/1.1}: tower_http::trace::on_request: started processing request
2026-09-12T17:28:05.080246Z  INFO request{method=GET uri=/api/migrations/fub/imports/153189d3-485c-49b0-b415-6309108a9188 version=HTTP/1.1}: tower_http::trace::on_response: finished processing request latency=17 ms status=200
2026-09-12T17:28:05.082837Z  INFO request{method=GET uri=/api/migrations/fub/imports/153189d3-485c-49b0-b415-6309108a9188/results version=HTTP/1.1}: tower_http::trace::on_request: started processing request
2026-09-12T17:28:05.082894Z  INFO request{method=GET uri=/api/migrations/fub/activity-imports version=HTTP/1.1}: tower_http::trace::on_response: finished processing request latency=15 ms status=200
2026-09-12T17:28:05.085793Z  INFO request{method=GET uri=/api/migrations/fub/snapshots/892214fb-86ce-419a-9715-fd1da4d9acb2 version=HTTP/1.1}: tower_http::trace::on_request: started processing request
2026-09-12T17:28:05.085983Z  INFO request{method=GET uri=/api/migrations/fub/imports/153189d3-485c-49b0-b415-6309108a9188 version=HTTP/1.1}: tower_http::trace::on_response: finished processing request latency=16 ms status=200
2026-09-12T17:28:05.089508Z  INFO request{method=GET uri=/api/migrations/fub/snapshots/892214fb-86ce-419a-9715-fd1da4d9acb2 version=HTTP/1.1}: tower_http::trace::on_response: finished processing request latency=12 ms status=200
2026-09-12T17:28:05.090335Z  INFO request{method=GET uri=/api/migrations/fub/snapshots/892214fb-86ce-419a-9715-fd1da4d9acb2/previews/284b08bb-f92e-4810-aef7-062194fc9377 version=HTTP/1.1}: tower_http::trace::on_request: started processing request
2026-09-12T17:28:05.093293Z  INFO request{method=GET uri=/api/migrations/fub/snapshots/892214fb-86ce-419a-9715-fd1da4d9acb2/previews/284b08bb-f92e-4810-aef7-062194fc9377 version=HTTP/1.1}: tower_http::trace::on_request: started processing request
2026-09-12T17:28:05.095178Z  INFO request{method=GET uri=/api/migrations/fub/history-captures version=HTTP/1.1}: tower_http::trace::on_response: finished processing request latency=22 ms status=200
2026-09-12T17:28:05.097801Z  INFO request{method=GET uri=/api/migrations/fub/snapshots/892214fb-86ce-419a-9715-fd1da4d9acb2 version=HTTP/1.1}: tower_http::trace::on_request: started processing request
2026-09-12T17:28:05.098410Z  INFO request{method=GET uri=/api/migrations/fub/snapshots/892214fb-86ce-419a-9715-fd1da4d9acb2 version=HTTP/1.1}: tower_http::trace::on_response: finished processing request latency=12 ms status=200
2026-09-12T17:28:05.098512Z  INFO request{method=GET uri=/api/migrations/fub/imports/153189d3-485c-49b0-b415-6309108a9188/plans/58c034b2-bbe3-42bc-b0b1-31a7c056a48b/mappings version=HTTP/1.1}: tower_http::trace::on_response: finished processing request latency=18 ms status=200
2026-09-12T17:28:05.102954Z  INFO request{method=GET uri=/api/migrations/fub/history-captures/01375974-41c6-4916-bfd2-bca66e5af119 version=HTTP/1.1}: tower_http::trace::on_request: started processing request
2026-09-12T17:28:05.103794Z  INFO request{method=GET uri=/api/migrations/fub/imports/153189d3-485c-49b0-b415-6309108a9188/results version=HTTP/1.1}: tower_http::trace::on_response: finished processing request latency=20 ms status=200
2026-09-12T17:28:05.108334Z  INFO request{method=GET uri=/api/migrations/fub/snapshots/892214fb-86ce-419a-9715-fd1da4d9acb2/previews/284b08bb-f92e-4810-aef7-062194fc9377 version=HTTP/1.1}: tower_http::trace::on_response: finished processing request latency=18 ms status=200
2026-09-12T17:28:05.109674Z  INFO request{method=GET uri=/api/migrations/fub/snapshots/892214fb-86ce-419a-9715-fd1da4d9acb2 version=HTTP/1.1}: tower_http::trace::on_response: finished processing request latency=11 ms status=200
2026-09-12T17:28:05.113377Z  INFO request{method=GET uri=/api/migrations/fub/history-captures/01375974-41c6-4916-bfd2-bca66e5af119 version=HTTP/1.1}: tower_http::trace::on_response: finished processing request latency=10 ms status=200
2026-09-12T17:28:05.114584Z  INFO request{method=GET uri=/api/migrations/fub/snapshots/892214fb-86ce-419a-9715-fd1da4d9acb2/previews/284b08bb-f92e-4810-aef7-062194fc9377 version=HTTP/1.1}: tower_http::trace::on_response: finished processing request latency=21 ms status=200
2026-09-12T17:28:05.118720Z  INFO request{method=GET uri=/api/migrations/fub/history-captures/01375974-41c6-4916-bfd2-bca66e5af119/records version=HTTP/1.1}: tower_http::trace::on_request: started processing request
2026-09-12T17:28:05.125977Z  INFO request{method=GET uri=/api/migrations/fub/snapshots/892214fb-86ce-419a-9715-fd1da4d9acb2/previews/284b08bb-f92e-4810-aef7-062194fc9377/records version=HTTP/1.1}: tower_http::trace::on_request: started processing request
2026-09-12T17:28:05.135676Z  INFO request{method=GET uri=/api/migrations/fub/snapshots/892214fb-86ce-419a-9715-fd1da4d9acb2/previews/284b08bb-f92e-4810-aef7-062194fc9377/records version=HTTP/1.1}: tower_http::trace::on_response: finished processing request latency=9 ms status=200
2026-09-12T17:28:05.163928Z  INFO request{method=GET uri=/api/migrations/fub/history-captures/01375974-41c6-4916-bfd2-bca66e5af119/records version=HTTP/1.1}: tower_http::trace::on_response: finished processing request latency=45 ms status=200
2026-09-12T17:28:05.526841Z  INFO request{method=GET uri=/api/migrations/fub/history-captures/01375974-41c6-4916-bfd2-bca66e5af119 version=HTTP/1.1}: tower_http::trace::on_request: started processing request
2026-09-12T17:28:05.547174Z  INFO request{method=GET uri=/api/migrations/fub/history-captures/01375974-41c6-4916-bfd2-bca66e5af119 version=HTTP/1.1}: tower_http::trace::on_response: finished processing request latency=20 ms status=200
2026-09-12T17:28:05.607685Z  INFO request{method=GET uri=/api/me version=HTTP/1.1}: tower_http::trace::on_request: started processing request
2026-09-12T17:28:05.618276Z  INFO request{method=GET uri=/api/me version=HTTP/1.1}: tower_http::trace::on_response: finished processing request latency=10 ms status=200
2026-09-12T17:28:05.637156Z  INFO request{method=GET uri=/api/tags version=HTTP/1.1}: tower_http::trace::on_request: started processing request
2026-09-12T17:28:05.637782Z  INFO request{method=GET uri=/api/stages version=HTTP/1.1}: tower_http::trace::on_request: started processing request
2026-09-12T17:28:05.638105Z  INFO request{method=GET uri=/api/organization/members version=HTTP/1.1}: tower_http::trace::on_request: started processing request
2026-09-12T17:28:05.638743Z  INFO request{method=GET uri=/api/custom-fields version=HTTP/1.1}: tower_http::trace::on_request: started processing request
2026-09-12T17:28:05.639186Z  INFO request{method=GET uri=/api/people/361a1a92-1d13-488e-817c-03cb4c72885a/migration-review version=HTTP/1.1}: tower_http::trace::on_request: started processing request
2026-09-12T17:28:05.647474Z  INFO request{method=GET uri=/api/people/361a1a92-1d13-488e-817c-03cb4c72885a/migration-review version=HTTP/1.1}: tower_http::trace::on_request: started processing request
2026-09-12T17:28:05.655438Z  INFO request{method=GET uri=/api/organization/members version=HTTP/1.1}: tower_http::trace::on_response: finished processing request latency=17 ms status=200
2026-09-12T17:28:05.657142Z  INFO request{method=GET uri=/api/tags version=HTTP/1.1}: tower_http::trace::on_response: finished processing request latency=20 ms status=200
2026-09-12T17:28:05.661241Z  INFO request{method=GET uri=/api/stages version=HTTP/1.1}: tower_http::trace::on_response: finished processing request latency=23 ms status=200
2026-09-12T17:28:05.664646Z  INFO request{method=GET uri=/api/custom-fields version=HTTP/1.1}: tower_http::trace::on_response: finished processing request latency=25 ms status=200
2026-09-12T17:28:05.683144Z  INFO request{method=GET uri=/api/people/361a1a92-1d13-488e-817c-03cb4c72885a/migration-review version=HTTP/1.1}: tower_http::trace::on_response: finished processing request latency=43 ms status=200
2026-09-12T17:28:05.684593Z  INFO request{method=GET uri=/api/people/361a1a92-1d13-488e-817c-03cb4c72885a/migration-review version=HTTP/1.1}: tower_http::trace::on_response: finished processing request latency=37 ms status=200
2026-09-12T17:28:05.692527Z  INFO request{method=GET uri=/api/people/361a1a92-1d13-488e-817c-03cb4c72885a/migration-review/notes version=HTTP/1.1}: tower_http::trace::on_request: started processing request
2026-09-12T17:28:05.692951Z  INFO request{method=GET uri=/api/people/361a1a92-1d13-488e-817c-03cb4c72885a/migration-review/tasks version=HTTP/1.1}: tower_http::trace::on_request: started processing request
2026-09-12T17:28:05.693530Z  INFO request{method=GET uri=/api/people/361a1a92-1d13-488e-817c-03cb4c72885a/migration-review/tasks version=HTTP/1.1}: tower_http::trace::on_request: started processing request
2026-09-12T17:28:05.694016Z  INFO request{method=GET uri=/api/people/361a1a92-1d13-488e-817c-03cb4c72885a/import-provenance version=HTTP/1.1}: tower_http::trace::on_request: started processing request
2026-09-12T17:28:05.694780Z  INFO request{method=GET uri=/api/people/361a1a92-1d13-488e-817c-03cb4c72885a/metadata-import-provenance version=HTTP/1.1}: tower_http::trace::on_request: started processing request
2026-09-12T17:28:05.703624Z  INFO request{method=GET uri=/api/people/361a1a92-1d13-488e-817c-03cb4c72885a/migration-review/tasks version=HTTP/1.1}: tower_http::trace::on_response: finished processing request latency=10 ms status=200
2026-09-12T17:28:05.703845Z  INFO request{method=GET uri=/api/people/361a1a92-1d13-488e-817c-03cb4c72885a/migration-review/notes version=HTTP/1.1}: tower_http::trace::on_response: finished processing request latency=11 ms status=200
2026-09-12T17:28:05.709222Z  INFO request{method=GET uri=/api/people/361a1a92-1d13-488e-817c-03cb4c72885a/migration-review/tasks version=HTTP/1.1}: tower_http::trace::on_response: finished processing request latency=15 ms status=200
2026-09-12T17:28:05.715068Z  INFO request{method=GET uri=/api/people/361a1a92-1d13-488e-817c-03cb4c72885a/import-provenance version=HTTP/1.1}: tower_http::trace::on_response: finished processing request latency=21 ms status=200
2026-09-12T17:28:05.718565Z  INFO request{method=GET uri=/api/people/361a1a92-1d13-488e-817c-03cb4c72885a/metadata-import-provenance version=HTTP/1.1}: tower_http::trace::on_response: finished processing request latency=23 ms status=200
2026-09-12T17:28:05.781009Z  INFO request{method=GET uri=/api/me version=HTTP/1.1}: tower_http::trace::on_request: started processing request
2026-09-12T17:28:05.782682Z  INFO request{method=GET uri=/api/me version=HTTP/1.1}: tower_http::trace::on_response: finished processing request latency=1 ms status=200
2026-09-12T17:28:05.813103Z  INFO request{method=GET uri=/api/migrations/fub/ version=HTTP/1.1}: tower_http::trace::on_request: started processing request
2026-09-12T17:28:05.813704Z  INFO request{method=GET uri=/api/migrations/fub/imports version=HTTP/1.1}: tower_http::trace::on_request: started processing request
2026-09-12T17:28:05.814233Z  INFO request{method=GET uri=/api/migrations/fub/snapshots version=HTTP/1.1}: tower_http::trace::on_request: started processing request
2026-09-12T17:28:05.814825Z  INFO request{method=GET uri=/api/migrations/fub/imports version=HTTP/1.1}: tower_http::trace::on_request: started processing request
2026-09-12T17:28:05.815302Z  INFO request{method=GET uri=/api/migrations/fub/imports version=HTTP/1.1}: tower_http::trace::on_request: started processing request
2026-09-12T17:28:05.815961Z  INFO request{method=GET uri=/api/migrations/fub/snapshots version=HTTP/1.1}: tower_http::trace::on_request: started processing request
2026-09-12T17:28:05.826450Z  INFO request{method=GET uri=/api/migrations/fub/ version=HTTP/1.1}: tower_http::trace::on_response: finished processing request latency=13 ms status=200
2026-09-12T17:28:05.828123Z  INFO request{method=GET uri=/api/migrations/fub/imports version=HTTP/1.1}: tower_http::trace::on_response: finished processing request latency=14 ms status=200
2026-09-12T17:28:05.828786Z  INFO request{method=GET uri=/api/migrations/fub/snapshots version=HTTP/1.1}: tower_http::trace::on_response: finished processing request latency=14 ms status=200
2026-09-12T17:28:05.830976Z  INFO request{method=GET uri=/api/migrations/fub/imports version=HTTP/1.1}: tower_http::trace::on_request: started processing request
2026-09-12T17:28:05.832916Z  INFO request{method=GET uri=/api/migrations/fub/imports version=HTTP/1.1}: tower_http::trace::on_response: finished processing request latency=18 ms status=200
2026-09-12T17:28:05.835659Z  INFO request{method=GET uri=/api/migrations/fub/imports/153189d3-485c-49b0-b415-6309108a9188 version=HTTP/1.1}: tower_http::trace::on_request: started processing request
2026-09-12T17:28:05.836206Z  INFO request{method=GET uri=/api/migrations/fub/imports version=HTTP/1.1}: tower_http::trace::on_response: finished processing request latency=20 ms status=200
2026-09-12T17:28:05.836258Z  INFO request{method=GET uri=/api/migrations/fub/snapshots/892214fb-86ce-419a-9715-fd1da4d9acb2 version=HTTP/1.1}: tower_http::trace::on_request: started processing request
2026-09-12T17:28:05.842284Z  INFO request{method=GET uri=/api/migrations/fub/imports/153189d3-485c-49b0-b415-6309108a9188 version=HTTP/1.1}: tower_http::trace::on_request: started processing request
2026-09-12T17:28:05.842291Z  INFO request{method=GET uri=/api/migrations/fub/snapshots version=HTTP/1.1}: tower_http::trace::on_response: finished processing request latency=26 ms status=200
2026-09-12T17:28:05.842990Z  INFO request{method=GET uri=/api/migrations/fub/metadata-imports version=HTTP/1.1}: tower_http::trace::on_request: started processing request
2026-09-12T17:28:05.845637Z  INFO request{method=GET uri=/api/migrations/fub/imports/153189d3-485c-49b0-b415-6309108a9188 version=HTTP/1.1}: tower_http::trace::on_request: started processing request
2026-09-12T17:28:05.845629Z  INFO request{method=GET uri=/api/migrations/fub/imports version=HTTP/1.1}: tower_http::trace::on_response: finished processing request latency=14 ms status=200
2026-09-12T17:28:05.849906Z  INFO request{method=GET uri=/api/migrations/fub/activity-imports version=HTTP/1.1}: tower_http::trace::on_request: started processing request
2026-09-12T17:28:05.850616Z  INFO request{method=GET uri=/api/migrations/fub/snapshots/892214fb-86ce-419a-9715-fd1da4d9acb2 version=HTTP/1.1}: tower_http::trace::on_response: finished processing request latency=14 ms status=200
2026-09-12T17:28:05.851088Z  INFO request{method=GET uri=/api/migrations/fub/imports/153189d3-485c-49b0-b415-6309108a9188 version=HTTP/1.1}: tower_http::trace::on_response: finished processing request latency=15 ms status=200
2026-09-12T17:28:05.853537Z  INFO request{method=GET uri=/api/migrations/fub/snapshots/892214fb-86ce-419a-9715-fd1da4d9acb2 version=HTTP/1.1}: tower_http::trace::on_request: started processing request
2026-09-12T17:28:05.853609Z  INFO request{method=GET uri=/api/migrations/fub/imports/153189d3-485c-49b0-b415-6309108a9188 version=HTTP/1.1}: tower_http::trace::on_request: started processing request
2026-09-12T17:28:05.856882Z  INFO request{method=GET uri=/api/migrations/fub/imports/153189d3-485c-49b0-b415-6309108a9188 version=HTTP/1.1}: tower_http::trace::on_response: finished processing request latency=14 ms status=200
2026-09-12T17:28:05.860447Z  INFO request{method=GET uri=/api/migrations/fub/metadata-imports version=HTTP/1.1}: tower_http::trace::on_response: finished processing request latency=17 ms status=200
2026-09-12T17:28:05.860905Z  INFO request{method=GET uri=/api/migrations/fub/history-captures version=HTTP/1.1}: tower_http::trace::on_request: started processing request
2026-09-12T17:28:05.862872Z  INFO request{method=GET uri=/api/migrations/fub/snapshots/892214fb-86ce-419a-9715-fd1da4d9acb2/previews/284b08bb-f92e-4810-aef7-062194fc9377 version=HTTP/1.1}: tower_http::trace::on_request: started processing request
2026-09-12T17:28:05.863512Z  INFO request{method=GET uri=/api/migrations/fub/imports/153189d3-485c-49b0-b415-6309108a9188 version=HTTP/1.1}: tower_http::trace::on_response: finished processing request latency=17 ms status=200
2026-09-12T17:28:05.865349Z  INFO request{method=GET uri=/api/migrations/fub/snapshots/892214fb-86ce-419a-9715-fd1da4d9acb2 version=HTTP/1.1}: tower_http::trace::on_response: finished processing request latency=11 ms status=200
2026-09-12T17:28:05.866204Z  INFO request{method=GET uri=/api/migrations/fub/snapshots/892214fb-86ce-419a-9715-fd1da4d9acb2 version=HTTP/1.1}: tower_http::trace::on_request: started processing request
2026-09-12T17:28:05.867900Z  INFO request{method=GET uri=/api/migrations/fub/activity-imports version=HTTP/1.1}: tower_http::trace::on_response: finished processing request latency=18 ms status=200
2026-09-12T17:28:05.868109Z  INFO request{method=GET uri=/api/migrations/fub/imports/153189d3-485c-49b0-b415-6309108a9188/plans/58c034b2-bbe3-42bc-b0b1-31a7c056a48b/mappings version=HTTP/1.1}: tower_http::trace::on_request: started processing request
2026-09-12T17:28:05.870284Z  INFO request{method=GET uri=/api/migrations/fub/imports/153189d3-485c-49b0-b415-6309108a9188/results version=HTTP/1.1}: tower_http::trace::on_request: started processing request
2026-09-12T17:28:05.873046Z  INFO request{method=GET uri=/api/migrations/fub/imports/153189d3-485c-49b0-b415-6309108a9188 version=HTTP/1.1}: tower_http::trace::on_response: finished processing request latency=19 ms status=200
2026-09-12T17:28:05.876088Z  INFO request{method=GET uri=/api/migrations/fub/snapshots/892214fb-86ce-419a-9715-fd1da4d9acb2 version=HTTP/1.1}: tower_http::trace::on_request: started processing request
2026-09-12T17:28:05.877178Z  INFO request{method=GET uri=/api/migrations/fub/snapshots/892214fb-86ce-419a-9715-fd1da4d9acb2 version=HTTP/1.1}: tower_http::trace::on_response: finished processing request latency=10 ms status=200
2026-09-12T17:28:05.878597Z  INFO request{method=GET uri=/api/migrations/fub/snapshots/892214fb-86ce-419a-9715-fd1da4d9acb2/previews/284b08bb-f92e-4810-aef7-062194fc9377 version=HTTP/1.1}: tower_http::trace::on_response: finished processing request latency=15 ms status=200
2026-09-12T17:28:05.879806Z  INFO request{method=GET uri=/api/migrations/fub/snapshots/892214fb-86ce-419a-9715-fd1da4d9acb2 version=HTTP/1.1}: tower_http::trace::on_request: started processing request
2026-09-12T17:28:05.880984Z  INFO request{method=GET uri=/api/migrations/fub/history-captures version=HTTP/1.1}: tower_http::trace::on_response: finished processing request latency=20 ms status=200
2026-09-12T17:28:05.881626Z  INFO request{method=GET uri=/api/migrations/fub/snapshots/892214fb-86ce-419a-9715-fd1da4d9acb2/previews/284b08bb-f92e-4810-aef7-062194fc9377 version=HTTP/1.1}: tower_http::trace::on_request: started processing request
2026-09-12T17:28:05.883118Z  INFO request{method=GET uri=/api/migrations/fub/imports/153189d3-485c-49b0-b415-6309108a9188/plans/58c034b2-bbe3-42bc-b0b1-31a7c056a48b/mappings version=HTTP/1.1}: tower_http::trace::on_response: finished processing request latency=15 ms status=200
2026-09-12T17:28:05.886473Z  INFO request{method=GET uri=/api/migrations/fub/history-captures/01375974-41c6-4916-bfd2-bca66e5af119 version=HTTP/1.1}: tower_http::trace::on_request: started processing request
2026-09-12T17:28:05.888631Z  INFO request{method=GET uri=/api/migrations/fub/imports/153189d3-485c-49b0-b415-6309108a9188/results version=HTTP/1.1}: tower_http::trace::on_response: finished processing request latency=18 ms status=200
2026-09-12T17:28:05.890116Z  INFO request{method=GET uri=/api/migrations/fub/snapshots/892214fb-86ce-419a-9715-fd1da4d9acb2 version=HTTP/1.1}: tower_http::trace::on_response: finished processing request latency=14 ms status=200
2026-09-12T17:28:05.892657Z  INFO request{method=GET uri=/api/migrations/fub/snapshots/892214fb-86ce-419a-9715-fd1da4d9acb2 version=HTTP/1.1}: tower_http::trace::on_response: finished processing request latency=12 ms status=200
2026-09-12T17:28:05.895596Z  INFO request{method=GET uri=/api/migrations/fub/snapshots/892214fb-86ce-419a-9715-fd1da4d9acb2/previews/284b08bb-f92e-4810-aef7-062194fc9377 version=HTTP/1.1}: tower_http::trace::on_response: finished processing request latency=13 ms status=200
2026-09-12T17:28:05.899882Z  INFO request{method=GET uri=/api/migrations/fub/history-captures/01375974-41c6-4916-bfd2-bca66e5af119 version=HTTP/1.1}: tower_http::trace::on_response: finished processing request latency=13 ms status=200
2026-09-12T17:28:05.903197Z  INFO request{method=GET uri=/api/migrations/fub/snapshots/892214fb-86ce-419a-9715-fd1da4d9acb2/previews/284b08bb-f92e-4810-aef7-062194fc9377/records version=HTTP/1.1}: tower_http::trace::on_request: started processing request
2026-09-12T17:28:05.906670Z  INFO request{method=GET uri=/api/migrations/fub/history-captures/01375974-41c6-4916-bfd2-bca66e5af119/records version=HTTP/1.1}: tower_http::trace::on_request: started processing request
2026-09-12T17:28:05.910777Z  INFO request{method=GET uri=/api/migrations/fub/snapshots/892214fb-86ce-419a-9715-fd1da4d9acb2/previews/284b08bb-f92e-4810-aef7-062194fc9377/records version=HTTP/1.1}: tower_http::trace::on_response: finished processing request latency=7 ms status=200
2026-09-12T17:28:05.943116Z  INFO request{method=GET uri=/api/migrations/fub/history-captures/01375974-41c6-4916-bfd2-bca66e5af119/records version=HTTP/1.1}: tower_http::trace::on_response: finished processing request latency=36 ms status=200
2026-09-12T17:33:19.090672Z  INFO request{method=GET uri=/api/me version=HTTP/1.1}: tower_http::trace::on_request: started processing request
2026-09-12T17:33:19.094278Z  INFO request{method=GET uri=/api/me version=HTTP/1.1}: tower_http::trace::on_response: finished processing request latency=3 ms status=200
2026-09-12T17:33:19.105605Z  INFO request{method=GET uri=/api/me version=HTTP/1.1}: tower_http::trace::on_request: started processing request
2026-09-12T17:33:19.107678Z  INFO request{method=GET uri=/api/me version=HTTP/1.1}: tower_http::trace::on_response: finished processing request latency=2 ms status=200
2026-09-12T17:33:19.140026Z  INFO request{method=GET uri=/api/migrations/fub/ version=HTTP/1.1}: tower_http::trace::on_request: started processing request
2026-09-12T17:33:19.140509Z  INFO request{method=GET uri=/api/migrations/fub/imports version=HTTP/1.1}: tower_http::trace::on_request: started processing request
2026-09-12T17:33:19.141048Z  INFO request{method=GET uri=/api/migrations/fub/imports version=HTTP/1.1}: tower_http::trace::on_request: started processing request
2026-09-12T17:33:19.141567Z  INFO request{method=GET uri=/api/migrations/fub/snapshots version=HTTP/1.1}: tower_http::trace::on_request: started processing request
2026-09-12T17:33:19.142164Z  INFO request{method=GET uri=/api/migrations/fub/imports version=HTTP/1.1}: tower_http::trace::on_request: started processing request
2026-09-12T17:33:19.142642Z  INFO request{method=GET uri=/api/migrations/fub/imports version=HTTP/1.1}: tower_http::trace::on_request: started processing request
2026-09-12T17:33:19.173107Z  INFO request{method=GET uri=/api/migrations/fub/imports version=HTTP/1.1}: tower_http::trace::on_response: finished processing request latency=32 ms status=200
2026-09-12T17:33:19.175403Z  INFO request{method=GET uri=/api/migrations/fub/imports version=HTTP/1.1}: tower_http::trace::on_response: finished processing request latency=34 ms status=200
2026-09-12T17:33:19.178011Z  INFO request{method=GET uri=/api/migrations/fub/snapshots version=HTTP/1.1}: tower_http::trace::on_response: finished processing request latency=36 ms status=200
2026-09-12T17:33:19.183273Z  INFO request{method=GET uri=/api/migrations/fub/snapshots version=HTTP/1.1}: tower_http::trace::on_request: started processing request
2026-09-12T17:33:19.183837Z  INFO request{method=GET uri=/api/migrations/fub/imports version=HTTP/1.1}: tower_http::trace::on_response: finished processing request latency=41 ms status=200
2026-09-12T17:33:19.189606Z  INFO request{method=GET uri=/api/migrations/fub/imports/153189d3-485c-49b0-b415-6309108a9188 version=HTTP/1.1}: tower_http::trace::on_request: started processing request
2026-09-12T17:33:19.190288Z  INFO request{method=GET uri=/api/migrations/fub/imports/153189d3-485c-49b0-b415-6309108a9188 version=HTTP/1.1}: tower_http::trace::on_request: started processing request
2026-09-12T17:33:19.192019Z  INFO request{method=GET uri=/api/migrations/fub/metadata-imports version=HTTP/1.1}: tower_http::trace::on_request: started processing request
2026-09-12T17:33:19.207824Z  WARN sqlx::postgres::notice: there is no transaction in progress
2026-09-12T17:33:19.231120Z  INFO request{method=GET uri=/api/me version=HTTP/1.1}: tower_http::trace::on_request: started processing request
2026-09-12T17:33:19.232437Z  INFO request{method=GET uri=/api/me version=HTTP/1.1}: tower_http::trace::on_response: finished processing request latency=1 ms status=200
2026-09-12T17:33:19.280995Z  INFO request{method=GET uri=/api/migrations/fub/ version=HTTP/1.1}: tower_http::trace::on_request: started processing request
2026-09-12T17:33:19.282664Z  INFO request{method=GET uri=/api/migrations/fub/imports version=HTTP/1.1}: tower_http::trace::on_request: started processing request
2026-09-12T17:33:19.282670Z  INFO request{method=GET uri=/api/migrations/fub/imports version=HTTP/1.1}: tower_http::trace::on_request: started processing request
2026-09-12T17:33:19.283213Z  INFO request{method=GET uri=/api/migrations/fub/snapshots version=HTTP/1.1}: tower_http::trace::on_request: started processing request
2026-09-12T17:33:19.283910Z  INFO request{method=GET uri=/api/migrations/fub/snapshots version=HTTP/1.1}: tower_http::trace::on_request: started processing request
2026-09-12T17:33:19.284496Z  INFO request{method=GET uri=/api/migrations/fub/imports version=HTTP/1.1}: tower_http::trace::on_request: started processing request
2026-09-12T17:33:19.285881Z  WARN request{method=GET uri=/api/migrations/fub/snapshots version=HTTP/1.1}: sqlx::postgres::notice: there is already a transaction in progress
2026-09-12T17:33:19.295917Z  INFO request{method=GET uri=/api/migrations/fub/ version=HTTP/1.1}: tower_http::trace::on_response: finished processing request latency=14 ms status=200
2026-09-12T17:33:19.296744Z  INFO request{method=GET uri=/api/migrations/fub/imports version=HTTP/1.1}: tower_http::trace::on_response: finished processing request latency=14 ms status=200
2026-09-12T17:33:19.298752Z  INFO request{method=GET uri=/api/migrations/fub/snapshots version=HTTP/1.1}: tower_http::trace::on_response: finished processing request latency=15 ms status=200
2026-09-12T17:33:19.298914Z  INFO request{method=GET uri=/api/migrations/fub/snapshots version=HTTP/1.1}: tower_http::trace::on_response: finished processing request latency=15 ms status=200
2026-09-12T17:33:19.299979Z  INFO request{method=GET uri=/api/migrations/fub/imports version=HTTP/1.1}: tower_http::trace::on_request: started processing request
2026-09-12T17:33:19.300756Z  INFO request{method=GET uri=/api/me version=HTTP/1.1}: tower_http::trace::on_request: started processing request
2026-09-12T17:33:19.302015Z  INFO request{method=GET uri=/api/me version=HTTP/1.1}: tower_http::trace::on_response: finished processing request latency=1 ms status=200
2026-09-12T17:33:19.309223Z  INFO request{method=GET uri=/api/migrations/fub/imports/153189d3-485c-49b0-b415-6309108a9188 version=HTTP/1.1}: tower_http::trace::on_request: started processing request
2026-09-12T17:33:19.309395Z  INFO request{method=GET uri=/api/migrations/fub/snapshots/892214fb-86ce-419a-9715-fd1da4d9acb2 version=HTTP/1.1}: tower_http::trace::on_request: started processing request
2026-09-12T17:33:19.310407Z  INFO request{method=GET uri=/api/migrations/fub/snapshots/892214fb-86ce-419a-9715-fd1da4d9acb2 version=HTTP/1.1}: tower_http::trace::on_request: started processing request
2026-09-12T17:33:19.314446Z  INFO request{method=GET uri=/api/migrations/fub/imports version=HTTP/1.1}: tower_http::trace::on_response: finished processing request latency=29 ms status=200
2026-09-12T17:33:19.318764Z  INFO request{method=GET uri=/api/migrations/fub/imports version=HTTP/1.1}: tower_http::trace::on_response: finished processing request latency=18 ms status=200
2026-09-12T17:33:19.322060Z  INFO request{method=GET uri=/api/migrations/fub/snapshots/892214fb-86ce-419a-9715-fd1da4d9acb2 version=HTTP/1.1}: tower_http::trace::on_response: finished processing request latency=12 ms status=200
2026-09-12T17:33:19.324147Z  INFO request{method=GET uri=/api/migrations/fub/imports/153189d3-485c-49b0-b415-6309108a9188 version=HTTP/1.1}: tower_http::trace::on_response: finished processing request latency=14 ms status=200
2026-09-12T17:33:19.328580Z  WARN sqlx::postgres::notice: there is no transaction in progress
2026-09-12T17:33:19.355971Z  INFO request{method=GET uri=/api/me version=HTTP/1.1}: tower_http::trace::on_request: started processing request
2026-09-12T17:33:19.358131Z  INFO request{method=GET uri=/api/me version=HTTP/1.1}: tower_http::trace::on_response: finished processing request latency=2 ms status=200
2026-09-12T17:33:19.383599Z  INFO request{method=GET uri=/api/migrations/fub/ version=HTTP/1.1}: tower_http::trace::on_request: started processing request
2026-09-12T17:33:19.383991Z  INFO request{method=GET uri=/api/migrations/fub/imports version=HTTP/1.1}: tower_http::trace::on_request: started processing request
2026-09-12T17:33:19.384929Z  INFO request{method=GET uri=/api/migrations/fub/imports version=HTTP/1.1}: tower_http::trace::on_request: started processing request
2026-09-12T17:33:19.385941Z  INFO request{method=GET uri=/api/migrations/fub/snapshots version=HTTP/1.1}: tower_http::trace::on_request: started processing request
2026-09-12T17:33:19.386587Z  INFO request{method=GET uri=/api/migrations/fub/imports version=HTTP/1.1}: tower_http::trace::on_request: started processing request
2026-09-12T17:33:19.387649Z  INFO request{method=GET uri=/api/migrations/fub/snapshots version=HTTP/1.1}: tower_http::trace::on_request: started processing request
2026-09-12T17:33:19.394183Z  INFO request{method=GET uri=/api/migrations/fub/ version=HTTP/1.1}: tower_http::trace::on_response: finished processing request latency=10 ms status=200
2026-09-12T17:33:19.397361Z  INFO request{method=GET uri=/api/migrations/fub/imports version=HTTP/1.1}: tower_http::trace::on_response: finished processing request latency=12 ms status=200
2026-09-12T17:33:19.398559Z  INFO request{method=GET uri=/api/migrations/fub/snapshots version=HTTP/1.1}: tower_http::trace::on_response: finished processing request latency=12 ms status=200
2026-09-12T17:33:19.399879Z  INFO request{method=GET uri=/api/migrations/fub/imports version=HTTP/1.1}: tower_http::trace::on_request: started processing request
2026-09-12T17:33:19.401366Z  INFO request{method=GET uri=/api/migrations/fub/imports version=HTTP/1.1}: tower_http::trace::on_response: finished processing request latency=14 ms status=200
2026-09-12T17:33:19.404945Z  INFO request{method=GET uri=/api/migrations/fub/imports version=HTTP/1.1}: tower_http::trace::on_response: finished processing request latency=20 ms status=200
2026-09-12T17:33:19.406201Z  INFO request{method=GET uri=/api/migrations/fub/snapshots version=HTTP/1.1}: tower_http::trace::on_response: finished processing request latency=18 ms status=200
2026-09-12T17:33:19.413237Z  INFO request{method=GET uri=/api/migrations/fub/imports/153189d3-485c-49b0-b415-6309108a9188 version=HTTP/1.1}: tower_http::trace::on_request: started processing request
2026-09-12T17:33:19.415208Z  INFO request{method=GET uri=/api/migrations/fub/metadata-imports version=HTTP/1.1}: tower_http::trace::on_request: started processing request
2026-09-12T17:33:19.415680Z  INFO request{method=GET uri=/api/migrations/fub/snapshots/892214fb-86ce-419a-9715-fd1da4d9acb2 version=HTTP/1.1}: tower_http::trace::on_request: started processing request
2026-09-12T17:33:19.416515Z  INFO request{method=GET uri=/api/migrations/fub/imports/153189d3-485c-49b0-b415-6309108a9188 version=HTTP/1.1}: tower_http::trace::on_request: started processing request
2026-09-12T17:33:19.417169Z  INFO request{method=GET uri=/api/migrations/fub/activity-imports version=HTTP/1.1}: tower_http::trace::on_request: started processing request
2026-09-12T17:33:19.417804Z  INFO request{method=GET uri=/api/migrations/fub/imports version=HTTP/1.1}: tower_http::trace::on_response: finished processing request latency=17 ms status=200
2026-09-12T17:33:19.420763Z  INFO request{method=GET uri=/api/migrations/fub/imports/153189d3-485c-49b0-b415-6309108a9188 version=HTTP/1.1}: tower_http::trace::on_request: started processing request
2026-09-12T17:33:19.426309Z  INFO request{method=GET uri=/api/migrations/fub/snapshots/892214fb-86ce-419a-9715-fd1da4d9acb2 version=HTTP/1.1}: tower_http::trace::on_response: finished processing request latency=10 ms status=200
2026-09-12T17:33:19.426392Z  INFO request{method=GET uri=/api/migrations/fub/imports/153189d3-485c-49b0-b415-6309108a9188 version=HTTP/1.1}: tower_http::trace::on_response: finished processing request latency=13 ms status=200
2026-09-12T17:33:19.429672Z  INFO request{method=GET uri=/api/migrations/fub/snapshots/892214fb-86ce-419a-9715-fd1da4d9acb2 version=HTTP/1.1}: tower_http::trace::on_request: started processing request
2026-09-12T17:33:19.430180Z  INFO request{method=GET uri=/api/migrations/fub/metadata-imports version=HTTP/1.1}: tower_http::trace::on_response: finished processing request latency=15 ms status=200
2026-09-12T17:33:19.430654Z  INFO request{method=GET uri=/api/migrations/fub/imports/153189d3-485c-49b0-b415-6309108a9188 version=HTTP/1.1}: tower_http::trace::on_request: started processing request
2026-09-12T17:33:19.432728Z  INFO request{method=GET uri=/api/migrations/fub/history-captures version=HTTP/1.1}: tower_http::trace::on_request: started processing request
2026-09-12T17:33:19.433797Z  INFO request{method=GET uri=/api/migrations/fub/imports/153189d3-485c-49b0-b415-6309108a9188 version=HTTP/1.1}: tower_http::trace::on_response: finished processing request latency=17 ms status=200
2026-09-12T17:33:19.435480Z  INFO request{method=GET uri=/api/migrations/fub/activity-imports version=HTTP/1.1}: tower_http::trace::on_response: finished processing request latency=18 ms status=200
2026-09-12T17:33:19.437468Z  INFO request{method=GET uri=/api/migrations/fub/snapshots/892214fb-86ce-419a-9715-fd1da4d9acb2/previews/284b08bb-f92e-4810-aef7-062194fc9377 version=HTTP/1.1}: tower_http::trace::on_request: started processing request
2026-09-12T17:33:19.438293Z  INFO request{method=GET uri=/api/migrations/fub/imports/153189d3-485c-49b0-b415-6309108a9188 version=HTTP/1.1}: tower_http::trace::on_response: finished processing request latency=17 ms status=200
2026-09-12T17:33:19.440063Z  INFO request{method=GET uri=/api/migrations/fub/snapshots/892214fb-86ce-419a-9715-fd1da4d9acb2 version=HTTP/1.1}: tower_http::trace::on_request: started processing request
2026-09-12T17:33:19.441307Z  INFO request{method=GET uri=/api/migrations/fub/snapshots/892214fb-86ce-419a-9715-fd1da4d9acb2 version=HTTP/1.1}: tower_http::trace::on_request: started processing request
2026-09-12T17:33:19.443816Z  INFO request{method=GET uri=/api/migrations/fub/snapshots/892214fb-86ce-419a-9715-fd1da4d9acb2 version=HTTP/1.1}: tower_http::trace::on_response: finished processing request latency=14 ms status=200
2026-09-12T17:33:19.444995Z  INFO request{method=GET uri=/api/migrations/fub/imports/153189d3-485c-49b0-b415-6309108a9188 version=HTTP/1.1}: tower_http::trace::on_response: finished processing request latency=14 ms status=200
2026-09-12T17:33:19.449114Z  INFO request{method=GET uri=/api/migrations/fub/snapshots/892214fb-86ce-419a-9715-fd1da4d9acb2 version=HTTP/1.1}: tower_http::trace::on_request: started processing request
2026-09-12T17:33:19.449663Z  INFO request{method=GET uri=/api/migrations/fub/imports/153189d3-485c-49b0-b415-6309108a9188/plans/58c034b2-bbe3-42bc-b0b1-31a7c056a48b/mappings version=HTTP/1.1}: tower_http::trace::on_request: started processing request
2026-09-12T17:33:19.451020Z  INFO request{method=GET uri=/api/migrations/fub/history-captures version=HTTP/1.1}: tower_http::trace::on_response: finished processing request latency=18 ms status=200
2026-09-12T17:33:19.454835Z  INFO request{method=GET uri=/api/migrations/fub/snapshots/892214fb-86ce-419a-9715-fd1da4d9acb2 version=HTTP/1.1}: tower_http::trace::on_response: finished processing request latency=14 ms status=200
2026-09-12T17:33:19.458303Z  INFO request{method=GET uri=/api/migrations/fub/imports/153189d3-485c-49b0-b415-6309108a9188/results version=HTTP/1.1}: tower_http::trace::on_request: started processing request
2026-09-12T17:33:19.462416Z  INFO request{method=GET uri=/api/migrations/fub/snapshots/892214fb-86ce-419a-9715-fd1da4d9acb2 version=HTTP/1.1}: tower_http::trace::on_response: finished processing request latency=21 ms status=200
2026-09-12T17:33:19.464152Z  INFO request{method=GET uri=/api/migrations/fub/snapshots/892214fb-86ce-419a-9715-fd1da4d9acb2/previews/284b08bb-f92e-4810-aef7-062194fc9377 version=HTTP/1.1}: tower_http::trace::on_request: started processing request
2026-09-12T17:33:19.466429Z  INFO request{method=GET uri=/api/migrations/fub/history-captures/01375974-41c6-4916-bfd2-bca66e5af119 version=HTTP/1.1}: tower_http::trace::on_request: started processing request
2026-09-12T17:33:19.466915Z  INFO request{method=GET uri=/api/migrations/fub/snapshots/892214fb-86ce-419a-9715-fd1da4d9acb2/previews/284b08bb-f92e-4810-aef7-062194fc9377 version=HTTP/1.1}: tower_http::trace::on_response: finished processing request latency=29 ms status=200
2026-09-12T17:33:19.468079Z  INFO request{method=GET uri=/api/migrations/fub/snapshots/892214fb-86ce-419a-9715-fd1da4d9acb2 version=HTTP/1.1}: tower_http::trace::on_response: finished processing request latency=18 ms status=200
2026-09-12T17:33:19.469884Z  INFO request{method=GET uri=/api/migrations/fub/imports/153189d3-485c-49b0-b415-6309108a9188/plans/58c034b2-bbe3-42bc-b0b1-31a7c056a48b/mappings version=HTTP/1.1}: tower_http::trace::on_response: finished processing request latency=20 ms status=200
2026-09-12T17:33:19.475429Z  INFO request{method=GET uri=/api/migrations/fub/imports/153189d3-485c-49b0-b415-6309108a9188/results version=HTTP/1.1}: tower_http::trace::on_response: finished processing request latency=17 ms status=200
2026-09-12T17:33:19.481439Z  INFO request{method=GET uri=/api/migrations/fub/snapshots/892214fb-86ce-419a-9715-fd1da4d9acb2/previews/284b08bb-f92e-4810-aef7-062194fc9377 version=HTTP/1.1}: tower_http::trace::on_response: finished processing request latency=17 ms status=200
2026-09-12T17:33:19.481991Z  INFO request{method=GET uri=/api/migrations/fub/history-captures/01375974-41c6-4916-bfd2-bca66e5af119 version=HTTP/1.1}: tower_http::trace::on_response: finished processing request latency=15 ms status=200
2026-09-12T17:33:19.489372Z  INFO request{method=GET uri=/api/migrations/fub/history-captures/01375974-41c6-4916-bfd2-bca66e5af119/records version=HTTP/1.1}: tower_http::trace::on_request: started processing request
2026-09-12T17:33:19.495368Z  INFO request{method=GET uri=/api/migrations/fub/snapshots/892214fb-86ce-419a-9715-fd1da4d9acb2/previews/284b08bb-f92e-4810-aef7-062194fc9377/records version=HTTP/1.1}: tower_http::trace::on_request: started processing request
2026-09-12T17:33:19.504338Z  INFO request{method=GET uri=/api/migrations/fub/snapshots/892214fb-86ce-419a-9715-fd1da4d9acb2/previews/284b08bb-f92e-4810-aef7-062194fc9377/records version=HTTP/1.1}: tower_http::trace::on_response: finished processing request latency=9 ms status=200
2026-09-12T17:33:19.530486Z  INFO request{method=GET uri=/api/migrations/fub/history-captures/01375974-41c6-4916-bfd2-bca66e5af119/records version=HTTP/1.1}: tower_http::trace::on_response: finished processing request latency=41 ms status=200
2026-09-12T17:33:19.892537Z  INFO request{method=GET uri=/api/migrations/fub/history-captures/01375974-41c6-4916-bfd2-bca66e5af119 version=HTTP/1.1}: tower_http::trace::on_request: started processing request
2026-09-12T17:33:19.916627Z  INFO request{method=GET uri=/api/migrations/fub/history-captures/01375974-41c6-4916-bfd2-bca66e5af119 version=HTTP/1.1}: tower_http::trace::on_response: finished processing request latency=24 ms status=200
2026-09-12T17:33:19.924814Z  INFO request{method=GET uri=/api/migrations/fub/history-captures/01375974-41c6-4916-bfd2-bca66e5af119/records version=HTTP/1.1}: tower_http::trace::on_request: started processing request
2026-09-12T17:33:19.984578Z  INFO request{method=GET uri=/api/migrations/fub/history-captures/01375974-41c6-4916-bfd2-bca66e5af119/records version=HTTP/1.1}: tower_http::trace::on_response: finished processing request latency=59 ms status=200
2026-09-12T17:33:20.001915Z  INFO request{method=GET uri=/api/migrations/fub/history-captures/01375974-41c6-4916-bfd2-bca66e5af119/records version=HTTP/1.1}: tower_http::trace::on_request: started processing request
2026-09-12T17:33:20.044455Z  INFO request{method=GET uri=/api/migrations/fub/history-captures/01375974-41c6-4916-bfd2-bca66e5af119/records version=HTTP/1.1}: tower_http::trace::on_response: finished processing request latency=42 ms status=200
2026-09-12T17:33:20.057993Z  INFO request{method=GET uri=/api/migrations/fub/history-captures/01375974-41c6-4916-bfd2-bca66e5af119/records version=HTTP/1.1}: tower_http::trace::on_request: started processing request
2026-09-12T17:33:20.100398Z  INFO request{method=GET uri=/api/migrations/fub/history-captures/01375974-41c6-4916-bfd2-bca66e5af119/records version=HTTP/1.1}: tower_http::trace::on_response: finished processing request latency=42 ms status=200
2026-09-12T17:33:20.114073Z  INFO request{method=GET uri=/api/migrations/fub/history-captures/01375974-41c6-4916-bfd2-bca66e5af119/records version=HTTP/1.1}: tower_http::trace::on_request: started processing request
2026-09-12T17:33:20.154330Z  INFO request{method=GET uri=/api/migrations/fub/history-captures/01375974-41c6-4916-bfd2-bca66e5af119/records version=HTTP/1.1}: tower_http::trace::on_response: finished processing request latency=40 ms status=200
2026-09-12T17:33:20.169329Z  INFO request{method=GET uri=/api/migrations/fub/history-captures/01375974-41c6-4916-bfd2-bca66e5af119/records version=HTTP/1.1}: tower_http::trace::on_request: started processing request
2026-09-12T17:33:20.214095Z  INFO request{method=GET uri=/api/migrations/fub/history-captures/01375974-41c6-4916-bfd2-bca66e5af119/records version=HTTP/1.1}: tower_http::trace::on_response: finished processing request latency=44 ms status=200
2026-09-12T17:33:20.227785Z  INFO request{method=GET uri=/api/migrations/fub/history-captures/01375974-41c6-4916-bfd2-bca66e5af119/records version=HTTP/1.1}: tower_http::trace::on_request: started processing request
2026-09-12T17:33:20.267864Z  INFO request{method=GET uri=/api/migrations/fub/history-captures/01375974-41c6-4916-bfd2-bca66e5af119/records version=HTTP/1.1}: tower_http::trace::on_response: finished processing request latency=40 ms status=200
2026-09-12T17:33:20.282870Z  INFO request{method=GET uri=/api/migrations/fub/history-captures/01375974-41c6-4916-bfd2-bca66e5af119/records version=HTTP/1.1}: tower_http::trace::on_request: started processing request
2026-09-12T17:33:20.320486Z  INFO request{method=GET uri=/api/migrations/fub/history-captures/01375974-41c6-4916-bfd2-bca66e5af119/records version=HTTP/1.1}: tower_http::trace::on_response: finished processing request latency=37 ms status=200
2026-09-12T17:33:20.332856Z  INFO request{method=GET uri=/api/migrations/fub/history-captures/01375974-41c6-4916-bfd2-bca66e5af119/records version=HTTP/1.1}: tower_http::trace::on_request: started processing request
2026-09-12T17:33:20.375302Z  INFO request{method=GET uri=/api/migrations/fub/history-captures/01375974-41c6-4916-bfd2-bca66e5af119/records version=HTTP/1.1}: tower_http::trace::on_response: finished processing request latency=42 ms status=200
2026-09-12T17:33:20.387792Z  INFO request{method=GET uri=/api/migrations/fub/history-captures/01375974-41c6-4916-bfd2-bca66e5af119/records version=HTTP/1.1}: tower_http::trace::on_request: started processing request
2026-09-12T17:33:20.397397Z  INFO request{method=GET uri=/api/migrations/fub/history-captures/01375974-41c6-4916-bfd2-bca66e5af119/records version=HTTP/1.1}: tower_http::trace::on_response: finished processing request latency=9 ms status=200
2026-09-12T17:33:20.433923Z  INFO request{method=GET uri=/api/migrations/fub/imports version=HTTP/1.1}: tower_http::trace::on_request: started processing request
2026-09-12T17:33:20.434370Z  INFO request{method=GET uri=/api/migrations/fub/imports/153189d3-485c-49b0-b415-6309108a9188 version=HTTP/1.1}: tower_http::trace::on_request: started processing request
2026-09-12T17:33:20.434920Z  INFO request{method=GET uri=/api/migrations/fub/history-captures version=HTTP/1.1}: tower_http::trace::on_request: started processing request
2026-09-12T17:33:20.435486Z  INFO request{method=GET uri=/api/migrations/fub/history-captures/01375974-41c6-4916-bfd2-bca66e5af119 version=HTTP/1.1}: tower_http::trace::on_request: started processing request
2026-09-12T17:33:20.443660Z  INFO request{method=GET uri=/api/migrations/fub/imports version=HTTP/1.1}: tower_http::trace::on_response: finished processing request latency=9 ms status=200
2026-09-12T17:33:20.446660Z  INFO request{method=GET uri=/api/migrations/fub/imports/153189d3-485c-49b0-b415-6309108a9188 version=HTTP/1.1}: tower_http::trace::on_response: finished processing request latency=12 ms status=200
2026-09-12T17:33:20.449448Z  INFO request{method=GET uri=/api/migrations/fub/history-captures/01375974-41c6-4916-bfd2-bca66e5af119 version=HTTP/1.1}: tower_http::trace::on_response: finished processing request latency=13 ms status=200
2026-09-12T17:33:20.457366Z  INFO request{method=GET uri=/api/migrations/fub/history-captures version=HTTP/1.1}: tower_http::trace::on_response: finished processing request latency=22 ms status=200
2026-09-12T17:33:20.970067Z  INFO request{method=GET uri=/api/migrations/fub/history-captures/01375974-41c6-4916-bfd2-bca66e5af119/records version=HTTP/1.1}: tower_http::trace::on_request: started processing request
2026-09-12T17:33:20.998302Z  INFO request{method=GET uri=/api/migrations/fub/history-captures/01375974-41c6-4916-bfd2-bca66e5af119/records version=HTTP/1.1}: tower_http::trace::on_response: finished processing request latency=28 ms status=200
2026-09-12T17:33:21.455842Z  INFO request{method=GET uri=/api/me version=HTTP/1.1}: tower_http::trace::on_request: started processing request
2026-09-12T17:33:21.462960Z  INFO request{method=GET uri=/api/me version=HTTP/1.1}: tower_http::trace::on_response: finished processing request latency=7 ms status=200
2026-09-12T17:33:21.510621Z  INFO request{method=GET uri=/api/me version=HTTP/1.1}: tower_http::trace::on_request: started processing request
2026-09-12T17:33:21.513032Z  INFO request{method=GET uri=/api/me version=HTTP/1.1}: tower_http::trace::on_response: finished processing request latency=2 ms status=200
2026-09-12T17:33:21.539990Z  INFO request{method=GET uri=/api/migrations/fub/ version=HTTP/1.1}: tower_http::trace::on_request: started processing request
2026-09-12T17:33:21.540967Z  INFO request{method=GET uri=/api/migrations/fub/imports version=HTTP/1.1}: tower_http::trace::on_request: started processing request
2026-09-12T17:33:21.541441Z  INFO request{method=GET uri=/api/migrations/fub/imports version=HTTP/1.1}: tower_http::trace::on_request: started processing request
2026-09-12T17:33:21.542150Z  INFO request{method=GET uri=/api/migrations/fub/snapshots version=HTTP/1.1}: tower_http::trace::on_request: started processing request
2026-09-12T17:33:21.542732Z  INFO request{method=GET uri=/api/migrations/fub/snapshots version=HTTP/1.1}: tower_http::trace::on_request: started processing request
2026-09-12T17:33:21.543228Z  INFO request{method=GET uri=/api/migrations/fub/imports version=HTTP/1.1}: tower_http::trace::on_request: started processing request
2026-09-12T17:33:21.574535Z  INFO request{method=GET uri=/api/migrations/fub/imports version=HTTP/1.1}: tower_http::trace::on_response: finished processing request latency=33 ms status=200
2026-09-12T17:33:21.576775Z  INFO request{method=GET uri=/api/migrations/fub/imports version=HTTP/1.1}: tower_http::trace::on_response: finished processing request latency=35 ms status=200
2026-09-12T17:33:21.580754Z  INFO request{method=GET uri=/api/migrations/fub/ version=HTTP/1.1}: tower_http::trace::on_response: finished processing request latency=40 ms status=200
2026-09-12T17:33:21.582399Z  INFO request{method=GET uri=/api/migrations/fub/imports version=HTTP/1.1}: tower_http::trace::on_request: started processing request
2026-09-12T17:33:21.584491Z  INFO request{method=GET uri=/api/migrations/fub/snapshots version=HTTP/1.1}: tower_http::trace::on_response: finished processing request latency=41 ms status=200
2026-09-12T17:33:21.584540Z  INFO request{method=GET uri=/api/migrations/fub/snapshots version=HTTP/1.1}: tower_http::trace::on_response: finished processing request latency=42 ms status=200
2026-09-12T17:33:21.584506Z  INFO request{method=GET uri=/api/migrations/fub/imports/153189d3-485c-49b0-b415-6309108a9188 version=HTTP/1.1}: tower_http::trace::on_request: started processing request
2026-09-12T17:33:21.585774Z  INFO request{method=GET uri=/api/migrations/fub/imports/153189d3-485c-49b0-b415-6309108a9188 version=HTTP/1.1}: tower_http::trace::on_request: started processing request
2026-09-12T17:33:21.586863Z  INFO request{method=GET uri=/api/migrations/fub/metadata-imports version=HTTP/1.1}: tower_http::trace::on_request: started processing request
2026-09-12T17:33:21.591848Z  INFO request{method=GET uri=/api/migrations/fub/imports version=HTTP/1.1}: tower_http::trace::on_response: finished processing request latency=48 ms status=200
2026-09-12T17:33:21.593066Z  INFO request{method=GET uri=/api/migrations/fub/snapshots/892214fb-86ce-419a-9715-fd1da4d9acb2 version=HTTP/1.1}: tower_http::trace::on_request: started processing request
2026-09-12T17:33:21.594529Z  INFO request{method=GET uri=/api/migrations/fub/snapshots/892214fb-86ce-419a-9715-fd1da4d9acb2 version=HTTP/1.1}: tower_http::trace::on_request: started processing request
2026-09-12T17:33:21.598441Z  INFO request{method=GET uri=/api/migrations/fub/imports version=HTTP/1.1}: tower_http::trace::on_response: finished processing request latency=16 ms status=200
2026-09-12T17:33:21.600483Z  INFO request{method=GET uri=/api/migrations/fub/imports/153189d3-485c-49b0-b415-6309108a9188 version=HTTP/1.1}: tower_http::trace::on_response: finished processing request latency=15 ms status=200
2026-09-12T17:33:21.601995Z  INFO request{method=GET uri=/api/migrations/fub/imports/153189d3-485c-49b0-b415-6309108a9188 version=HTTP/1.1}: tower_http::trace::on_request: started processing request
2026-09-12T17:33:21.603922Z  INFO request{method=GET uri=/api/migrations/fub/activity-imports version=HTTP/1.1}: tower_http::trace::on_request: started processing request
2026-09-12T17:33:21.609192Z  INFO request{method=GET uri=/api/migrations/fub/imports/153189d3-485c-49b0-b415-6309108a9188 version=HTTP/1.1}: tower_http::trace::on_response: finished processing request latency=23 ms status=200
2026-09-12T17:33:21.612778Z  INFO request{method=GET uri=/api/migrations/fub/snapshots/892214fb-86ce-419a-9715-fd1da4d9acb2 version=HTTP/1.1}: tower_http::trace::on_response: finished processing request latency=19 ms status=200
2026-09-12T17:33:21.612798Z  INFO request{method=GET uri=/api/migrations/fub/metadata-imports version=HTTP/1.1}: tower_http::trace::on_response: finished processing request latency=25 ms status=200
2026-09-12T17:33:21.614042Z  INFO request{method=GET uri=/api/migrations/fub/imports/153189d3-485c-49b0-b415-6309108a9188 version=HTTP/1.1}: tower_http::trace::on_request: started processing request
2026-09-12T17:33:21.616018Z  INFO request{method=GET uri=/api/migrations/fub/history-captures version=HTTP/1.1}: tower_http::trace::on_request: started processing request
2026-09-12T17:33:21.616296Z  INFO request{method=GET uri=/api/migrations/fub/snapshots/892214fb-86ce-419a-9715-fd1da4d9acb2 version=HTTP/1.1}: tower_http::trace::on_request: started processing request
2026-09-12T17:33:21.617892Z  INFO request{method=GET uri=/api/migrations/fub/snapshots/892214fb-86ce-419a-9715-fd1da4d9acb2 version=HTTP/1.1}: tower_http::trace::on_response: finished processing request latency=23 ms status=200
2026-09-12T17:33:21.622389Z  INFO request{method=GET uri=/api/migrations/fub/imports/153189d3-485c-49b0-b415-6309108a9188/plans/58c034b2-bbe3-42bc-b0b1-31a7c056a48b/mappings version=HTTP/1.1}: tower_http::trace::on_request: started processing request
2026-09-12T17:33:21.626025Z  INFO request{method=GET uri=/api/migrations/fub/imports/153189d3-485c-49b0-b415-6309108a9188 version=HTTP/1.1}: tower_http::trace::on_response: finished processing request latency=24 ms status=200
2026-09-12T17:33:21.627867Z  INFO request{method=GET uri=/api/migrations/fub/activity-imports version=HTTP/1.1}: tower_http::trace::on_response: finished processing request latency=23 ms status=200
2026-09-12T17:33:21.628051Z  INFO request{method=GET uri=/api/migrations/fub/snapshots/892214fb-86ce-419a-9715-fd1da4d9acb2 version=HTTP/1.1}: tower_http::trace::on_response: finished processing request latency=11 ms status=200
2026-09-12T17:33:21.629011Z  INFO request{method=GET uri=/api/migrations/fub/imports/153189d3-485c-49b0-b415-6309108a9188/results version=HTTP/1.1}: tower_http::trace::on_request: started processing request
2026-09-12T17:33:21.630647Z  INFO request{method=GET uri=/api/migrations/fub/snapshots/892214fb-86ce-419a-9715-fd1da4d9acb2 version=HTTP/1.1}: tower_http::trace::on_request: started processing request
2026-09-12T17:33:21.631013Z  INFO request{method=GET uri=/api/migrations/fub/imports/153189d3-485c-49b0-b415-6309108a9188 version=HTTP/1.1}: tower_http::trace::on_response: finished processing request latency=16 ms status=200
2026-09-12T17:33:21.631048Z  INFO request{method=GET uri=/api/migrations/fub/snapshots/892214fb-86ce-419a-9715-fd1da4d9acb2/previews/284b08bb-f92e-4810-aef7-062194fc9377 version=HTTP/1.1}: tower_http::trace::on_request: started processing request
2026-09-12T17:33:21.633445Z  INFO request{method=GET uri=/api/migrations/fub/snapshots/892214fb-86ce-419a-9715-fd1da4d9acb2/previews/284b08bb-f92e-4810-aef7-062194fc9377 version=HTTP/1.1}: tower_http::trace::on_request: started processing request
2026-09-12T17:33:21.637826Z  INFO request{method=GET uri=/api/migrations/fub/history-captures version=HTTP/1.1}: tower_http::trace::on_response: finished processing request latency=21 ms status=200
2026-09-12T17:33:21.639954Z  INFO request{method=GET uri=/api/migrations/fub/imports/153189d3-485c-49b0-b415-6309108a9188/plans/58c034b2-bbe3-42bc-b0b1-31a7c056a48b/mappings version=HTTP/1.1}: tower_http::trace::on_response: finished processing request latency=17 ms status=200
2026-09-12T17:33:21.640082Z  INFO request{method=GET uri=/api/migrations/fub/snapshots/892214fb-86ce-419a-9715-fd1da4d9acb2 version=HTTP/1.1}: tower_http::trace::on_response: finished processing request latency=9 ms status=200
2026-09-12T17:33:21.641355Z  INFO request{method=GET uri=/api/migrations/fub/snapshots/892214fb-86ce-419a-9715-fd1da4d9acb2 version=HTTP/1.1}: tower_http::trace::on_request: started processing request
2026-09-12T17:33:21.645930Z  INFO request{method=GET uri=/api/migrations/fub/imports/153189d3-485c-49b0-b415-6309108a9188/results version=HTTP/1.1}: tower_http::trace::on_response: finished processing request latency=16 ms status=200
2026-09-12T17:33:21.646567Z  INFO request{method=GET uri=/api/migrations/fub/history-captures/01375974-41c6-4916-bfd2-bca66e5af119 version=HTTP/1.1}: tower_http::trace::on_request: started processing request
2026-09-12T17:33:21.646800Z  INFO request{method=GET uri=/api/migrations/fub/snapshots/892214fb-86ce-419a-9715-fd1da4d9acb2/previews/284b08bb-f92e-4810-aef7-062194fc9377 version=HTTP/1.1}: tower_http::trace::on_response: finished processing request latency=15 ms status=200
2026-09-12T17:33:21.652350Z  INFO request{method=GET uri=/api/migrations/fub/snapshots/892214fb-86ce-419a-9715-fd1da4d9acb2 version=HTTP/1.1}: tower_http::trace::on_response: finished processing request latency=11 ms status=200
2026-09-12T17:33:21.655945Z  INFO request{method=GET uri=/api/migrations/fub/snapshots/892214fb-86ce-419a-9715-fd1da4d9acb2/previews/284b08bb-f92e-4810-aef7-062194fc9377/records version=HTTP/1.1}: tower_http::trace::on_request: started processing request
2026-09-12T17:33:21.655959Z  INFO request{method=GET uri=/api/migrations/fub/snapshots/892214fb-86ce-419a-9715-fd1da4d9acb2/previews/284b08bb-f92e-4810-aef7-062194fc9377 version=HTTP/1.1}: tower_http::trace::on_response: finished processing request latency=22 ms status=200
2026-09-12T17:33:21.659392Z  INFO request{method=GET uri=/api/migrations/fub/history-captures/01375974-41c6-4916-bfd2-bca66e5af119 version=HTTP/1.1}: tower_http::trace::on_response: finished processing request latency=12 ms status=200
2026-09-12T17:33:21.664232Z  INFO request{method=GET uri=/api/migrations/fub/snapshots/892214fb-86ce-419a-9715-fd1da4d9acb2/previews/284b08bb-f92e-4810-aef7-062194fc9377/records version=HTTP/1.1}: tower_http::trace::on_response: finished processing request latency=8 ms status=200
2026-09-12T17:33:21.665489Z  INFO request{method=GET uri=/api/migrations/fub/history-captures/01375974-41c6-4916-bfd2-bca66e5af119/records version=HTTP/1.1}: tower_http::trace::on_request: started processing request
2026-09-12T17:33:21.699637Z  INFO request{method=GET uri=/api/migrations/fub/history-captures/01375974-41c6-4916-bfd2-bca66e5af119/records version=HTTP/1.1}: tower_http::trace::on_response: finished processing request latency=34 ms status=200
2026-09-12T17:33:22.032169Z  INFO request{method=GET uri=/api/migrations/fub/history-captures/01375974-41c6-4916-bfd2-bca66e5af119 version=HTTP/1.1}: tower_http::trace::on_request: started processing request
2026-09-12T17:33:22.048661Z  INFO request{method=GET uri=/api/migrations/fub/history-captures/01375974-41c6-4916-bfd2-bca66e5af119 version=HTTP/1.1}: tower_http::trace::on_response: finished processing request latency=16 ms status=200
2026-09-12T17:33:22.097465Z  INFO request{method=GET uri=/api/me version=HTTP/1.1}: tower_http::trace::on_request: started processing request
2026-09-12T17:33:22.098694Z  INFO request{method=GET uri=/api/me version=HTTP/1.1}: tower_http::trace::on_response: finished processing request latency=1 ms status=200
2026-09-12T17:33:22.130047Z  INFO request{method=GET uri=/api/people/361a1a92-1d13-488e-817c-03cb4c72885a/migration-review version=HTTP/1.1}: tower_http::trace::on_request: started processing request
2026-09-12T17:33:22.130448Z  INFO request{method=GET uri=/api/tags version=HTTP/1.1}: tower_http::trace::on_request: started processing request
2026-09-12T17:33:22.131025Z  INFO request{method=GET uri=/api/stages version=HTTP/1.1}: tower_http::trace::on_request: started processing request
2026-09-12T17:33:22.131536Z  INFO request{method=GET uri=/api/organization/members version=HTTP/1.1}: tower_http::trace::on_request: started processing request
2026-09-12T17:33:22.132063Z  INFO request{method=GET uri=/api/custom-fields version=HTTP/1.1}: tower_http::trace::on_request: started processing request
2026-09-12T17:33:22.132957Z  INFO request{method=GET uri=/api/people/361a1a92-1d13-488e-817c-03cb4c72885a/migration-review version=HTTP/1.1}: tower_http::trace::on_request: started processing request
2026-09-12T17:33:22.145683Z  INFO request{method=GET uri=/api/stages version=HTTP/1.1}: tower_http::trace::on_response: finished processing request latency=14 ms status=200
2026-09-12T17:33:22.145833Z  INFO request{method=GET uri=/api/organization/members version=HTTP/1.1}: tower_http::trace::on_response: finished processing request latency=14 ms status=200
2026-09-12T17:33:22.145829Z  INFO request{method=GET uri=/api/tags version=HTTP/1.1}: tower_http::trace::on_response: finished processing request latency=15 ms status=200
2026-09-12T17:33:22.148293Z  INFO request{method=GET uri=/api/custom-fields version=HTTP/1.1}: tower_http::trace::on_response: finished processing request latency=16 ms status=200
2026-09-12T17:33:22.163544Z  INFO request{method=GET uri=/api/people/361a1a92-1d13-488e-817c-03cb4c72885a/migration-review version=HTTP/1.1}: tower_http::trace::on_response: finished processing request latency=33 ms status=200
2026-09-12T17:33:22.173225Z  INFO request{method=GET uri=/api/people/361a1a92-1d13-488e-817c-03cb4c72885a/migration-review/notes version=HTTP/1.1}: tower_http::trace::on_request: started processing request
2026-09-12T17:33:22.173811Z  INFO request{method=GET uri=/api/people/361a1a92-1d13-488e-817c-03cb4c72885a/migration-review/tasks version=HTTP/1.1}: tower_http::trace::on_request: started processing request
2026-09-12T17:33:22.174329Z  INFO request{method=GET uri=/api/people/361a1a92-1d13-488e-817c-03cb4c72885a/migration-review/tasks version=HTTP/1.1}: tower_http::trace::on_request: started processing request
2026-09-12T17:33:22.174998Z  INFO request{method=GET uri=/api/people/361a1a92-1d13-488e-817c-03cb4c72885a/import-provenance version=HTTP/1.1}: tower_http::trace::on_request: started processing request
2026-09-12T17:33:22.175633Z  INFO request{method=GET uri=/api/people/361a1a92-1d13-488e-817c-03cb4c72885a/metadata-import-provenance version=HTTP/1.1}: tower_http::trace::on_request: started processing request
2026-09-12T17:33:22.175936Z  INFO request{method=GET uri=/api/people/361a1a92-1d13-488e-817c-03cb4c72885a/migration-review version=HTTP/1.1}: tower_http::trace::on_response: finished processing request latency=42 ms status=200
2026-09-12T17:33:22.184683Z  INFO request{method=GET uri=/api/people/361a1a92-1d13-488e-817c-03cb4c72885a/migration-review/tasks version=HTTP/1.1}: tower_http::trace::on_response: finished processing request latency=10 ms status=200
2026-09-12T17:33:22.184767Z  INFO request{method=GET uri=/api/people/361a1a92-1d13-488e-817c-03cb4c72885a/migration-review/notes version=HTTP/1.1}: tower_http::trace::on_response: finished processing request latency=11 ms status=200
2026-09-12T17:33:22.190142Z  INFO request{method=GET uri=/api/people/361a1a92-1d13-488e-817c-03cb4c72885a/migration-review/tasks version=HTTP/1.1}: tower_http::trace::on_response: finished processing request latency=15 ms status=200
2026-09-12T17:33:22.196893Z  INFO request{method=GET uri=/api/people/361a1a92-1d13-488e-817c-03cb4c72885a/import-provenance version=HTTP/1.1}: tower_http::trace::on_response: finished processing request latency=21 ms status=200
2026-09-12T17:33:22.200812Z  INFO request{method=GET uri=/api/people/361a1a92-1d13-488e-817c-03cb4c72885a/metadata-import-provenance version=HTTP/1.1}: tower_http::trace::on_response: finished processing request latency=25 ms status=200
2026-09-12T17:33:22.272213Z  INFO request{method=GET uri=/api/me version=HTTP/1.1}: tower_http::trace::on_request: started processing request
2026-09-12T17:33:22.274105Z  INFO request{method=GET uri=/api/me version=HTTP/1.1}: tower_http::trace::on_response: finished processing request latency=1 ms status=200
2026-09-12T17:33:22.298023Z  INFO request{method=GET uri=/api/migrations/fub/ version=HTTP/1.1}: tower_http::trace::on_request: started processing request
2026-09-12T17:33:22.298517Z  INFO request{method=GET uri=/api/migrations/fub/imports version=HTTP/1.1}: tower_http::trace::on_request: started processing request
2026-09-12T17:33:22.299160Z  INFO request{method=GET uri=/api/migrations/fub/imports version=HTTP/1.1}: tower_http::trace::on_request: started processing request
2026-09-12T17:33:22.299680Z  INFO request{method=GET uri=/api/migrations/fub/snapshots version=HTTP/1.1}: tower_http::trace::on_request: started processing request
2026-09-12T17:33:22.300505Z  INFO request{method=GET uri=/api/migrations/fub/imports version=HTTP/1.1}: tower_http::trace::on_request: started processing request
2026-09-12T17:33:22.301089Z  INFO request{method=GET uri=/api/migrations/fub/snapshots version=HTTP/1.1}: tower_http::trace::on_request: started processing request
2026-09-12T17:33:22.308434Z  INFO request{method=GET uri=/api/migrations/fub/ version=HTTP/1.1}: tower_http::trace::on_response: finished processing request latency=10 ms status=200
2026-09-12T17:33:22.311579Z  INFO request{method=GET uri=/api/migrations/fub/snapshots version=HTTP/1.1}: tower_http::trace::on_response: finished processing request latency=11 ms status=200
2026-09-12T17:33:22.311900Z  INFO request{method=GET uri=/api/migrations/fub/imports version=HTTP/1.1}: tower_http::trace::on_response: finished processing request latency=13 ms status=200
2026-09-12T17:33:22.314704Z  INFO request{method=GET uri=/api/migrations/fub/imports version=HTTP/1.1}: tower_http::trace::on_request: started processing request
2026-09-12T17:33:22.314836Z  INFO request{method=GET uri=/api/migrations/fub/imports version=HTTP/1.1}: tower_http::trace::on_response: finished processing request latency=15 ms status=200
2026-09-12T17:33:22.318034Z  INFO request{method=GET uri=/api/migrations/fub/imports version=HTTP/1.1}: tower_http::trace::on_response: finished processing request latency=17 ms status=200
2026-09-12T17:33:22.321091Z  INFO request{method=GET uri=/api/migrations/fub/snapshots version=HTTP/1.1}: tower_http::trace::on_response: finished processing request latency=20 ms status=200
2026-09-12T17:33:22.325318Z  INFO request{method=GET uri=/api/migrations/fub/snapshots/892214fb-86ce-419a-9715-fd1da4d9acb2 version=HTTP/1.1}: tower_http::trace::on_request: started processing request
2026-09-12T17:33:22.326750Z  INFO request{method=GET uri=/api/migrations/fub/imports/153189d3-485c-49b0-b415-6309108a9188 version=HTTP/1.1}: tower_http::trace::on_request: started processing request
2026-09-12T17:33:22.327474Z  INFO request{method=GET uri=/api/migrations/fub/imports/153189d3-485c-49b0-b415-6309108a9188 version=HTTP/1.1}: tower_http::trace::on_request: started processing request
2026-09-12T17:33:22.328417Z  INFO request{method=GET uri=/api/migrations/fub/metadata-imports version=HTTP/1.1}: tower_http::trace::on_request: started processing request
2026-09-12T17:33:22.329721Z  INFO request{method=GET uri=/api/migrations/fub/imports/153189d3-485c-49b0-b415-6309108a9188 version=HTTP/1.1}: tower_http::trace::on_request: started processing request
2026-09-12T17:33:22.330284Z  INFO request{method=GET uri=/api/migrations/fub/imports version=HTTP/1.1}: tower_http::trace::on_response: finished processing request latency=15 ms status=200
2026-09-12T17:33:22.333651Z  INFO request{method=GET uri=/api/migrations/fub/activity-imports version=HTTP/1.1}: tower_http::trace::on_request: started processing request
2026-09-12T17:33:22.338531Z  INFO request{method=GET uri=/api/migrations/fub/snapshots/892214fb-86ce-419a-9715-fd1da4d9acb2 version=HTTP/1.1}: tower_http::trace::on_response: finished processing request latency=13 ms status=200
2026-09-12T17:33:22.339275Z  INFO request{method=GET uri=/api/migrations/fub/imports/153189d3-485c-49b0-b415-6309108a9188 version=HTTP/1.1}: tower_http::trace::on_response: finished processing request latency=12 ms status=200
2026-09-12T17:33:22.341925Z  INFO request{method=GET uri=/api/migrations/fub/snapshots/892214fb-86ce-419a-9715-fd1da4d9acb2 version=HTTP/1.1}: tower_http::trace::on_request: started processing request
2026-09-12T17:33:22.342134Z  INFO request{method=GET uri=/api/migrations/fub/imports/153189d3-485c-49b0-b415-6309108a9188 version=HTTP/1.1}: tower_http::trace::on_response: finished processing request latency=14 ms status=200
2026-09-12T17:33:22.342182Z  INFO request{method=GET uri=/api/migrations/fub/imports/153189d3-485c-49b0-b415-6309108a9188 version=HTTP/1.1}: tower_http::trace::on_request: started processing request
2026-09-12T17:33:22.345480Z  INFO request{method=GET uri=/api/migrations/fub/metadata-imports version=HTTP/1.1}: tower_http::trace::on_response: finished processing request latency=17 ms status=200
2026-09-12T17:33:22.347949Z  INFO request{method=GET uri=/api/migrations/fub/history-captures version=HTTP/1.1}: tower_http::trace::on_request: started processing request
2026-09-12T17:33:22.348808Z  INFO request{method=GET uri=/api/migrations/fub/snapshots/892214fb-86ce-419a-9715-fd1da4d9acb2/previews/284b08bb-f92e-4810-aef7-062194fc9377 version=HTTP/1.1}: tower_http::trace::on_request: started processing request
2026-09-12T17:33:22.349257Z  INFO request{method=GET uri=/api/migrations/fub/imports/153189d3-485c-49b0-b415-6309108a9188 version=HTTP/1.1}: tower_http::trace::on_response: finished processing request latency=19 ms status=200
2026-09-12T17:33:22.350587Z  INFO request{method=GET uri=/api/migrations/fub/activity-imports version=HTTP/1.1}: tower_http::trace::on_response: finished processing request latency=16 ms status=200
2026-09-12T17:33:22.352105Z  INFO request{method=GET uri=/api/migrations/fub/snapshots/892214fb-86ce-419a-9715-fd1da4d9acb2 version=HTTP/1.1}: tower_http::trace::on_request: started processing request
2026-09-12T17:33:22.353466Z  INFO request{method=GET uri=/api/migrations/fub/imports/153189d3-485c-49b0-b415-6309108a9188/plans/58c034b2-bbe3-42bc-b0b1-31a7c056a48b/mappings version=HTTP/1.1}: tower_http::trace::on_request: started processing request
2026-09-12T17:33:22.357108Z  INFO request{method=GET uri=/api/migrations/fub/snapshots/892214fb-86ce-419a-9715-fd1da4d9acb2 version=HTTP/1.1}: tower_http::trace::on_response: finished processing request latency=15 ms status=200
2026-09-12T17:33:22.357639Z  INFO request{method=GET uri=/api/migrations/fub/imports/153189d3-485c-49b0-b415-6309108a9188 version=HTTP/1.1}: tower_http::trace::on_response: finished processing request latency=15 ms status=200
2026-09-12T17:33:22.361959Z  INFO request{method=GET uri=/api/migrations/fub/imports/153189d3-485c-49b0-b415-6309108a9188/results version=HTTP/1.1}: tower_http::trace::on_request: started processing request
2026-09-12T17:33:22.362735Z  INFO request{method=GET uri=/api/migrations/fub/snapshots/892214fb-86ce-419a-9715-fd1da4d9acb2 version=HTTP/1.1}: tower_http::trace::on_request: started processing request
2026-09-12T17:33:22.362917Z  INFO request{method=GET uri=/api/migrations/fub/snapshots/892214fb-86ce-419a-9715-fd1da4d9acb2/previews/284b08bb-f92e-4810-aef7-062194fc9377 version=HTTP/1.1}: tower_http::trace::on_response: finished processing request latency=14 ms status=200
2026-09-12T17:33:22.365912Z  INFO request{method=GET uri=/api/migrations/fub/snapshots/892214fb-86ce-419a-9715-fd1da4d9acb2 version=HTTP/1.1}: tower_http::trace::on_request: started processing request
2026-09-12T17:33:22.368703Z  INFO request{method=GET uri=/api/migrations/fub/snapshots/892214fb-86ce-419a-9715-fd1da4d9acb2 version=HTTP/1.1}: tower_http::trace::on_response: finished processing request latency=16 ms status=200
2026-09-12T17:33:22.369487Z  INFO request{method=GET uri=/api/migrations/fub/history-captures version=HTTP/1.1}: tower_http::trace::on_response: finished processing request latency=21 ms status=200
2026-09-12T17:33:22.370490Z  INFO request{method=GET uri=/api/migrations/fub/imports/153189d3-485c-49b0-b415-6309108a9188/plans/58c034b2-bbe3-42bc-b0b1-31a7c056a48b/mappings version=HTTP/1.1}: tower_http::trace::on_response: finished processing request latency=17 ms status=200
2026-09-12T17:33:22.372127Z  INFO request{method=GET uri=/api/migrations/fub/snapshots/892214fb-86ce-419a-9715-fd1da4d9acb2/previews/284b08bb-f92e-4810-aef7-062194fc9377 version=HTTP/1.1}: tower_http::trace::on_request: started processing request
2026-09-12T17:33:22.373732Z  INFO request{method=GET uri=/api/migrations/fub/imports/153189d3-485c-49b0-b415-6309108a9188/results version=HTTP/1.1}: tower_http::trace::on_response: finished processing request latency=11 ms status=200
2026-09-12T17:33:22.374986Z  INFO request{method=GET uri=/api/migrations/fub/snapshots/892214fb-86ce-419a-9715-fd1da4d9acb2 version=HTTP/1.1}: tower_http::trace::on_response: finished processing request latency=12 ms status=200
2026-09-12T17:33:22.376081Z  INFO request{method=GET uri=/api/migrations/fub/history-captures/01375974-41c6-4916-bfd2-bca66e5af119 version=HTTP/1.1}: tower_http::trace::on_request: started processing request
2026-09-12T17:33:22.381525Z  INFO request{method=GET uri=/api/migrations/fub/snapshots/892214fb-86ce-419a-9715-fd1da4d9acb2 version=HTTP/1.1}: tower_http::trace::on_response: finished processing request latency=15 ms status=200
2026-09-12T17:33:22.384815Z  INFO request{method=GET uri=/api/migrations/fub/snapshots/892214fb-86ce-419a-9715-fd1da4d9acb2/previews/284b08bb-f92e-4810-aef7-062194fc9377 version=HTTP/1.1}: tower_http::trace::on_response: finished processing request latency=12 ms status=200
2026-09-12T17:33:22.387145Z  INFO request{method=GET uri=/api/migrations/fub/history-captures/01375974-41c6-4916-bfd2-bca66e5af119 version=HTTP/1.1}: tower_http::trace::on_response: finished processing request latency=11 ms status=200
2026-09-12T17:33:22.392174Z  INFO request{method=GET uri=/api/migrations/fub/snapshots/892214fb-86ce-419a-9715-fd1da4d9acb2/previews/284b08bb-f92e-4810-aef7-062194fc9377/records version=HTTP/1.1}: tower_http::trace::on_request: started processing request
2026-09-12T17:33:22.397749Z  INFO request{method=GET uri=/api/migrations/fub/history-captures/01375974-41c6-4916-bfd2-bca66e5af119/records version=HTTP/1.1}: tower_http::trace::on_request: started processing request
2026-09-12T17:33:22.399637Z  INFO request{method=GET uri=/api/migrations/fub/snapshots/892214fb-86ce-419a-9715-fd1da4d9acb2/previews/284b08bb-f92e-4810-aef7-062194fc9377/records version=HTTP/1.1}: tower_http::trace::on_response: finished processing request latency=7 ms status=200
2026-09-12T17:33:22.438600Z  INFO request{method=GET uri=/api/migrations/fub/history-captures/01375974-41c6-4916-bfd2-bca66e5af119/records version=HTTP/1.1}: tower_http::trace::on_response: finished processing request latency=40 ms status=200
2026-09-12T17:34:22.896783Z  INFO request{method=GET uri=/api/me version=HTTP/1.1}: tower_http::trace::on_request: started processing request
2026-09-12T17:34:22.899457Z  INFO request{method=GET uri=/api/me version=HTTP/1.1}: tower_http::trace::on_response: finished processing request latency=2 ms status=401
2026-09-12T17:34:22.906304Z  INFO request{method=GET uri=/api/me version=HTTP/1.1}: tower_http::trace::on_request: started processing request
2026-09-12T17:34:22.906769Z  INFO request{method=GET uri=/api/me version=HTTP/1.1}: tower_http::trace::on_request: started processing request
2026-09-12T17:34:22.907791Z  INFO request{method=GET uri=/api/me version=HTTP/1.1}: tower_http::trace::on_response: finished processing request latency=1 ms status=401
2026-09-12T17:34:22.908264Z  INFO request{method=GET uri=/api/me version=HTTP/1.1}: tower_http::trace::on_response: finished processing request latency=1 ms status=401
2026-09-12T17:34:22.961908Z  INFO request{method=GET uri=/api/me version=HTTP/1.1}: tower_http::trace::on_request: started processing request
2026-09-12T17:34:22.962006Z  INFO request{method=GET uri=/api/me version=HTTP/1.1}: tower_http::trace::on_response: finished processing request latency=0 ms status=401
2026-09-12T17:34:23.090379Z  INFO request{method=POST uri=/api/session version=HTTP/1.1}: tower_http::trace::on_request: started processing request
2026-09-12T17:34:23.349190Z  INFO request{method=POST uri=/api/session version=HTTP/1.1}: tower_http::trace::on_response: finished processing request latency=258 ms status=200
2026-09-12T17:34:23.355593Z  INFO request{method=GET uri=/api/me version=HTTP/1.1}: tower_http::trace::on_request: started processing request
2026-09-12T17:34:23.357275Z  INFO request{method=GET uri=/api/me version=HTTP/1.1}: tower_http::trace::on_request: started processing request
2026-09-12T17:34:23.357976Z  INFO request{method=GET uri=/api/me version=HTTP/1.1}: tower_http::trace::on_response: finished processing request latency=2 ms status=200
2026-09-12T17:34:23.359010Z  INFO request{method=GET uri=/api/me version=HTTP/1.1}: tower_http::trace::on_response: finished processing request latency=1 ms status=200
2026-09-12T17:34:23.394167Z  INFO request{method=GET uri=/api/migrations/fub/ version=HTTP/1.1}: tower_http::trace::on_request: started processing request
2026-09-12T17:34:23.399435Z  INFO request{method=GET uri=/api/migrations/fub/imports version=HTTP/1.1}: tower_http::trace::on_request: started processing request
2026-09-12T17:34:23.433683Z  INFO request{method=GET uri=/api/me version=HTTP/1.1}: tower_http::trace::on_request: started processing request
2026-09-12T17:34:23.435298Z  INFO request{method=GET uri=/api/me version=HTTP/1.1}: tower_http::trace::on_response: finished processing request latency=1 ms status=200
2026-09-12T17:34:23.467554Z  INFO request{method=GET uri=/api/migrations/fub/ version=HTTP/1.1}: tower_http::trace::on_request: started processing request
2026-09-12T17:34:23.467946Z  INFO request{method=GET uri=/api/migrations/fub/imports version=HTTP/1.1}: tower_http::trace::on_request: started processing request
2026-09-12T17:34:23.468497Z  INFO request{method=GET uri=/api/migrations/fub/imports version=HTTP/1.1}: tower_http::trace::on_request: started processing request
2026-09-12T17:34:23.468981Z  INFO request{method=GET uri=/api/migrations/fub/snapshots version=HTTP/1.1}: tower_http::trace::on_request: started processing request
2026-09-12T17:34:23.469466Z  INFO request{method=GET uri=/api/migrations/fub/imports version=HTTP/1.1}: tower_http::trace::on_request: started processing request
2026-09-12T17:34:23.469964Z  INFO request{method=GET uri=/api/migrations/fub/snapshots version=HTTP/1.1}: tower_http::trace::on_request: started processing request
2026-09-12T17:34:23.505574Z  INFO request{method=GET uri=/api/migrations/fub/ version=HTTP/1.1}: tower_http::trace::on_response: finished processing request latency=38 ms status=200
2026-09-12T17:34:23.507610Z  INFO request{method=GET uri=/api/migrations/fub/imports version=HTTP/1.1}: tower_http::trace::on_response: finished processing request latency=39 ms status=200
2026-09-12T17:34:23.508600Z  INFO request{method=GET uri=/api/migrations/fub/snapshots version=HTTP/1.1}: tower_http::trace::on_response: finished processing request latency=38 ms status=200
2026-09-12T17:34:23.512307Z  INFO request{method=GET uri=/api/migrations/fub/imports version=HTTP/1.1}: tower_http::trace::on_request: started processing request
2026-09-12T17:34:23.516704Z  INFO request{method=GET uri=/api/migrations/fub/imports/e63ca63f-ac6d-4a33-91d7-c9899d65ecdc version=HTTP/1.1}: tower_http::trace::on_request: started processing request
2026-09-12T17:34:23.518967Z  INFO request{method=GET uri=/api/migrations/fub/imports version=HTTP/1.1}: tower_http::trace::on_response: finished processing request latency=49 ms status=200
2026-09-12T17:34:23.521447Z  INFO request{method=GET uri=/api/migrations/fub/snapshots/3ddd8f22-1eae-484b-9ec0-5a89e7bc6f4c version=HTTP/1.1}: tower_http::trace::on_request: started processing request
2026-09-12T17:34:23.524093Z  INFO request{method=GET uri=/api/migrations/fub/imports/e63ca63f-ac6d-4a33-91d7-c9899d65ecdc version=HTTP/1.1}: tower_http::trace::on_request: started processing request
2026-09-12T17:34:23.524967Z  INFO request{method=GET uri=/api/migrations/fub/imports version=HTTP/1.1}: tower_http::trace::on_response: finished processing request latency=12 ms status=200
2026-09-12T17:34:23.527539Z  INFO request{method=GET uri=/api/migrations/fub/activity-imports version=HTTP/1.1}: tower_http::trace::on_request: started processing request
2026-09-12T17:34:23.528054Z  INFO request{method=GET uri=/api/migrations/fub/snapshots version=HTTP/1.1}: tower_http::trace::on_response: finished processing request latency=59 ms status=200
2026-09-12T17:34:23.531909Z  INFO request{method=GET uri=/api/migrations/fub/imports/e63ca63f-ac6d-4a33-91d7-c9899d65ecdc version=HTTP/1.1}: tower_http::trace::on_response: finished processing request latency=15 ms status=200
2026-09-12T17:34:23.535705Z  INFO request{method=GET uri=/api/migrations/fub/imports/e63ca63f-ac6d-4a33-91d7-c9899d65ecdc version=HTTP/1.1}: tower_http::trace::on_request: started processing request
2026-09-12T17:34:23.538095Z  INFO request{method=GET uri=/api/migrations/fub/history-captures version=HTTP/1.1}: tower_http::trace::on_request: started processing request
2026-09-12T17:34:23.539110Z  INFO request{method=GET uri=/api/migrations/fub/imports version=HTTP/1.1}: tower_http::trace::on_response: finished processing request latency=70 ms status=200
2026-09-12T17:34:23.542434Z  INFO request{method=GET uri=/api/migrations/fub/snapshots/3ddd8f22-1eae-484b-9ec0-5a89e7bc6f4c version=HTTP/1.1}: tower_http::trace::on_response: finished processing request latency=21 ms status=200
2026-09-12T17:34:23.542505Z  INFO request{method=GET uri=/api/migrations/fub/snapshots/3ddd8f22-1eae-484b-9ec0-5a89e7bc6f4c version=HTTP/1.1}: tower_http::trace::on_request: started processing request
2026-09-12T17:34:23.543559Z  INFO request{method=GET uri=/api/migrations/fub/imports/e63ca63f-ac6d-4a33-91d7-c9899d65ecdc version=HTTP/1.1}: tower_http::trace::on_response: finished processing request latency=19 ms status=200
2026-09-12T17:34:23.546168Z  INFO request{method=GET uri=/api/migrations/fub/snapshots/3ddd8f22-1eae-484b-9ec0-5a89e7bc6f4c version=HTTP/1.1}: tower_http::trace::on_request: started processing request
2026-09-12T17:34:23.547295Z  INFO request{method=GET uri=/api/migrations/fub/imports/e63ca63f-ac6d-4a33-91d7-c9899d65ecdc/plans/aa7b437a-9b03-410a-9831-2266e6a33017/mappings version=HTTP/1.1}: tower_http::trace::on_request: started processing request
2026-09-12T17:34:23.548866Z  INFO request{method=GET uri=/api/migrations/fub/activity-imports version=HTTP/1.1}: tower_http::trace::on_response: finished processing request latency=21 ms status=200
2026-09-12T17:34:23.551808Z  INFO request{method=GET uri=/api/migrations/fub/imports/e63ca63f-ac6d-4a33-91d7-c9899d65ecdc/results version=HTTP/1.1}: tower_http::trace::on_request: started processing request
2026-09-12T17:34:23.556474Z  INFO request{method=GET uri=/api/migrations/fub/snapshots/3ddd8f22-1eae-484b-9ec0-5a89e7bc6f4c version=HTTP/1.1}: tower_http::trace::on_response: finished processing request latency=13 ms status=200
2026-09-12T17:34:23.559740Z  INFO request{method=GET uri=/api/migrations/fub/imports/e63ca63f-ac6d-4a33-91d7-c9899d65ecdc version=HTTP/1.1}: tower_http::trace::on_request: started processing request
2026-09-12T17:34:23.560417Z  INFO request{method=GET uri=/api/migrations/fub/history-captures version=HTTP/1.1}: tower_http::trace::on_response: finished processing request latency=22 ms status=200
2026-09-12T17:34:23.561456Z  INFO request{method=GET uri=/api/migrations/fub/snapshots/3ddd8f22-1eae-484b-9ec0-5a89e7bc6f4c version=HTTP/1.1}: tower_http::trace::on_response: finished processing request latency=15 ms status=200
2026-09-12T17:34:23.566210Z  INFO request{method=GET uri=/api/migrations/fub/metadata-imports version=HTTP/1.1}: tower_http::trace::on_request: started processing request
2026-09-12T17:34:23.569159Z  INFO request{method=GET uri=/api/migrations/fub/snapshots/3ddd8f22-1eae-484b-9ec0-5a89e7bc6f4c/previews/c25400a7-08fa-4ed8-940f-fee6f81a28be version=HTTP/1.1}: tower_http::trace::on_request: started processing request
2026-09-12T17:34:23.570432Z  INFO request{method=GET uri=/api/migrations/fub/imports/e63ca63f-ac6d-4a33-91d7-c9899d65ecdc version=HTTP/1.1}: tower_http::trace::on_response: finished processing request latency=34 ms status=200
2026-09-12T17:34:23.572798Z  INFO request{method=GET uri=/api/migrations/fub/snapshots/3ddd8f22-1eae-484b-9ec0-5a89e7bc6f4c version=HTTP/1.1}: tower_http::trace::on_request: started processing request
2026-09-12T17:34:23.573191Z  INFO request{method=GET uri=/api/migrations/fub/imports/e63ca63f-ac6d-4a33-91d7-c9899d65ecdc/plans/aa7b437a-9b03-410a-9831-2266e6a33017/mappings version=HTTP/1.1}: tower_http::trace::on_response: finished processing request latency=25 ms status=200
2026-09-12T17:34:23.575216Z  INFO request{method=GET uri=/api/migrations/fub/snapshots/3ddd8f22-1eae-484b-9ec0-5a89e7bc6f4c/previews/c25400a7-08fa-4ed8-940f-fee6f81a28be version=HTTP/1.1}: tower_http::trace::on_request: started processing request
2026-09-12T17:34:23.578841Z  INFO request{method=GET uri=/api/migrations/fub/imports/e63ca63f-ac6d-4a33-91d7-c9899d65ecdc/results version=HTTP/1.1}: tower_http::trace::on_response: finished processing request latency=27 ms status=200
2026-09-12T17:34:23.581542Z  INFO request{method=GET uri=/api/migrations/fub/snapshots/3ddd8f22-1eae-484b-9ec0-5a89e7bc6f4c/previews/c25400a7-08fa-4ed8-940f-fee6f81a28be version=HTTP/1.1}: tower_http::trace::on_response: finished processing request latency=12 ms status=200
2026-09-12T17:34:23.583639Z  INFO request{method=GET uri=/api/migrations/fub/imports/e63ca63f-ac6d-4a33-91d7-c9899d65ecdc version=HTTP/1.1}: tower_http::trace::on_response: finished processing request latency=23 ms status=200
2026-09-12T17:34:23.585102Z  INFO request{method=GET uri=/api/migrations/fub/snapshots/3ddd8f22-1eae-484b-9ec0-5a89e7bc6f4c version=HTTP/1.1}: tower_http::trace::on_response: finished processing request latency=12 ms status=200
2026-09-12T17:34:23.587108Z  INFO request{method=GET uri=/api/migrations/fub/metadata-imports version=HTTP/1.1}: tower_http::trace::on_response: finished processing request latency=20 ms status=200
2026-09-12T17:34:23.590888Z  INFO request{method=GET uri=/api/migrations/fub/snapshots/3ddd8f22-1eae-484b-9ec0-5a89e7bc6f4c/previews/c25400a7-08fa-4ed8-940f-fee6f81a28be version=HTTP/1.1}: tower_http::trace::on_response: finished processing request latency=15 ms status=200
2026-09-12T17:34:23.592481Z  INFO request{method=GET uri=/api/migrations/fub/snapshots/3ddd8f22-1eae-484b-9ec0-5a89e7bc6f4c/previews/c25400a7-08fa-4ed8-940f-fee6f81a28be/records version=HTTP/1.1}: tower_http::trace::on_request: started processing request
2026-09-12T17:34:23.594481Z  INFO request{method=GET uri=/api/migrations/fub/snapshots/3ddd8f22-1eae-484b-9ec0-5a89e7bc6f4c version=HTTP/1.1}: tower_http::trace::on_request: started processing request
2026-09-12T17:34:23.599564Z  INFO request{method=GET uri=/api/migrations/fub/snapshots/3ddd8f22-1eae-484b-9ec0-5a89e7bc6f4c/previews/c25400a7-08fa-4ed8-940f-fee6f81a28be/records version=HTTP/1.1}: tower_http::trace::on_response: finished processing request latency=7 ms status=200
2026-09-12T17:34:23.602578Z  INFO request{method=GET uri=/api/migrations/fub/snapshots/3ddd8f22-1eae-484b-9ec0-5a89e7bc6f4c version=HTTP/1.1}: tower_http::trace::on_response: finished processing request latency=8 ms status=200
2026-09-12T17:34:23.989095Z  INFO request{method=POST uri=/api/migrations/fub/history-captures version=HTTP/1.1}: tower_http::trace::on_request: started processing request
2026-09-12T17:34:24.027352Z  INFO request{method=POST uri=/api/migrations/fub/history-captures version=HTTP/1.1}: tower_http::trace::on_response: finished processing request latency=38 ms status=201
2026-09-12T17:34:24.035527Z  INFO request{method=GET uri=/api/migrations/fub/history-captures/dcbabe44-c9c1-4dec-a87d-c75a06e9466c version=HTTP/1.1}: tower_http::trace::on_request: started processing request
2026-09-12T17:34:24.036133Z  INFO request{method=GET uri=/api/migrations/fub/imports version=HTTP/1.1}: tower_http::trace::on_request: started processing request
2026-09-12T17:34:24.037164Z  INFO request{method=GET uri=/api/migrations/fub/imports/e63ca63f-ac6d-4a33-91d7-c9899d65ecdc version=HTTP/1.1}: tower_http::trace::on_request: started processing request
2026-09-12T17:34:24.037681Z  INFO request{method=GET uri=/api/migrations/fub/history-captures version=HTTP/1.1}: tower_http::trace::on_request: started processing request
2026-09-12T17:34:24.040761Z  INFO request{method=GET uri=/api/migrations/fub/history-captures/dcbabe44-c9c1-4dec-a87d-c75a06e9466c version=HTTP/1.1}: tower_http::trace::on_request: started processing request
2026-09-12T17:34:24.049713Z  INFO request{method=GET uri=/api/migrations/fub/history-captures/dcbabe44-c9c1-4dec-a87d-c75a06e9466c version=HTTP/1.1}: tower_http::trace::on_response: finished processing request latency=14 ms status=200
2026-09-12T17:34:24.052257Z  INFO request{method=GET uri=/api/migrations/fub/imports version=HTTP/1.1}: tower_http::trace::on_response: finished processing request latency=16 ms status=200
2026-09-12T17:34:24.055091Z  INFO request{method=GET uri=/api/migrations/fub/imports/e63ca63f-ac6d-4a33-91d7-c9899d65ecdc version=HTTP/1.1}: tower_http::trace::on_response: finished processing request latency=17 ms status=200
2026-09-12T17:34:24.057780Z  INFO request{method=GET uri=/api/migrations/fub/history-captures/dcbabe44-c9c1-4dec-a87d-c75a06e9466c/records version=HTTP/1.1}: tower_http::trace::on_request: started processing request
2026-09-12T17:34:24.063457Z  INFO request{method=GET uri=/api/migrations/fub/history-captures version=HTTP/1.1}: tower_http::trace::on_response: finished processing request latency=25 ms status=200
2026-09-12T17:34:24.068680Z  INFO request{method=GET uri=/api/migrations/fub/history-captures/dcbabe44-c9c1-4dec-a87d-c75a06e9466c version=HTTP/1.1}: tower_http::trace::on_response: finished processing request latency=27 ms status=200
2026-09-12T17:34:24.073376Z  INFO request{method=GET uri=/api/migrations/fub/history-captures/dcbabe44-c9c1-4dec-a87d-c75a06e9466c/records version=HTTP/1.1}: tower_http::trace::on_response: finished processing request latency=15 ms status=200
2026-09-12T17:34:24.903599Z  INFO request{method=POST uri=/api/migrations/fub/history-captures/dcbabe44-c9c1-4dec-a87d-c75a06e9466c/confirm version=HTTP/1.1}: tower_http::trace::on_request: started processing request
2026-09-12T17:34:24.937060Z  INFO request{method=POST uri=/api/migrations/fub/history-captures/dcbabe44-c9c1-4dec-a87d-c75a06e9466c/confirm version=HTTP/1.1}: tower_http::trace::on_response: finished processing request latency=33 ms status=202
2026-09-12T17:34:24.944193Z  INFO request{method=GET uri=/api/migrations/fub/imports version=HTTP/1.1}: tower_http::trace::on_request: started processing request
2026-09-12T17:34:24.944636Z  INFO request{method=GET uri=/api/migrations/fub/imports/e63ca63f-ac6d-4a33-91d7-c9899d65ecdc version=HTTP/1.1}: tower_http::trace::on_request: started processing request
2026-09-12T17:34:24.945165Z  INFO request{method=GET uri=/api/migrations/fub/history-captures version=HTTP/1.1}: tower_http::trace::on_request: started processing request
2026-09-12T17:34:24.945637Z  INFO request{method=GET uri=/api/migrations/fub/history-captures/dcbabe44-c9c1-4dec-a87d-c75a06e9466c version=HTTP/1.1}: tower_http::trace::on_request: started processing request
2026-09-12T17:34:24.946146Z  INFO request{method=GET uri=/api/migrations/fub/history-captures/dcbabe44-c9c1-4dec-a87d-c75a06e9466c version=HTTP/1.1}: tower_http::trace::on_request: started processing request
2026-09-12T17:34:24.961409Z  INFO request{method=GET uri=/api/migrations/fub/history-captures/dcbabe44-c9c1-4dec-a87d-c75a06e9466c version=HTTP/1.1}: tower_http::trace::on_response: finished processing request latency=15 ms status=200
2026-09-12T17:34:24.964117Z  INFO request{method=GET uri=/api/migrations/fub/imports/e63ca63f-ac6d-4a33-91d7-c9899d65ecdc version=HTTP/1.1}: tower_http::trace::on_response: finished processing request latency=19 ms status=200
2026-09-12T17:34:24.968399Z  INFO request{method=GET uri=/api/migrations/fub/imports version=HTTP/1.1}: tower_http::trace::on_response: finished processing request latency=24 ms status=200
2026-09-12T17:34:24.973459Z  INFO request{method=GET uri=/api/migrations/fub/history-captures/dcbabe44-c9c1-4dec-a87d-c75a06e9466c version=HTTP/1.1}: tower_http::trace::on_response: finished processing request latency=27 ms status=200
2026-09-12T17:34:24.976527Z  INFO request{method=GET uri=/api/migrations/fub/history-captures version=HTTP/1.1}: tower_http::trace::on_response: finished processing request latency=31 ms status=200
2026-09-12T17:34:26.767935Z  INFO settle{organization_id=1171938e-8da2-435c-8465-88d0b523df38 run_id=dcbabe44-c9c1-4dec-a87d-c75a06e9466c}: crm_app::domain::migration::history_capture_worker: history capture settled raw_bytes=100 retained_bytes=195 outcome="accepted"
2026-09-12T17:34:26.971822Z  INFO request{method=GET uri=/api/migrations/fub/history-captures/dcbabe44-c9c1-4dec-a87d-c75a06e9466c version=HTTP/1.1}: tower_http::trace::on_request: started processing request
2026-09-12T17:34:26.983928Z  INFO request{method=GET uri=/api/migrations/fub/history-captures version=HTTP/1.1}: tower_http::trace::on_request: started processing request
2026-09-12T17:34:26.988878Z  INFO request{method=GET uri=/api/migrations/fub/history-captures/dcbabe44-c9c1-4dec-a87d-c75a06e9466c version=HTTP/1.1}: tower_http::trace::on_response: finished processing request latency=17 ms status=200
2026-09-12T17:34:27.002720Z  INFO request{method=GET uri=/api/migrations/fub/history-captures version=HTTP/1.1}: tower_http::trace::on_response: finished processing request latency=18 ms status=200
2026-09-12T17:34:28.996513Z  INFO request{method=GET uri=/api/migrations/fub/history-captures/dcbabe44-c9c1-4dec-a87d-c75a06e9466c version=HTTP/1.1}: tower_http::trace::on_request: started processing request
2026-09-12T17:34:29.009084Z  INFO request{method=GET uri=/api/migrations/fub/history-captures version=HTTP/1.1}: tower_http::trace::on_request: started processing request
2026-09-12T17:34:29.041826Z  INFO settle{organization_id=1171938e-8da2-435c-8465-88d0b523df38 run_id=dcbabe44-c9c1-4dec-a87d-c75a06e9466c}: crm_app::domain::migration::history_capture_worker: history capture settled raw_bytes=40965 retained_bytes=98982 outcome="accepted"
2026-09-12T17:34:29.046845Z  INFO request{method=GET uri=/api/migrations/fub/history-captures/dcbabe44-c9c1-4dec-a87d-c75a06e9466c version=HTTP/1.1}: tower_http::trace::on_response: finished processing request latency=50 ms status=200
2026-09-12T17:34:29.052231Z  INFO request{method=GET uri=/api/migrations/fub/history-captures version=HTTP/1.1}: tower_http::trace::on_response: finished processing request latency=43 ms status=200
2026-09-12T17:34:29.504368Z  INFO request{method=GET uri=/api/migrations/fub/history-captures/dcbabe44-c9c1-4dec-a87d-c75a06e9466c version=HTTP/1.1}: tower_http::trace::on_request: started processing request
2026-09-12T17:34:29.526851Z  INFO request{method=GET uri=/api/migrations/fub/history-captures/dcbabe44-c9c1-4dec-a87d-c75a06e9466c version=HTTP/1.1}: tower_http::trace::on_response: finished processing request latency=22 ms status=200
2026-09-12T17:34:30.902512Z  INFO request{method=GET uri=/api/migrations/fub/imports version=HTTP/1.1}: tower_http::trace::on_request: started processing request
2026-09-12T17:34:30.903112Z  INFO request{method=GET uri=/api/migrations/fub/imports/e63ca63f-ac6d-4a33-91d7-c9899d65ecdc version=HTTP/1.1}: tower_http::trace::on_request: started processing request
2026-09-12T17:34:30.903702Z  INFO request{method=GET uri=/api/migrations/fub/history-captures version=HTTP/1.1}: tower_http::trace::on_request: started processing request
2026-09-12T17:34:30.904237Z  INFO request{method=GET uri=/api/migrations/fub/history-captures/dcbabe44-c9c1-4dec-a87d-c75a06e9466c version=HTTP/1.1}: tower_http::trace::on_request: started processing request
2026-09-12T17:34:30.911515Z  INFO request{method=GET uri=/api/migrations/fub/imports version=HTTP/1.1}: tower_http::trace::on_response: finished processing request latency=9 ms status=200
2026-09-12T17:34:30.915112Z  INFO request{method=GET uri=/api/migrations/fub/imports/e63ca63f-ac6d-4a33-91d7-c9899d65ecdc version=HTTP/1.1}: tower_http::trace::on_response: finished processing request latency=12 ms status=200
2026-09-12T17:34:30.921723Z  INFO request{method=GET uri=/api/migrations/fub/history-captures version=HTTP/1.1}: tower_http::trace::on_response: finished processing request latency=18 ms status=200
2026-09-12T17:34:30.924615Z  INFO request{method=GET uri=/api/migrations/fub/history-captures/dcbabe44-c9c1-4dec-a87d-c75a06e9466c version=HTTP/1.1}: tower_http::trace::on_response: finished processing request latency=20 ms status=200
2026-09-12T17:34:31.153043Z  INFO request{method=POST uri=/api/migrations/fub/history-captures/dcbabe44-c9c1-4dec-a87d-c75a06e9466c/cancel version=HTTP/1.1}: tower_http::trace::on_request: started processing request
2026-09-12T17:34:31.185258Z  INFO request{method=POST uri=/api/migrations/fub/history-captures/dcbabe44-c9c1-4dec-a87d-c75a06e9466c/cancel version=HTTP/1.1}: tower_http::trace::on_response: finished processing request latency=32 ms status=200
2026-09-12T17:34:31.191913Z  INFO request{method=GET uri=/api/migrations/fub/imports version=HTTP/1.1}: tower_http::trace::on_request: started processing request
2026-09-12T17:34:31.192379Z  INFO request{method=GET uri=/api/migrations/fub/imports/e63ca63f-ac6d-4a33-91d7-c9899d65ecdc version=HTTP/1.1}: tower_http::trace::on_request: started processing request
2026-09-12T17:34:31.192913Z  INFO request{method=GET uri=/api/migrations/fub/history-captures version=HTTP/1.1}: tower_http::trace::on_request: started processing request
2026-09-12T17:34:31.193436Z  INFO request{method=GET uri=/api/migrations/fub/history-captures/dcbabe44-c9c1-4dec-a87d-c75a06e9466c version=HTTP/1.1}: tower_http::trace::on_request: started processing request
2026-09-12T17:34:31.204200Z  INFO request{method=GET uri=/api/migrations/fub/imports version=HTTP/1.1}: tower_http::trace::on_response: finished processing request latency=12 ms status=200
2026-09-12T17:34:31.211188Z  INFO request{method=GET uri=/api/migrations/fub/history-captures version=HTTP/1.1}: tower_http::trace::on_response: finished processing request latency=18 ms status=200
2026-09-12T17:34:31.214258Z  INFO request{method=GET uri=/api/migrations/fub/imports/e63ca63f-ac6d-4a33-91d7-c9899d65ecdc version=HTTP/1.1}: tower_http::trace::on_response: finished processing request latency=21 ms status=200
2026-09-12T17:34:31.217791Z  INFO request{method=GET uri=/api/migrations/fub/history-captures/dcbabe44-c9c1-4dec-a87d-c75a06e9466c version=HTTP/1.1}: tower_http::trace::on_response: finished processing request latency=24 ms status=200
2026-09-12T17:34:34.805449Z  INFO request{method=GET uri=/api/migrations/fub/history-captures/dcbabe44-c9c1-4dec-a87d-c75a06e9466c version=HTTP/1.1}: tower_http::trace::on_request: started processing request
2026-09-12T17:34:34.828171Z  INFO request{method=GET uri=/api/migrations/fub/history-captures/dcbabe44-c9c1-4dec-a87d-c75a06e9466c version=HTTP/1.1}: tower_http::trace::on_response: finished processing request latency=22 ms status=200
2026-09-12T17:34:34.834940Z  INFO request{method=GET uri=/api/migrations/fub/history-captures/dcbabe44-c9c1-4dec-a87d-c75a06e9466c/records version=HTTP/1.1}: tower_http::trace::on_request: started processing request
2026-09-12T17:34:34.903304Z  INFO request{method=GET uri=/api/migrations/fub/history-captures/dcbabe44-c9c1-4dec-a87d-c75a06e9466c/records version=HTTP/1.1}: tower_http::trace::on_response: finished processing request latency=68 ms status=200
2026-09-12T17:34:34.917527Z  INFO request{method=GET uri=/api/migrations/fub/history-captures/dcbabe44-c9c1-4dec-a87d-c75a06e9466c/records version=HTTP/1.1}: tower_http::trace::on_request: started processing request
2026-09-12T17:34:34.955348Z  INFO request{method=GET uri=/api/migrations/fub/history-captures/dcbabe44-c9c1-4dec-a87d-c75a06e9466c/records version=HTTP/1.1}: tower_http::trace::on_response: finished processing request latency=37 ms status=200
2026-09-12T17:34:34.985893Z  INFO request{method=GET uri=/api/migrations/fub/imports version=HTTP/1.1}: tower_http::trace::on_request: started processing request
2026-09-12T17:34:34.986258Z  INFO request{method=GET uri=/api/migrations/fub/imports/e63ca63f-ac6d-4a33-91d7-c9899d65ecdc version=HTTP/1.1}: tower_http::trace::on_request: started processing request
2026-09-12T17:34:34.986808Z  INFO request{method=GET uri=/api/migrations/fub/history-captures version=HTTP/1.1}: tower_http::trace::on_request: started processing request
2026-09-12T17:34:34.987454Z  INFO request{method=GET uri=/api/migrations/fub/history-captures/dcbabe44-c9c1-4dec-a87d-c75a06e9466c version=HTTP/1.1}: tower_http::trace::on_request: started processing request
2026-09-12T17:34:34.993791Z  INFO request{method=GET uri=/api/migrations/fub/imports version=HTTP/1.1}: tower_http::trace::on_response: finished processing request latency=7 ms status=200
2026-09-12T17:34:34.996842Z  INFO request{method=GET uri=/api/migrations/fub/imports/e63ca63f-ac6d-4a33-91d7-c9899d65ecdc version=HTTP/1.1}: tower_http::trace::on_response: finished processing request latency=10 ms status=200
2026-09-12T17:34:35.000948Z  INFO request{method=GET uri=/api/migrations/fub/history-captures version=HTTP/1.1}: tower_http::trace::on_response: finished processing request latency=14 ms status=200
2026-09-12T17:34:35.003059Z  INFO request{method=GET uri=/api/migrations/fub/history-captures/dcbabe44-c9c1-4dec-a87d-c75a06e9466c version=HTTP/1.1}: tower_http::trace::on_response: finished processing request latency=15 ms status=200
2026-09-12T17:36:02.355488Z  INFO request{method=GET uri=/api/me version=HTTP/1.1}: tower_http::trace::on_request: started processing request
2026-09-12T17:36:02.360561Z  INFO request{method=GET uri=/api/me version=HTTP/1.1}: tower_http::trace::on_response: finished processing request latency=5 ms status=200
2026-09-12T17:36:02.378008Z  INFO request{method=GET uri=/api/me version=HTTP/1.1}: tower_http::trace::on_request: started processing request
2026-09-12T17:36:02.380929Z  INFO request{method=GET uri=/api/me version=HTTP/1.1}: tower_http::trace::on_response: finished processing request latency=2 ms status=200
2026-09-12T17:36:02.413254Z  INFO request{method=GET uri=/api/migrations/fub/ version=HTTP/1.1}: tower_http::trace::on_request: started processing request
2026-09-12T17:36:02.413848Z  INFO request{method=GET uri=/api/migrations/fub/imports version=HTTP/1.1}: tower_http::trace::on_request: started processing request
2026-09-12T17:36:02.414377Z  INFO request{method=GET uri=/api/migrations/fub/imports version=HTTP/1.1}: tower_http::trace::on_request: started processing request
2026-09-12T17:36:02.415054Z  INFO request{method=GET uri=/api/migrations/fub/snapshots version=HTTP/1.1}: tower_http::trace::on_request: started processing request
2026-09-12T17:36:02.415592Z  INFO request{method=GET uri=/api/migrations/fub/imports version=HTTP/1.1}: tower_http::trace::on_request: started processing request
2026-09-12T17:36:02.416023Z  INFO request{method=GET uri=/api/migrations/fub/imports version=HTTP/1.1}: tower_http::trace::on_request: started processing request
2026-09-12T17:36:02.447160Z  INFO request{method=GET uri=/api/migrations/fub/imports version=HTTP/1.1}: tower_http::trace::on_response: finished processing request latency=33 ms status=200
2026-09-12T17:36:02.450259Z  INFO request{method=GET uri=/api/migrations/fub/ version=HTTP/1.1}: tower_http::trace::on_response: finished processing request latency=36 ms status=200
2026-09-12T17:36:02.453703Z  INFO request{method=GET uri=/api/migrations/fub/imports version=HTTP/1.1}: tower_http::trace::on_response: finished processing request latency=38 ms status=200
2026-09-12T17:36:02.456143Z  INFO request{method=GET uri=/api/migrations/fub/snapshots version=HTTP/1.1}: tower_http::trace::on_request: started processing request
2026-09-12T17:36:02.458132Z  INFO request{method=GET uri=/api/migrations/fub/imports/e63ca63f-ac6d-4a33-91d7-c9899d65ecdc version=HTTP/1.1}: tower_http::trace::on_request: started processing request
2026-09-12T17:36:02.463843Z  INFO request{method=GET uri=/api/migrations/fub/imports version=HTTP/1.1}: tower_http::trace::on_response: finished processing request latency=47 ms status=200
2026-09-12T17:36:02.470066Z  WARN sqlx::postgres::notice: there is no transaction in progress
2026-09-12T17:36:02.494667Z  INFO request{method=GET uri=/api/me version=HTTP/1.1}: tower_http::trace::on_request: started processing request
2026-09-12T17:36:02.496896Z  INFO request{method=GET uri=/api/me version=HTTP/1.1}: tower_http::trace::on_response: finished processing request latency=2 ms status=200
2026-09-12T17:36:02.543816Z  INFO request{method=GET uri=/api/migrations/fub/ version=HTTP/1.1}: tower_http::trace::on_request: started processing request
2026-09-12T17:36:02.544441Z  INFO request{method=GET uri=/api/migrations/fub/imports version=HTTP/1.1}: tower_http::trace::on_request: started processing request
2026-09-12T17:36:02.545121Z  INFO request{method=GET uri=/api/migrations/fub/imports version=HTTP/1.1}: tower_http::trace::on_request: started processing request
2026-09-12T17:36:02.545741Z  INFO request{method=GET uri=/api/migrations/fub/snapshots version=HTTP/1.1}: tower_http::trace::on_request: started processing request
2026-09-12T17:36:02.546293Z  INFO request{method=GET uri=/api/migrations/fub/imports version=HTTP/1.1}: tower_http::trace::on_request: started processing request
2026-09-12T17:36:02.546807Z  INFO request{method=GET uri=/api/migrations/fub/imports version=HTTP/1.1}: tower_http::trace::on_request: started processing request
2026-09-12T17:36:02.560088Z  INFO request{method=GET uri=/api/migrations/fub/imports version=HTTP/1.1}: tower_http::trace::on_response: finished processing request latency=15 ms status=200
2026-09-12T17:36:02.560245Z  INFO request{method=GET uri=/api/migrations/fub/ version=HTTP/1.1}: tower_http::trace::on_response: finished processing request latency=16 ms status=200
2026-09-12T17:36:02.563640Z  INFO request{method=GET uri=/api/migrations/fub/snapshots version=HTTP/1.1}: tower_http::trace::on_request: started processing request
2026-09-12T17:36:02.564035Z  INFO request{method=GET uri=/api/me version=HTTP/1.1}: tower_http::trace::on_request: started processing request
2026-09-12T17:36:02.564670Z  INFO request{method=GET uri=/api/migrations/fub/imports version=HTTP/1.1}: tower_http::trace::on_response: finished processing request latency=17 ms status=200
2026-09-12T17:36:02.565395Z  INFO request{method=GET uri=/api/me version=HTTP/1.1}: tower_http::trace::on_response: finished processing request latency=1 ms status=200
2026-09-12T17:36:02.569001Z  INFO request{method=GET uri=/api/migrations/fub/imports/e63ca63f-ac6d-4a33-91d7-c9899d65ecdc version=HTTP/1.1}: tower_http::trace::on_request: started processing request
2026-09-12T17:36:02.573053Z  INFO request{method=GET uri=/api/migrations/fub/imports version=HTTP/1.1}: tower_http::trace::on_response: finished processing request latency=27 ms status=200
2026-09-12T17:36:02.578061Z  INFO request{method=GET uri=/api/migrations/fub/imports version=HTTP/1.1}: tower_http::trace::on_response: finished processing request latency=31 ms status=200
2026-09-12T17:36:02.579946Z  INFO request{method=GET uri=/api/migrations/fub/snapshots version=HTTP/1.1}: tower_http::trace::on_response: finished processing request latency=16 ms status=200
2026-09-12T17:36:02.581711Z  INFO request{method=GET uri=/api/migrations/fub/imports/e63ca63f-ac6d-4a33-91d7-c9899d65ecdc version=HTTP/1.1}: tower_http::trace::on_request: started processing request
2026-09-12T17:36:02.582246Z  INFO request{method=GET uri=/api/migrations/fub/history-captures version=HTTP/1.1}: tower_http::trace::on_request: started processing request
2026-09-12T17:36:02.586607Z  INFO request{method=GET uri=/api/migrations/fub/imports/e63ca63f-ac6d-4a33-91d7-c9899d65ecdc version=HTTP/1.1}: tower_http::trace::on_request: started processing request
2026-09-12T17:36:02.587591Z  INFO request{method=GET uri=/api/migrations/fub/imports/e63ca63f-ac6d-4a33-91d7-c9899d65ecdc version=HTTP/1.1}: tower_http::trace::on_response: finished processing request latency=18 ms status=200
2026-09-12T17:36:02.590175Z  INFO request{method=GET uri=/api/migrations/fub/metadata-imports version=HTTP/1.1}: tower_http::trace::on_request: started processing request
2026-09-12T17:36:02.590866Z  INFO request{method=GET uri=/api/migrations/fub/imports/e63ca63f-ac6d-4a33-91d7-c9899d65ecdc version=HTTP/1.1}: tower_http::trace::on_request: started processing request
2026-09-12T17:36:02.625072Z  INFO request{method=GET uri=/api/me version=HTTP/1.1}: tower_http::trace::on_request: started processing request
2026-09-12T17:36:02.626207Z  INFO request{method=GET uri=/api/me version=HTTP/1.1}: tower_http::trace::on_response: finished processing request latency=1 ms status=200
2026-09-12T17:36:02.690082Z  INFO request{method=GET uri=/api/migrations/fub/ version=HTTP/1.1}: tower_http::trace::on_request: started processing request
2026-09-12T17:36:02.700853Z  INFO request{method=GET uri=/api/migrations/fub/imports version=HTTP/1.1}: tower_http::trace::on_request: started processing request
2026-09-12T17:36:02.709517Z  INFO request{method=GET uri=/api/migrations/fub/snapshots version=HTTP/1.1}: tower_http::trace::on_request: started processing request
2026-09-12T17:36:02.710958Z  INFO request{method=GET uri=/api/migrations/fub/imports version=HTTP/1.1}: tower_http::trace::on_request: started processing request
2026-09-12T17:36:02.712247Z  INFO request{method=GET uri=/api/migrations/fub/imports version=HTTP/1.1}: tower_http::trace::on_request: started processing request
2026-09-12T17:36:02.714954Z  INFO request{method=GET uri=/api/migrations/fub/imports version=HTTP/1.1}: tower_http::trace::on_request: started processing request
2026-09-12T17:36:02.722072Z  WARN request{method=GET uri=/api/migrations/fub/imports version=HTTP/1.1}: sqlx::postgres::notice: there is already a transaction in progress
2026-09-12T17:36:02.744947Z  INFO request{method=GET uri=/api/migrations/fub/ version=HTTP/1.1}: tower_http::trace::on_response: finished processing request latency=54 ms status=200
2026-09-12T17:36:02.753821Z  INFO request{method=GET uri=/api/migrations/fub/imports version=HTTP/1.1}: tower_http::trace::on_response: finished processing request latency=43 ms status=200
2026-09-12T17:36:02.754501Z  INFO request{method=GET uri=/api/migrations/fub/snapshots version=HTTP/1.1}: tower_http::trace::on_request: started processing request
2026-09-12T17:36:02.755766Z  INFO request{method=GET uri=/api/migrations/fub/imports version=HTTP/1.1}: tower_http::trace::on_response: finished processing request latency=54 ms status=200
2026-09-12T17:36:02.761350Z  INFO request{method=GET uri=/api/migrations/fub/imports version=HTTP/1.1}: tower_http::trace::on_response: finished processing request latency=46 ms status=200
2026-09-12T17:36:02.766223Z  INFO request{method=GET uri=/api/migrations/fub/imports/e63ca63f-ac6d-4a33-91d7-c9899d65ecdc version=HTTP/1.1}: tower_http::trace::on_request: started processing request
2026-09-12T17:36:02.766804Z  INFO request{method=GET uri=/api/migrations/fub/imports/e63ca63f-ac6d-4a33-91d7-c9899d65ecdc version=HTTP/1.1}: tower_http::trace::on_request: started processing request
2026-09-12T17:36:02.767149Z  INFO request{method=GET uri=/api/migrations/fub/metadata-imports version=HTTP/1.1}: tower_http::trace::on_request: started processing request
2026-09-12T17:36:02.767183Z  INFO request{method=GET uri=/api/migrations/fub/imports version=HTTP/1.1}: tower_http::trace::on_response: finished processing request latency=54 ms status=200
2026-09-12T17:36:02.772704Z  INFO request{method=GET uri=/api/migrations/fub/imports/e63ca63f-ac6d-4a33-91d7-c9899d65ecdc version=HTTP/1.1}: tower_http::trace::on_request: started processing request
2026-09-12T17:36:02.775567Z  INFO request{method=GET uri=/api/migrations/fub/snapshots version=HTTP/1.1}: tower_http::trace::on_response: finished processing request latency=21 ms status=200
2026-09-12T17:36:02.778511Z  INFO request{method=GET uri=/api/migrations/fub/history-captures version=HTTP/1.1}: tower_http::trace::on_request: started processing request
2026-09-12T17:36:02.783398Z  INFO request{method=GET uri=/api/migrations/fub/snapshots version=HTTP/1.1}: tower_http::trace::on_response: finished processing request latency=73 ms status=200
2026-09-12T17:36:02.783836Z  INFO request{method=GET uri=/api/migrations/fub/imports/e63ca63f-ac6d-4a33-91d7-c9899d65ecdc version=HTTP/1.1}: tower_http::trace::on_response: finished processing request latency=17 ms status=200
2026-09-12T17:36:02.787542Z  INFO request{method=GET uri=/api/migrations/fub/imports/e63ca63f-ac6d-4a33-91d7-c9899d65ecdc version=HTTP/1.1}: tower_http::trace::on_response: finished processing request latency=20 ms status=200
2026-09-12T17:36:02.788890Z  INFO request{method=GET uri=/api/migrations/fub/imports/e63ca63f-ac6d-4a33-91d7-c9899d65ecdc version=HTTP/1.1}: tower_http::trace::on_request: started processing request
2026-09-12T17:36:02.789740Z  INFO request{method=GET uri=/api/migrations/fub/activity-imports version=HTTP/1.1}: tower_http::trace::on_request: started processing request
2026-09-12T17:36:02.789975Z  INFO request{method=GET uri=/api/migrations/fub/metadata-imports version=HTTP/1.1}: tower_http::trace::on_response: finished processing request latency=22 ms status=200
2026-09-12T17:36:02.793179Z  INFO request{method=GET uri=/api/migrations/fub/snapshots/3ddd8f22-1eae-484b-9ec0-5a89e7bc6f4c version=HTTP/1.1}: tower_http::trace::on_request: started processing request
2026-09-12T17:36:02.795629Z  INFO request{method=GET uri=/api/migrations/fub/snapshots/3ddd8f22-1eae-484b-9ec0-5a89e7bc6f4c version=HTTP/1.1}: tower_http::trace::on_request: started processing request
2026-09-12T17:36:02.801886Z  INFO request{method=GET uri=/api/migrations/fub/imports/e63ca63f-ac6d-4a33-91d7-c9899d65ecdc version=HTTP/1.1}: tower_http::trace::on_response: finished processing request latency=29 ms status=200
2026-09-12T17:36:02.806527Z  INFO request{method=GET uri=/api/migrations/fub/snapshots/3ddd8f22-1eae-484b-9ec0-5a89e7bc6f4c version=HTTP/1.1}: tower_http::trace::on_request: started processing request
2026-09-12T17:36:02.807758Z  INFO request{method=GET uri=/api/migrations/fub/snapshots/3ddd8f22-1eae-484b-9ec0-5a89e7bc6f4c version=HTTP/1.1}: tower_http::trace::on_response: finished processing request latency=14 ms status=200
2026-09-12T17:36:02.809110Z  INFO request{method=GET uri=/api/migrations/fub/history-captures version=HTTP/1.1}: tower_http::trace::on_response: finished processing request latency=30 ms status=200
2026-09-12T17:36:02.810846Z  INFO request{method=GET uri=/api/migrations/fub/snapshots/3ddd8f22-1eae-484b-9ec0-5a89e7bc6f4c version=HTTP/1.1}: tower_http::trace::on_request: started processing request
2026-09-12T17:36:02.814408Z  INFO request{method=GET uri=/api/migrations/fub/imports/e63ca63f-ac6d-4a33-91d7-c9899d65ecdc/plans/aa7b437a-9b03-410a-9831-2266e6a33017/mappings version=HTTP/1.1}: tower_http::trace::on_request: started processing request
2026-09-12T17:36:02.816387Z  INFO request{method=GET uri=/api/migrations/fub/activity-imports version=HTTP/1.1}: tower_http::trace::on_response: finished processing request latency=26 ms status=200
2026-09-12T17:36:02.816994Z  INFO request{method=GET uri=/api/migrations/fub/imports/e63ca63f-ac6d-4a33-91d7-c9899d65ecdc version=HTTP/1.1}: tower_http::trace::on_response: finished processing request latency=28 ms status=200
2026-09-12T17:36:02.817604Z  INFO request{method=GET uri=/api/migrations/fub/snapshots/3ddd8f22-1eae-484b-9ec0-5a89e7bc6f4c version=HTTP/1.1}: tower_http::trace::on_response: finished processing request latency=22 ms status=200
2026-09-12T17:36:02.822161Z  INFO request{method=GET uri=/api/migrations/fub/imports/e63ca63f-ac6d-4a33-91d7-c9899d65ecdc/results version=HTTP/1.1}: tower_http::trace::on_request: started processing request
2026-09-12T17:36:02.822922Z  INFO request{method=GET uri=/api/migrations/fub/snapshots/3ddd8f22-1eae-484b-9ec0-5a89e7bc6f4c/previews/c25400a7-08fa-4ed8-940f-fee6f81a28be version=HTTP/1.1}: tower_http::trace::on_request: started processing request
2026-09-12T17:36:02.825466Z  INFO request{method=GET uri=/api/migrations/fub/history-captures/dcbabe44-c9c1-4dec-a87d-c75a06e9466c version=HTTP/1.1}: tower_http::trace::on_request: started processing request
2026-09-12T17:36:02.825936Z  INFO request{method=GET uri=/api/migrations/fub/snapshots/3ddd8f22-1eae-484b-9ec0-5a89e7bc6f4c version=HTTP/1.1}: tower_http::trace::on_response: finished processing request latency=19 ms status=200
2026-09-12T17:36:02.828125Z  INFO request{method=GET uri=/api/migrations/fub/snapshots/3ddd8f22-1eae-484b-9ec0-5a89e7bc6f4c version=HTTP/1.1}: tower_http::trace::on_response: finished processing request latency=17 ms status=200
2026-09-12T17:36:02.828771Z  INFO request{method=GET uri=/api/migrations/fub/snapshots/3ddd8f22-1eae-484b-9ec0-5a89e7bc6f4c version=HTTP/1.1}: tower_http::trace::on_request: started processing request
2026-09-12T17:36:02.829484Z  INFO request{method=GET uri=/api/migrations/fub/imports/e63ca63f-ac6d-4a33-91d7-c9899d65ecdc/plans/aa7b437a-9b03-410a-9831-2266e6a33017/mappings version=HTTP/1.1}: tower_http::trace::on_response: finished processing request latency=15 ms status=200
2026-09-12T17:36:02.832637Z  INFO request{method=GET uri=/api/migrations/fub/snapshots/3ddd8f22-1eae-484b-9ec0-5a89e7bc6f4c/previews/c25400a7-08fa-4ed8-940f-fee6f81a28be version=HTTP/1.1}: tower_http::trace::on_request: started processing request
2026-09-12T17:36:02.834207Z  INFO request{method=GET uri=/api/migrations/fub/imports/e63ca63f-ac6d-4a33-91d7-c9899d65ecdc/results version=HTTP/1.1}: tower_http::trace::on_response: finished processing request latency=12 ms status=200
2026-09-12T17:36:02.841151Z  INFO request{method=GET uri=/api/migrations/fub/snapshots/3ddd8f22-1eae-484b-9ec0-5a89e7bc6f4c/previews/c25400a7-08fa-4ed8-940f-fee6f81a28be version=HTTP/1.1}: tower_http::trace::on_response: finished processing request latency=18 ms status=200
2026-09-12T17:36:02.841317Z  INFO request{method=GET uri=/api/migrations/fub/history-captures/dcbabe44-c9c1-4dec-a87d-c75a06e9466c version=HTTP/1.1}: tower_http::trace::on_response: finished processing request latency=15 ms status=200
2026-09-12T17:36:02.841730Z  INFO request{method=GET uri=/api/migrations/fub/snapshots/3ddd8f22-1eae-484b-9ec0-5a89e7bc6f4c version=HTTP/1.1}: tower_http::trace::on_response: finished processing request latency=12 ms status=200
2026-09-12T17:36:02.848632Z  INFO request{method=GET uri=/api/migrations/fub/snapshots/3ddd8f22-1eae-484b-9ec0-5a89e7bc6f4c/previews/c25400a7-08fa-4ed8-940f-fee6f81a28be version=HTTP/1.1}: tower_http::trace::on_response: finished processing request latency=16 ms status=200
2026-09-12T17:36:02.854345Z  INFO request{method=GET uri=/api/migrations/fub/snapshots/3ddd8f22-1eae-484b-9ec0-5a89e7bc6f4c/previews/c25400a7-08fa-4ed8-940f-fee6f81a28be/records version=HTTP/1.1}: tower_http::trace::on_request: started processing request
2026-09-12T17:36:02.858953Z  INFO request{method=GET uri=/api/migrations/fub/history-captures/dcbabe44-c9c1-4dec-a87d-c75a06e9466c/records version=HTTP/1.1}: tower_http::trace::on_request: started processing request
2026-09-12T17:36:02.861138Z  INFO request{method=GET uri=/api/migrations/fub/snapshots/3ddd8f22-1eae-484b-9ec0-5a89e7bc6f4c/previews/c25400a7-08fa-4ed8-940f-fee6f81a28be/records version=HTTP/1.1}: tower_http::trace::on_response: finished processing request latency=6 ms status=200
2026-09-12T17:36:02.897670Z  INFO request{method=GET uri=/api/migrations/fub/history-captures/dcbabe44-c9c1-4dec-a87d-c75a06e9466c/records version=HTTP/1.1}: tower_http::trace::on_response: finished processing request latency=38 ms status=200
2026-09-12T17:36:03.258879Z  INFO request{method=POST uri=/api/migrations/fub/history-captures version=HTTP/1.1}: tower_http::trace::on_request: started processing request
2026-09-12T17:36:03.292000Z  INFO request{method=POST uri=/api/migrations/fub/history-captures version=HTTP/1.1}: tower_http::trace::on_response: finished processing request latency=33 ms status=201
2026-09-12T17:36:03.305052Z  INFO request{method=GET uri=/api/migrations/fub/history-captures/39884349-5484-480b-9e55-3d4fcb84ba98 version=HTTP/1.1}: tower_http::trace::on_request: started processing request
2026-09-12T17:36:03.305519Z  INFO request{method=GET uri=/api/migrations/fub/imports version=HTTP/1.1}: tower_http::trace::on_request: started processing request
2026-09-12T17:36:03.306038Z  INFO request{method=GET uri=/api/migrations/fub/imports/e63ca63f-ac6d-4a33-91d7-c9899d65ecdc version=HTTP/1.1}: tower_http::trace::on_request: started processing request
2026-09-12T17:36:03.306703Z  INFO request{method=GET uri=/api/migrations/fub/history-captures version=HTTP/1.1}: tower_http::trace::on_request: started processing request
2026-09-12T17:36:03.308744Z  INFO request{method=GET uri=/api/migrations/fub/history-captures/39884349-5484-480b-9e55-3d4fcb84ba98 version=HTTP/1.1}: tower_http::trace::on_request: started processing request
2026-09-12T17:36:03.318170Z  INFO request{method=GET uri=/api/migrations/fub/history-captures/39884349-5484-480b-9e55-3d4fcb84ba98 version=HTTP/1.1}: tower_http::trace::on_response: finished processing request latency=13 ms status=200
2026-09-12T17:36:03.320699Z  INFO request{method=GET uri=/api/migrations/fub/imports version=HTTP/1.1}: tower_http::trace::on_response: finished processing request latency=15 ms status=200
2026-09-12T17:36:03.324762Z  INFO request{method=GET uri=/api/migrations/fub/history-captures/39884349-5484-480b-9e55-3d4fcb84ba98/records version=HTTP/1.1}: tower_http::trace::on_request: started processing request
2026-09-12T17:36:03.326856Z  INFO request{method=GET uri=/api/migrations/fub/history-captures version=HTTP/1.1}: tower_http::trace::on_response: finished processing request latency=20 ms status=200
2026-09-12T17:36:03.332298Z  INFO request{method=GET uri=/api/migrations/fub/imports/e63ca63f-ac6d-4a33-91d7-c9899d65ecdc version=HTTP/1.1}: tower_http::trace::on_response: finished processing request latency=26 ms status=200
2026-09-12T17:36:03.338178Z  INFO request{method=GET uri=/api/migrations/fub/history-captures/39884349-5484-480b-9e55-3d4fcb84ba98 version=HTTP/1.1}: tower_http::trace::on_response: finished processing request latency=29 ms status=200
2026-09-12T17:36:03.341701Z  INFO request{method=GET uri=/api/migrations/fub/history-captures/39884349-5484-480b-9e55-3d4fcb84ba98/records version=HTTP/1.1}: tower_http::trace::on_response: finished processing request latency=16 ms status=200
2026-09-12T17:36:04.156893Z  INFO request{method=POST uri=/api/migrations/fub/history-captures/39884349-5484-480b-9e55-3d4fcb84ba98/confirm version=HTTP/1.1}: tower_http::trace::on_request: started processing request
2026-09-12T17:36:04.185947Z  INFO request{method=POST uri=/api/migrations/fub/history-captures/39884349-5484-480b-9e55-3d4fcb84ba98/confirm version=HTTP/1.1}: tower_http::trace::on_response: finished processing request latency=29 ms status=202
2026-09-12T17:36:04.193430Z  INFO request{method=GET uri=/api/migrations/fub/imports version=HTTP/1.1}: tower_http::trace::on_request: started processing request
2026-09-12T17:36:04.193842Z  INFO request{method=GET uri=/api/migrations/fub/imports/e63ca63f-ac6d-4a33-91d7-c9899d65ecdc version=HTTP/1.1}: tower_http::trace::on_request: started processing request
2026-09-12T17:36:04.194414Z  INFO request{method=GET uri=/api/migrations/fub/history-captures version=HTTP/1.1}: tower_http::trace::on_request: started processing request
2026-09-12T17:36:04.194976Z  INFO request{method=GET uri=/api/migrations/fub/history-captures/39884349-5484-480b-9e55-3d4fcb84ba98 version=HTTP/1.1}: tower_http::trace::on_request: started processing request
2026-09-12T17:36:04.195552Z  INFO request{method=GET uri=/api/migrations/fub/history-captures/39884349-5484-480b-9e55-3d4fcb84ba98 version=HTTP/1.1}: tower_http::trace::on_request: started processing request
2026-09-12T17:36:04.206065Z  INFO request{method=GET uri=/api/migrations/fub/imports version=HTTP/1.1}: tower_http::trace::on_response: finished processing request latency=12 ms status=200
2026-09-12T17:36:04.212348Z  INFO request{method=GET uri=/api/migrations/fub/history-captures version=HTTP/1.1}: tower_http::trace::on_response: finished processing request latency=17 ms status=200
2026-09-12T17:36:04.214813Z  INFO request{method=GET uri=/api/migrations/fub/imports/e63ca63f-ac6d-4a33-91d7-c9899d65ecdc version=HTTP/1.1}: tower_http::trace::on_response: finished processing request latency=20 ms status=200
2026-09-12T17:36:04.220284Z  INFO request{method=GET uri=/api/migrations/fub/history-captures/39884349-5484-480b-9e55-3d4fcb84ba98 version=HTTP/1.1}: tower_http::trace::on_response: finished processing request latency=25 ms status=200
2026-09-12T17:36:04.223650Z  INFO request{method=GET uri=/api/migrations/fub/history-captures/39884349-5484-480b-9e55-3d4fcb84ba98 version=HTTP/1.1}: tower_http::trace::on_response: finished processing request latency=28 ms status=200
2026-09-12T17:36:04.231142Z  INFO request{method=GET uri=/api/migrations/fub/history-captures/39884349-5484-480b-9e55-3d4fcb84ba98 version=HTTP/1.1}: tower_http::trace::on_request: started processing request
2026-09-12T17:36:04.242086Z  INFO request{method=GET uri=/api/migrations/fub/history-captures/39884349-5484-480b-9e55-3d4fcb84ba98 version=HTTP/1.1}: tower_http::trace::on_response: finished processing request latency=10 ms status=200
2026-09-12T17:36:04.702182Z  INFO request{method=GET uri=/api/migrations/fub/history-captures/39884349-5484-480b-9e55-3d4fcb84ba98 version=HTTP/1.1}: tower_http::trace::on_request: started processing request
2026-09-12T17:36:04.724098Z  INFO request{method=GET uri=/api/migrations/fub/history-captures/39884349-5484-480b-9e55-3d4fcb84ba98 version=HTTP/1.1}: tower_http::trace::on_response: finished processing request latency=21 ms status=200
2026-09-12T17:36:04.823601Z  INFO settle{organization_id=1171938e-8da2-435c-8465-88d0b523df38 run_id=39884349-5484-480b-9e55-3d4fcb84ba98}: crm_app::domain::migration::history_capture_worker: history capture settled raw_bytes=100 retained_bytes=195 outcome="accepted"
2026-09-12T17:36:05.133228Z  INFO settle{organization_id=1171938e-8da2-435c-8465-88d0b523df38 run_id=39884349-5484-480b-9e55-3d4fcb84ba98}: crm_app::domain::migration::history_capture_worker: history capture settled raw_bytes=40965 retained_bytes=98982 outcome="accepted"
2026-09-12T17:36:05.181397Z  INFO request{method=GET uri=/api/migrations/fub/history-captures/39884349-5484-480b-9e55-3d4fcb84ba98 version=HTTP/1.1}: tower_http::trace::on_request: started processing request
2026-09-12T17:36:05.359980Z  INFO settle{organization_id=1171938e-8da2-435c-8465-88d0b523df38 run_id=39884349-5484-480b-9e55-3d4fcb84ba98}: crm_app::domain::migration::history_capture_worker: history capture settled raw_bytes=40915 retained_bytes=98836 outcome="enumeration_identity_uncertain"
2026-09-12T17:36:05.366395Z  INFO request{method=GET uri=/api/migrations/fub/history-captures/39884349-5484-480b-9e55-3d4fcb84ba98 version=HTTP/1.1}: tower_http::trace::on_response: finished processing request latency=185 ms status=200
2026-09-12T17:36:05.372623Z  INFO request{method=GET uri=/api/migrations/fub/history-captures/39884349-5484-480b-9e55-3d4fcb84ba98/records version=HTTP/1.1}: tower_http::trace::on_request: started processing request
2026-09-12T17:36:05.409729Z  INFO request{method=GET uri=/api/migrations/fub/history-captures/39884349-5484-480b-9e55-3d4fcb84ba98/records version=HTTP/1.1}: tower_http::trace::on_response: finished processing request latency=37 ms status=200
2026-09-12T17:36:05.424558Z  INFO request{method=GET uri=/api/migrations/fub/history-captures/39884349-5484-480b-9e55-3d4fcb84ba98/records version=HTTP/1.1}: tower_http::trace::on_request: started processing request
2026-09-12T17:36:05.460794Z  INFO request{method=GET uri=/api/migrations/fub/history-captures/39884349-5484-480b-9e55-3d4fcb84ba98/records version=HTTP/1.1}: tower_http::trace::on_response: finished processing request latency=36 ms status=200
2026-09-12T17:36:05.475364Z  INFO request{method=GET uri=/api/migrations/fub/history-captures/39884349-5484-480b-9e55-3d4fcb84ba98/records version=HTTP/1.1}: tower_http::trace::on_request: started processing request
2026-09-12T17:36:05.516559Z  INFO request{method=GET uri=/api/migrations/fub/history-captures/39884349-5484-480b-9e55-3d4fcb84ba98/records version=HTTP/1.1}: tower_http::trace::on_response: finished processing request latency=41 ms status=200
2026-09-12T17:36:05.528812Z  INFO request{method=GET uri=/api/migrations/fub/history-captures/39884349-5484-480b-9e55-3d4fcb84ba98/records version=HTTP/1.1}: tower_http::trace::on_request: started processing request
2026-09-12T17:36:05.568890Z  INFO request{method=GET uri=/api/migrations/fub/history-captures/39884349-5484-480b-9e55-3d4fcb84ba98/records version=HTTP/1.1}: tower_http::trace::on_response: finished processing request latency=40 ms status=200
2026-09-12T17:36:05.582566Z  INFO request{method=GET uri=/api/migrations/fub/history-captures/39884349-5484-480b-9e55-3d4fcb84ba98/records version=HTTP/1.1}: tower_http::trace::on_request: started processing request
2026-09-12T17:36:05.591384Z  INFO request{method=GET uri=/api/migrations/fub/history-captures/39884349-5484-480b-9e55-3d4fcb84ba98/records version=HTTP/1.1}: tower_http::trace::on_response: finished processing request latency=8 ms status=200
2026-09-12T17:36:05.623657Z  INFO request{method=GET uri=/api/migrations/fub/imports version=HTTP/1.1}: tower_http::trace::on_request: started processing request
2026-09-12T17:36:05.624457Z  INFO request{method=GET uri=/api/migrations/fub/imports/e63ca63f-ac6d-4a33-91d7-c9899d65ecdc version=HTTP/1.1}: tower_http::trace::on_request: started processing request
2026-09-12T17:36:05.624674Z  INFO request{method=GET uri=/api/migrations/fub/history-captures version=HTTP/1.1}: tower_http::trace::on_request: started processing request
2026-09-12T17:36:05.625267Z  INFO request{method=GET uri=/api/migrations/fub/history-captures/39884349-5484-480b-9e55-3d4fcb84ba98 version=HTTP/1.1}: tower_http::trace::on_request: started processing request
2026-09-12T17:36:05.637112Z  INFO request{method=GET uri=/api/migrations/fub/history-captures/39884349-5484-480b-9e55-3d4fcb84ba98 version=HTTP/1.1}: tower_http::trace::on_response: finished processing request latency=11 ms status=200
2026-09-12T17:36:05.638618Z  INFO request{method=GET uri=/api/migrations/fub/imports/e63ca63f-ac6d-4a33-91d7-c9899d65ecdc version=HTTP/1.1}: tower_http::trace::on_response: finished processing request latency=14 ms status=200
2026-09-12T17:36:05.643168Z  INFO request{method=GET uri=/api/migrations/fub/history-captures version=HTTP/1.1}: tower_http::trace::on_response: finished processing request latency=18 ms status=200
2026-09-12T17:36:05.646489Z  INFO request{method=GET uri=/api/migrations/fub/imports version=HTTP/1.1}: tower_http::trace::on_response: finished processing request latency=22 ms status=200
2026-09-12T17:36:05.831769Z  INFO request{method=GET uri=/api/migrations/fub/history-captures/39884349-5484-480b-9e55-3d4fcb84ba98/records version=HTTP/1.1}: tower_http::trace::on_request: started processing request
2026-09-12T17:36:05.847630Z  INFO request{method=GET uri=/api/migrations/fub/history-captures/39884349-5484-480b-9e55-3d4fcb84ba98/records version=HTTP/1.1}: tower_http::trace::on_response: finished processing request latency=15 ms status=200
2026-09-12T17:36:06.307697Z  INFO request{method=GET uri=/api/migrations/fub/history-captures/39884349-5484-480b-9e55-3d4fcb84ba98/records version=HTTP/1.1}: tower_http::trace::on_request: started processing request
2026-09-12T17:36:06.334843Z  INFO request{method=GET uri=/api/migrations/fub/history-captures/39884349-5484-480b-9e55-3d4fcb84ba98/records version=HTTP/1.1}: tower_http::trace::on_response: finished processing request latency=27 ms status=200
2026-09-12T17:36:06.789992Z  INFO request{method=GET uri=/api/migrations/fub/history-captures/39884349-5484-480b-9e55-3d4fcb84ba98/records/95b8002b-811a-4185-b6d6-ffe286a4890c version=HTTP/1.1}: tower_http::trace::on_request: started processing request
2026-09-12T17:36:06.819616Z  INFO request{method=GET uri=/api/migrations/fub/history-captures/39884349-5484-480b-9e55-3d4fcb84ba98/records/95b8002b-811a-4185-b6d6-ffe286a4890c version=HTTP/1.1}: tower_http::trace::on_response: finished processing request latency=29 ms status=200
2026-09-12T17:36:07.604594Z  INFO request{method=GET uri=/api/migrations/fub/imports version=HTTP/1.1}: tower_http::trace::on_request: started processing request
2026-09-12T17:36:07.604990Z  INFO request{method=GET uri=/api/migrations/fub/imports/e63ca63f-ac6d-4a33-91d7-c9899d65ecdc version=HTTP/1.1}: tower_http::trace::on_request: started processing request
2026-09-12T17:36:07.605500Z  INFO request{method=GET uri=/api/migrations/fub/history-captures version=HTTP/1.1}: tower_http::trace::on_request: started processing request
2026-09-12T17:36:07.606032Z  INFO request{method=GET uri=/api/migrations/fub/history-captures/39884349-5484-480b-9e55-3d4fcb84ba98 version=HTTP/1.1}: tower_http::trace::on_request: started processing request
2026-09-12T17:36:07.637519Z  INFO request{method=GET uri=/api/migrations/fub/history-captures/39884349-5484-480b-9e55-3d4fcb84ba98 version=HTTP/1.1}: tower_http::trace::on_response: finished processing request latency=31 ms status=200
2026-09-12T17:36:07.645310Z  INFO request{method=GET uri=/api/migrations/fub/history-captures version=HTTP/1.1}: tower_http::trace::on_response: finished processing request latency=39 ms status=200
2026-09-12T17:36:07.646618Z  INFO request{method=GET uri=/api/migrations/fub/imports version=HTTP/1.1}: tower_http::trace::on_response: finished processing request latency=42 ms status=200
2026-09-12T17:36:07.649256Z  INFO request{method=GET uri=/api/migrations/fub/imports/e63ca63f-ac6d-4a33-91d7-c9899d65ecdc version=HTTP/1.1}: tower_http::trace::on_response: finished processing request latency=44 ms status=200
2026-09-12T17:37:13.893580Z  INFO request{method=GET uri=/api/me version=HTTP/1.1}: tower_http::trace::on_request: started processing request
2026-09-12T17:37:13.899101Z  INFO request{method=GET uri=/api/me version=HTTP/1.1}: tower_http::trace::on_response: finished processing request latency=5 ms status=200
2026-09-12T17:37:13.914960Z  INFO request{method=GET uri=/api/me version=HTTP/1.1}: tower_http::trace::on_request: started processing request
2026-09-12T17:37:13.919340Z  INFO request{method=GET uri=/api/me version=HTTP/1.1}: tower_http::trace::on_response: finished processing request latency=4 ms status=200
2026-09-12T17:37:13.945416Z  INFO request{method=GET uri=/api/migrations/fub/ version=HTTP/1.1}: tower_http::trace::on_request: started processing request
2026-09-12T17:37:13.945927Z  INFO request{method=GET uri=/api/migrations/fub/imports version=HTTP/1.1}: tower_http::trace::on_request: started processing request
2026-09-12T17:37:13.946545Z  INFO request{method=GET uri=/api/migrations/fub/imports version=HTTP/1.1}: tower_http::trace::on_request: started processing request
2026-09-12T17:37:13.946979Z  INFO request{method=GET uri=/api/migrations/fub/snapshots version=HTTP/1.1}: tower_http::trace::on_request: started processing request
2026-09-12T17:37:13.947563Z  INFO request{method=GET uri=/api/migrations/fub/imports version=HTTP/1.1}: tower_http::trace::on_request: started processing request
2026-09-12T17:37:13.948111Z  INFO request{method=GET uri=/api/migrations/fub/snapshots version=HTTP/1.1}: tower_http::trace::on_request: started processing request
2026-09-12T17:37:13.977924Z  INFO request{method=GET uri=/api/migrations/fub/imports version=HTTP/1.1}: tower_http::trace::on_response: finished processing request latency=32 ms status=200
2026-09-12T17:37:13.981460Z  INFO request{method=GET uri=/api/migrations/fub/imports version=HTTP/1.1}: tower_http::trace::on_response: finished processing request latency=34 ms status=200
2026-09-12T17:37:13.981460Z  INFO request{method=GET uri=/api/migrations/fub/ version=HTTP/1.1}: tower_http::trace::on_response: finished processing request latency=36 ms status=200
2026-09-12T17:37:13.986147Z  INFO request{method=GET uri=/api/migrations/fub/imports version=HTTP/1.1}: tower_http::trace::on_request: started processing request
2026-09-12T17:37:13.989065Z  INFO request{method=GET uri=/api/migrations/fub/imports version=HTTP/1.1}: tower_http::trace::on_response: finished processing request latency=41 ms status=200
2026-09-12T17:37:13.989209Z  INFO request{method=GET uri=/api/migrations/fub/imports/e63ca63f-ac6d-4a33-91d7-c9899d65ecdc version=HTTP/1.1}: tower_http::trace::on_request: started processing request
2026-09-12T17:37:13.993005Z  INFO request{method=GET uri=/api/migrations/fub/imports/e63ca63f-ac6d-4a33-91d7-c9899d65ecdc version=HTTP/1.1}: tower_http::trace::on_request: started processing request
2026-09-12T17:37:13.994067Z  INFO request{method=GET uri=/api/migrations/fub/snapshots version=HTTP/1.1}: tower_http::trace::on_response: finished processing request latency=47 ms status=200
2026-09-12T17:37:14.000610Z  WARN sqlx::postgres::notice: there is no transaction in progress
2026-09-12T17:37:14.025382Z  INFO request{method=GET uri=/api/me version=HTTP/1.1}: tower_http::trace::on_request: started processing request
2026-09-12T17:37:14.026635Z  INFO request{method=GET uri=/api/me version=HTTP/1.1}: tower_http::trace::on_response: finished processing request latency=1 ms status=200
2026-09-12T17:37:14.080841Z  INFO request{method=GET uri=/api/migrations/fub/ version=HTTP/1.1}: tower_http::trace::on_request: started processing request
2026-09-12T17:37:14.082211Z  INFO request{method=GET uri=/api/migrations/fub/imports version=HTTP/1.1}: tower_http::trace::on_request: started processing request
2026-09-12T17:37:14.082446Z  INFO request{method=GET uri=/api/migrations/fub/snapshots version=HTTP/1.1}: tower_http::trace::on_request: started processing request
2026-09-12T17:37:14.083368Z  INFO request{method=GET uri=/api/migrations/fub/imports version=HTTP/1.1}: tower_http::trace::on_request: started processing request
2026-09-12T17:37:14.084116Z  INFO request{method=GET uri=/api/migrations/fub/imports version=HTTP/1.1}: tower_http::trace::on_request: started processing request
2026-09-12T17:37:14.084644Z  INFO request{method=GET uri=/api/migrations/fub/imports version=HTTP/1.1}: tower_http::trace::on_request: started processing request
2026-09-12T17:37:14.146248Z  INFO request{method=GET uri=/api/migrations/fub/ version=HTTP/1.1}: tower_http::trace::on_response: finished processing request latency=65 ms status=200
2026-09-12T17:37:14.149168Z  INFO request{method=GET uri=/api/migrations/fub/snapshots version=HTTP/1.1}: tower_http::trace::on_request: started processing request
2026-09-12T17:37:14.151043Z  INFO request{method=GET uri=/api/migrations/fub/imports version=HTTP/1.1}: tower_http::trace::on_response: finished processing request latency=68 ms status=200
2026-09-12T17:37:14.153276Z  INFO request{method=GET uri=/api/migrations/fub/snapshots version=HTTP/1.1}: tower_http::trace::on_response: finished processing request latency=70 ms status=200
2026-09-12T17:37:14.156919Z  INFO request{method=GET uri=/api/me version=HTTP/1.1}: tower_http::trace::on_request: started processing request
2026-09-12T17:37:14.158359Z  INFO request{method=GET uri=/api/me version=HTTP/1.1}: tower_http::trace::on_response: finished processing request latency=1 ms status=200
2026-09-12T17:37:14.158826Z  INFO request{method=GET uri=/api/migrations/fub/imports version=HTTP/1.1}: tower_http::trace::on_response: finished processing request latency=75 ms status=200
2026-09-12T17:37:14.162526Z  INFO request{method=GET uri=/api/migrations/fub/imports/e63ca63f-ac6d-4a33-91d7-c9899d65ecdc version=HTTP/1.1}: tower_http::trace::on_request: started processing request
2026-09-12T17:37:14.164731Z  INFO request{method=GET uri=/api/migrations/fub/snapshots/3ddd8f22-1eae-484b-9ec0-5a89e7bc6f4c version=HTTP/1.1}: tower_http::trace::on_request: started processing request
2026-09-12T17:37:14.165198Z  INFO request{method=GET uri=/api/migrations/fub/imports version=HTTP/1.1}: tower_http::trace::on_response: finished processing request latency=81 ms status=200
2026-09-12T17:37:14.172038Z  INFO request{method=GET uri=/api/migrations/fub/snapshots version=HTTP/1.1}: tower_http::trace::on_response: finished processing request latency=22 ms status=200
2026-09-12T17:37:14.172827Z  INFO request{method=GET uri=/api/migrations/fub/imports/e63ca63f-ac6d-4a33-91d7-c9899d65ecdc version=HTTP/1.1}: tower_http::trace::on_request: started processing request
2026-09-12T17:37:14.173451Z  INFO request{method=GET uri=/api/migrations/fub/metadata-imports version=HTTP/1.1}: tower_http::trace::on_request: started processing request
2026-09-12T17:37:14.179203Z  INFO request{method=GET uri=/api/migrations/fub/imports version=HTTP/1.1}: tower_http::trace::on_response: finished processing request latency=94 ms status=200
2026-09-12T17:37:14.187250Z  INFO request{method=GET uri=/api/migrations/fub/imports/e63ca63f-ac6d-4a33-91d7-c9899d65ecdc version=HTTP/1.1}: tower_http::trace::on_response: finished processing request latency=24 ms status=200
2026-09-12T17:37:14.187540Z  INFO request{method=GET uri=/api/migrations/fub/imports/e63ca63f-ac6d-4a33-91d7-c9899d65ecdc version=HTTP/1.1}: tower_http::trace::on_request: started processing request
2026-09-12T17:37:14.194005Z  INFO request{method=GET uri=/api/migrations/fub/activity-imports version=HTTP/1.1}: tower_http::trace::on_request: started processing request
2026-09-12T17:37:14.197539Z  INFO request{method=GET uri=/api/migrations/fub/snapshots/3ddd8f22-1eae-484b-9ec0-5a89e7bc6f4c version=HTTP/1.1}: tower_http::trace::on_request: started processing request
2026-09-12T17:37:14.201415Z  WARN sqlx::postgres::notice: there is no transaction in progress
2026-09-12T17:37:14.230514Z  INFO request{method=GET uri=/api/me version=HTTP/1.1}: tower_http::trace::on_request: started processing request
2026-09-12T17:37:14.232962Z  INFO request{method=GET uri=/api/me version=HTTP/1.1}: tower_http::trace::on_response: finished processing request latency=2 ms status=200
2026-09-12T17:37:14.264332Z  INFO request{method=GET uri=/api/migrations/fub/ version=HTTP/1.1}: tower_http::trace::on_request: started processing request
2026-09-12T17:37:14.265038Z  INFO request{method=GET uri=/api/migrations/fub/imports version=HTTP/1.1}: tower_http::trace::on_request: started processing request
2026-09-12T17:37:14.265499Z  INFO request{method=GET uri=/api/migrations/fub/imports version=HTTP/1.1}: tower_http::trace::on_request: started processing request
2026-09-12T17:37:14.266016Z  INFO request{method=GET uri=/api/migrations/fub/snapshots version=HTTP/1.1}: tower_http::trace::on_request: started processing request
2026-09-12T17:37:14.266528Z  INFO request{method=GET uri=/api/migrations/fub/imports version=HTTP/1.1}: tower_http::trace::on_request: started processing request
2026-09-12T17:37:14.267699Z  INFO request{method=GET uri=/api/migrations/fub/imports version=HTTP/1.1}: tower_http::trace::on_request: started processing request
2026-09-12T17:37:14.301869Z  INFO request{method=GET uri=/api/migrations/fub/ version=HTTP/1.1}: tower_http::trace::on_response: finished processing request latency=37 ms status=200
2026-09-12T17:37:14.304768Z  INFO request{method=GET uri=/api/migrations/fub/imports version=HTTP/1.1}: tower_http::trace::on_response: finished processing request latency=39 ms status=200
2026-09-12T17:37:14.305021Z  INFO request{method=GET uri=/api/migrations/fub/snapshots version=HTTP/1.1}: tower_http::trace::on_response: finished processing request latency=39 ms status=200
2026-09-12T17:37:14.308678Z  INFO request{method=GET uri=/api/migrations/fub/snapshots version=HTTP/1.1}: tower_http::trace::on_request: started processing request
2026-09-12T17:37:14.309368Z  INFO request{method=GET uri=/api/migrations/fub/imports version=HTTP/1.1}: tower_http::trace::on_response: finished processing request latency=42 ms status=200
2026-09-12T17:37:14.312470Z  INFO request{method=GET uri=/api/migrations/fub/imports/e63ca63f-ac6d-4a33-91d7-c9899d65ecdc version=HTTP/1.1}: tower_http::trace::on_request: started processing request
2026-09-12T17:37:14.315586Z  INFO request{method=GET uri=/api/migrations/fub/imports/e63ca63f-ac6d-4a33-91d7-c9899d65ecdc version=HTTP/1.1}: tower_http::trace::on_request: started processing request
2026-09-12T17:37:14.316166Z  INFO request{method=GET uri=/api/migrations/fub/snapshots/3ddd8f22-1eae-484b-9ec0-5a89e7bc6f4c version=HTTP/1.1}: tower_http::trace::on_request: started processing request
2026-09-12T17:37:14.321064Z  INFO request{method=GET uri=/api/migrations/fub/snapshots version=HTTP/1.1}: tower_http::trace::on_response: finished processing request latency=12 ms status=200
2026-09-12T17:37:14.321174Z  INFO request{method=GET uri=/api/migrations/fub/imports version=HTTP/1.1}: tower_http::trace::on_response: finished processing request latency=55 ms status=200
2026-09-12T17:37:14.323699Z  INFO request{method=GET uri=/api/migrations/fub/activity-imports version=HTTP/1.1}: tower_http::trace::on_request: started processing request
2026-09-12T17:37:14.330794Z  INFO request{method=GET uri=/api/migrations/fub/snapshots/3ddd8f22-1eae-484b-9ec0-5a89e7bc6f4c version=HTTP/1.1}: tower_http::trace::on_request: started processing request
2026-09-12T17:37:14.331947Z  INFO request{method=GET uri=/api/migrations/fub/imports version=HTTP/1.1}: tower_http::trace::on_response: finished processing request latency=64 ms status=200
2026-09-12T17:37:14.335241Z  INFO request{method=GET uri=/api/migrations/fub/imports/e63ca63f-ac6d-4a33-91d7-c9899d65ecdc version=HTTP/1.1}: tower_http::trace::on_request: started processing request
2026-09-12T17:37:14.335613Z  INFO request{method=GET uri=/api/migrations/fub/imports/e63ca63f-ac6d-4a33-91d7-c9899d65ecdc version=HTTP/1.1}: tower_http::trace::on_response: finished processing request latency=23 ms status=200
2026-09-12T17:37:14.336070Z  INFO request{method=GET uri=/api/migrations/fub/snapshots/3ddd8f22-1eae-484b-9ec0-5a89e7bc6f4c version=HTTP/1.1}: tower_http::trace::on_response: finished processing request latency=19 ms status=200
2026-09-12T17:37:14.339118Z  INFO request{method=GET uri=/api/migrations/fub/metadata-imports version=HTTP/1.1}: tower_http::trace::on_request: started processing request
2026-09-12T17:37:14.339324Z  INFO request{method=GET uri=/api/migrations/fub/imports/e63ca63f-ac6d-4a33-91d7-c9899d65ecdc version=HTTP/1.1}: tower_http::trace::on_response: finished processing request latency=23 ms status=200
2026-09-12T17:37:14.339756Z  INFO request{method=GET uri=/api/migrations/fub/imports/e63ca63f-ac6d-4a33-91d7-c9899d65ecdc version=HTTP/1.1}: tower_http::trace::on_request: started processing request
2026-09-12T17:37:14.341813Z  INFO request{method=GET uri=/api/migrations/fub/history-captures version=HTTP/1.1}: tower_http::trace::on_request: started processing request
2026-09-12T17:37:14.343262Z  INFO request{method=GET uri=/api/migrations/fub/activity-imports version=HTTP/1.1}: tower_http::trace::on_response: finished processing request latency=19 ms status=200
2026-09-12T17:37:14.345298Z  INFO request{method=GET uri=/api/migrations/fub/snapshots/3ddd8f22-1eae-484b-9ec0-5a89e7bc6f4c version=HTTP/1.1}: tower_http::trace::on_response: finished processing request latency=14 ms status=200
2026-09-12T17:37:14.349414Z  INFO request{method=GET uri=/api/migrations/fub/snapshots/3ddd8f22-1eae-484b-9ec0-5a89e7bc6f4c version=HTTP/1.1}: tower_http::trace::on_request: started processing request
2026-09-12T17:37:14.350561Z  INFO request{method=GET uri=/api/migrations/fub/imports/e63ca63f-ac6d-4a33-91d7-c9899d65ecdc/plans/aa7b437a-9b03-410a-9831-2266e6a33017/mappings version=HTTP/1.1}: tower_http::trace::on_request: started processing request
2026-09-12T17:37:14.352049Z  INFO request{method=GET uri=/api/migrations/fub/imports/e63ca63f-ac6d-4a33-91d7-c9899d65ecdc version=HTTP/1.1}: tower_http::trace::on_response: finished processing request latency=16 ms status=200
2026-09-12T17:37:14.355042Z  INFO request{method=GET uri=/api/migrations/fub/imports/e63ca63f-ac6d-4a33-91d7-c9899d65ecdc/results version=HTTP/1.1}: tower_http::trace::on_request: started processing request
2026-09-12T17:37:14.355383Z  INFO request{method=GET uri=/api/migrations/fub/imports/e63ca63f-ac6d-4a33-91d7-c9899d65ecdc version=HTTP/1.1}: tower_http::trace::on_response: finished processing request latency=15 ms status=200
2026-09-12T17:37:14.360658Z  INFO request{method=GET uri=/api/migrations/fub/snapshots/3ddd8f22-1eae-484b-9ec0-5a89e7bc6f4c/previews/c25400a7-08fa-4ed8-940f-fee6f81a28be version=HTTP/1.1}: tower_http::trace::on_request: started processing request
2026-09-12T17:37:14.361328Z  INFO request{method=GET uri=/api/migrations/fub/metadata-imports version=HTTP/1.1}: tower_http::trace::on_response: finished processing request latency=22 ms status=200
2026-09-12T17:37:14.365199Z  INFO request{method=GET uri=/api/migrations/fub/snapshots/3ddd8f22-1eae-484b-9ec0-5a89e7bc6f4c version=HTTP/1.1}: tower_http::trace::on_request: started processing request
2026-09-12T17:37:14.366045Z  INFO request{method=GET uri=/api/migrations/fub/snapshots/3ddd8f22-1eae-484b-9ec0-5a89e7bc6f4c version=HTTP/1.1}: tower_http::trace::on_response: finished processing request latency=16 ms status=200
2026-09-12T17:37:14.368298Z  INFO request{method=GET uri=/api/migrations/fub/snapshots/3ddd8f22-1eae-484b-9ec0-5a89e7bc6f4c/previews/c25400a7-08fa-4ed8-940f-fee6f81a28be version=HTTP/1.1}: tower_http::trace::on_request: started processing request
2026-09-12T17:37:14.369538Z  INFO request{method=GET uri=/api/migrations/fub/history-captures version=HTTP/1.1}: tower_http::trace::on_response: finished processing request latency=27 ms status=200
2026-09-12T17:37:14.369689Z  INFO request{method=GET uri=/api/migrations/fub/imports/e63ca63f-ac6d-4a33-91d7-c9899d65ecdc/plans/aa7b437a-9b03-410a-9831-2266e6a33017/mappings version=HTTP/1.1}: tower_http::trace::on_response: finished processing request latency=19 ms status=200
2026-09-12T17:37:14.373498Z  INFO request{method=GET uri=/api/migrations/fub/snapshots/3ddd8f22-1eae-484b-9ec0-5a89e7bc6f4c version=HTTP/1.1}: tower_http::trace::on_request: started processing request
2026-09-12T17:37:14.376841Z  INFO request{method=GET uri=/api/migrations/fub/imports/e63ca63f-ac6d-4a33-91d7-c9899d65ecdc/results version=HTTP/1.1}: tower_http::trace::on_response: finished processing request latency=21 ms status=200
2026-09-12T17:37:14.377267Z  INFO request{method=GET uri=/api/migrations/fub/snapshots/3ddd8f22-1eae-484b-9ec0-5a89e7bc6f4c/previews/c25400a7-08fa-4ed8-940f-fee6f81a28be version=HTTP/1.1}: tower_http::trace::on_response: finished processing request latency=16 ms status=200
2026-09-12T17:37:14.379750Z  INFO request{method=GET uri=/api/migrations/fub/snapshots/3ddd8f22-1eae-484b-9ec0-5a89e7bc6f4c version=HTTP/1.1}: tower_http::trace::on_response: finished processing request latency=14 ms status=200
2026-09-12T17:37:14.380285Z  INFO request{method=GET uri=/api/migrations/fub/history-captures/39884349-5484-480b-9e55-3d4fcb84ba98 version=HTTP/1.1}: tower_http::trace::on_request: started processing request
2026-09-12T17:37:14.383434Z  INFO request{method=GET uri=/api/migrations/fub/snapshots/3ddd8f22-1eae-484b-9ec0-5a89e7bc6f4c/previews/c25400a7-08fa-4ed8-940f-fee6f81a28be version=HTTP/1.1}: tower_http::trace::on_response: finished processing request latency=15 ms status=200
2026-09-12T17:37:14.385593Z  INFO request{method=GET uri=/api/migrations/fub/snapshots/3ddd8f22-1eae-484b-9ec0-5a89e7bc6f4c version=HTTP/1.1}: tower_http::trace::on_response: finished processing request latency=12 ms status=200
2026-09-12T17:37:14.390408Z  INFO request{method=GET uri=/api/migrations/fub/history-captures/39884349-5484-480b-9e55-3d4fcb84ba98 version=HTTP/1.1}: tower_http::trace::on_response: finished processing request latency=10 ms status=200
2026-09-12T17:37:14.396081Z  INFO request{method=GET uri=/api/migrations/fub/snapshots/3ddd8f22-1eae-484b-9ec0-5a89e7bc6f4c/previews/c25400a7-08fa-4ed8-940f-fee6f81a28be/records version=HTTP/1.1}: tower_http::trace::on_request: started processing request
2026-09-12T17:37:14.401017Z  INFO request{method=GET uri=/api/migrations/fub/history-captures/39884349-5484-480b-9e55-3d4fcb84ba98/records version=HTTP/1.1}: tower_http::trace::on_request: started processing request
2026-09-12T17:37:14.402532Z  INFO request{method=GET uri=/api/migrations/fub/snapshots/3ddd8f22-1eae-484b-9ec0-5a89e7bc6f4c/previews/c25400a7-08fa-4ed8-940f-fee6f81a28be/records version=HTTP/1.1}: tower_http::trace::on_response: finished processing request latency=6 ms status=200
2026-09-12T17:37:14.438414Z  INFO request{method=GET uri=/api/migrations/fub/history-captures/39884349-5484-480b-9e55-3d4fcb84ba98/records version=HTTP/1.1}: tower_http::trace::on_response: finished processing request latency=37 ms status=200
2026-09-12T17:37:14.800644Z  INFO request{method=POST uri=/api/migrations/fub/history-captures version=HTTP/1.1}: tower_http::trace::on_request: started processing request
2026-09-12T17:37:14.831325Z  INFO request{method=POST uri=/api/migrations/fub/history-captures version=HTTP/1.1}: tower_http::trace::on_response: finished processing request latency=30 ms status=201
2026-09-12T17:37:14.848000Z  INFO request{method=GET uri=/api/migrations/fub/history-captures/9acfac51-337a-402c-ab22-b5a9061503b1 version=HTTP/1.1}: tower_http::trace::on_request: started processing request
2026-09-12T17:37:14.850573Z  INFO request{method=GET uri=/api/migrations/fub/imports version=HTTP/1.1}: tower_http::trace::on_request: started processing request
2026-09-12T17:37:14.851095Z  INFO request{method=GET uri=/api/migrations/fub/imports/e63ca63f-ac6d-4a33-91d7-c9899d65ecdc version=HTTP/1.1}: tower_http::trace::on_request: started processing request
2026-09-12T17:37:14.851610Z  INFO request{method=GET uri=/api/migrations/fub/history-captures version=HTTP/1.1}: tower_http::trace::on_request: started processing request
2026-09-12T17:37:14.852132Z  INFO request{method=GET uri=/api/migrations/fub/history-captures/9acfac51-337a-402c-ab22-b5a9061503b1 version=HTTP/1.1}: tower_http::trace::on_request: started processing request
2026-09-12T17:37:14.860260Z  INFO request{method=GET uri=/api/migrations/fub/history-captures/9acfac51-337a-402c-ab22-b5a9061503b1 version=HTTP/1.1}: tower_http::trace::on_response: finished processing request latency=12 ms status=200
2026-09-12T17:37:14.862992Z  INFO request{method=GET uri=/api/migrations/fub/imports version=HTTP/1.1}: tower_http::trace::on_response: finished processing request latency=12 ms status=200
2026-09-12T17:37:14.866663Z  INFO request{method=GET uri=/api/migrations/fub/history-captures/9acfac51-337a-402c-ab22-b5a9061503b1/records version=HTTP/1.1}: tower_http::trace::on_request: started processing request
2026-09-12T17:37:14.868893Z  INFO request{method=GET uri=/api/migrations/fub/history-captures version=HTTP/1.1}: tower_http::trace::on_response: finished processing request latency=17 ms status=200
2026-09-12T17:37:14.873279Z  INFO request{method=GET uri=/api/migrations/fub/imports/e63ca63f-ac6d-4a33-91d7-c9899d65ecdc version=HTTP/1.1}: tower_http::trace::on_response: finished processing request latency=22 ms status=200
2026-09-12T17:37:14.878437Z  INFO request{method=GET uri=/api/migrations/fub/history-captures/9acfac51-337a-402c-ab22-b5a9061503b1 version=HTTP/1.1}: tower_http::trace::on_response: finished processing request latency=26 ms status=200
2026-09-12T17:37:14.881307Z  INFO request{method=GET uri=/api/migrations/fub/history-captures/9acfac51-337a-402c-ab22-b5a9061503b1/records version=HTTP/1.1}: tower_http::trace::on_response: finished processing request latency=14 ms status=200
2026-09-12T17:37:15.712586Z  INFO request{method=POST uri=/api/migrations/fub/history-captures/9acfac51-337a-402c-ab22-b5a9061503b1/confirm version=HTTP/1.1}: tower_http::trace::on_request: started processing request
2026-09-12T17:37:15.748289Z  INFO request{method=POST uri=/api/migrations/fub/history-captures/9acfac51-337a-402c-ab22-b5a9061503b1/confirm version=HTTP/1.1}: tower_http::trace::on_response: finished processing request latency=35 ms status=202
2026-09-12T17:37:15.756246Z  INFO request{method=GET uri=/api/migrations/fub/imports version=HTTP/1.1}: tower_http::trace::on_request: started processing request
2026-09-12T17:37:15.756808Z  INFO request{method=GET uri=/api/migrations/fub/imports/e63ca63f-ac6d-4a33-91d7-c9899d65ecdc version=HTTP/1.1}: tower_http::trace::on_request: started processing request
2026-09-12T17:37:15.757319Z  INFO request{method=GET uri=/api/migrations/fub/history-captures version=HTTP/1.1}: tower_http::trace::on_request: started processing request
2026-09-12T17:37:15.757779Z  INFO request{method=GET uri=/api/migrations/fub/history-captures/9acfac51-337a-402c-ab22-b5a9061503b1 version=HTTP/1.1}: tower_http::trace::on_request: started processing request
2026-09-12T17:37:15.758470Z  INFO request{method=GET uri=/api/migrations/fub/history-captures/9acfac51-337a-402c-ab22-b5a9061503b1 version=HTTP/1.1}: tower_http::trace::on_request: started processing request
2026-09-12T17:37:15.775203Z  INFO request{method=GET uri=/api/migrations/fub/history-captures/9acfac51-337a-402c-ab22-b5a9061503b1 version=HTTP/1.1}: tower_http::trace::on_response: finished processing request latency=17 ms status=200
2026-09-12T17:37:15.779268Z  INFO request{method=GET uri=/api/migrations/fub/history-captures/9acfac51-337a-402c-ab22-b5a9061503b1 version=HTTP/1.1}: tower_http::trace::on_response: finished processing request latency=20 ms status=200
2026-09-12T17:37:15.789341Z  INFO request{method=GET uri=/api/migrations/fub/history-captures/9acfac51-337a-402c-ab22-b5a9061503b1 version=HTTP/1.1}: tower_http::trace::on_request: started processing request
2026-09-12T17:37:15.789599Z  INFO request{method=GET uri=/api/migrations/fub/history-captures version=HTTP/1.1}: tower_http::trace::on_response: finished processing request latency=32 ms status=200
2026-09-12T17:37:15.792800Z  INFO request{method=GET uri=/api/migrations/fub/imports/e63ca63f-ac6d-4a33-91d7-c9899d65ecdc version=HTTP/1.1}: tower_http::trace::on_response: finished processing request latency=36 ms status=200
2026-09-12T17:37:15.796139Z  INFO request{method=GET uri=/api/migrations/fub/imports version=HTTP/1.1}: tower_http::trace::on_response: finished processing request latency=39 ms status=200
2026-09-12T17:37:15.800693Z  INFO request{method=GET uri=/api/migrations/fub/history-captures/9acfac51-337a-402c-ab22-b5a9061503b1 version=HTTP/1.1}: tower_http::trace::on_response: finished processing request latency=11 ms status=200
2026-09-12T17:37:16.260746Z  INFO request{method=GET uri=/api/migrations/fub/history-captures/9acfac51-337a-402c-ab22-b5a9061503b1 version=HTTP/1.1}: tower_http::trace::on_request: started processing request
2026-09-12T17:37:16.277562Z  INFO request{method=GET uri=/api/migrations/fub/history-captures/9acfac51-337a-402c-ab22-b5a9061503b1 version=HTTP/1.1}: tower_http::trace::on_response: finished processing request latency=16 ms status=200
2026-09-12T17:37:16.738323Z  INFO request{method=GET uri=/api/migrations/fub/history-captures/9acfac51-337a-402c-ab22-b5a9061503b1 version=HTTP/1.1}: tower_http::trace::on_request: started processing request
2026-09-12T17:37:16.768947Z  INFO request{method=GET uri=/api/migrations/fub/history-captures/9acfac51-337a-402c-ab22-b5a9061503b1 version=HTTP/1.1}: tower_http::trace::on_response: finished processing request latency=30 ms status=200
2026-09-12T17:37:16.810609Z  INFO settle{organization_id=1171938e-8da2-435c-8465-88d0b523df38 run_id=9acfac51-337a-402c-ab22-b5a9061503b1}: crm_app::domain::migration::history_capture_worker: history capture settled raw_bytes=100 retained_bytes=195 outcome="accepted"
2026-09-12T17:37:16.849815Z  INFO settle{organization_id=1171938e-8da2-435c-8465-88d0b523df38 run_id=9acfac51-337a-402c-ab22-b5a9061503b1}: crm_app::domain::migration::history_capture_worker: history capture settled raw_bytes=36 retained_bytes=155 outcome="access_denied"
2026-09-12T17:37:17.232510Z  INFO request{method=GET uri=/api/migrations/fub/history-captures/9acfac51-337a-402c-ab22-b5a9061503b1 version=HTTP/1.1}: tower_http::trace::on_request: started processing request
2026-09-12T17:37:17.268777Z  INFO request{method=GET uri=/api/migrations/fub/history-captures/9acfac51-337a-402c-ab22-b5a9061503b1 version=HTTP/1.1}: tower_http::trace::on_response: finished processing request latency=36 ms status=200
2026-09-12T17:37:17.298389Z  INFO request{method=GET uri=/api/migrations/fub/imports version=HTTP/1.1}: tower_http::trace::on_request: started processing request
2026-09-12T17:37:17.299000Z  INFO request{method=GET uri=/api/migrations/fub/imports/e63ca63f-ac6d-4a33-91d7-c9899d65ecdc version=HTTP/1.1}: tower_http::trace::on_request: started processing request
2026-09-12T17:37:17.299751Z  INFO request{method=GET uri=/api/migrations/fub/history-captures version=HTTP/1.1}: tower_http::trace::on_request: started processing request
2026-09-12T17:37:17.300471Z  INFO request{method=GET uri=/api/migrations/fub/history-captures/9acfac51-337a-402c-ab22-b5a9061503b1 version=HTTP/1.1}: tower_http::trace::on_request: started processing request
2026-09-12T17:37:17.326806Z  INFO request{method=GET uri=/api/migrations/fub/imports/e63ca63f-ac6d-4a33-91d7-c9899d65ecdc version=HTTP/1.1}: tower_http::trace::on_response: finished processing request latency=27 ms status=200
2026-09-12T17:37:17.338103Z  INFO request{method=GET uri=/api/migrations/fub/history-captures version=HTTP/1.1}: tower_http::trace::on_response: finished processing request latency=38 ms status=200
2026-09-12T17:37:17.341874Z  INFO request{method=GET uri=/api/migrations/fub/history-captures/9acfac51-337a-402c-ab22-b5a9061503b1 version=HTTP/1.1}: tower_http::trace::on_response: finished processing request latency=41 ms status=200
2026-09-12T17:37:17.345772Z  INFO request{method=GET uri=/api/migrations/fub/imports version=HTTP/1.1}: tower_http::trace::on_response: finished processing request latency=47 ms status=200
2026-09-12T17:38:13.111431Z  INFO request{method=GET uri=/api/me version=HTTP/1.1}: tower_http::trace::on_request: started processing request
2026-09-12T17:38:13.116734Z  INFO request{method=GET uri=/api/me version=HTTP/1.1}: tower_http::trace::on_response: finished processing request latency=5 ms status=200
2026-09-12T17:38:13.140742Z  INFO request{method=GET uri=/api/me version=HTTP/1.1}: tower_http::trace::on_request: started processing request
2026-09-12T17:38:13.142375Z  INFO request{method=GET uri=/api/me version=HTTP/1.1}: tower_http::trace::on_response: finished processing request latency=1 ms status=200
2026-09-12T17:38:13.166454Z  INFO request{method=GET uri=/api/migrations/fub/ version=HTTP/1.1}: tower_http::trace::on_request: started processing request
2026-09-12T17:38:13.167121Z  INFO request{method=GET uri=/api/migrations/fub/imports version=HTTP/1.1}: tower_http::trace::on_request: started processing request
2026-09-12T17:38:13.167643Z  INFO request{method=GET uri=/api/migrations/fub/imports version=HTTP/1.1}: tower_http::trace::on_request: started processing request
2026-09-12T17:38:13.168096Z  INFO request{method=GET uri=/api/migrations/fub/snapshots version=HTTP/1.1}: tower_http::trace::on_request: started processing request
2026-09-12T17:38:13.168590Z  INFO request{method=GET uri=/api/migrations/fub/imports version=HTTP/1.1}: tower_http::trace::on_request: started processing request
2026-09-12T17:38:13.169100Z  INFO request{method=GET uri=/api/migrations/fub/imports version=HTTP/1.1}: tower_http::trace::on_request: started processing request
2026-09-12T17:38:13.194846Z  INFO request{method=GET uri=/api/migrations/fub/imports version=HTTP/1.1}: tower_http::trace::on_response: finished processing request latency=27 ms status=200
2026-09-12T17:38:13.196997Z  INFO request{method=GET uri=/api/migrations/fub/imports version=HTTP/1.1}: tower_http::trace::on_response: finished processing request latency=28 ms status=200
2026-09-12T17:38:13.201152Z  INFO request{method=GET uri=/api/migrations/fub/ version=HTTP/1.1}: tower_http::trace::on_response: finished processing request latency=34 ms status=200
2026-09-12T17:38:13.205438Z  INFO request{method=GET uri=/api/migrations/fub/snapshots version=HTTP/1.1}: tower_http::trace::on_response: finished processing request latency=37 ms status=200
2026-09-12T17:38:13.206545Z  INFO request{method=GET uri=/api/migrations/fub/snapshots version=HTTP/1.1}: tower_http::trace::on_request: started processing request
2026-09-12T17:38:13.207464Z  INFO request{method=GET uri=/api/migrations/fub/imports version=HTTP/1.1}: tower_http::trace::on_response: finished processing request latency=40 ms status=200
2026-09-12T17:38:13.209275Z  INFO request{method=GET uri=/api/migrations/fub/imports/e63ca63f-ac6d-4a33-91d7-c9899d65ecdc version=HTTP/1.1}: tower_http::trace::on_request: started processing request
2026-09-12T17:38:13.246845Z  INFO request{method=GET uri=/api/me version=HTTP/1.1}: tower_http::trace::on_request: started processing request
2026-09-12T17:38:13.250352Z  INFO request{method=GET uri=/api/me version=HTTP/1.1}: tower_http::trace::on_response: finished processing request latency=3 ms status=200
2026-09-12T17:38:13.301578Z  INFO request{method=GET uri=/api/migrations/fub/ version=HTTP/1.1}: tower_http::trace::on_request: started processing request
2026-09-12T17:38:13.302078Z  INFO request{method=GET uri=/api/migrations/fub/imports version=HTTP/1.1}: tower_http::trace::on_request: started processing request
2026-09-12T17:38:13.302609Z  INFO request{method=GET uri=/api/migrations/fub/snapshots version=HTTP/1.1}: tower_http::trace::on_request: started processing request
2026-09-12T17:38:13.303057Z  INFO request{method=GET uri=/api/migrations/fub/imports version=HTTP/1.1}: tower_http::trace::on_request: started processing request
2026-09-12T17:38:13.303591Z  INFO request{method=GET uri=/api/migrations/fub/snapshots version=HTTP/1.1}: tower_http::trace::on_request: started processing request
2026-09-12T17:38:13.304097Z  INFO request{method=GET uri=/api/migrations/fub/imports version=HTTP/1.1}: tower_http::trace::on_request: started processing request
2026-09-12T17:38:13.330543Z  WARN request{method=GET uri=/api/migrations/fub/ version=HTTP/1.1}: sqlx::postgres::notice: there is already a transaction in progress
2026-09-12T17:38:13.374829Z  INFO request{method=GET uri=/api/migrations/fub/snapshots version=HTTP/1.1}: tower_http::trace::on_response: finished processing request latency=72 ms status=200
2026-09-12T17:38:13.376599Z  INFO request{method=GET uri=/api/migrations/fub/ version=HTTP/1.1}: tower_http::trace::on_response: finished processing request latency=75 ms status=200
2026-09-12T17:38:13.377948Z  INFO request{method=GET uri=/api/migrations/fub/imports version=HTTP/1.1}: tower_http::trace::on_request: started processing request
2026-09-12T17:38:13.379728Z  INFO request{method=GET uri=/api/migrations/fub/imports version=HTTP/1.1}: tower_http::trace::on_response: finished processing request latency=77 ms status=200
2026-09-12T17:38:13.380619Z  INFO request{method=GET uri=/api/me version=HTTP/1.1}: tower_http::trace::on_request: started processing request
2026-09-12T17:38:13.381304Z  INFO request{method=GET uri=/api/migrations/fub/snapshots version=HTTP/1.1}: tower_http::trace::on_response: finished processing request latency=77 ms status=200
2026-09-12T17:38:13.381751Z  INFO request{method=GET uri=/api/me version=HTTP/1.1}: tower_http::trace::on_response: finished processing request latency=1 ms status=200
2026-09-12T17:38:13.382826Z  INFO request{method=GET uri=/api/migrations/fub/snapshots/3ddd8f22-1eae-484b-9ec0-5a89e7bc6f4c version=HTTP/1.1}: tower_http::trace::on_request: started processing request
2026-09-12T17:38:13.388994Z  INFO request{method=GET uri=/api/migrations/fub/imports/e63ca63f-ac6d-4a33-91d7-c9899d65ecdc version=HTTP/1.1}: tower_http::trace::on_request: started processing request
2026-09-12T17:38:13.389565Z  INFO request{method=GET uri=/api/migrations/fub/imports version=HTTP/1.1}: tower_http::trace::on_response: finished processing request latency=85 ms status=200
2026-09-12T17:38:13.393115Z  INFO request{method=GET uri=/api/migrations/fub/snapshots/3ddd8f22-1eae-484b-9ec0-5a89e7bc6f4c version=HTTP/1.1}: tower_http::trace::on_request: started processing request
2026-09-12T17:38:13.394142Z  INFO request{method=GET uri=/api/migrations/fub/snapshots/3ddd8f22-1eae-484b-9ec0-5a89e7bc6f4c version=HTTP/1.1}: tower_http::trace::on_response: finished processing request latency=11 ms status=200
2026-09-12T17:38:13.394256Z  INFO request{method=GET uri=/api/migrations/fub/imports version=HTTP/1.1}: tower_http::trace::on_response: finished processing request latency=91 ms status=200
2026-09-12T17:38:13.400546Z  INFO request{method=GET uri=/api/migrations/fub/imports version=HTTP/1.1}: tower_http::trace::on_response: finished processing request latency=22 ms status=200
2026-09-12T17:38:13.401646Z  INFO request{method=GET uri=/api/migrations/fub/imports/e63ca63f-ac6d-4a33-91d7-c9899d65ecdc version=HTTP/1.1}: tower_http::trace::on_request: started processing request
2026-09-12T17:38:13.402022Z  INFO request{method=GET uri=/api/migrations/fub/activity-imports version=HTTP/1.1}: tower_http::trace::on_request: started processing request
2026-09-12T17:38:13.427136Z  INFO request{method=GET uri=/api/me version=HTTP/1.1}: tower_http::trace::on_request: started processing request
2026-09-12T17:38:13.428931Z  INFO request{method=GET uri=/api/me version=HTTP/1.1}: tower_http::trace::on_response: finished processing request latency=1 ms status=200
2026-09-12T17:38:13.457988Z  INFO request{method=GET uri=/api/migrations/fub/ version=HTTP/1.1}: tower_http::trace::on_request: started processing request
2026-09-12T17:38:13.458570Z  INFO request{method=GET uri=/api/migrations/fub/imports version=HTTP/1.1}: tower_http::trace::on_request: started processing request
2026-09-12T17:38:13.459139Z  INFO request{method=GET uri=/api/migrations/fub/imports version=HTTP/1.1}: tower_http::trace::on_request: started processing request
2026-09-12T17:38:13.459553Z  INFO request{method=GET uri=/api/migrations/fub/snapshots version=HTTP/1.1}: tower_http::trace::on_request: started processing request
2026-09-12T17:38:13.460023Z  INFO request{method=GET uri=/api/migrations/fub/imports version=HTTP/1.1}: tower_http::trace::on_request: started processing request
2026-09-12T17:38:13.460521Z  INFO request{method=GET uri=/api/migrations/fub/imports version=HTTP/1.1}: tower_http::trace::on_request: started processing request
2026-09-12T17:38:13.479725Z  INFO request{method=GET uri=/api/migrations/fub/ version=HTTP/1.1}: tower_http::trace::on_response: finished processing request latency=21 ms status=200
2026-09-12T17:38:13.483460Z  INFO request{method=GET uri=/api/migrations/fub/imports version=HTTP/1.1}: tower_http::trace::on_response: finished processing request latency=23 ms status=200
2026-09-12T17:38:13.489176Z  INFO request{method=GET uri=/api/migrations/fub/snapshots version=HTTP/1.1}: tower_http::trace::on_request: started processing request
2026-09-12T17:38:13.489661Z  INFO request{method=GET uri=/api/migrations/fub/imports version=HTTP/1.1}: tower_http::trace::on_response: finished processing request latency=30 ms status=200
2026-09-12T17:38:13.490858Z  INFO request{method=GET uri=/api/migrations/fub/imports/e63ca63f-ac6d-4a33-91d7-c9899d65ecdc version=HTTP/1.1}: tower_http::trace::on_request: started processing request
2026-09-12T17:38:13.492430Z  INFO request{method=GET uri=/api/migrations/fub/activity-imports version=HTTP/1.1}: tower_http::trace::on_request: started processing request
2026-09-12T17:38:13.493687Z  INFO request{method=GET uri=/api/migrations/fub/imports version=HTTP/1.1}: tower_http::trace::on_response: finished processing request latency=35 ms status=200
2026-09-12T17:38:13.498869Z  INFO request{method=GET uri=/api/migrations/fub/imports/e63ca63f-ac6d-4a33-91d7-c9899d65ecdc version=HTTP/1.1}: tower_http::trace::on_request: started processing request
2026-09-12T17:38:13.500100Z  INFO request{method=GET uri=/api/migrations/fub/snapshots version=HTTP/1.1}: tower_http::trace::on_response: finished processing request latency=40 ms status=200
2026-09-12T17:38:13.503538Z  INFO request{method=GET uri=/api/migrations/fub/metadata-imports version=HTTP/1.1}: tower_http::trace::on_request: started processing request
2026-09-12T17:38:13.504483Z  INFO request{method=GET uri=/api/migrations/fub/snapshots version=HTTP/1.1}: tower_http::trace::on_response: finished processing request latency=15 ms status=200
2026-09-12T17:38:13.505378Z  INFO request{method=GET uri=/api/migrations/fub/imports version=HTTP/1.1}: tower_http::trace::on_response: finished processing request latency=44 ms status=200
2026-09-12T17:38:13.506932Z  INFO request{method=GET uri=/api/migrations/fub/imports/e63ca63f-ac6d-4a33-91d7-c9899d65ecdc version=HTTP/1.1}: tower_http::trace::on_request: started processing request
2026-09-12T17:38:13.507798Z  INFO request{method=GET uri=/api/migrations/fub/snapshots/3ddd8f22-1eae-484b-9ec0-5a89e7bc6f4c version=HTTP/1.1}: tower_http::trace::on_request: started processing request
2026-09-12T17:38:13.508866Z  INFO request{method=GET uri=/api/migrations/fub/imports/e63ca63f-ac6d-4a33-91d7-c9899d65ecdc version=HTTP/1.1}: tower_http::trace::on_response: finished processing request latency=18 ms status=200
2026-09-12T17:38:13.512500Z  INFO request{method=GET uri=/api/migrations/fub/snapshots/3ddd8f22-1eae-484b-9ec0-5a89e7bc6f4c version=HTTP/1.1}: tower_http::trace::on_request: started processing request
2026-09-12T17:38:13.513325Z  INFO request{method=GET uri=/api/migrations/fub/activity-imports version=HTTP/1.1}: tower_http::trace::on_response: finished processing request latency=20 ms status=200
2026-09-12T17:38:13.517917Z  INFO request{method=GET uri=/api/migrations/fub/imports/e63ca63f-ac6d-4a33-91d7-c9899d65ecdc version=HTTP/1.1}: tower_http::trace::on_request: started processing request
2026-09-12T17:38:13.518689Z  INFO request{method=GET uri=/api/migrations/fub/imports/e63ca63f-ac6d-4a33-91d7-c9899d65ecdc version=HTTP/1.1}: tower_http::trace::on_response: finished processing request latency=19 ms status=200
2026-09-12T17:38:13.522118Z  INFO request{method=GET uri=/api/migrations/fub/history-captures version=HTTP/1.1}: tower_http::trace::on_request: started processing request
2026-09-12T17:38:13.522714Z  INFO request{method=GET uri=/api/migrations/fub/metadata-imports version=HTTP/1.1}: tower_http::trace::on_response: finished processing request latency=19 ms status=200
2026-09-12T17:38:13.525272Z  INFO request{method=GET uri=/api/migrations/fub/imports/e63ca63f-ac6d-4a33-91d7-c9899d65ecdc version=HTTP/1.1}: tower_http::trace::on_response: finished processing request latency=18 ms status=200
2026-09-12T17:38:13.525288Z  INFO request{method=GET uri=/api/migrations/fub/snapshots/3ddd8f22-1eae-484b-9ec0-5a89e7bc6f4c version=HTTP/1.1}: tower_http::trace::on_request: started processing request
2026-09-12T17:38:13.527639Z  INFO request{method=GET uri=/api/migrations/fub/snapshots/3ddd8f22-1eae-484b-9ec0-5a89e7bc6f4c version=HTTP/1.1}: tower_http::trace::on_response: finished processing request latency=19 ms status=200
2026-09-12T17:38:13.531481Z  INFO request{method=GET uri=/api/migrations/fub/snapshots/3ddd8f22-1eae-484b-9ec0-5a89e7bc6f4c version=HTTP/1.1}: tower_http::trace::on_request: started processing request
2026-09-12T17:38:13.531515Z  INFO request{method=GET uri=/api/migrations/fub/snapshots/3ddd8f22-1eae-484b-9ec0-5a89e7bc6f4c version=HTTP/1.1}: tower_http::trace::on_response: finished processing request latency=19 ms status=200
2026-09-12T17:38:13.535050Z  INFO request{method=GET uri=/api/migrations/fub/imports/e63ca63f-ac6d-4a33-91d7-c9899d65ecdc version=HTTP/1.1}: tower_http::trace::on_response: finished processing request latency=17 ms status=200
2026-09-12T17:38:13.538522Z  INFO request{method=GET uri=/api/migrations/fub/snapshots/3ddd8f22-1eae-484b-9ec0-5a89e7bc6f4c version=HTTP/1.1}: tower_http::trace::on_response: finished processing request latency=13 ms status=200
2026-09-12T17:38:13.541281Z  INFO request{method=GET uri=/api/migrations/fub/snapshots/3ddd8f22-1eae-484b-9ec0-5a89e7bc6f4c version=HTTP/1.1}: tower_http::trace::on_request: started processing request
2026-09-12T17:38:13.543444Z  INFO request{method=GET uri=/api/migrations/fub/imports/e63ca63f-ac6d-4a33-91d7-c9899d65ecdc/plans/aa7b437a-9b03-410a-9831-2266e6a33017/mappings version=HTTP/1.1}: tower_http::trace::on_request: started processing request
2026-09-12T17:38:13.544158Z  INFO request{method=GET uri=/api/migrations/fub/imports/e63ca63f-ac6d-4a33-91d7-c9899d65ecdc/results version=HTTP/1.1}: tower_http::trace::on_request: started processing request
2026-09-12T17:38:13.547365Z  INFO request{method=GET uri=/api/migrations/fub/snapshots/3ddd8f22-1eae-484b-9ec0-5a89e7bc6f4c/previews/c25400a7-08fa-4ed8-940f-fee6f81a28be version=HTTP/1.1}: tower_http::trace::on_request: started processing request
2026-09-12T17:38:13.550740Z  INFO request{method=GET uri=/api/migrations/fub/snapshots/3ddd8f22-1eae-484b-9ec0-5a89e7bc6f4c version=HTTP/1.1}: tower_http::trace::on_response: finished processing request latency=19 ms status=200
2026-09-12T17:38:13.551460Z  INFO request{method=GET uri=/api/migrations/fub/history-captures version=HTTP/1.1}: tower_http::trace::on_response: finished processing request latency=29 ms status=200
2026-09-12T17:38:13.554501Z  INFO request{method=GET uri=/api/migrations/fub/snapshots/3ddd8f22-1eae-484b-9ec0-5a89e7bc6f4c/previews/c25400a7-08fa-4ed8-940f-fee6f81a28be version=HTTP/1.1}: tower_http::trace::on_request: started processing request
2026-09-12T17:38:13.558475Z  INFO request{method=GET uri=/api/migrations/fub/snapshots/3ddd8f22-1eae-484b-9ec0-5a89e7bc6f4c version=HTTP/1.1}: tower_http::trace::on_response: finished processing request latency=17 ms status=200
2026-09-12T17:38:13.559271Z  INFO request{method=GET uri=/api/migrations/fub/history-captures/9acfac51-337a-402c-ab22-b5a9061503b1 version=HTTP/1.1}: tower_http::trace::on_request: started processing request
2026-09-12T17:38:13.559957Z  INFO request{method=GET uri=/api/migrations/fub/imports/e63ca63f-ac6d-4a33-91d7-c9899d65ecdc/plans/aa7b437a-9b03-410a-9831-2266e6a33017/mappings version=HTTP/1.1}: tower_http::trace::on_response: finished processing request latency=16 ms status=200
2026-09-12T17:38:13.565222Z  INFO request{method=GET uri=/api/migrations/fub/imports/e63ca63f-ac6d-4a33-91d7-c9899d65ecdc/results version=HTTP/1.1}: tower_http::trace::on_response: finished processing request latency=21 ms status=200
2026-09-12T17:38:13.571650Z  INFO request{method=GET uri=/api/migrations/fub/snapshots/3ddd8f22-1eae-484b-9ec0-5a89e7bc6f4c/previews/c25400a7-08fa-4ed8-940f-fee6f81a28be version=HTTP/1.1}: tower_http::trace::on_response: finished processing request latency=24 ms status=200
2026-09-12T17:38:13.576193Z  INFO request{method=GET uri=/api/migrations/fub/history-captures/9acfac51-337a-402c-ab22-b5a9061503b1 version=HTTP/1.1}: tower_http::trace::on_response: finished processing request latency=16 ms status=200
2026-09-12T17:38:13.581230Z  INFO request{method=GET uri=/api/migrations/fub/snapshots/3ddd8f22-1eae-484b-9ec0-5a89e7bc6f4c/previews/c25400a7-08fa-4ed8-940f-fee6f81a28be version=HTTP/1.1}: tower_http::trace::on_response: finished processing request latency=26 ms status=200
2026-09-12T17:38:13.586228Z  INFO request{method=GET uri=/api/migrations/fub/history-captures/9acfac51-337a-402c-ab22-b5a9061503b1/records version=HTTP/1.1}: tower_http::trace::on_request: started processing request
2026-09-12T17:38:13.594934Z  INFO request{method=GET uri=/api/migrations/fub/snapshots/3ddd8f22-1eae-484b-9ec0-5a89e7bc6f4c/previews/c25400a7-08fa-4ed8-940f-fee6f81a28be/records version=HTTP/1.1}: tower_http::trace::on_request: started processing request
2026-09-12T17:38:13.596054Z  INFO request{method=GET uri=/api/migrations/fub/history-captures/9acfac51-337a-402c-ab22-b5a9061503b1/records version=HTTP/1.1}: tower_http::trace::on_response: finished processing request latency=9 ms status=200
2026-09-12T17:38:13.602891Z  INFO request{method=GET uri=/api/migrations/fub/snapshots/3ddd8f22-1eae-484b-9ec0-5a89e7bc6f4c/previews/c25400a7-08fa-4ed8-940f-fee6f81a28be/records version=HTTP/1.1}: tower_http::trace::on_response: finished processing request latency=7 ms status=200
2026-09-12T17:38:13.990158Z  INFO request{method=POST uri=/api/migrations/fub/history-captures version=HTTP/1.1}: tower_http::trace::on_request: started processing request
2026-09-12T17:38:14.023681Z  INFO request{method=POST uri=/api/migrations/fub/history-captures version=HTTP/1.1}: tower_http::trace::on_response: finished processing request latency=33 ms status=201
2026-09-12T17:38:14.031833Z  INFO request{method=GET uri=/api/migrations/fub/history-captures/6868df50-d767-44ad-8e7e-b8ba19f0717a version=HTTP/1.1}: tower_http::trace::on_request: started processing request
2026-09-12T17:38:14.032355Z  INFO request{method=GET uri=/api/migrations/fub/imports version=HTTP/1.1}: tower_http::trace::on_request: started processing request
2026-09-12T17:38:14.032883Z  INFO request{method=GET uri=/api/migrations/fub/imports/e63ca63f-ac6d-4a33-91d7-c9899d65ecdc version=HTTP/1.1}: tower_http::trace::on_request: started processing request
2026-09-12T17:38:14.033464Z  INFO request{method=GET uri=/api/migrations/fub/history-captures version=HTTP/1.1}: tower_http::trace::on_request: started processing request
2026-09-12T17:38:14.036488Z  INFO request{method=GET uri=/api/migrations/fub/history-captures/6868df50-d767-44ad-8e7e-b8ba19f0717a version=HTTP/1.1}: tower_http::trace::on_request: started processing request
2026-09-12T17:38:14.046016Z  INFO request{method=GET uri=/api/migrations/fub/history-captures/6868df50-d767-44ad-8e7e-b8ba19f0717a version=HTTP/1.1}: tower_http::trace::on_response: finished processing request latency=14 ms status=200
2026-09-12T17:38:14.048282Z  INFO request{method=GET uri=/api/migrations/fub/imports version=HTTP/1.1}: tower_http::trace::on_response: finished processing request latency=15 ms status=200
2026-09-12T17:38:14.052265Z  INFO request{method=GET uri=/api/migrations/fub/history-captures/6868df50-d767-44ad-8e7e-b8ba19f0717a/records version=HTTP/1.1}: tower_http::trace::on_request: started processing request
2026-09-12T17:38:14.057144Z  INFO request{method=GET uri=/api/migrations/fub/history-captures version=HTTP/1.1}: tower_http::trace::on_response: finished processing request latency=23 ms status=200
2026-09-12T17:38:14.059096Z  INFO request{method=GET uri=/api/migrations/fub/imports/e63ca63f-ac6d-4a33-91d7-c9899d65ecdc version=HTTP/1.1}: tower_http::trace::on_response: finished processing request latency=26 ms status=200
2026-09-12T17:38:14.064202Z  INFO request{method=GET uri=/api/migrations/fub/history-captures/6868df50-d767-44ad-8e7e-b8ba19f0717a version=HTTP/1.1}: tower_http::trace::on_response: finished processing request latency=27 ms status=200
2026-09-12T17:38:14.067142Z  INFO request{method=GET uri=/api/migrations/fub/history-captures/6868df50-d767-44ad-8e7e-b8ba19f0717a/records version=HTTP/1.1}: tower_http::trace::on_response: finished processing request latency=14 ms status=200
2026-09-12T17:38:14.888169Z  INFO request{method=POST uri=/api/migrations/fub/history-captures/6868df50-d767-44ad-8e7e-b8ba19f0717a/confirm version=HTTP/1.1}: tower_http::trace::on_request: started processing request
2026-09-12T17:38:14.910800Z  INFO request{method=POST uri=/api/migrations/fub/history-captures/6868df50-d767-44ad-8e7e-b8ba19f0717a/confirm version=HTTP/1.1}: tower_http::trace::on_response: finished processing request latency=22 ms status=202
2026-09-12T17:38:14.918769Z  INFO request{method=GET uri=/api/migrations/fub/imports version=HTTP/1.1}: tower_http::trace::on_request: started processing request
2026-09-12T17:38:14.919189Z  INFO request{method=GET uri=/api/migrations/fub/imports/e63ca63f-ac6d-4a33-91d7-c9899d65ecdc version=HTTP/1.1}: tower_http::trace::on_request: started processing request
2026-09-12T17:38:14.920049Z  INFO request{method=GET uri=/api/migrations/fub/history-captures version=HTTP/1.1}: tower_http::trace::on_request: started processing request
2026-09-12T17:38:14.920677Z  INFO request{method=GET uri=/api/migrations/fub/history-captures/6868df50-d767-44ad-8e7e-b8ba19f0717a version=HTTP/1.1}: tower_http::trace::on_request: started processing request
2026-09-12T17:38:14.921283Z  INFO request{method=GET uri=/api/migrations/fub/history-captures/6868df50-d767-44ad-8e7e-b8ba19f0717a version=HTTP/1.1}: tower_http::trace::on_request: started processing request
2026-09-12T17:38:14.928865Z  INFO request{method=GET uri=/api/migrations/fub/imports version=HTTP/1.1}: tower_http::trace::on_response: finished processing request latency=10 ms status=200
2026-09-12T17:38:14.937238Z  INFO request{method=GET uri=/api/migrations/fub/history-captures version=HTTP/1.1}: tower_http::trace::on_response: finished processing request latency=17 ms status=200
2026-09-12T17:38:14.940137Z  INFO request{method=GET uri=/api/migrations/fub/imports/e63ca63f-ac6d-4a33-91d7-c9899d65ecdc version=HTTP/1.1}: tower_http::trace::on_response: finished processing request latency=20 ms status=200
2026-09-12T17:38:14.944321Z  INFO request{method=GET uri=/api/migrations/fub/history-captures/6868df50-d767-44ad-8e7e-b8ba19f0717a version=HTTP/1.1}: tower_http::trace::on_response: finished processing request latency=23 ms status=200
2026-09-12T17:38:14.948414Z  INFO request{method=GET uri=/api/migrations/fub/history-captures/6868df50-d767-44ad-8e7e-b8ba19f0717a version=HTTP/1.1}: tower_http::trace::on_response: finished processing request latency=27 ms status=200
2026-09-12T17:38:14.956107Z  INFO request{method=GET uri=/api/migrations/fub/history-captures/6868df50-d767-44ad-8e7e-b8ba19f0717a version=HTTP/1.1}: tower_http::trace::on_request: started processing request
2026-09-12T17:38:14.965332Z  INFO request{method=GET uri=/api/migrations/fub/history-captures/6868df50-d767-44ad-8e7e-b8ba19f0717a version=HTTP/1.1}: tower_http::trace::on_response: finished processing request latency=9 ms status=200
2026-09-12T17:38:15.425327Z  INFO request{method=GET uri=/api/migrations/fub/history-captures/6868df50-d767-44ad-8e7e-b8ba19f0717a version=HTTP/1.1}: tower_http::trace::on_request: started processing request
2026-09-12T17:38:15.458029Z  INFO request{method=GET uri=/api/migrations/fub/history-captures/6868df50-d767-44ad-8e7e-b8ba19f0717a version=HTTP/1.1}: tower_http::trace::on_response: finished processing request latency=32 ms status=200
2026-09-12T17:38:15.921279Z  INFO request{method=GET uri=/api/migrations/fub/history-captures/6868df50-d767-44ad-8e7e-b8ba19f0717a version=HTTP/1.1}: tower_http::trace::on_request: started processing request
2026-09-12T17:38:15.947098Z  INFO request{method=GET uri=/api/migrations/fub/history-captures/6868df50-d767-44ad-8e7e-b8ba19f0717a version=HTTP/1.1}: tower_http::trace::on_response: finished processing request latency=25 ms status=200
2026-09-12T17:38:16.409619Z  INFO request{method=GET uri=/api/migrations/fub/history-captures/6868df50-d767-44ad-8e7e-b8ba19f0717a version=HTTP/1.1}: tower_http::trace::on_request: started processing request
2026-09-12T17:38:16.427961Z  INFO request{method=GET uri=/api/migrations/fub/history-captures/6868df50-d767-44ad-8e7e-b8ba19f0717a version=HTTP/1.1}: tower_http::trace::on_response: finished processing request latency=18 ms status=200
2026-09-12T17:38:16.822030Z  INFO settle{organization_id=1171938e-8da2-435c-8465-88d0b523df38 run_id=6868df50-d767-44ad-8e7e-b8ba19f0717a}: crm_app::domain::migration::history_capture_worker: history capture settled raw_bytes=100 retained_bytes=195 outcome="accepted"
2026-09-12T17:38:16.859885Z  INFO settle{organization_id=1171938e-8da2-435c-8465-88d0b523df38 run_id=6868df50-d767-44ad-8e7e-b8ba19f0717a}: crm_app::domain::migration::history_capture_worker: history capture settled raw_bytes=36 retained_bytes=155 outcome="rate_limited"
2026-09-12T17:38:16.888303Z  INFO request{method=GET uri=/api/migrations/fub/history-captures/6868df50-d767-44ad-8e7e-b8ba19f0717a version=HTTP/1.1}: tower_http::trace::on_request: started processing request
2026-09-12T17:38:16.903059Z  INFO request{method=GET uri=/api/migrations/fub/history-captures/6868df50-d767-44ad-8e7e-b8ba19f0717a version=HTTP/1.1}: tower_http::trace::on_response: finished processing request latency=14 ms status=200
2026-09-12T17:38:16.937464Z  INFO request{method=GET uri=/api/migrations/fub/imports version=HTTP/1.1}: tower_http::trace::on_request: started processing request
2026-09-12T17:38:16.938105Z  INFO request{method=GET uri=/api/migrations/fub/imports/e63ca63f-ac6d-4a33-91d7-c9899d65ecdc version=HTTP/1.1}: tower_http::trace::on_request: started processing request
2026-09-12T17:38:16.938868Z  INFO request{method=GET uri=/api/migrations/fub/history-captures/6868df50-d767-44ad-8e7e-b8ba19f0717a version=HTTP/1.1}: tower_http::trace::on_request: started processing request
2026-09-12T17:38:16.939455Z  INFO request{method=GET uri=/api/migrations/fub/history-captures version=HTTP/1.1}: tower_http::trace::on_request: started processing request
2026-09-12T17:38:16.948070Z  INFO request{method=GET uri=/api/migrations/fub/imports version=HTTP/1.1}: tower_http::trace::on_response: finished processing request latency=10 ms status=200
2026-09-12T17:38:16.960913Z  INFO request{method=GET uri=/api/migrations/fub/history-captures version=HTTP/1.1}: tower_http::trace::on_response: finished processing request latency=21 ms status=200
2026-09-12T17:38:16.963655Z  INFO request{method=GET uri=/api/migrations/fub/history-captures/6868df50-d767-44ad-8e7e-b8ba19f0717a version=HTTP/1.1}: tower_http::trace::on_response: finished processing request latency=24 ms status=200
2026-09-12T17:38:16.966337Z  INFO request{method=GET uri=/api/migrations/fub/imports/e63ca63f-ac6d-4a33-91d7-c9899d65ecdc version=HTTP/1.1}: tower_http::trace::on_response: finished processing request latency=28 ms status=200
2026-09-12T17:38:17.276530Z  INFO request{method=GET uri=/api/migrations/fub/history-captures/6868df50-d767-44ad-8e7e-b8ba19f0717a version=HTTP/1.1}: tower_http::trace::on_request: started processing request
2026-09-12T17:38:17.298035Z  INFO request{method=GET uri=/api/migrations/fub/history-captures/6868df50-d767-44ad-8e7e-b8ba19f0717a version=HTTP/1.1}: tower_http::trace::on_response: finished processing request latency=21 ms status=200
2026-09-12T17:38:17.757394Z  INFO request{method=GET uri=/api/migrations/fub/history-captures/6868df50-d767-44ad-8e7e-b8ba19f0717a version=HTTP/1.1}: tower_http::trace::on_request: started processing request
2026-09-12T17:38:17.781954Z  INFO request{method=GET uri=/api/migrations/fub/history-captures/6868df50-d767-44ad-8e7e-b8ba19f0717a version=HTTP/1.1}: tower_http::trace::on_response: finished processing request latency=24 ms status=200
2026-09-12T17:38:18.242264Z  INFO request{method=GET uri=/api/migrations/fub/history-captures/6868df50-d767-44ad-8e7e-b8ba19f0717a version=HTTP/1.1}: tower_http::trace::on_request: started processing request
2026-09-12T17:38:18.270786Z  INFO request{method=GET uri=/api/migrations/fub/history-captures/6868df50-d767-44ad-8e7e-b8ba19f0717a version=HTTP/1.1}: tower_http::trace::on_response: finished processing request latency=28 ms status=200
2026-09-12T17:38:18.735902Z  INFO request{method=GET uri=/api/migrations/fub/history-captures/6868df50-d767-44ad-8e7e-b8ba19f0717a version=HTTP/1.1}: tower_http::trace::on_request: started processing request
2026-09-12T17:38:18.751330Z  INFO request{method=GET uri=/api/migrations/fub/history-captures/6868df50-d767-44ad-8e7e-b8ba19f0717a version=HTTP/1.1}: tower_http::trace::on_response: finished processing request latency=15 ms status=200
2026-09-12T17:38:18.971141Z  INFO request{method=GET uri=/api/migrations/fub/history-captures version=HTTP/1.1}: tower_http::trace::on_request: started processing request
2026-09-12T17:38:18.971838Z  INFO request{method=GET uri=/api/migrations/fub/history-captures/6868df50-d767-44ad-8e7e-b8ba19f0717a version=HTTP/1.1}: tower_http::trace::on_request: started processing request
2026-09-12T17:38:18.994397Z  INFO request{method=GET uri=/api/migrations/fub/history-captures version=HTTP/1.1}: tower_http::trace::on_response: finished processing request latency=23 ms status=200
2026-09-12T17:38:18.999023Z  INFO request{method=GET uri=/api/migrations/fub/history-captures/6868df50-d767-44ad-8e7e-b8ba19f0717a version=HTTP/1.1}: tower_http::trace::on_response: finished processing request latency=27 ms status=200
2026-09-12T17:38:19.213142Z  INFO request{method=GET uri=/api/migrations/fub/history-captures/6868df50-d767-44ad-8e7e-b8ba19f0717a version=HTTP/1.1}: tower_http::trace::on_request: started processing request
2026-09-12T17:38:19.231049Z  INFO request{method=GET uri=/api/migrations/fub/history-captures/6868df50-d767-44ad-8e7e-b8ba19f0717a version=HTTP/1.1}: tower_http::trace::on_response: finished processing request latency=17 ms status=200
2026-09-12T17:38:19.695877Z  INFO request{method=GET uri=/api/migrations/fub/history-captures/6868df50-d767-44ad-8e7e-b8ba19f0717a version=HTTP/1.1}: tower_http::trace::on_request: started processing request
2026-09-12T17:38:19.739470Z  INFO request{method=GET uri=/api/migrations/fub/history-captures/6868df50-d767-44ad-8e7e-b8ba19f0717a version=HTTP/1.1}: tower_http::trace::on_response: finished processing request latency=43 ms status=200
2026-09-12T17:38:20.202198Z  INFO request{method=GET uri=/api/migrations/fub/history-captures/6868df50-d767-44ad-8e7e-b8ba19f0717a version=HTTP/1.1}: tower_http::trace::on_request: started processing request
2026-09-12T17:38:20.228021Z  INFO request{method=GET uri=/api/migrations/fub/history-captures/6868df50-d767-44ad-8e7e-b8ba19f0717a version=HTTP/1.1}: tower_http::trace::on_response: finished processing request latency=25 ms status=200
2026-09-12T17:38:20.690592Z  INFO request{method=GET uri=/api/migrations/fub/history-captures/6868df50-d767-44ad-8e7e-b8ba19f0717a version=HTTP/1.1}: tower_http::trace::on_request: started processing request
2026-09-12T17:38:20.733530Z  INFO request{method=GET uri=/api/migrations/fub/history-captures/6868df50-d767-44ad-8e7e-b8ba19f0717a version=HTTP/1.1}: tower_http::trace::on_response: finished processing request latency=42 ms status=200
2026-09-12T17:38:20.830870Z  INFO settle{organization_id=1171938e-8da2-435c-8465-88d0b523df38 run_id=6868df50-d767-44ad-8e7e-b8ba19f0717a}: crm_app::domain::migration::history_capture_worker: history capture settled raw_bytes=36 retained_bytes=155 outcome="rate_limited"
2026-09-12T17:38:21.004395Z  INFO request{method=GET uri=/api/migrations/fub/history-captures version=HTTP/1.1}: tower_http::trace::on_request: started processing request
2026-09-12T17:38:21.006487Z  INFO request{method=GET uri=/api/migrations/fub/history-captures/6868df50-d767-44ad-8e7e-b8ba19f0717a version=HTTP/1.1}: tower_http::trace::on_request: started processing request
2026-09-12T17:38:21.027768Z  INFO request{method=GET uri=/api/migrations/fub/history-captures version=HTTP/1.1}: tower_http::trace::on_response: finished processing request latency=23 ms status=200
2026-09-12T17:38:21.031627Z  INFO request{method=GET uri=/api/migrations/fub/history-captures/6868df50-d767-44ad-8e7e-b8ba19f0717a version=HTTP/1.1}: tower_http::trace::on_response: finished processing request latency=25 ms status=200
2026-09-12T17:38:21.192152Z  INFO request{method=GET uri=/api/migrations/fub/history-captures/6868df50-d767-44ad-8e7e-b8ba19f0717a version=HTTP/1.1}: tower_http::trace::on_request: started processing request
2026-09-12T17:38:21.209701Z  INFO request{method=GET uri=/api/migrations/fub/history-captures/6868df50-d767-44ad-8e7e-b8ba19f0717a version=HTTP/1.1}: tower_http::trace::on_response: finished processing request latency=17 ms status=200
2026-09-12T17:38:21.668732Z  INFO request{method=GET uri=/api/migrations/fub/history-captures/6868df50-d767-44ad-8e7e-b8ba19f0717a version=HTTP/1.1}: tower_http::trace::on_request: started processing request
2026-09-12T17:38:21.691581Z  INFO request{method=GET uri=/api/migrations/fub/history-captures/6868df50-d767-44ad-8e7e-b8ba19f0717a version=HTTP/1.1}: tower_http::trace::on_response: finished processing request latency=22 ms status=200
2026-09-12T17:38:22.151850Z  INFO request{method=GET uri=/api/migrations/fub/history-captures/6868df50-d767-44ad-8e7e-b8ba19f0717a version=HTTP/1.1}: tower_http::trace::on_request: started processing request
2026-09-12T17:38:22.167634Z  INFO request{method=GET uri=/api/migrations/fub/history-captures/6868df50-d767-44ad-8e7e-b8ba19f0717a version=HTTP/1.1}: tower_http::trace::on_response: finished processing request latency=15 ms status=200
2026-09-12T17:38:22.628807Z  INFO request{method=GET uri=/api/migrations/fub/history-captures/6868df50-d767-44ad-8e7e-b8ba19f0717a version=HTTP/1.1}: tower_http::trace::on_request: started processing request
2026-09-12T17:38:22.642913Z  INFO request{method=GET uri=/api/migrations/fub/history-captures/6868df50-d767-44ad-8e7e-b8ba19f0717a version=HTTP/1.1}: tower_http::trace::on_response: finished processing request latency=14 ms status=200
2026-09-12T17:38:23.038720Z  INFO request{method=GET uri=/api/migrations/fub/history-captures version=HTTP/1.1}: tower_http::trace::on_request: started processing request
2026-09-12T17:38:23.039342Z  INFO request{method=GET uri=/api/migrations/fub/history-captures/6868df50-d767-44ad-8e7e-b8ba19f0717a version=HTTP/1.1}: tower_http::trace::on_request: started processing request
2026-09-12T17:38:23.070254Z  INFO request{method=GET uri=/api/migrations/fub/history-captures version=HTTP/1.1}: tower_http::trace::on_response: finished processing request latency=31 ms status=200
2026-09-12T17:38:23.073955Z  INFO request{method=GET uri=/api/migrations/fub/history-captures/6868df50-d767-44ad-8e7e-b8ba19f0717a version=HTTP/1.1}: tower_http::trace::on_response: finished processing request latency=34 ms status=200
2026-09-12T17:38:23.104401Z  INFO request{method=GET uri=/api/migrations/fub/history-captures/6868df50-d767-44ad-8e7e-b8ba19f0717a version=HTTP/1.1}: tower_http::trace::on_request: started processing request
2026-09-12T17:38:23.118265Z  INFO request{method=GET uri=/api/migrations/fub/history-captures/6868df50-d767-44ad-8e7e-b8ba19f0717a version=HTTP/1.1}: tower_http::trace::on_response: finished processing request latency=13 ms status=200
2026-09-12T17:38:23.580380Z  INFO request{method=GET uri=/api/migrations/fub/history-captures/6868df50-d767-44ad-8e7e-b8ba19f0717a version=HTTP/1.1}: tower_http::trace::on_request: started processing request
2026-09-12T17:38:23.601969Z  INFO request{method=GET uri=/api/migrations/fub/history-captures/6868df50-d767-44ad-8e7e-b8ba19f0717a version=HTTP/1.1}: tower_http::trace::on_response: finished processing request latency=21 ms status=200
2026-09-12T17:38:24.064244Z  INFO request{method=GET uri=/api/migrations/fub/history-captures/6868df50-d767-44ad-8e7e-b8ba19f0717a version=HTTP/1.1}: tower_http::trace::on_request: started processing request
2026-09-12T17:38:24.092058Z  INFO request{method=GET uri=/api/migrations/fub/history-captures/6868df50-d767-44ad-8e7e-b8ba19f0717a version=HTTP/1.1}: tower_http::trace::on_response: finished processing request latency=27 ms status=200
2026-09-12T17:38:24.558321Z  INFO request{method=GET uri=/api/migrations/fub/history-captures/6868df50-d767-44ad-8e7e-b8ba19f0717a version=HTTP/1.1}: tower_http::trace::on_request: started processing request
2026-09-12T17:38:24.585436Z  INFO request{method=GET uri=/api/migrations/fub/history-captures/6868df50-d767-44ad-8e7e-b8ba19f0717a version=HTTP/1.1}: tower_http::trace::on_response: finished processing request latency=27 ms status=200
2026-09-12T17:38:25.043363Z  INFO request{method=GET uri=/api/migrations/fub/history-captures/6868df50-d767-44ad-8e7e-b8ba19f0717a version=HTTP/1.1}: tower_http::trace::on_request: started processing request
2026-09-12T17:38:25.074283Z  INFO settle{organization_id=1171938e-8da2-435c-8465-88d0b523df38 run_id=6868df50-d767-44ad-8e7e-b8ba19f0717a}: crm_app::domain::migration::history_capture_worker: history capture settled raw_bytes=40965 retained_bytes=98982 outcome="accepted"
2026-09-12T17:38:25.077944Z  INFO request{method=GET uri=/api/migrations/fub/history-captures version=HTTP/1.1}: tower_http::trace::on_request: started processing request
2026-09-12T17:38:25.078879Z  INFO request{method=GET uri=/api/migrations/fub/history-captures/6868df50-d767-44ad-8e7e-b8ba19f0717a version=HTTP/1.1}: tower_http::trace::on_request: started processing request
2026-09-12T17:38:25.082755Z  INFO request{method=GET uri=/api/migrations/fub/history-captures/6868df50-d767-44ad-8e7e-b8ba19f0717a version=HTTP/1.1}: tower_http::trace::on_response: finished processing request latency=39 ms status=200
2026-09-12T17:38:25.097321Z  INFO request{method=GET uri=/api/migrations/fub/history-captures version=HTTP/1.1}: tower_http::trace::on_response: finished processing request latency=19 ms status=200
2026-09-12T17:38:25.099312Z  INFO request{method=GET uri=/api/migrations/fub/history-captures/6868df50-d767-44ad-8e7e-b8ba19f0717a version=HTTP/1.1}: tower_http::trace::on_response: finished processing request latency=20 ms status=200
2026-09-12T17:38:25.105836Z  INFO settle{organization_id=1171938e-8da2-435c-8465-88d0b523df38 run_id=6868df50-d767-44ad-8e7e-b8ba19f0717a}: crm_app::domain::migration::history_capture_worker: history capture settled raw_bytes=36 retained_bytes=155 outcome="rate_limited"
2026-09-12T17:38:25.543019Z  INFO request{method=GET uri=/api/migrations/fub/history-captures/6868df50-d767-44ad-8e7e-b8ba19f0717a version=HTTP/1.1}: tower_http::trace::on_request: started processing request
2026-09-12T17:38:25.568349Z  INFO request{method=GET uri=/api/migrations/fub/history-captures/6868df50-d767-44ad-8e7e-b8ba19f0717a version=HTTP/1.1}: tower_http::trace::on_response: finished processing request latency=25 ms status=200
2026-09-12T17:38:26.029571Z  INFO request{method=GET uri=/api/migrations/fub/history-captures/6868df50-d767-44ad-8e7e-b8ba19f0717a version=HTTP/1.1}: tower_http::trace::on_request: started processing request
2026-09-12T17:38:26.060187Z  INFO request{method=GET uri=/api/migrations/fub/history-captures/6868df50-d767-44ad-8e7e-b8ba19f0717a version=HTTP/1.1}: tower_http::trace::on_response: finished processing request latency=30 ms status=200
2026-09-12T17:38:26.521222Z  INFO request{method=GET uri=/api/migrations/fub/history-captures/6868df50-d767-44ad-8e7e-b8ba19f0717a version=HTTP/1.1}: tower_http::trace::on_request: started processing request
2026-09-12T17:38:26.539037Z  INFO request{method=GET uri=/api/migrations/fub/history-captures/6868df50-d767-44ad-8e7e-b8ba19f0717a version=HTTP/1.1}: tower_http::trace::on_response: finished processing request latency=17 ms status=200
2026-09-12T17:38:27.003255Z  INFO request{method=GET uri=/api/migrations/fub/history-captures/6868df50-d767-44ad-8e7e-b8ba19f0717a version=HTTP/1.1}: tower_http::trace::on_request: started processing request
2026-09-12T17:38:27.022219Z  INFO request{method=GET uri=/api/migrations/fub/history-captures/6868df50-d767-44ad-8e7e-b8ba19f0717a version=HTTP/1.1}: tower_http::trace::on_response: finished processing request latency=19 ms status=200
2026-09-12T17:38:27.107983Z  INFO request{method=GET uri=/api/migrations/fub/history-captures version=HTTP/1.1}: tower_http::trace::on_request: started processing request
2026-09-12T17:38:27.108762Z  INFO request{method=GET uri=/api/migrations/fub/history-captures/6868df50-d767-44ad-8e7e-b8ba19f0717a version=HTTP/1.1}: tower_http::trace::on_request: started processing request
2026-09-12T17:38:27.138022Z  INFO request{method=GET uri=/api/migrations/fub/history-captures/6868df50-d767-44ad-8e7e-b8ba19f0717a version=HTTP/1.1}: tower_http::trace::on_response: finished processing request latency=29 ms status=200
2026-09-12T17:38:27.151118Z  INFO request{method=GET uri=/api/migrations/fub/history-captures version=HTTP/1.1}: tower_http::trace::on_response: finished processing request latency=43 ms status=200
2026-09-12T17:38:27.482222Z  INFO request{method=GET uri=/api/migrations/fub/history-captures/6868df50-d767-44ad-8e7e-b8ba19f0717a version=HTTP/1.1}: tower_http::trace::on_request: started processing request
2026-09-12T17:38:27.500443Z  INFO request{method=GET uri=/api/migrations/fub/history-captures/6868df50-d767-44ad-8e7e-b8ba19f0717a version=HTTP/1.1}: tower_http::trace::on_response: finished processing request latency=18 ms status=200
2026-09-12T17:38:27.962655Z  INFO request{method=GET uri=/api/migrations/fub/history-captures/6868df50-d767-44ad-8e7e-b8ba19f0717a version=HTTP/1.1}: tower_http::trace::on_request: started processing request
2026-09-12T17:38:27.984021Z  INFO request{method=GET uri=/api/migrations/fub/history-captures/6868df50-d767-44ad-8e7e-b8ba19f0717a version=HTTP/1.1}: tower_http::trace::on_response: finished processing request latency=21 ms status=200
2026-09-12T17:38:28.447311Z  INFO request{method=GET uri=/api/migrations/fub/history-captures/6868df50-d767-44ad-8e7e-b8ba19f0717a version=HTTP/1.1}: tower_http::trace::on_request: started processing request
2026-09-12T17:38:28.486047Z  INFO request{method=GET uri=/api/migrations/fub/history-captures/6868df50-d767-44ad-8e7e-b8ba19f0717a version=HTTP/1.1}: tower_http::trace::on_response: finished processing request latency=38 ms status=200
2026-09-12T17:38:28.832416Z  INFO settle{organization_id=1171938e-8da2-435c-8465-88d0b523df38 run_id=6868df50-d767-44ad-8e7e-b8ba19f0717a}: crm_app::domain::migration::history_capture_worker: history capture settled raw_bytes=36 retained_bytes=155 outcome="rate_limited"
2026-09-12T17:38:28.949803Z  INFO request{method=GET uri=/api/migrations/fub/history-captures/6868df50-d767-44ad-8e7e-b8ba19f0717a version=HTTP/1.1}: tower_http::trace::on_request: started processing request
2026-09-12T17:38:28.968379Z  INFO request{method=GET uri=/api/migrations/fub/history-captures/6868df50-d767-44ad-8e7e-b8ba19f0717a version=HTTP/1.1}: tower_http::trace::on_response: finished processing request latency=18 ms status=200
2026-09-12T17:38:29.144332Z  INFO request{method=GET uri=/api/migrations/fub/history-captures/6868df50-d767-44ad-8e7e-b8ba19f0717a version=HTTP/1.1}: tower_http::trace::on_request: started processing request
2026-09-12T17:38:29.158367Z  INFO request{method=GET uri=/api/migrations/fub/history-captures version=HTTP/1.1}: tower_http::trace::on_request: started processing request
2026-09-12T17:38:29.182131Z  INFO request{method=GET uri=/api/migrations/fub/history-captures/6868df50-d767-44ad-8e7e-b8ba19f0717a version=HTTP/1.1}: tower_http::trace::on_response: finished processing request latency=37 ms status=200
2026-09-12T17:38:29.191463Z  INFO request{method=GET uri=/api/migrations/fub/history-captures version=HTTP/1.1}: tower_http::trace::on_response: finished processing request latency=33 ms status=200
2026-09-12T17:38:29.428422Z  INFO request{method=GET uri=/api/migrations/fub/history-captures/6868df50-d767-44ad-8e7e-b8ba19f0717a version=HTTP/1.1}: tower_http::trace::on_request: started processing request
2026-09-12T17:38:29.453713Z  INFO request{method=GET uri=/api/migrations/fub/history-captures/6868df50-d767-44ad-8e7e-b8ba19f0717a version=HTTP/1.1}: tower_http::trace::on_response: finished processing request latency=25 ms status=200
2026-09-12T17:38:29.914314Z  INFO request{method=GET uri=/api/migrations/fub/history-captures/6868df50-d767-44ad-8e7e-b8ba19f0717a version=HTTP/1.1}: tower_http::trace::on_request: started processing request
2026-09-12T17:38:29.949653Z  INFO request{method=GET uri=/api/migrations/fub/history-captures/6868df50-d767-44ad-8e7e-b8ba19f0717a version=HTTP/1.1}: tower_http::trace::on_response: finished processing request latency=35 ms status=200
2026-09-12T17:38:30.413553Z  INFO request{method=GET uri=/api/migrations/fub/history-captures/6868df50-d767-44ad-8e7e-b8ba19f0717a version=HTTP/1.1}: tower_http::trace::on_request: started processing request
2026-09-12T17:38:30.430753Z  INFO request{method=GET uri=/api/migrations/fub/history-captures/6868df50-d767-44ad-8e7e-b8ba19f0717a version=HTTP/1.1}: tower_http::trace::on_response: finished processing request latency=17 ms status=200
2026-09-12T17:38:30.894564Z  INFO request{method=GET uri=/api/migrations/fub/history-captures/6868df50-d767-44ad-8e7e-b8ba19f0717a version=HTTP/1.1}: tower_http::trace::on_request: started processing request
2026-09-12T17:38:30.908699Z  INFO request{method=GET uri=/api/migrations/fub/history-captures/6868df50-d767-44ad-8e7e-b8ba19f0717a version=HTTP/1.1}: tower_http::trace::on_response: finished processing request latency=14 ms status=200
2026-09-12T17:38:31.193291Z  INFO request{method=GET uri=/api/migrations/fub/history-captures/6868df50-d767-44ad-8e7e-b8ba19f0717a version=HTTP/1.1}: tower_http::trace::on_request: started processing request
2026-09-12T17:38:31.199007Z  INFO request{method=GET uri=/api/migrations/fub/history-captures version=HTTP/1.1}: tower_http::trace::on_request: started processing request
2026-09-12T17:38:31.210593Z  INFO request{method=GET uri=/api/migrations/fub/history-captures/6868df50-d767-44ad-8e7e-b8ba19f0717a version=HTTP/1.1}: tower_http::trace::on_response: finished processing request latency=17 ms status=200
2026-09-12T17:38:31.218166Z  INFO request{method=GET uri=/api/migrations/fub/history-captures version=HTTP/1.1}: tower_http::trace::on_response: finished processing request latency=19 ms status=200
2026-09-12T17:38:31.371172Z  INFO request{method=GET uri=/api/migrations/fub/history-captures/6868df50-d767-44ad-8e7e-b8ba19f0717a version=HTTP/1.1}: tower_http::trace::on_request: started processing request
2026-09-12T17:38:31.387825Z  INFO request{method=GET uri=/api/migrations/fub/history-captures/6868df50-d767-44ad-8e7e-b8ba19f0717a version=HTTP/1.1}: tower_http::trace::on_response: finished processing request latency=16 ms status=200
2026-09-12T17:38:31.855644Z  INFO request{method=GET uri=/api/migrations/fub/history-captures/6868df50-d767-44ad-8e7e-b8ba19f0717a version=HTTP/1.1}: tower_http::trace::on_request: started processing request
2026-09-12T17:38:31.881264Z  INFO request{method=GET uri=/api/migrations/fub/history-captures/6868df50-d767-44ad-8e7e-b8ba19f0717a version=HTTP/1.1}: tower_http::trace::on_response: finished processing request latency=25 ms status=200
2026-09-12T17:38:32.346755Z  INFO request{method=GET uri=/api/migrations/fub/history-captures/6868df50-d767-44ad-8e7e-b8ba19f0717a version=HTTP/1.1}: tower_http::trace::on_request: started processing request
2026-09-12T17:38:32.381940Z  INFO request{method=GET uri=/api/migrations/fub/history-captures/6868df50-d767-44ad-8e7e-b8ba19f0717a version=HTTP/1.1}: tower_http::trace::on_response: finished processing request latency=35 ms status=200
2026-09-12T17:38:32.842635Z  INFO request{method=GET uri=/api/migrations/fub/history-captures/6868df50-d767-44ad-8e7e-b8ba19f0717a version=HTTP/1.1}: tower_http::trace::on_request: started processing request
2026-09-12T17:38:33.104247Z  INFO settle{organization_id=1171938e-8da2-435c-8465-88d0b523df38 run_id=6868df50-d767-44ad-8e7e-b8ba19f0717a}: crm_app::domain::migration::history_capture_worker: history capture settled raw_bytes=40987 retained_bytes=99108 outcome="accepted"
2026-09-12T17:38:33.110160Z  INFO request{method=GET uri=/api/migrations/fub/history-captures/6868df50-d767-44ad-8e7e-b8ba19f0717a version=HTTP/1.1}: tower_http::trace::on_response: finished processing request latency=267 ms status=200
2026-09-12T17:38:33.126917Z  INFO settle{organization_id=1171938e-8da2-435c-8465-88d0b523df38 run_id=6868df50-d767-44ad-8e7e-b8ba19f0717a}: crm_app::domain::migration::history_capture_worker: history capture settled raw_bytes=36 retained_bytes=155 outcome="rate_limited"
2026-09-12T17:38:33.217703Z  INFO request{method=GET uri=/api/migrations/fub/history-captures/6868df50-d767-44ad-8e7e-b8ba19f0717a version=HTTP/1.1}: tower_http::trace::on_request: started processing request
2026-09-12T17:38:33.224089Z  INFO request{method=GET uri=/api/migrations/fub/history-captures version=HTTP/1.1}: tower_http::trace::on_request: started processing request
2026-09-12T17:38:33.229106Z  INFO request{method=GET uri=/api/migrations/fub/history-captures/6868df50-d767-44ad-8e7e-b8ba19f0717a version=HTTP/1.1}: tower_http::trace::on_response: finished processing request latency=11 ms status=200
2026-09-12T17:38:33.237973Z  INFO request{method=GET uri=/api/migrations/fub/history-captures version=HTTP/1.1}: tower_http::trace::on_response: finished processing request latency=13 ms status=200
2026-09-12T17:38:33.572251Z  INFO request{method=GET uri=/api/migrations/fub/history-captures/6868df50-d767-44ad-8e7e-b8ba19f0717a version=HTTP/1.1}: tower_http::trace::on_request: started processing request
2026-09-12T17:38:33.595093Z  INFO request{method=GET uri=/api/migrations/fub/history-captures/6868df50-d767-44ad-8e7e-b8ba19f0717a version=HTTP/1.1}: tower_http::trace::on_response: finished processing request latency=22 ms status=200
2026-09-12T17:38:34.054085Z  INFO request{method=GET uri=/api/migrations/fub/history-captures/6868df50-d767-44ad-8e7e-b8ba19f0717a version=HTTP/1.1}: tower_http::trace::on_request: started processing request
2026-09-12T17:38:34.074456Z  INFO request{method=GET uri=/api/migrations/fub/history-captures/6868df50-d767-44ad-8e7e-b8ba19f0717a version=HTTP/1.1}: tower_http::trace::on_response: finished processing request latency=20 ms status=200
2026-09-12T17:38:34.534875Z  INFO request{method=GET uri=/api/migrations/fub/history-captures/6868df50-d767-44ad-8e7e-b8ba19f0717a version=HTTP/1.1}: tower_http::trace::on_request: started processing request
2026-09-12T17:38:34.566441Z  INFO request{method=GET uri=/api/migrations/fub/history-captures/6868df50-d767-44ad-8e7e-b8ba19f0717a version=HTTP/1.1}: tower_http::trace::on_response: finished processing request latency=31 ms status=200
2026-09-12T17:38:35.028522Z  INFO request{method=GET uri=/api/migrations/fub/history-captures/6868df50-d767-44ad-8e7e-b8ba19f0717a version=HTTP/1.1}: tower_http::trace::on_request: started processing request
2026-09-12T17:38:35.042626Z  INFO request{method=GET uri=/api/migrations/fub/history-captures/6868df50-d767-44ad-8e7e-b8ba19f0717a version=HTTP/1.1}: tower_http::trace::on_response: finished processing request latency=14 ms status=200
2026-09-12T17:38:35.239429Z  INFO request{method=GET uri=/api/migrations/fub/history-captures/6868df50-d767-44ad-8e7e-b8ba19f0717a version=HTTP/1.1}: tower_http::trace::on_request: started processing request
2026-09-12T17:38:35.245296Z  INFO request{method=GET uri=/api/migrations/fub/history-captures version=HTTP/1.1}: tower_http::trace::on_request: started processing request
2026-09-12T17:38:35.273844Z  INFO request{method=GET uri=/api/migrations/fub/history-captures/6868df50-d767-44ad-8e7e-b8ba19f0717a version=HTTP/1.1}: tower_http::trace::on_response: finished processing request latency=34 ms status=200
2026-09-12T17:38:35.293199Z  INFO request{method=GET uri=/api/migrations/fub/history-captures version=HTTP/1.1}: tower_http::trace::on_response: finished processing request latency=47 ms status=200
2026-09-12T17:38:35.503950Z  INFO request{method=GET uri=/api/migrations/fub/history-captures/6868df50-d767-44ad-8e7e-b8ba19f0717a version=HTTP/1.1}: tower_http::trace::on_request: started processing request
2026-09-12T17:38:35.548850Z  INFO request{method=GET uri=/api/migrations/fub/history-captures/6868df50-d767-44ad-8e7e-b8ba19f0717a version=HTTP/1.1}: tower_http::trace::on_response: finished processing request latency=44 ms status=200
2026-09-12T17:38:36.013907Z  INFO request{method=GET uri=/api/migrations/fub/history-captures/6868df50-d767-44ad-8e7e-b8ba19f0717a version=HTTP/1.1}: tower_http::trace::on_request: started processing request
2026-09-12T17:38:36.052638Z  INFO request{method=GET uri=/api/migrations/fub/history-captures/6868df50-d767-44ad-8e7e-b8ba19f0717a version=HTTP/1.1}: tower_http::trace::on_response: finished processing request latency=38 ms status=200
2026-09-12T17:38:36.514901Z  INFO request{method=GET uri=/api/migrations/fub/history-captures/6868df50-d767-44ad-8e7e-b8ba19f0717a version=HTTP/1.1}: tower_http::trace::on_request: started processing request
2026-09-12T17:38:36.541816Z  INFO request{method=GET uri=/api/migrations/fub/history-captures/6868df50-d767-44ad-8e7e-b8ba19f0717a version=HTTP/1.1}: tower_http::trace::on_response: finished processing request latency=26 ms status=200
2026-09-12T17:38:36.834372Z  INFO settle{organization_id=1171938e-8da2-435c-8465-88d0b523df38 run_id=6868df50-d767-44ad-8e7e-b8ba19f0717a}: crm_app::domain::migration::history_capture_worker: history capture settled raw_bytes=36 retained_bytes=155 outcome="rate_limited"
2026-09-12T17:38:37.002656Z  INFO request{method=GET uri=/api/migrations/fub/history-captures/6868df50-d767-44ad-8e7e-b8ba19f0717a version=HTTP/1.1}: tower_http::trace::on_request: started processing request
2026-09-12T17:38:37.019440Z  INFO request{method=GET uri=/api/migrations/fub/history-captures/6868df50-d767-44ad-8e7e-b8ba19f0717a version=HTTP/1.1}: tower_http::trace::on_response: finished processing request latency=16 ms status=200
2026-09-12T17:38:37.282963Z  INFO request{method=GET uri=/api/migrations/fub/history-captures/6868df50-d767-44ad-8e7e-b8ba19f0717a version=HTTP/1.1}: tower_http::trace::on_request: started processing request
2026-09-12T17:38:37.299794Z  INFO request{method=GET uri=/api/migrations/fub/history-captures version=HTTP/1.1}: tower_http::trace::on_request: started processing request
2026-09-12T17:38:37.323595Z  INFO request{method=GET uri=/api/migrations/fub/history-captures/6868df50-d767-44ad-8e7e-b8ba19f0717a version=HTTP/1.1}: tower_http::trace::on_response: finished processing request latency=40 ms status=200
2026-09-12T17:38:37.334990Z  INFO request{method=GET uri=/api/migrations/fub/history-captures version=HTTP/1.1}: tower_http::trace::on_response: finished processing request latency=35 ms status=200
2026-09-12T17:38:37.481345Z  INFO request{method=GET uri=/api/migrations/fub/history-captures/6868df50-d767-44ad-8e7e-b8ba19f0717a version=HTTP/1.1}: tower_http::trace::on_request: started processing request
2026-09-12T17:38:37.501960Z  INFO request{method=GET uri=/api/migrations/fub/history-captures/6868df50-d767-44ad-8e7e-b8ba19f0717a version=HTTP/1.1}: tower_http::trace::on_response: finished processing request latency=20 ms status=200
2026-09-12T17:38:37.963144Z  INFO request{method=GET uri=/api/migrations/fub/history-captures/6868df50-d767-44ad-8e7e-b8ba19f0717a version=HTTP/1.1}: tower_http::trace::on_request: started processing request
2026-09-12T17:38:37.980909Z  INFO request{method=GET uri=/api/migrations/fub/history-captures/6868df50-d767-44ad-8e7e-b8ba19f0717a version=HTTP/1.1}: tower_http::trace::on_response: finished processing request latency=17 ms status=200
2026-09-12T17:38:38.446920Z  INFO request{method=GET uri=/api/migrations/fub/history-captures/6868df50-d767-44ad-8e7e-b8ba19f0717a version=HTTP/1.1}: tower_http::trace::on_request: started processing request
2026-09-12T17:38:38.468597Z  INFO request{method=GET uri=/api/migrations/fub/history-captures/6868df50-d767-44ad-8e7e-b8ba19f0717a version=HTTP/1.1}: tower_http::trace::on_response: finished processing request latency=21 ms status=200
2026-09-12T17:38:38.932241Z  INFO request{method=GET uri=/api/migrations/fub/history-captures/6868df50-d767-44ad-8e7e-b8ba19f0717a version=HTTP/1.1}: tower_http::trace::on_request: started processing request
2026-09-12T17:38:38.950977Z  INFO request{method=GET uri=/api/migrations/fub/history-captures/6868df50-d767-44ad-8e7e-b8ba19f0717a version=HTTP/1.1}: tower_http::trace::on_response: finished processing request latency=18 ms status=200
2026-09-12T17:38:39.331450Z  INFO request{method=GET uri=/api/migrations/fub/history-captures/6868df50-d767-44ad-8e7e-b8ba19f0717a version=HTTP/1.1}: tower_http::trace::on_request: started processing request
2026-09-12T17:38:39.340659Z  INFO request{method=GET uri=/api/migrations/fub/history-captures version=HTTP/1.1}: tower_http::trace::on_request: started processing request
2026-09-12T17:38:39.358091Z  INFO request{method=GET uri=/api/migrations/fub/history-captures/6868df50-d767-44ad-8e7e-b8ba19f0717a version=HTTP/1.1}: tower_http::trace::on_response: finished processing request latency=26 ms status=200
2026-09-12T17:38:39.366201Z  INFO request{method=GET uri=/api/migrations/fub/history-captures version=HTTP/1.1}: tower_http::trace::on_response: finished processing request latency=25 ms status=200
2026-09-12T17:38:39.410343Z  INFO request{method=GET uri=/api/migrations/fub/history-captures/6868df50-d767-44ad-8e7e-b8ba19f0717a version=HTTP/1.1}: tower_http::trace::on_request: started processing request
2026-09-12T17:38:39.426494Z  INFO request{method=GET uri=/api/migrations/fub/history-captures/6868df50-d767-44ad-8e7e-b8ba19f0717a version=HTTP/1.1}: tower_http::trace::on_response: finished processing request latency=16 ms status=200
2026-09-12T17:38:39.888657Z  INFO request{method=GET uri=/api/migrations/fub/history-captures/6868df50-d767-44ad-8e7e-b8ba19f0717a version=HTTP/1.1}: tower_http::trace::on_request: started processing request
2026-09-12T17:38:39.915214Z  INFO request{method=GET uri=/api/migrations/fub/history-captures/6868df50-d767-44ad-8e7e-b8ba19f0717a version=HTTP/1.1}: tower_http::trace::on_response: finished processing request latency=26 ms status=200
2026-09-12T17:38:40.376340Z  INFO request{method=GET uri=/api/migrations/fub/history-captures/6868df50-d767-44ad-8e7e-b8ba19f0717a version=HTTP/1.1}: tower_http::trace::on_request: started processing request
2026-09-12T17:38:40.400497Z  INFO request{method=GET uri=/api/migrations/fub/history-captures/6868df50-d767-44ad-8e7e-b8ba19f0717a version=HTTP/1.1}: tower_http::trace::on_response: finished processing request latency=24 ms status=200
2026-09-12T17:38:40.835896Z  INFO settle{organization_id=1171938e-8da2-435c-8465-88d0b523df38 run_id=6868df50-d767-44ad-8e7e-b8ba19f0717a}: crm_app::domain::migration::history_capture_worker: history capture settled raw_bytes=534 retained_bytes=1141 outcome="accepted"
2026-09-12T17:38:40.860350Z  INFO request{method=GET uri=/api/migrations/fub/history-captures/6868df50-d767-44ad-8e7e-b8ba19f0717a version=HTTP/1.1}: tower_http::trace::on_request: started processing request
2026-09-12T17:38:40.870811Z  INFO request{method=GET uri=/api/migrations/fub/history-captures/6868df50-d767-44ad-8e7e-b8ba19f0717a version=HTTP/1.1}: tower_http::trace::on_response: finished processing request latency=10 ms status=200
2026-09-12T17:38:41.109765Z  INFO settle{organization_id=1171938e-8da2-435c-8465-88d0b523df38 run_id=6868df50-d767-44ad-8e7e-b8ba19f0717a}: crm_app::domain::migration::history_capture_worker: history capture settled raw_bytes=39510 retained_bytes=102373 outcome="accepted"
2026-09-12T17:38:41.132652Z  INFO settle{organization_id=1171938e-8da2-435c-8465-88d0b523df38 run_id=6868df50-d767-44ad-8e7e-b8ba19f0717a}: crm_app::domain::migration::history_capture_worker: history capture settled raw_bytes=517 retained_bytes=1209 outcome="accepted"
2026-09-12T17:38:41.329277Z  INFO request{method=GET uri=/api/migrations/fub/history-captures/6868df50-d767-44ad-8e7e-b8ba19f0717a version=HTTP/1.1}: tower_http::trace::on_request: started processing request
2026-09-12T17:38:41.364963Z  INFO request{method=GET uri=/api/migrations/fub/history-captures/6868df50-d767-44ad-8e7e-b8ba19f0717a version=HTTP/1.1}: tower_http::trace::on_request: started processing request
2026-09-12T17:38:41.373344Z  INFO request{method=GET uri=/api/migrations/fub/history-captures version=HTTP/1.1}: tower_http::trace::on_request: started processing request
2026-09-12T17:38:41.386781Z  INFO settle{organization_id=1171938e-8da2-435c-8465-88d0b523df38 run_id=6868df50-d767-44ad-8e7e-b8ba19f0717a}: crm_app::domain::migration::history_capture_worker: history capture settled raw_bytes=55784 retained_bytes=113119 outcome="accepted"
2026-09-12T17:38:41.394595Z  INFO request{method=GET uri=/api/migrations/fub/history-captures/6868df50-d767-44ad-8e7e-b8ba19f0717a version=HTTP/1.1}: tower_http::trace::on_response: finished processing request latency=65 ms status=200
2026-09-12T17:38:41.397588Z  INFO request{method=GET uri=/api/migrations/fub/history-captures/6868df50-d767-44ad-8e7e-b8ba19f0717a version=HTTP/1.1}: tower_http::trace::on_response: finished processing request latency=32 ms status=200
2026-09-12T17:38:41.403760Z  INFO request{method=GET uri=/api/migrations/fub/history-captures version=HTTP/1.1}: tower_http::trace::on_response: finished processing request latency=30 ms status=200
2026-09-12T17:38:41.420117Z  INFO settle{organization_id=1171938e-8da2-435c-8465-88d0b523df38 run_id=6868df50-d767-44ad-8e7e-b8ba19f0717a}: crm_app::domain::migration::history_capture_worker: history capture settled raw_bytes=691 retained_bytes=1299 outcome="accepted"
2026-09-12T17:38:41.855877Z  INFO request{method=GET uri=/api/migrations/fub/history-captures/6868df50-d767-44ad-8e7e-b8ba19f0717a version=HTTP/1.1}: tower_http::trace::on_request: started processing request
2026-09-12T17:38:41.886181Z  INFO request{method=GET uri=/api/migrations/fub/history-captures/6868df50-d767-44ad-8e7e-b8ba19f0717a version=HTTP/1.1}: tower_http::trace::on_response: finished processing request latency=30 ms status=200
2026-09-12T17:38:41.919559Z  INFO request{method=GET uri=/api/migrations/fub/imports version=HTTP/1.1}: tower_http::trace::on_request: started processing request
2026-09-12T17:38:41.920210Z  INFO request{method=GET uri=/api/migrations/fub/imports/e63ca63f-ac6d-4a33-91d7-c9899d65ecdc version=HTTP/1.1}: tower_http::trace::on_request: started processing request
2026-09-12T17:38:41.920878Z  INFO request{method=GET uri=/api/migrations/fub/history-captures version=HTTP/1.1}: tower_http::trace::on_request: started processing request
2026-09-12T17:38:41.921524Z  INFO request{method=GET uri=/api/migrations/fub/history-captures/6868df50-d767-44ad-8e7e-b8ba19f0717a version=HTTP/1.1}: tower_http::trace::on_request: started processing request
2026-09-12T17:38:41.946653Z  INFO request{method=GET uri=/api/migrations/fub/history-captures/6868df50-d767-44ad-8e7e-b8ba19f0717a version=HTTP/1.1}: tower_http::trace::on_response: finished processing request latency=25 ms status=200
2026-09-12T17:38:41.950513Z  INFO request{method=GET uri=/api/migrations/fub/imports version=HTTP/1.1}: tower_http::trace::on_response: finished processing request latency=30 ms status=200
2026-09-12T17:38:41.962387Z  INFO request{method=GET uri=/api/migrations/fub/history-captures version=HTTP/1.1}: tower_http::trace::on_response: finished processing request latency=41 ms status=200
2026-09-12T17:38:41.965287Z  INFO request{method=GET uri=/api/migrations/fub/imports/e63ca63f-ac6d-4a33-91d7-c9899d65ecdc version=HTTP/1.1}: tower_http::trace::on_response: finished processing request latency=45 ms status=200
2026-09-12T17:40:14.792765Z  INFO request{method=GET uri=/api/me version=HTTP/1.1}: tower_http::trace::on_request: started processing request
2026-09-12T17:40:14.795481Z  INFO request{method=GET uri=/api/me version=HTTP/1.1}: tower_http::trace::on_response: finished processing request latency=2 ms status=401
2026-09-12T17:40:14.802619Z  INFO request{method=GET uri=/api/me version=HTTP/1.1}: tower_http::trace::on_request: started processing request
2026-09-12T17:40:14.803114Z  INFO request{method=GET uri=/api/me version=HTTP/1.1}: tower_http::trace::on_request: started processing request
2026-09-12T17:40:14.805418Z  INFO request{method=GET uri=/api/me version=HTTP/1.1}: tower_http::trace::on_response: finished processing request latency=2 ms status=401
2026-09-12T17:40:14.805877Z  INFO request{method=GET uri=/api/me version=HTTP/1.1}: tower_http::trace::on_response: finished processing request latency=2 ms status=401
2026-09-12T17:40:14.860794Z  INFO request{method=GET uri=/api/me version=HTTP/1.1}: tower_http::trace::on_request: started processing request
2026-09-12T17:40:14.860890Z  INFO request{method=GET uri=/api/me version=HTTP/1.1}: tower_http::trace::on_response: finished processing request latency=0 ms status=401
2026-09-12T17:40:14.974033Z  INFO request{method=POST uri=/api/session version=HTTP/1.1}: tower_http::trace::on_request: started processing request
2026-09-12T17:40:15.231999Z  INFO request{method=POST uri=/api/session version=HTTP/1.1}: tower_http::trace::on_response: finished processing request latency=257 ms status=200
2026-09-12T17:40:15.238211Z  INFO request{method=GET uri=/api/me version=HTTP/1.1}: tower_http::trace::on_request: started processing request
2026-09-12T17:40:15.240709Z  INFO request{method=GET uri=/api/me version=HTTP/1.1}: tower_http::trace::on_request: started processing request
2026-09-12T17:40:15.241918Z  INFO request{method=GET uri=/api/me version=HTTP/1.1}: tower_http::trace::on_response: finished processing request latency=3 ms status=200
2026-09-12T17:40:15.242351Z  INFO request{method=GET uri=/api/me version=HTTP/1.1}: tower_http::trace::on_response: finished processing request latency=1 ms status=200
2026-09-12T17:40:15.316147Z  INFO request{method=GET uri=/api/me version=HTTP/1.1}: tower_http::trace::on_request: started processing request
2026-09-12T17:40:15.324516Z  INFO request{method=GET uri=/api/me version=HTTP/1.1}: tower_http::trace::on_response: finished processing request latency=8 ms status=200
2026-09-12T17:40:15.340581Z  INFO request{method=GET uri=/api/migrations/fub/ version=HTTP/1.1}: tower_http::trace::on_request: started processing request
2026-09-12T17:40:15.341645Z  INFO request{method=GET uri=/api/migrations/fub/imports version=HTTP/1.1}: tower_http::trace::on_request: started processing request
2026-09-12T17:40:15.341584Z  INFO request{method=GET uri=/api/migrations/fub/imports version=HTTP/1.1}: tower_http::trace::on_request: started processing request
2026-09-12T17:40:15.342175Z  INFO request{method=GET uri=/api/migrations/fub/snapshots version=HTTP/1.1}: tower_http::trace::on_request: started processing request
2026-09-12T17:40:15.342840Z  INFO request{method=GET uri=/api/migrations/fub/imports version=HTTP/1.1}: tower_http::trace::on_request: started processing request
2026-09-12T17:40:15.343319Z  INFO request{method=GET uri=/api/migrations/fub/snapshots version=HTTP/1.1}: tower_http::trace::on_request: started processing request
2026-09-12T17:40:15.366393Z  INFO request{method=GET uri=/api/migrations/fub/ version=HTTP/1.1}: tower_http::trace::on_response: finished processing request latency=25 ms status=200
2026-09-12T17:40:15.371634Z  INFO request{method=GET uri=/api/migrations/fub/imports version=HTTP/1.1}: tower_http::trace::on_response: finished processing request latency=28 ms status=200
2026-09-12T17:40:15.374436Z  INFO request{method=GET uri=/api/migrations/fub/imports version=HTTP/1.1}: tower_http::trace::on_request: started processing request
2026-09-12T17:40:15.377087Z  INFO request{method=GET uri=/api/migrations/fub/snapshots version=HTTP/1.1}: tower_http::trace::on_response: finished processing request latency=34 ms status=200
2026-09-12T17:40:15.378095Z  INFO request{method=GET uri=/api/migrations/fub/snapshots version=HTTP/1.1}: tower_http::trace::on_response: finished processing request latency=34 ms status=200
2026-09-12T17:40:15.380494Z  INFO request{method=GET uri=/api/migrations/fub/imports version=HTTP/1.1}: tower_http::trace::on_response: finished processing request latency=38 ms status=200
2026-09-12T17:40:15.391617Z  INFO request{method=GET uri=/api/migrations/fub/imports/9d4a6a4e-28ec-4ccd-9ed0-393a297284dd version=HTTP/1.1}: tower_http::trace::on_request: started processing request
2026-09-12T17:40:15.391812Z  INFO request{method=GET uri=/api/migrations/fub/imports version=HTTP/1.1}: tower_http::trace::on_response: finished processing request latency=50 ms status=200
2026-09-12T17:40:15.392089Z  INFO request{method=GET uri=/api/migrations/fub/activity-imports version=HTTP/1.1}: tower_http::trace::on_request: started processing request
2026-09-12T17:40:15.396484Z  INFO request{method=GET uri=/api/migrations/fub/imports version=HTTP/1.1}: tower_http::trace::on_response: finished processing request latency=22 ms status=200
2026-09-12T17:40:15.398358Z  INFO request{method=GET uri=/api/migrations/fub/snapshots/b8eba334-9411-45a1-a983-3ca663b6651e version=HTTP/1.1}: tower_http::trace::on_request: started processing request
2026-09-12T17:40:15.399512Z  INFO request{method=GET uri=/api/migrations/fub/snapshots/b8eba334-9411-45a1-a983-3ca663b6651e version=HTTP/1.1}: tower_http::trace::on_request: started processing request
2026-09-12T17:40:15.401077Z  INFO request{method=GET uri=/api/migrations/fub/imports/9d4a6a4e-28ec-4ccd-9ed0-393a297284dd version=HTTP/1.1}: tower_http::trace::on_request: started processing request
2026-09-12T17:40:15.402357Z  INFO request{method=GET uri=/api/migrations/fub/metadata-imports version=HTTP/1.1}: tower_http::trace::on_request: started processing request
2026-09-12T17:40:15.409106Z  INFO request{method=GET uri=/api/migrations/fub/imports/9d4a6a4e-28ec-4ccd-9ed0-393a297284dd version=HTTP/1.1}: tower_http::trace::on_response: finished processing request latency=17 ms status=200
2026-09-12T17:40:15.412127Z  INFO request{method=GET uri=/api/migrations/fub/imports/9d4a6a4e-28ec-4ccd-9ed0-393a297284dd version=HTTP/1.1}: tower_http::trace::on_request: started processing request
2026-09-12T17:40:15.413220Z  INFO request{method=GET uri=/api/migrations/fub/activity-imports version=HTTP/1.1}: tower_http::trace::on_response: finished processing request latency=21 ms status=200
2026-09-12T17:40:15.415463Z  INFO request{method=GET uri=/api/migrations/fub/snapshots/b8eba334-9411-45a1-a983-3ca663b6651e version=HTTP/1.1}: tower_http::trace::on_response: finished processing request latency=17 ms status=200
2026-09-12T17:40:15.416429Z  INFO request{method=GET uri=/api/migrations/fub/imports/9d4a6a4e-28ec-4ccd-9ed0-393a297284dd version=HTTP/1.1}: tower_http::trace::on_response: finished processing request latency=15 ms status=200
2026-09-12T17:40:15.416577Z  INFO request{method=GET uri=/api/migrations/fub/imports/9d4a6a4e-28ec-4ccd-9ed0-393a297284dd version=HTTP/1.1}: tower_http::trace::on_request: started processing request
2026-09-12T17:40:15.419799Z  INFO request{method=GET uri=/api/migrations/fub/history-captures version=HTTP/1.1}: tower_http::trace::on_request: started processing request
2026-09-12T17:40:15.420654Z  INFO request{method=GET uri=/api/migrations/fub/snapshots/b8eba334-9411-45a1-a983-3ca663b6651e version=HTTP/1.1}: tower_http::trace::on_request: started processing request
2026-09-12T17:40:15.422294Z  INFO request{method=GET uri=/api/migrations/fub/snapshots/b8eba334-9411-45a1-a983-3ca663b6651e version=HTTP/1.1}: tower_http::trace::on_response: finished processing request latency=22 ms status=200
2026-09-12T17:40:15.425153Z  INFO request{method=GET uri=/api/migrations/fub/metadata-imports version=HTTP/1.1}: tower_http::trace::on_response: finished processing request latency=22 ms status=200
2026-09-12T17:40:15.425368Z  INFO request{method=GET uri=/api/migrations/fub/snapshots/b8eba334-9411-45a1-a983-3ca663b6651e/previews/d881beef-bcf5-4fe4-a5bd-946d7778b035 version=HTTP/1.1}: tower_http::trace::on_request: started processing request
2026-09-12T17:40:15.427884Z  INFO request{method=GET uri=/api/migrations/fub/snapshots/b8eba334-9411-45a1-a983-3ca663b6651e version=HTTP/1.1}: tower_http::trace::on_request: started processing request
2026-09-12T17:40:15.429202Z  INFO request{method=GET uri=/api/migrations/fub/imports/9d4a6a4e-28ec-4ccd-9ed0-393a297284dd version=HTTP/1.1}: tower_http::trace::on_response: finished processing request latency=17 ms status=200
2026-09-12T17:40:15.435860Z  INFO request{method=GET uri=/api/migrations/fub/snapshots/b8eba334-9411-45a1-a983-3ca663b6651e/previews/d881beef-bcf5-4fe4-a5bd-946d7778b035 version=HTTP/1.1}: tower_http::trace::on_request: started processing request
2026-09-12T17:40:15.436945Z  INFO request{method=GET uri=/api/migrations/fub/imports/9d4a6a4e-28ec-4ccd-9ed0-393a297284dd version=HTTP/1.1}: tower_http::trace::on_response: finished processing request latency=20 ms status=200
2026-09-12T17:40:15.440915Z  INFO request{method=GET uri=/api/migrations/fub/snapshots/b8eba334-9411-45a1-a983-3ca663b6651e version=HTTP/1.1}: tower_http::trace::on_response: finished processing request latency=20 ms status=200
2026-09-12T17:40:15.447118Z  INFO request{method=GET uri=/api/migrations/fub/snapshots/b8eba334-9411-45a1-a983-3ca663b6651e version=HTTP/1.1}: tower_http::trace::on_request: started processing request
2026-09-12T17:40:15.447940Z  INFO request{method=GET uri=/api/migrations/fub/imports/9d4a6a4e-28ec-4ccd-9ed0-393a297284dd/plans/3fab4439-5389-4366-bf9c-c83283e05967/mappings version=HTTP/1.1}: tower_http::trace::on_request: started processing request
2026-09-12T17:40:15.449445Z  INFO request{method=GET uri=/api/migrations/fub/history-captures version=HTTP/1.1}: tower_http::trace::on_response: finished processing request latency=29 ms status=200
2026-09-12T17:40:15.449751Z  INFO request{method=GET uri=/api/migrations/fub/snapshots/b8eba334-9411-45a1-a983-3ca663b6651e version=HTTP/1.1}: tower_http::trace::on_response: finished processing request latency=21 ms status=200
2026-09-12T17:40:15.453135Z  INFO request{method=GET uri=/api/migrations/fub/imports/9d4a6a4e-28ec-4ccd-9ed0-393a297284dd/results version=HTTP/1.1}: tower_http::trace::on_request: started processing request
2026-09-12T17:40:15.455473Z  INFO request{method=GET uri=/api/migrations/fub/snapshots/b8eba334-9411-45a1-a983-3ca663b6651e/previews/d881beef-bcf5-4fe4-a5bd-946d7778b035 version=HTTP/1.1}: tower_http::trace::on_response: finished processing request latency=30 ms status=200
2026-09-12T17:40:15.459761Z  INFO request{method=GET uri=/api/migrations/fub/snapshots/b8eba334-9411-45a1-a983-3ca663b6651e version=HTTP/1.1}: tower_http::trace::on_response: finished processing request latency=12 ms status=200
2026-09-12T17:40:15.460933Z  INFO request{method=GET uri=/api/migrations/fub/snapshots/b8eba334-9411-45a1-a983-3ca663b6651e/previews/d881beef-bcf5-4fe4-a5bd-946d7778b035 version=HTTP/1.1}: tower_http::trace::on_response: finished processing request latency=25 ms status=200
2026-09-12T17:40:15.462356Z  INFO request{method=GET uri=/api/migrations/fub/imports/9d4a6a4e-28ec-4ccd-9ed0-393a297284dd/plans/3fab4439-5389-4366-bf9c-c83283e05967/mappings version=HTTP/1.1}: tower_http::trace::on_response: finished processing request latency=14 ms status=200
2026-09-12T17:40:15.468546Z  INFO request{method=GET uri=/api/migrations/fub/imports/9d4a6a4e-28ec-4ccd-9ed0-393a297284dd/results version=HTTP/1.1}: tower_http::trace::on_response: finished processing request latency=15 ms status=200
2026-09-12T17:40:15.473572Z  INFO request{method=GET uri=/api/migrations/fub/snapshots/b8eba334-9411-45a1-a983-3ca663b6651e/previews/d881beef-bcf5-4fe4-a5bd-946d7778b035/records version=HTTP/1.1}: tower_http::trace::on_request: started processing request
2026-09-12T17:40:15.481000Z  INFO request{method=GET uri=/api/migrations/fub/snapshots/b8eba334-9411-45a1-a983-3ca663b6651e/previews/d881beef-bcf5-4fe4-a5bd-946d7778b035/records version=HTTP/1.1}: tower_http::trace::on_response: finished processing request latency=7 ms status=200
2026-09-12T17:40:15.887753Z  INFO request{method=POST uri=/api/migrations/fub/history-captures version=HTTP/1.1}: tower_http::trace::on_request: started processing request
2026-09-12T17:40:15.927325Z  INFO request{method=POST uri=/api/migrations/fub/history-captures version=HTTP/1.1}: tower_http::trace::on_response: finished processing request latency=39 ms status=201
2026-09-12T17:40:15.936004Z  INFO request{method=GET uri=/api/migrations/fub/history-captures/a57f6d08-7e4d-4088-adae-ab9b7b11076c version=HTTP/1.1}: tower_http::trace::on_request: started processing request
2026-09-12T17:40:15.936922Z  INFO request{method=GET uri=/api/migrations/fub/imports version=HTTP/1.1}: tower_http::trace::on_request: started processing request
2026-09-12T17:40:15.938081Z  INFO request{method=GET uri=/api/migrations/fub/imports/9d4a6a4e-28ec-4ccd-9ed0-393a297284dd version=HTTP/1.1}: tower_http::trace::on_request: started processing request
2026-09-12T17:40:15.938812Z  INFO request{method=GET uri=/api/migrations/fub/history-captures version=HTTP/1.1}: tower_http::trace::on_request: started processing request
2026-09-12T17:40:15.942128Z  INFO request{method=GET uri=/api/migrations/fub/history-captures/a57f6d08-7e4d-4088-adae-ab9b7b11076c version=HTTP/1.1}: tower_http::trace::on_request: started processing request
2026-09-12T17:40:15.954006Z  INFO request{method=GET uri=/api/migrations/fub/history-captures/a57f6d08-7e4d-4088-adae-ab9b7b11076c version=HTTP/1.1}: tower_http::trace::on_response: finished processing request latency=18 ms status=200
2026-09-12T17:40:15.956902Z  INFO request{method=GET uri=/api/migrations/fub/imports version=HTTP/1.1}: tower_http::trace::on_response: finished processing request latency=20 ms status=200
2026-09-12T17:40:15.960282Z  INFO request{method=GET uri=/api/migrations/fub/imports/9d4a6a4e-28ec-4ccd-9ed0-393a297284dd version=HTTP/1.1}: tower_http::trace::on_response: finished processing request latency=22 ms status=200
2026-09-12T17:40:15.964642Z  INFO request{method=GET uri=/api/migrations/fub/history-captures/a57f6d08-7e4d-4088-adae-ab9b7b11076c/records version=HTTP/1.1}: tower_http::trace::on_request: started processing request
2026-09-12T17:40:15.970347Z  INFO request{method=GET uri=/api/migrations/fub/history-captures version=HTTP/1.1}: tower_http::trace::on_response: finished processing request latency=31 ms status=200
2026-09-12T17:40:15.974900Z  INFO request{method=GET uri=/api/migrations/fub/history-captures/a57f6d08-7e4d-4088-adae-ab9b7b11076c version=HTTP/1.1}: tower_http::trace::on_response: finished processing request latency=32 ms status=200
2026-09-12T17:40:15.977407Z  INFO request{method=GET uri=/api/migrations/fub/history-captures/a57f6d08-7e4d-4088-adae-ab9b7b11076c/records version=HTTP/1.1}: tower_http::trace::on_response: finished processing request latency=12 ms status=200
2026-09-12T17:40:16.803799Z  INFO request{method=POST uri=/api/migrations/fub/history-captures/a57f6d08-7e4d-4088-adae-ab9b7b11076c/confirm version=HTTP/1.1}: tower_http::trace::on_request: started processing request
2026-09-12T17:40:16.847690Z  INFO request{method=POST uri=/api/migrations/fub/history-captures/a57f6d08-7e4d-4088-adae-ab9b7b11076c/confirm version=HTTP/1.1}: tower_http::trace::on_response: finished processing request latency=43 ms status=202
2026-09-12T17:40:16.856101Z  INFO request{method=GET uri=/api/migrations/fub/imports version=HTTP/1.1}: tower_http::trace::on_request: started processing request
2026-09-12T17:40:16.856772Z  INFO request{method=GET uri=/api/migrations/fub/imports/9d4a6a4e-28ec-4ccd-9ed0-393a297284dd version=HTTP/1.1}: tower_http::trace::on_request: started processing request
2026-09-12T17:40:16.857323Z  INFO request{method=GET uri=/api/migrations/fub/history-captures version=HTTP/1.1}: tower_http::trace::on_request: started processing request
2026-09-12T17:40:16.857956Z  INFO request{method=GET uri=/api/migrations/fub/history-captures/a57f6d08-7e4d-4088-adae-ab9b7b11076c version=HTTP/1.1}: tower_http::trace::on_request: started processing request
2026-09-12T17:40:16.858535Z  INFO request{method=GET uri=/api/migrations/fub/history-captures/a57f6d08-7e4d-4088-adae-ab9b7b11076c version=HTTP/1.1}: tower_http::trace::on_request: started processing request
2026-09-12T17:40:16.865477Z  INFO request{method=GET uri=/api/migrations/fub/imports version=HTTP/1.1}: tower_http::trace::on_response: finished processing request latency=9 ms status=200
2026-09-12T17:40:16.867442Z  INFO request{method=GET uri=/api/migrations/fub/imports/9d4a6a4e-28ec-4ccd-9ed0-393a297284dd version=HTTP/1.1}: tower_http::trace::on_response: finished processing request latency=10 ms status=200
2026-09-12T17:40:16.872340Z  INFO request{method=GET uri=/api/migrations/fub/history-captures/a57f6d08-7e4d-4088-adae-ab9b7b11076c version=HTTP/1.1}: tower_http::trace::on_response: finished processing request latency=14 ms status=200
2026-09-12T17:40:16.877289Z  INFO request{method=GET uri=/api/migrations/fub/history-captures version=HTTP/1.1}: tower_http::trace::on_response: finished processing request latency=19 ms status=200
2026-09-12T17:40:16.880731Z  INFO request{method=GET uri=/api/migrations/fub/history-captures/a57f6d08-7e4d-4088-adae-ab9b7b11076c version=HTTP/1.1}: tower_http::trace::on_response: finished processing request latency=22 ms status=200
2026-09-12T17:40:16.892135Z  INFO request{method=GET uri=/api/migrations/fub/history-captures/a57f6d08-7e4d-4088-adae-ab9b7b11076c version=HTTP/1.1}: tower_http::trace::on_request: started processing request
2026-09-12T17:40:16.901865Z  INFO request{method=GET uri=/api/migrations/fub/history-captures/a57f6d08-7e4d-4088-adae-ab9b7b11076c version=HTTP/1.1}: tower_http::trace::on_response: finished processing request latency=9 ms status=200
